Trade number,Instrument,Account,Strategy,Market pos.,Qty,Entry price,Exit price,Entry time,Exit time,Entry name,Exit name,Profit,Cum. net profit,Commission,Clearing Fee,Exchange Fee,IP Fee,NFA Fee,MAE,MFE,ETD,Bars,
1,NQ 06-26,Backtest,BlueLightning,Long,1,9408.00,9552.00,1/4/2019 4:00:00 PM,1/4/2019 10:00:00 PM,Buy,Exit on session close,$2880.00,$2880.00,$0.00,$0.00,$0.00,$0.00,$0.00,$245.00,$3385.00,$505.00,37,
2,NQ 06-26,Backtest,BlueLightning,Long,1,9686.25,9648.75,1/8/2019 3:50:00 PM,1/8/2019 4:20:00 PM,Buy,Stop loss,($750.00),$2130.00,$0.00,$0.00,$0.00,$0.00,$0.00,$750.00,$295.00,$1045.00,4,
3,NQ 06-26,Backtest,BlueLightning,Long,1,9750.75,9796.75,1/15/2019 4:00:00 PM,1/15/2019 10:00:00 PM,Buy,Exit on session close,$920.00,$3050.00,$0.00,$0.00,$0.00,$0.00,$0.00,$130.00,$1070.00,$150.00,37,
4,NQ 06-26,Backtest,BlueLightning,Long,1,9837.75,9800.25,1/16/2019 4:10:00 PM,1/16/2019 4:50:00 PM,Buy,Stop loss,($750.00),$2300.00,$0.00,$0.00,$0.00,$0.00,$0.00,$750.00,$195.00,$945.00,5,
5,NQ 06-26,Backtest,BlueLightning,Long,1,9874.50,9910.25,1/18/2019 3:50:00 PM,1/18/2019 10:00:00 PM,Buy,Exit on session close,$715.00,$3015.00,$0.00,$0.00,$0.00,$0.00,$0.00,$460.00,$1380.00,$665.00,38,
6,NQ 06-26,Backtest,BlueLightning,Long,1,9827.75,9790.25,1/23/2019 4:10:00 PM,1/23/2019 4:50:00 PM,Buy,Stop loss,($750.00),$2265.00,$0.00,$0.00,$0.00,$0.00,$0.00,$750.00,$235.00,$985.00,5,
7,NQ 06-26,Backtest,BlueLightning,Short,1,9794.25,9824.00,1/24/2019 5:40:00 PM,1/24/2019 10:00:00 PM,Sell short,Exit on session close,($595.00),$1670.00,$0.00,$0.00,$0.00,$0.00,$0.00,$705.00,$330.00,$925.00,27,
8,NQ 06-26,Backtest,BlueLightning,Long,1,9864.75,9908.25,1/25/2019 3:50:00 PM,1/25/2019 10:00:00 PM,Buy,Exit on session close,$870.00,$2540.00,$0.00,$0.00,$0.00,$0.00,$0.00,$150.00,$1220.00,$350.00,38,
9,NQ 06-26,Backtest,BlueLightning,Long,1,9849.50,9812.00,1/30/2019 3:50:00 PM,1/30/2019 4:10:00 PM,Buy,Stop loss,($750.00),$1790.00,$0.00,$0.00,$0.00,$0.00,$0.00,$750.00,$50.00,$800.00,3,
10,NQ 06-26,Backtest,BlueLightning,Long,1,9916.25,9929.75,1/30/2019 8:40:00 PM,1/30/2019 10:00:00 PM,Buy,Exit on session close,$270.00,$2060.00,$0.00,$0.00,$0.00,$0.00,$0.00,$150.00,$670.00,$400.00,9,
11,NQ 06-26,Backtest,BlueLightning,Long,1,10020.75,10078.25,2/4/2019 4:10:00 PM,2/4/2019 10:00:00 PM,Buy,Exit on session close,$1150.00,$3210.00,$0.00,$0.00,$0.00,$0.00,$0.00,$255.00,$1155.00,$5.00,36,
12,NQ 06-26,Backtest,BlueLightning,Long,1,10124.25,10140.50,2/5/2019 4:00:00 PM,2/5/2019 10:00:00 PM,Buy,Exit on session close,$325.00,$3535.00,$0.00,$0.00,$0.00,$0.00,$0.00,$545.00,$495.00,$170.00,37,
13,NQ 06-26,Backtest,BlueLightning,Long,1,10063.00,10025.50,2/11/2019 3:50:00 PM,2/11/2019 5:10:00 PM,Buy,Stop loss,($750.00),$2785.00,$0.00,$0.00,$0.00,$0.00,$0.00,$750.00,$5.00,$755.00,9,
14,NQ 06-26,Backtest,BlueLightning,Short,1,10040.25,10031.25,2/11/2019 5:30:00 PM,2/11/2019 10:00:00 PM,Sell short,Exit on session close,$180.00,$2965.00,$0.00,$0.00,$0.00,$0.00,$0.00,$220.00,$545.00,$365.00,28,
15,NQ 06-26,Backtest,BlueLightning,Long,1,10086.50,10134.00,2/12/2019 3:50:00 PM,2/12/2019 10:00:00 PM,Buy,Exit on session close,$950.00,$3915.00,$0.00,$0.00,$0.00,$0.00,$0.00,$0.00,$1145.00,$195.00,38,
16,NQ 06-26,Backtest,BlueLightning,Long,1,10174.50,10137.00,2/13/2019 4:00:00 PM,2/13/2019 5:40:00 PM,Buy,Stop loss,($750.00),$3165.00,$0.00,$0.00,$0.00,$0.00,$0.00,$750.00,$75.00,$825.00,11,
17,NQ 06-26,Backtest,BlueLightning,Long,1,10175.50,10175.00,2/15/2019 3:50:00 PM,2/15/2019 10:00:00 PM,Buy,Exit on session close,($10.00),$3155.00,$0.00,$0.00,$0.00,$0.00,$0.00,$695.00,$280.00,$290.00,38,
18,NQ 06-26,Backtest,BlueLightning,Long,1,10278.25,10240.75,2/25/2019 3:50:00 PM,2/25/2019 7:00:00 PM,Buy,Stop loss,($750.00),$2405.00,$0.00,$0.00,$0.00,$0.00,$0.00,$750.00,$110.00,$860.00,20,
19,NQ 06-26,Backtest,BlueLightning,Long,1,10267.50,10230.00,3/1/2019 3:50:00 PM,3/1/2019 5:40:00 PM,Buy,Stop loss,($750.00),$1655.00,$0.00,$0.00,$0.00,$0.00,$0.00,$750.00,$110.00,$860.00,12,
20,NQ 06-26,Backtest,BlueLightning,Long,1,10321.75,10284.25,3/4/2019 3:50:00 PM,3/4/2019 5:10:00 PM,Buy,Stop loss,($750.00),$905.00,$0.00,$0.00,$0.00,$0.00,$0.00,$750.00,$100.00,$850.00,9,
21,NQ 06-26,Backtest,BlueLightning,Long,1,10195.00,10278.75,3/11/2019 2:50:00 PM,3/11/2019 9:00:00 PM,Buy,Exit on session close,$1675.00,$2580.00,$0.00,$0.00,$0.00,$0.00,$0.00,$30.00,$1770.00,$95.00,38,
22,NQ 06-26,Backtest,BlueLightning,Long,1,10384.75,10422.25,3/15/2019 2:50:00 PM,3/15/2019 9:00:00 PM,Buy,Exit on session close,$750.00,$3330.00,$0.00,$0.00,$0.00,$0.00,$0.00,$5.00,$1250.00,$500.00,38,
23,NQ 06-26,Backtest,BlueLightning,Long,1,10475.25,10437.75,3/19/2019 2:50:00 PM,3/19/2019 8:50:00 PM,Buy,Stop loss,($750.00),$2580.00,$0.00,$0.00,$0.00,$0.00,$0.00,$750.00,$645.00,$1395.00,37,
24,NQ 06-26,Backtest,BlueLightning,Long,1,10503.25,10500.00,3/20/2019 7:30:00 PM,3/20/2019 9:00:00 PM,Buy,Exit on session close,($65.00),$2515.00,$0.00,$0.00,$0.00,$0.00,$0.00,$290.00,$820.00,$885.00,10,
25,NQ 06-26,Backtest,BlueLightning,Long,1,10504.75,10467.25,3/26/2019 2:50:00 PM,3/26/2019 5:50:00 PM,Buy,Stop loss,($750.00),$1765.00,$0.00,$0.00,$0.00,$0.00,$0.00,$750.00,$580.00,$1330.00,19,
26,NQ 06-26,Backtest,BlueLightning,Long,1,10476.75,10488.50,3/29/2019 2:50:00 PM,3/29/2019 9:00:00 PM,Buy,Exit on session close,$235.00,$2000.00,$0.00,$0.00,$0.00,$0.00,$0.00,$690.00,$320.00,$85.00,38,
27,NQ 06-26,Backtest,BlueLightning,Long,1,10556.00,10587.50,4/1/2019 3:50:00 PM,4/1/2019 10:00:00 PM,Buy,Exit on session close,$630.00,$2630.00,$0.00,$0.00,$0.00,$0.00,$0.00,$495.00,$735.00,$105.00,38,
28,NQ 06-26,Backtest,BlueLightning,Long,1,10648.75,10655.50,4/3/2019 3:50:00 PM,4/3/2019 10:00:00 PM,Buy,Exit on session close,$135.00,$2765.00,$0.00,$0.00,$0.00,$0.00,$0.00,$340.00,$1075.00,$940.00,38,
29,NQ 06-26,Backtest,BlueLightning,Long,1,10675.50,10690.00,4/5/2019 3:50:00 PM,4/5/2019 10:00:00 PM,Buy,Exit on session close,$290.00,$3055.00,$0.00,$0.00,$0.00,$0.00,$0.00,$240.00,$380.00,$90.00,38,
30,NQ 06-26,Backtest,BlueLightning,Long,1,10732.25,10736.75,4/12/2019 3:50:00 PM,4/12/2019 10:00:00 PM,Buy,Exit on session close,$90.00,$3145.00,$0.00,$0.00,$0.00,$0.00,$0.00,$570.00,$145.00,$55.00,38,
31,NQ 06-26,Backtest,BlueLightning,Long,1,10758.75,10764.00,4/16/2019 3:50:00 PM,4/16/2019 10:00:00 PM,Buy,Exit on session close,$105.00,$3250.00,$0.00,$0.00,$0.00,$0.00,$0.00,$385.00,$430.00,$325.00,38,
32,NQ 06-26,Backtest,BlueLightning,Long,1,10806.75,10769.25,4/17/2019 3:50:00 PM,4/17/2019 4:10:00 PM,Buy,Stop loss,($750.00),$2500.00,$0.00,$0.00,$0.00,$0.00,$0.00,$750.00,$95.00,$845.00,3,
33,NQ 06-26,Backtest,BlueLightning,Long,1,10855.75,10915.25,4/23/2019 4:00:00 PM,4/23/2019 10:00:00 PM,Buy,Exit on session close,$1190.00,$3690.00,$0.00,$0.00,$0.00,$0.00,$0.00,$10.00,$1405.00,$215.00,37,
34,NQ 06-26,Backtest,BlueLightning,Long,1,10938.75,10901.25,4/25/2019 4:10:00 PM,4/25/2019 4:20:00 PM,Buy,Stop loss,($750.00),$2940.00,$0.00,$0.00,$0.00,$0.00,$0.00,$750.00,$165.00,$915.00,2,
35,NQ 06-26,Backtest,BlueLightning,Long,1,10928.75,10891.25,5/1/2019 3:50:00 PM,5/1/2019 9:40:00 PM,Buy,Stop loss,($750.00),$2190.00,$0.00,$0.00,$0.00,$0.00,$0.00,$750.00,$495.00,$1245.00,36,
36,NQ 06-26,Backtest,BlueLightning,Long,1,10881.75,10943.25,5/3/2019 3:50:00 PM,5/3/2019 10:00:00 PM,Buy,Exit on session close,$1230.00,$3420.00,$0.00,$0.00,$0.00,$0.00,$0.00,$260.00,$1365.00,$135.00,38,
37,NQ 06-26,Backtest,BlueLightning,Short,1,10587.00,10624.50,5/15/2019 7:20:00 PM,5/15/2019 8:30:00 PM,Sell short,Stop loss,($750.00),$2670.00,$0.00,$0.00,$0.00,$0.00,$0.00,$750.00,$80.00,$830.00,8,
38,NQ 06-26,Backtest,BlueLightning,Long,1,10668.75,10678.75,5/16/2019 4:20:00 PM,5/16/2019 10:00:00 PM,Buy,Exit on session close,$200.00,$2870.00,$0.00,$0.00,$0.00,$0.00,$0.00,$120.00,$1170.00,$970.00,35,
39,NQ 06-26,Backtest,BlueLightning,Long,1,10538.50,10549.50,5/21/2019 3:50:00 PM,5/21/2019 10:00:00 PM,Buy,Exit on session close,$220.00,$3090.00,$0.00,$0.00,$0.00,$0.00,$0.00,$515.00,$660.00,$440.00,38,
40,NQ 06-26,Backtest,BlueLightning,Long,1,10397.25,10402.00,5/23/2019 9:50:00 PM,5/23/2019 10:00:00 PM,Buy,Exit on session close,$95.00,$3185.00,$0.00,$0.00,$0.00,$0.00,$0.00,$435.00,$175.00,$80.00,2,
41,NQ 06-26,Backtest,BlueLightning,Long,1,10452.75,10415.25,5/24/2019 3:50:00 PM,5/24/2019 4:50:00 PM,Buy,Stop loss,($750.00),$2435.00,$0.00,$0.00,$0.00,$0.00,$0.00,$750.00,$265.00,$1015.00,7,
42,NQ 06-26,Backtest,BlueLightning,Long,1,10448.50,10411.00,5/28/2019 4:00:00 PM,5/28/2019 4:40:00 PM,Buy,Stop loss,($750.00),$1685.00,$0.00,$0.00,$0.00,$0.00,$0.00,$750.00,$75.00,$825.00,5,
43,NQ 06-26,Backtest,BlueLightning,Long,1,10312.50,10275.00,6/5/2019 3:50:00 PM,6/5/2019 4:00:00 PM,Buy,Stop loss,($750.00),$935.00,$0.00,$0.00,$0.00,$0.00,$0.00,$750.00,$30.00,$780.00,2,
44,NQ 06-26,Backtest,BlueLightning,Short,1,10253.75,10291.25,6/5/2019 5:10:00 PM,6/5/2019 5:30:00 PM,Sell short,Stop loss,($750.00),$185.00,$0.00,$0.00,$0.00,$0.00,$0.00,$750.00,$140.00,$890.00,3,
45,NQ 06-26,Backtest,BlueLightning,Long,1,10447.25,10507.25,6/7/2019 4:00:00 PM,6/7/2019 10:00:00 PM,Buy,Exit on session close,$1200.00,$1385.00,$0.00,$0.00,$0.00,$0.00,$0.00,$100.00,$1840.00,$640.00,37,
46,NQ 06-26,Backtest,BlueLightning,Long,1,10585.00,10592.50,6/10/2019 3:50:00 PM,6/10/2019 10:00:00 PM,Buy,Exit on session close,$150.00,$1535.00,$0.00,$0.00,$0.00,$0.00,$0.00,$110.00,$1595.00,$1445.00,38,
47,NQ 06-26,Backtest,BlueLightning,Long,1,10651.50,10614.00,6/11/2019 4:00:00 PM,6/11/2019 5:40:00 PM,Buy,Stop loss,($750.00),$785.00,$0.00,$0.00,$0.00,$0.00,$0.00,$750.00,$435.00,$1185.00,11,
48,NQ 06-26,Backtest,BlueLightning,Long,1,10602.50,10605.25,6/13/2019 3:50:00 PM,6/13/2019 10:00:00 PM,Buy,Exit on session close,$55.00,$840.00,$0.00,$0.00,$0.00,$0.00,$0.00,$525.00,$410.00,$355.00,38,
49,NQ 06-26,Backtest,BlueLightning,Long,1,10587.25,10569.50,6/14/2019 9:40:00 PM,6/14/2019 10:00:00 PM,Buy,Exit on session close,($355.00),$485.00,$0.00,$0.00,$0.00,$0.00,$0.00,$400.00,$85.00,$440.00,3,
50,NQ 06-26,Backtest,BlueLightning,Long,1,10625.75,10616.50,6/17/2019 4:10:00 PM,6/17/2019 10:00:00 PM,Buy,Exit on session close,($185.00),$300.00,$0.00,$0.00,$0.00,$0.00,$0.00,$360.00,$245.00,$430.00,36,
51,NQ 06-26,Backtest,BlueLightning,Long,1,10720.25,10727.50,6/18/2019 3:50:00 PM,6/18/2019 10:00:00 PM,Buy,Exit on session close,$145.00,$445.00,$0.00,$0.00,$0.00,$0.00,$0.00,$155.00,$1240.00,$1095.00,38,
52,NQ 06-26,Backtest,BlueLightning,Long,1,10847.75,10810.25,6/20/2019 3:50:00 PM,6/20/2019 5:20:00 PM,Buy,Stop loss,($750.00),($305.00),$0.00,$0.00,$0.00,$0.00,$0.00,$750.00,$215.00,$965.00,10,
53,NQ 06-26,Backtest,BlueLightning,Long,1,10752.75,10743.25,6/27/2019 4:10:00 PM,6/27/2019 9:40:00 PM,Buy,Profit target,($190.00),($495.00),$0.00,$0.00,$0.00,$0.00,$0.00,$585.00,$175.00,$365.00,34,
54,NQ 06-26,Backtest,BlueLightning,Short,1,10749.25,10744.50,6/27/2019 9:40:00 PM,6/27/2019 10:00:00 PM,Sell short,Exit on session close,$95.00,($400.00),$0.00,$0.00,$0.00,$0.00,$0.00,$85.00,$120.00,$25.00,3,
55,NQ 06-26,Backtest,BlueLightning,Long,1,10899.25,10861.75,7/1/2019 3:50:00 PM,7/1/2019 4:40:00 PM,Buy,Stop loss,($750.00),($1150.00),$0.00,$0.00,$0.00,$0.00,$0.00,$750.00,$220.00,$970.00,6,
56,NQ 06-26,Backtest,BlueLightning,Long,1,10901.25,10943.50,7/3/2019 3:50:00 PM,7/3/2019 7:00:00 PM,Buy,Exit on session close,$845.00,($305.00),$0.00,$0.00,$0.00,$0.00,$0.00,$60.00,$850.00,$5.00,20,
57,NQ 06-26,Backtest,BlueLightning,Long,1,10982.00,10944.50,7/10/2019 3:50:00 PM,7/10/2019 5:20:00 PM,Buy,Stop loss,($750.00),($1055.00),$0.00,$0.00,$0.00,$0.00,$0.00,$750.00,$560.00,$1310.00,10,
58,NQ 06-26,Backtest,BlueLightning,Long,1,11031.00,11048.50,7/15/2019 3:50:00 PM,7/15/2019 10:00:00 PM,Buy,Exit on session close,$350.00,($705.00),$0.00,$0.00,$0.00,$0.00,$0.00,$185.00,$430.00,$80.00,38,
59,NQ 06-26,Backtest,BlueLightning,Long,1,10966.75,10981.25,7/18/2019 8:40:00 PM,7/18/2019 10:00:00 PM,Buy,Exit on session close,$290.00,($415.00),$0.00,$0.00,$0.00,$0.00,$0.00,$80.00,$520.00,$230.00,9,
60,NQ 06-26,Backtest,BlueLightning,Long,1,11015.25,10977.75,7/19/2019 3:50:00 PM,7/19/2019 5:00:00 PM,Buy,Stop loss,($750.00),($1165.00),$0.00,$0.00,$0.00,$0.00,$0.00,$750.00,$95.00,$845.00,8,
61,NQ 06-26,Backtest,BlueLightning,Short,1,10988.50,10913.75,7/19/2019 5:10:00 PM,7/19/2019 10:00:00 PM,Sell short,Exit on session close,$1495.00,$330.00,$0.00,$0.00,$0.00,$0.00,$0.00,$330.00,$1585.00,$90.00,30,
62,NQ 06-26,Backtest,BlueLightning,Short,1,10979.25,10981.75,7/22/2019 10:00:00 PM,7/22/2019 10:00:00 PM,Sell short,Exit on session close,($50.00),$280.00,$0.00,$0.00,$0.00,$0.00,$0.00,$90.00,$90.00,$140.00,1,
63,NQ 06-26,Backtest,BlueLightning,Long,1,11003.25,11030.50,7/23/2019 3:50:00 PM,7/23/2019 10:00:00 PM,Buy,Exit on session close,$545.00,$825.00,$0.00,$0.00,$0.00,$0.00,$0.00,$695.00,$560.00,$15.00,38,
64,NQ 06-26,Backtest,BlueLightning,Long,1,11071.50,11086.25,7/24/2019 9:20:00 PM,7/24/2019 10:00:00 PM,Buy,Exit on session close,$295.00,$1120.00,$0.00,$0.00,$0.00,$0.00,$0.00,$5.00,$310.00,$15.00,5,
65,NQ 06-26,Backtest,BlueLightning,Long,1,11083.50,11088.75,7/26/2019 3:50:00 PM,7/26/2019 10:00:00 PM,Buy,Exit on session close,$105.00,$1225.00,$0.00,$0.00,$0.00,$0.00,$0.00,$470.00,$355.00,$250.00,38,
66,NQ 06-26,Backtest,BlueLightning,Long,1,11053.25,11027.50,7/30/2019 8:30:00 PM,7/30/2019 10:00:00 PM,Buy,Exit on session close,($515.00),$710.00,$0.00,$0.00,$0.00,$0.00,$0.00,$745.00,$30.00,$545.00,10,
67,NQ 06-26,Backtest,BlueLightning,Short,1,11037.50,10920.00,7/31/2019 7:10:00 PM,7/31/2019 10:00:00 PM,Sell short,Exit on session close,$2350.00,$3060.00,$0.00,$0.00,$0.00,$0.00,$0.00,$90.00,$3895.00,$1545.00,18,
68,NQ 06-26,Backtest,BlueLightning,Long,1,10567.50,10530.00,8/6/2019 3:50:00 PM,8/6/2019 4:20:00 PM,Buy,Stop loss,($750.00),$2310.00,$0.00,$0.00,$0.00,$0.00,$0.00,$750.00,$550.00,$1300.00,4,
69,NQ 06-26,Backtest,BlueLightning,Long,1,10822.75,10785.25,8/13/2019 4:10:00 PM,8/13/2019 5:10:00 PM,Buy,Stop loss,($750.00),$1560.00,$0.00,$0.00,$0.00,$0.00,$0.00,$750.00,$545.00,$1295.00,7,
70,NQ 06-26,Backtest,BlueLightning,Long,1,10630.50,10672.75,8/16/2019 3:50:00 PM,8/16/2019 10:00:00 PM,Buy,Exit on session close,$845.00,$2405.00,$0.00,$0.00,$0.00,$0.00,$0.00,$165.00,$1250.00,$405.00,38,
71,NQ 06-26,Backtest,BlueLightning,Long,1,10798.50,10761.00,8/19/2019 3:50:00 PM,8/19/2019 4:20:00 PM,Buy,Stop loss,($750.00),$1655.00,$0.00,$0.00,$0.00,$0.00,$0.00,$750.00,$90.00,$840.00,4,
72,NQ 06-26,Backtest,BlueLightning,Long,1,10818.00,10780.50,8/21/2019 4:00:00 PM,8/21/2019 8:10:00 PM,Buy,Stop loss,($750.00),$905.00,$0.00,$0.00,$0.00,$0.00,$0.00,$750.00,$155.00,$905.00,26,
73,NQ 06-26,Backtest,BlueLightning,Short,1,10786.00,10534.25,8/23/2019 4:50:00 PM,8/23/2019 10:00:00 PM,Sell short,Exit on session close,$5035.00,$5940.00,$0.00,$0.00,$0.00,$0.00,$0.00,$125.00,$5555.00,$520.00,32,
74,NQ 06-26,Backtest,BlueLightning,Long,1,10694.25,10656.75,8/27/2019 3:50:00 PM,8/27/2019 5:20:00 PM,Buy,Stop loss,($750.00),$5190.00,$0.00,$0.00,$0.00,$0.00,$0.00,$750.00,$295.00,$1045.00,10,
75,NQ 06-26,Backtest,BlueLightning,Long,1,10771.00,10733.50,8/29/2019 3:50:00 PM,8/29/2019 4:40:00 PM,Buy,Stop loss,($750.00),$4440.00,$0.00,$0.00,$0.00,$0.00,$0.00,$750.00,$310.00,$1060.00,6,
76,NQ 06-26,Backtest,BlueLightning,Long,1,10803.75,10766.25,8/30/2019 3:50:00 PM,8/30/2019 4:30:00 PM,Buy,Stop loss,($750.00),$3690.00,$0.00,$0.00,$0.00,$0.00,$0.00,$750.00,$55.00,$805.00,5,
77,NQ 06-26,Backtest,BlueLightning,Long,1,10750.50,10784.00,9/4/2019 3:50:00 PM,9/4/2019 10:00:00 PM,Buy,Exit on session close,$670.00,$4360.00,$0.00,$0.00,$0.00,$0.00,$0.00,$490.00,$795.00,$125.00,38,
78,NQ 06-26,Backtest,BlueLightning,Long,1,10889.50,10926.25,9/5/2019 3:50:00 PM,9/5/2019 10:00:00 PM,Buy,Exit on session close,$735.00,$5095.00,$0.00,$0.00,$0.00,$0.00,$0.00,$115.00,$1155.00,$420.00,38,
79,NQ 06-26,Backtest,BlueLightning,Long,1,10907.75,10950.25,9/11/2019 4:00:00 PM,9/11/2019 10:00:00 PM,Buy,Exit on session close,$850.00,$5945.00,$0.00,$0.00,$0.00,$0.00,$0.00,$215.00,$950.00,$100.00,37,
80,NQ 06-26,Backtest,BlueLightning,Long,1,11011.25,10973.75,9/12/2019 3:50:00 PM,9/12/2019 4:00:00 PM,Buy,Stop loss,($750.00),$5195.00,$0.00,$0.00,$0.00,$0.00,$0.00,$750.00,$110.00,$860.00,2,
81,NQ 06-26,Backtest,BlueLightning,Short,1,10924.75,10953.25,9/17/2019 7:30:00 PM,9/17/2019 10:00:00 PM,Sell short,Close position,($570.00),$4625.00,$0.00,$0.00,$0.00,$0.00,$0.00,$595.00,$100.00,$670.00,16,
82,NQ 06-26,Backtest,BlueLightning,Long,1,10953.25,10954.25,9/17/2019 10:00:00 PM,9/17/2019 10:00:00 PM,Buy,Exit on session close,$20.00,$4645.00,$0.00,$0.00,$0.00,$0.00,$0.00,$80.00,$80.00,$60.00,1,
83,NQ 06-26,Backtest,BlueLightning,Long,1,10927.25,10889.75,9/24/2019 4:00:00 PM,9/24/2019 4:30:00 PM,Buy,Stop loss,($750.00),$3895.00,$0.00,$0.00,$0.00,$0.00,$0.00,$750.00,$125.00,$875.00,4,
84,NQ 06-26,Backtest,BlueLightning,Long,1,10837.50,10862.75,9/25/2019 8:30:00 PM,9/25/2019 10:00:00 PM,Buy,Exit on session close,$505.00,$4400.00,$0.00,$0.00,$0.00,$0.00,$0.00,$145.00,$925.00,$420.00,10,
85,NQ 06-26,Backtest,BlueLightning,Long,1,10878.25,10840.75,10/1/2019 4:00:00 PM,10/1/2019 4:10:00 PM,Buy,Stop loss,($750.00),$3650.00,$0.00,$0.00,$0.00,$0.00,$0.00,$750.00,$55.00,$805.00,2,
86,NQ 06-26,Backtest,BlueLightning,Short,1,10822.50,10741.25,10/1/2019 4:40:00 PM,10/1/2019 10:00:00 PM,Sell short,Exit on session close,$1625.00,$5275.00,$0.00,$0.00,$0.00,$0.00,$0.00,$5.00,$1840.00,$215.00,33,
87,NQ 06-26,Backtest,BlueLightning,Long,1,10743.50,10804.75,10/4/2019 3:50:00 PM,10/4/2019 10:00:00 PM,Buy,Exit on session close,$1225.00,$6500.00,$0.00,$0.00,$0.00,$0.00,$0.00,$350.00,$1395.00,$170.00,38,
88,NQ 06-26,Backtest,BlueLightning,Long,1,10898.25,10891.00,10/11/2019 3:50:00 PM,10/11/2019 10:00:00 PM,Buy,Exit on session close,($145.00),$6355.00,$0.00,$0.00,$0.00,$0.00,$0.00,$385.00,$1195.00,$1340.00,38,
89,NQ 06-26,Backtest,BlueLightning,Long,1,10939.25,10992.75,10/15/2019 4:00:00 PM,10/15/2019 10:00:00 PM,Buy,Exit on session close,$1070.00,$7425.00,$0.00,$0.00,$0.00,$0.00,$0.00,$205.00,$1440.00,$370.00,37,
90,NQ 06-26,Backtest,BlueLightning,Long,1,11009.75,10972.25,10/17/2019 3:50:00 PM,10/17/2019 5:10:00 PM,Buy,Stop loss,($750.00),$6675.00,$0.00,$0.00,$0.00,$0.00,$0.00,$750.00,$440.00,$1190.00,9,
91,NQ 06-26,Backtest,BlueLightning,Long,1,11013.50,10976.00,10/22/2019 3:50:00 PM,10/22/2019 5:30:00 PM,Buy,Stop loss,($750.00),$5925.00,$0.00,$0.00,$0.00,$0.00,$0.00,$750.00,$295.00,$1045.00,11,
92,NQ 06-26,Backtest,BlueLightning,Long,1,10989.75,11012.00,10/24/2019 3:50:00 PM,10/24/2019 10:00:00 PM,Buy,Exit on session close,$445.00,$6370.00,$0.00,$0.00,$0.00,$0.00,$0.00,$670.00,$555.00,$110.00,38,
93,NQ 06-26,Backtest,BlueLightning,Long,1,11129.25,11156.00,10/28/2019 2:50:00 PM,10/28/2019 9:00:00 PM,Buy,Exit on session close,$535.00,$6905.00,$0.00,$0.00,$0.00,$0.00,$0.00,$170.00,$755.00,$220.00,38,
94,NQ 06-26,Backtest,BlueLightning,Long,1,11122.00,11128.25,10/30/2019 8:20:00 PM,10/30/2019 9:00:00 PM,Buy,Exit on session close,$125.00,$7030.00,$0.00,$0.00,$0.00,$0.00,$0.00,$15.00,$460.00,$335.00,5,
95,NQ 06-26,Backtest,BlueLightning,Long,1,11165.00,11204.75,11/1/2019 2:50:00 PM,11/1/2019 9:00:00 PM,Buy,Exit on session close,$795.00,$7825.00,$0.00,$0.00,$0.00,$0.00,$0.00,$225.00,$800.00,$5.00,38,
96,NQ 06-26,Backtest,BlueLightning,Long,1,11265.50,11253.00,11/4/2019 3:50:00 PM,11/4/2019 10:00:00 PM,Buy,Exit on session close,($250.00),$7575.00,$0.00,$0.00,$0.00,$0.00,$0.00,$495.00,$155.00,$405.00,38,
97,NQ 06-26,Backtest,BlueLightning,Long,1,11291.50,11254.00,11/7/2019 3:50:00 PM,11/7/2019 9:20:00 PM,Buy,Stop loss,($750.00),$6825.00,$0.00,$0.00,$0.00,$0.00,$0.00,$750.00,$605.00,$1355.00,34,
98,NQ 06-26,Backtest,BlueLightning,Long,1,11307.25,11311.00,11/12/2019 4:00:00 PM,11/12/2019 10:00:00 PM,Buy,Exit on session close,$75.00,$6900.00,$0.00,$0.00,$0.00,$0.00,$0.00,$495.00,$650.00,$575.00,37,
99,NQ 06-26,Backtest,BlueLightning,Short,1,11290.00,11305.50,11/14/2019 5:30:00 PM,11/14/2019 10:00:00 PM,Sell short,Exit on session close,($310.00),$6590.00,$0.00,$0.00,$0.00,$0.00,$0.00,$430.00,$685.00,$995.00,28,
100,NQ 06-26,Backtest,BlueLightning,Long,1,11342.00,11358.50,11/15/2019 3:50:00 PM,11/15/2019 10:00:00 PM,Buy,Exit on session close,$330.00,$6920.00,$0.00,$0.00,$0.00,$0.00,$0.00,$270.00,$400.00,$70.00,38,
101,NQ 06-26,Backtest,BlueLightning,Long,1,11382.00,11416.25,11/25/2019 3:50:00 PM,11/25/2019 10:00:00 PM,Buy,Exit on session close,$685.00,$7605.00,$0.00,$0.00,$0.00,$0.00,$0.00,$55.00,$700.00,$15.00,38,
102,NQ 06-26,Backtest,BlueLightning,Long,1,11448.50,11488.75,11/27/2019 3:50:00 PM,11/27/2019 10:00:00 PM,Buy,Exit on session close,$805.00,$8410.00,$0.00,$0.00,$0.00,$0.00,$0.00,$130.00,$810.00,$5.00,38,
103,NQ 06-26,Backtest,BlueLightning,Long,1,11348.50,11349.25,12/4/2019 3:50:00 PM,12/4/2019 8:40:00 PM,Buy,Profit target,$15.00,$8425.00,$0.00,$0.00,$0.00,$0.00,$0.00,$295.00,$205.00,$190.00,30,
104,NQ 06-26,Backtest,BlueLightning,Short,1,11351.75,11337.50,12/4/2019 8:40:00 PM,12/4/2019 10:00:00 PM,Sell short,Exit on session close,$285.00,$8710.00,$0.00,$0.00,$0.00,$0.00,$0.00,$85.00,$320.00,$35.00,9,
105,NQ 06-26,Backtest,BlueLightning,Short,1,11351.25,11352.00,12/5/2019 3:50:00 PM,12/5/2019 10:00:00 PM,Sell short,Exit on session close,($15.00),$8695.00,$0.00,$0.00,$0.00,$0.00,$0.00,$190.00,$770.00,$785.00,38,
106,NQ 06-26,Backtest,BlueLightning,Long,1,11413.75,11439.25,12/6/2019 3:50:00 PM,12/6/2019 10:00:00 PM,Buy,Exit on session close,$510.00,$9205.00,$0.00,$0.00,$0.00,$0.00,$0.00,$5.00,$705.00,$195.00,38,
107,NQ 06-26,Backtest,BlueLightning,Long,1,11459.00,11421.50,12/9/2019 4:10:00 PM,12/9/2019 8:10:00 PM,Buy,Stop loss,($750.00),$8455.00,$0.00,$0.00,$0.00,$0.00,$0.00,$750.00,$100.00,$850.00,25,
108,NQ 06-26,Backtest,BlueLightning,Long,1,11599.75,11616.25,12/16/2019 3:50:00 PM,12/16/2019 10:00:00 PM,Buy,Exit on session close,$330.00,$8785.00,$0.00,$0.00,$0.00,$0.00,$0.00,$0.00,$650.00,$320.00,38,
109,NQ 06-26,Backtest,BlueLightning,Long,1,11710.00,11719.00,12/20/2019 3:50:00 PM,12/20/2019 10:00:00 PM,Buy,Exit on session close,$180.00,$8965.00,$0.00,$0.00,$0.00,$0.00,$0.00,$180.00,$440.00,$260.00,38,
110,NQ 06-26,Backtest,BlueLightning,Long,1,11766.75,11816.00,12/26/2019 3:50:00 PM,12/26/2019 10:00:00 PM,Buy,Exit on session close,$985.00,$9950.00,$0.00,$0.00,$0.00,$0.00,$0.00,$40.00,$1000.00,$15.00,38,
111,NQ 06-26,Backtest,BlueLightning,Long,1,11835.75,11798.25,12/27/2019 3:50:00 PM,12/27/2019 4:00:00 PM,Buy,Stop loss,($750.00),$9200.00,$0.00,$0.00,$0.00,$0.00,$0.00,$750.00,$100.00,$850.00,2,
112,NQ 06-26,Backtest,BlueLightning,Long,1,11862.00,11824.50,1/2/2020 3:50:00 PM,1/2/2020 4:20:00 PM,Buy,Stop loss,($750.00),$8450.00,$0.00,$0.00,$0.00,$0.00,$0.00,$750.00,$105.00,$855.00,4,
113,NQ 06-26,Backtest,BlueLightning,Long,1,11940.75,11944.50,1/8/2020 6:10:00 PM,1/8/2020 10:00:00 PM,Buy,Exit on session close,$75.00,$8525.00,$0.00,$0.00,$0.00,$0.00,$0.00,$45.00,$925.00,$850.00,24,
114,NQ 06-26,Backtest,BlueLightning,Long,1,12030.50,11993.00,1/9/2020 3:50:00 PM,1/9/2020 6:30:00 PM,Buy,Stop loss,($750.00),$7775.00,$0.00,$0.00,$0.00,$0.00,$0.00,$750.00,$50.00,$800.00,17,
115,NQ 06-26,Backtest,BlueLightning,Long,1,12044.75,12007.25,1/10/2020 4:10:00 PM,1/10/2020 6:10:00 PM,Buy,Stop loss,($750.00),$7025.00,$0.00,$0.00,$0.00,$0.00,$0.00,$750.00,$250.00,$1000.00,13,
116,NQ 06-26,Backtest,BlueLightning,Long,1,12120.50,12152.75,1/16/2020 4:00:00 PM,1/16/2020 10:00:00 PM,Buy,Exit on session close,$645.00,$7670.00,$0.00,$0.00,$0.00,$0.00,$0.00,$585.00,$660.00,$15.00,37,
117,NQ 06-26,Backtest,BlueLightning,Long,1,12160.25,12197.50,1/17/2020 3:50:00 PM,1/17/2020 10:00:00 PM,Buy,Exit on session close,$745.00,$8415.00,$0.00,$0.00,$0.00,$0.00,$0.00,$310.00,$875.00,$130.00,38,
118,NQ 06-26,Backtest,BlueLightning,Long,1,12248.75,12211.25,1/22/2020 3:50:00 PM,1/22/2020 9:30:00 PM,Buy,Stop loss,($750.00),$7665.00,$0.00,$0.00,$0.00,$0.00,$0.00,$750.00,$400.00,$1150.00,35,
119,NQ 06-26,Backtest,BlueLightning,Long,1,12284.25,12246.75,1/24/2020 3:50:00 PM,1/24/2020 4:40:00 PM,Buy,Stop loss,($750.00),$6915.00,$0.00,$0.00,$0.00,$0.00,$0.00,$750.00,$80.00,$830.00,6,
120,NQ 06-26,Backtest,BlueLightning,Short,1,12121.00,12113.00,1/28/2020 8:20:00 PM,1/28/2020 10:00:00 PM,Sell short,Exit on session close,$160.00,$7075.00,$0.00,$0.00,$0.00,$0.00,$0.00,$265.00,$195.00,$35.00,11,
121,NQ 06-26,Backtest,BlueLightning,Short,1,12152.75,12160.75,1/29/2020 3:50:00 PM,1/29/2020 3:50:00 PM,Sell short,Profit target,($160.00),$6915.00,$0.00,$0.00,$0.00,$0.00,$0.00,$160.00,$0.00,$160.00,1,
122,NQ 06-26,Backtest,BlueLightning,Short,1,12125.00,12162.50,1/29/2020 5:00:00 PM,1/29/2020 8:10:00 PM,Sell short,Stop loss,($750.00),$6165.00,$0.00,$0.00,$0.00,$0.00,$0.00,$750.00,$40.00,$790.00,20,
123,NQ 06-26,Backtest,BlueLightning,Long,1,12121.75,12146.00,2/3/2020 4:00:00 PM,2/3/2020 10:00:00 PM,Buy,Exit on session close,$485.00,$6650.00,$0.00,$0.00,$0.00,$0.00,$0.00,$60.00,$975.00,$490.00,37,
124,NQ 06-26,Backtest,BlueLightning,Long,1,12243.50,12355.25,2/4/2020 3:50:00 PM,2/4/2020 10:00:00 PM,Buy,Exit on session close,$2235.00,$8885.00,$0.00,$0.00,$0.00,$0.00,$0.00,$5.00,$2620.00,$385.00,38,
125,NQ 06-26,Backtest,BlueLightning,Long,1,12412.75,12375.25,2/5/2020 3:50:00 PM,2/5/2020 4:30:00 PM,Buy,Stop loss,($750.00),$8135.00,$0.00,$0.00,$0.00,$0.00,$0.00,$750.00,$270.00,$1020.00,5,
126,NQ 06-26,Backtest,BlueLightning,Long,1,12516.25,12539.75,2/10/2020 9:30:00 PM,2/10/2020 10:00:00 PM,Buy,Exit on session close,$470.00,$8605.00,$0.00,$0.00,$0.00,$0.00,$0.00,$25.00,$485.00,$15.00,4,
127,NQ 06-26,Backtest,BlueLightning,Long,1,12558.25,12520.75,2/11/2020 3:50:00 PM,2/11/2020 9:20:00 PM,Buy,Stop loss,($750.00),$7855.00,$0.00,$0.00,$0.00,$0.00,$0.00,$750.00,$1320.00,$2070.00,34,
128,NQ 06-26,Backtest,BlueLightning,Long,1,12718.75,12743.00,2/19/2020 3:50:00 PM,2/19/2020 10:00:00 PM,Buy,Exit on session close,$485.00,$8340.00,$0.00,$0.00,$0.00,$0.00,$0.00,$55.00,$895.00,$410.00,38,
129,NQ 06-26,Backtest,BlueLightning,Long,1,11506.25,11468.75,3/2/2020 3:50:00 PM,3/2/2020 4:10:00 PM,Buy,Stop loss,($750.00),$7590.00,$0.00,$0.00,$0.00,$0.00,$0.00,$750.00,$1760.00,$2510.00,3,
130,NQ 06-26,Backtest,BlueLightning,Short,1,11759.50,11797.00,3/2/2020 9:50:00 PM,3/2/2020 9:50:00 PM,Sell short,Stop loss,($750.00),$6840.00,$0.00,$0.00,$0.00,$0.00,$0.00,$750.00,$0.00,$750.00,1,
131,NQ 06-26,Backtest,BlueLightning,Short,1,11809.50,11847.00,3/3/2020 5:50:00 PM,3/3/2020 6:00:00 PM,Sell short,Stop loss,($750.00),$6090.00,$0.00,$0.00,$0.00,$0.00,$0.00,$750.00,$795.00,$1545.00,2,
132,NQ 06-26,Backtest,BlueLightning,Short,1,10438.00,10475.50,3/19/2020 7:10:00 PM,3/19/2020 7:40:00 PM,Sell short,Stop loss,($750.00),$5340.00,$0.00,$0.00,$0.00,$0.00,$0.00,$750.00,$1170.00,$1920.00,4,
133,NQ 06-26,Backtest,BlueLightning,Short,1,10433.25,10470.75,3/19/2020 8:30:00 PM,3/19/2020 8:30:00 PM,Sell short,Stop loss,($750.00),$4590.00,$0.00,$0.00,$0.00,$0.00,$0.00,$750.00,$0.00,$750.00,1,
134,NQ 06-26,Backtest,BlueLightning,Short,1,10403.50,10441.00,3/20/2020 3:30:00 PM,3/20/2020 3:30:00 PM,Sell short,Stop loss,($750.00),$3840.00,$0.00,$0.00,$0.00,$0.00,$0.00,$750.00,$0.00,$750.00,1,
135,NQ 06-26,Backtest,BlueLightning,Long,1,10395.50,10358.00,3/24/2020 2:50:00 PM,3/24/2020 2:50:00 PM,Buy,Stop loss,($750.00),$3090.00,$0.00,$0.00,$0.00,$0.00,$0.00,$750.00,$0.00,$750.00,1,
136,NQ 06-26,Backtest,BlueLightning,Long,1,10372.50,10335.00,3/24/2020 3:00:00 PM,3/24/2020 7:10:00 PM,Buy,Stop loss,($750.00),$2340.00,$0.00,$0.00,$0.00,$0.00,$0.00,$750.00,$3615.00,$4365.00,26,
137,NQ 06-26,Backtest,BlueLightning,Long,1,10981.75,10944.25,3/31/2020 4:40:00 PM,3/31/2020 5:10:00 PM,Buy,Stop loss,($750.00),$1590.00,$0.00,$0.00,$0.00,$0.00,$0.00,$750.00,$750.00,$1500.00,4,
138,NQ 06-26,Backtest,BlueLightning,Long,1,10789.00,11076.75,4/6/2020 3:50:00 PM,4/6/2020 10:00:00 PM,Buy,Exit on session close,$5755.00,$7345.00,$0.00,$0.00,$0.00,$0.00,$0.00,$40.00,$6685.00,$930.00,38,
139,NQ 06-26,Backtest,BlueLightning,Long,1,11231.25,11193.75,4/7/2020 3:50:00 PM,4/7/2020 4:20:00 PM,Buy,Stop loss,($750.00),$6595.00,$0.00,$0.00,$0.00,$0.00,$0.00,$750.00,$1425.00,$2175.00,4,
140,NQ 06-26,Backtest,BlueLightning,Long,1,11323.25,11285.75,4/9/2020 4:00:00 PM,4/9/2020 4:10:00 PM,Buy,Stop loss,($750.00),$5845.00,$0.00,$0.00,$0.00,$0.00,$0.00,$750.00,$220.00,$970.00,2,
141,NQ 06-26,Backtest,BlueLightning,Long,1,11533.00,11706.25,4/14/2020 3:50:00 PM,4/14/2020 10:00:00 PM,Buy,Exit on session close,$3465.00,$9310.00,$0.00,$0.00,$0.00,$0.00,$0.00,$105.00,$4025.00,$560.00,38,
142,NQ 06-26,Backtest,BlueLightning,Long,1,11820.75,11783.25,4/17/2020 3:50:00 PM,4/17/2020 4:50:00 PM,Buy,Stop loss,($750.00),$8560.00,$0.00,$0.00,$0.00,$0.00,$0.00,$750.00,$1015.00,$1765.00,7,
143,NQ 06-26,Backtest,BlueLightning,Long,1,11603.50,11566.00,4/22/2020 3:50:00 PM,4/22/2020 3:50:00 PM,Buy,Stop loss,($750.00),$7810.00,$0.00,$0.00,$0.00,$0.00,$0.00,$750.00,$0.00,$750.00,1,
144,NQ 06-26,Backtest,BlueLightning,Long,1,11860.25,11822.75,4/27/2020 3:50:00 PM,4/27/2020 7:30:00 PM,Buy,Stop loss,($750.00),$7060.00,$0.00,$0.00,$0.00,$0.00,$0.00,$750.00,$820.00,$1570.00,23,
145,NQ 06-26,Backtest,BlueLightning,Long,1,11859.25,11987.00,4/29/2020 3:50:00 PM,4/29/2020 10:00:00 PM,Buy,Exit on session close,$2555.00,$9615.00,$0.00,$0.00,$0.00,$0.00,$0.00,$90.00,$3595.00,$1040.00,38,
146,NQ 06-26,Backtest,BlueLightning,Long,1,11948.75,11911.25,5/5/2020 3:50:00 PM,5/5/2020 9:50:00 PM,Buy,Stop loss,($750.00),$8865.00,$0.00,$0.00,$0.00,$0.00,$0.00,$750.00,$1910.00,$2660.00,37,
147,NQ 06-26,Backtest,BlueLightning,Long,1,12295.75,12344.25,5/18/2020 3:50:00 PM,5/18/2020 10:00:00 PM,Buy,Exit on session close,$970.00,$9835.00,$0.00,$0.00,$0.00,$0.00,$0.00,$700.00,$1800.00,$830.00,38,
148,NQ 06-26,Backtest,BlueLightning,Long,1,12551.00,12513.50,5/26/2020 3:50:00 PM,5/26/2020 4:00:00 PM,Buy,Stop loss,($750.00),$9085.00,$0.00,$0.00,$0.00,$0.00,$0.00,$750.00,$410.00,$1160.00,2,
149,NQ 06-26,Backtest,BlueLightning,Long,1,12684.25,12721.25,6/3/2020 3:50:00 PM,6/3/2020 10:00:00 PM,Buy,Exit on session close,$740.00,$9825.00,$0.00,$0.00,$0.00,$0.00,$0.00,$385.00,$1365.00,$625.00,38,
150,NQ 06-26,Backtest,BlueLightning,Long,1,13166.50,13129.00,6/10/2020 8:40:00 PM,6/10/2020 8:50:00 PM,Buy,Stop loss,($750.00),$9075.00,$0.00,$0.00,$0.00,$0.00,$0.00,$750.00,$65.00,$815.00,2,
151,NQ 06-26,Backtest,BlueLightning,Short,1,12784.75,12806.75,6/15/2020 10:00:00 PM,6/15/2020 10:00:00 PM,Sell short,Exit on session close,($440.00),$8635.00,$0.00,$0.00,$0.00,$0.00,$0.00,$520.00,$125.00,$565.00,1,
152,NQ 06-26,Backtest,BlueLightning,Long,1,12990.00,12952.50,6/16/2020 3:50:00 PM,6/16/2020 4:50:00 PM,Buy,Stop loss,($750.00),$7885.00,$0.00,$0.00,$0.00,$0.00,$0.00,$750.00,$1060.00,$1810.00,7,
153,NQ 06-26,Backtest,BlueLightning,Long,1,13136.00,13098.50,6/19/2020 3:50:00 PM,6/19/2020 5:30:00 PM,Buy,Stop loss,($750.00),$7135.00,$0.00,$0.00,$0.00,$0.00,$0.00,$750.00,$290.00,$1040.00,11,
154,NQ 06-26,Backtest,BlueLightning,Long,1,13229.25,13237.00,6/23/2020 3:50:00 PM,6/23/2020 10:00:00 PM,Buy,Exit on session close,$155.00,$7290.00,$0.00,$0.00,$0.00,$0.00,$0.00,$480.00,$2165.00,$2010.00,38,
155,NQ 06-26,Backtest,BlueLightning,Long,1,13052.50,13172.75,6/30/2020 4:00:00 PM,6/30/2020 10:00:00 PM,Buy,Exit on session close,$2405.00,$9695.00,$0.00,$0.00,$0.00,$0.00,$0.00,$320.00,$3205.00,$800.00,37,
156,NQ 06-26,Backtest,BlueLightning,Long,1,13430.25,13392.75,7/2/2020 3:50:00 PM,7/2/2020 5:10:00 PM,Buy,Stop loss,($750.00),$8945.00,$0.00,$0.00,$0.00,$0.00,$0.00,$750.00,$665.00,$1415.00,9,
157,NQ 06-26,Backtest,BlueLightning,Long,1,13521.00,13632.50,7/6/2020 3:50:00 PM,7/6/2020 10:00:00 PM,Buy,Exit on session close,$2230.00,$11175.00,$0.00,$0.00,$0.00,$0.00,$0.00,$70.00,$2695.00,$465.00,38,
158,NQ 06-26,Backtest,BlueLightning,Long,1,13748.00,13710.50,7/9/2020 3:50:00 PM,7/9/2020 4:50:00 PM,Buy,Stop loss,($750.00),$10425.00,$0.00,$0.00,$0.00,$0.00,$0.00,$750.00,$735.00,$1485.00,7,
159,NQ 06-26,Backtest,BlueLightning,Long,1,14014.00,13976.50,7/13/2020 3:50:00 PM,7/13/2020 8:10:00 PM,Buy,Stop loss,($750.00),$9675.00,$0.00,$0.00,$0.00,$0.00,$0.00,$750.00,$1715.00,$2465.00,27,
160,NQ 06-26,Backtest,BlueLightning,Long,1,13732.75,13695.25,7/15/2020 3:50:00 PM,7/15/2020 5:10:00 PM,Buy,Stop loss,($750.00),$8925.00,$0.00,$0.00,$0.00,$0.00,$0.00,$750.00,$1500.00,$2250.00,9,
161,NQ 06-26,Backtest,BlueLightning,Short,1,13712.75,13750.25,7/15/2020 5:40:00 PM,7/15/2020 8:10:00 PM,Sell short,Stop loss,($750.00),$8175.00,$0.00,$0.00,$0.00,$0.00,$0.00,$750.00,$2405.00,$3155.00,16,
162,NQ 06-26,Backtest,BlueLightning,Short,1,13722.00,13729.00,7/15/2020 9:40:00 PM,7/15/2020 10:00:00 PM,Sell short,Exit on session close,($140.00),$8035.00,$0.00,$0.00,$0.00,$0.00,$0.00,$405.00,$385.00,$525.00,3,
163,NQ 06-26,Backtest,BlueLightning,Long,1,13806.25,13977.75,7/20/2020 4:40:00 PM,7/20/2020 10:00:00 PM,Buy,Exit on session close,$3430.00,$11465.00,$0.00,$0.00,$0.00,$0.00,$0.00,$375.00,$3990.00,$560.00,33,
164,NQ 06-26,Backtest,BlueLightning,Short,1,13855.25,13613.25,7/23/2020 4:40:00 PM,7/23/2020 10:00:00 PM,Sell short,Exit on session close,$4840.00,$16305.00,$0.00,$0.00,$0.00,$0.00,$0.00,$640.00,$5990.00,$1150.00,33,
165,NQ 06-26,Backtest,BlueLightning,Long,1,13656.50,13619.00,7/27/2020 4:00:00 PM,7/27/2020 4:30:00 PM,Buy,Stop loss,($750.00),$15555.00,$0.00,$0.00,$0.00,$0.00,$0.00,$750.00,$410.00,$1160.00,4,
166,NQ 06-26,Backtest,BlueLightning,Short,1,13681.25,13568.25,7/28/2020 5:50:00 PM,7/28/2020 10:00:00 PM,Sell short,Exit on session close,$2260.00,$17815.00,$0.00,$0.00,$0.00,$0.00,$0.00,$235.00,$2520.00,$260.00,26,
167,NQ 06-26,Backtest,BlueLightning,Short,1,13669.50,13707.00,7/29/2020 6:50:00 PM,7/29/2020 8:40:00 PM,Sell short,Stop loss,($750.00),$17065.00,$0.00,$0.00,$0.00,$0.00,$0.00,$750.00,$600.00,$1350.00,12,
168,NQ 06-26,Backtest,BlueLightning,Long,1,13833.00,13795.50,7/31/2020 3:50:00 PM,7/31/2020 4:20:00 PM,Buy,Stop loss,($750.00),$16315.00,$0.00,$0.00,$0.00,$0.00,$0.00,$750.00,$1025.00,$1775.00,4,
169,NQ 06-26,Backtest,BlueLightning,Long,1,14050.50,14079.75,8/3/2020 3:50:00 PM,8/3/2020 10:00:00 PM,Buy,Exit on session close,$585.00,$16900.00,$0.00,$0.00,$0.00,$0.00,$0.00,$360.00,$1275.00,$690.00,38,
170,NQ 06-26,Backtest,BlueLightning,Long,1,14279.25,14325.50,8/17/2020 3:50:00 PM,8/17/2020 10:00:00 PM,Buy,Exit on session close,$925.00,$17825.00,$0.00,$0.00,$0.00,$0.00,$0.00,$10.00,$1250.00,$325.00,38,
171,NQ 06-26,Backtest,BlueLightning,Long,1,14413.50,14376.00,8/18/2020 4:00:00 PM,8/18/2020 4:00:00 PM,Buy,Stop loss,($750.00),$17075.00,$0.00,$0.00,$0.00,$0.00,$0.00,$750.00,$0.00,$750.00,1,
172,NQ 06-26,Backtest,BlueLightning,Long,1,14488.25,14515.25,8/20/2020 8:50:00 PM,8/20/2020 10:00:00 PM,Buy,Exit on session close,$540.00,$17615.00,$0.00,$0.00,$0.00,$0.00,$0.00,$65.00,$990.00,$450.00,8,
173,NQ 06-26,Backtest,BlueLightning,Long,1,14755.50,14718.00,8/24/2020 3:50:00 PM,8/24/2020 4:00:00 PM,Buy,Stop loss,($750.00),$16865.00,$0.00,$0.00,$0.00,$0.00,$0.00,$750.00,$165.00,$915.00,2,
174,NQ 06-26,Backtest,BlueLightning,Long,1,14820.75,15006.50,8/26/2020 3:50:00 PM,8/26/2020 10:00:00 PM,Buy,Exit on session close,$3715.00,$20580.00,$0.00,$0.00,$0.00,$0.00,$0.00,$300.00,$3900.00,$185.00,38,
175,NQ 06-26,Backtest,BlueLightning,Long,1,15413.50,15376.00,9/2/2020 3:50:00 PM,9/2/2020 4:00:00 PM,Buy,Stop loss,($750.00),$19830.00,$0.00,$0.00,$0.00,$0.00,$0.00,$750.00,$755.00,$1505.00,2,
176,NQ 06-26,Backtest,BlueLightning,Long,1,14276.25,14238.75,9/14/2020 3:50:00 PM,9/14/2020 7:40:00 PM,Buy,Stop loss,($750.00),$19080.00,$0.00,$0.00,$0.00,$0.00,$0.00,$750.00,$2510.00,$3260.00,24,
177,NQ 06-26,Backtest,BlueLightning,Long,1,14489.25,14451.75,9/15/2020 3:50:00 PM,9/15/2020 4:30:00 PM,Buy,Stop loss,($750.00),$18330.00,$0.00,$0.00,$0.00,$0.00,$0.00,$750.00,$720.00,$1470.00,5,
178,NQ 06-26,Backtest,BlueLightning,Short,1,14429.00,14466.50,9/16/2020 6:40:00 PM,9/16/2020 8:20:00 PM,Sell short,Stop loss,($750.00),$17580.00,$0.00,$0.00,$0.00,$0.00,$0.00,$750.00,$1380.00,$2130.00,11,
179,NQ 06-26,Backtest,BlueLightning,Long,1,14063.25,14025.75,9/22/2020 3:50:00 PM,9/22/2020 3:50:00 PM,Buy,Stop loss,($750.00),$16830.00,$0.00,$0.00,$0.00,$0.00,$0.00,$750.00,$0.00,$750.00,1,
180,NQ 06-26,Backtest,BlueLightning,Short,1,14087.50,14125.00,9/22/2020 6:20:00 PM,9/22/2020 7:30:00 PM,Sell short,Stop loss,($750.00),$16080.00,$0.00,$0.00,$0.00,$0.00,$0.00,$750.00,$650.00,$1400.00,8,
181,NQ 06-26,Backtest,BlueLightning,Short,1,14126.00,13872.50,9/23/2020 4:40:00 PM,9/23/2020 10:00:00 PM,Sell short,Exit on session close,$5070.00,$21150.00,$0.00,$0.00,$0.00,$0.00,$0.00,$575.00,$5750.00,$680.00,33,
182,NQ 06-26,Backtest,BlueLightning,Long,1,14355.00,14317.50,9/28/2020 3:50:00 PM,9/28/2020 3:50:00 PM,Buy,Stop loss,($750.00),$20400.00,$0.00,$0.00,$0.00,$0.00,$0.00,$750.00,$0.00,$750.00,1,
183,NQ 06-26,Backtest,BlueLightning,Long,1,14318.75,14281.25,9/28/2020 4:00:00 PM,9/28/2020 6:30:00 PM,Buy,Stop loss,($750.00),$19650.00,$0.00,$0.00,$0.00,$0.00,$0.00,$750.00,$1005.00,$1755.00,16,
184,NQ 06-26,Backtest,BlueLightning,Long,1,14469.75,14432.25,9/30/2020 4:20:00 PM,9/30/2020 9:20:00 PM,Buy,Stop loss,($750.00),$18900.00,$0.00,$0.00,$0.00,$0.00,$0.00,$750.00,$2175.00,$2925.00,31,
185,NQ 06-26,Backtest,BlueLightning,Long,1,14601.50,14564.00,10/8/2020 3:50:00 PM,10/8/2020 4:10:00 PM,Buy,Stop loss,($750.00),$18150.00,$0.00,$0.00,$0.00,$0.00,$0.00,$750.00,$185.00,$935.00,3,
186,NQ 06-26,Backtest,BlueLightning,Long,1,14661.25,14764.25,10/9/2020 3:50:00 PM,10/9/2020 10:00:00 PM,Buy,Exit on session close,$2060.00,$20210.00,$0.00,$0.00,$0.00,$0.00,$0.00,$20.00,$2115.00,$55.00,38,
187,NQ 06-26,Backtest,BlueLightning,Long,1,14972.75,14935.25,10/12/2020 3:50:00 PM,10/12/2020 3:50:00 PM,Buy,Stop loss,($750.00),$19460.00,$0.00,$0.00,$0.00,$0.00,$0.00,$750.00,$0.00,$750.00,1,
188,NQ 06-26,Backtest,BlueLightning,Long,1,14945.25,15127.50,10/12/2020 4:00:00 PM,10/12/2020 10:00:00 PM,Buy,Exit on session close,$3645.00,$23105.00,$0.00,$0.00,$0.00,$0.00,$0.00,$510.00,$6085.00,$2440.00,37,
189,NQ 06-26,Backtest,BlueLightning,Long,1,14729.00,14691.50,10/22/2020 6:10:00 PM,10/22/2020 9:00:00 PM,Buy,Stop loss,($750.00),$22355.00,$0.00,$0.00,$0.00,$0.00,$0.00,$750.00,$15.00,$765.00,18,
190,NQ 06-26,Backtest,BlueLightning,Long,1,14217.50,14180.00,11/2/2020 3:50:00 PM,11/2/2020 4:40:00 PM,Buy,Stop loss,($750.00),$21605.00,$0.00,$0.00,$0.00,$0.00,$0.00,$750.00,$940.00,$1690.00,6,
191,NQ 06-26,Backtest,BlueLightning,Long,1,14174.75,14313.00,11/3/2020 3:50:00 PM,11/3/2020 10:00:00 PM,Buy,Exit on session close,$2765.00,$24370.00,$0.00,$0.00,$0.00,$0.00,$0.00,$140.00,$4495.00,$1730.00,38,
192,NQ 06-26,Backtest,BlueLightning,Long,1,14632.75,14812.00,11/4/2020 3:50:00 PM,11/4/2020 10:00:00 PM,Buy,Exit on session close,$3585.00,$27955.00,$0.00,$0.00,$0.00,$0.00,$0.00,$465.00,$5190.00,$1605.00,38,
193,NQ 06-26,Backtest,BlueLightning,Long,1,15096.75,15059.25,11/5/2020 3:50:00 PM,11/5/2020 4:50:00 PM,Buy,Stop loss,($750.00),$27205.00,$0.00,$0.00,$0.00,$0.00,$0.00,$750.00,$1290.00,$2040.00,7,
194,NQ 06-26,Backtest,BlueLightning,Long,1,14866.75,14829.25,11/11/2020 4:00:00 PM,11/11/2020 4:00:00 PM,Buy,Stop loss,($750.00),$26455.00,$0.00,$0.00,$0.00,$0.00,$0.00,$750.00,$0.00,$750.00,1,
195,NQ 06-26,Backtest,BlueLightning,Long,1,15039.00,15128.25,11/24/2020 5:10:00 PM,11/24/2020 10:00:00 PM,Buy,Exit on session close,$1785.00,$28240.00,$0.00,$0.00,$0.00,$0.00,$0.00,$15.00,$2170.00,$385.00,30,
196,NQ 06-26,Backtest,BlueLightning,Long,1,15287.75,15312.25,11/27/2020 3:50:00 PM,11/27/2020 7:00:00 PM,Buy,Exit on session close,$490.00,$28730.00,$0.00,$0.00,$0.00,$0.00,$0.00,$290.00,$1445.00,$955.00,20,
197,NQ 06-26,Backtest,BlueLightning,Long,1,15410.50,15502.00,12/1/2020 3:50:00 PM,12/1/2020 10:00:00 PM,Buy,Exit on session close,$1830.00,$30560.00,$0.00,$0.00,$0.00,$0.00,$0.00,$230.00,$3085.00,$1255.00,38,
198,NQ 06-26,Backtest,BlueLightning,Long,1,15622.25,15649.25,12/7/2020 4:00:00 PM,12/7/2020 10:00:00 PM,Buy,Exit on session close,$540.00,$31100.00,$0.00,$0.00,$0.00,$0.00,$0.00,$455.00,$850.00,$310.00,37,
199,NQ 06-26,Backtest,BlueLightning,Long,1,15547.00,15509.50,12/14/2020 4:00:00 PM,12/14/2020 10:00:00 PM,Buy,Stop loss,($750.00),$30350.00,$0.00,$0.00,$0.00,$0.00,$0.00,$750.00,$1115.00,$1865.00,37,
200,NQ 06-26,Backtest,BlueLightning,Long,1,15806.25,15768.75,12/17/2020 3:50:00 PM,12/17/2020 4:10:00 PM,Buy,Stop loss,($750.00),$29600.00,$0.00,$0.00,$0.00,$0.00,$0.00,$750.00,$85.00,$835.00,3,
201,NQ 06-26,Backtest,BlueLightning,Long,1,15861.25,15823.75,12/28/2020 3:50:00 PM,12/28/2020 4:10:00 PM,Buy,Stop loss,($750.00),$28850.00,$0.00,$0.00,$0.00,$0.00,$0.00,$750.00,$180.00,$930.00,3,
202,NQ 06-26,Backtest,BlueLightning,Long,1,15958.50,15921.00,12/29/2020 3:50:00 PM,12/29/2020 4:00:00 PM,Buy,Stop loss,($750.00),$28100.00,$0.00,$0.00,$0.00,$0.00,$0.00,$750.00,$260.00,$1010.00,2,
203,NQ 06-26,Backtest,BlueLightning,Long,1,15804.00,15766.50,1/5/2021 4:10:00 PM,1/5/2021 5:00:00 PM,Buy,Stop loss,($750.00),$27350.00,$0.00,$0.00,$0.00,$0.00,$0.00,$750.00,$665.00,$1415.00,6,
204,NQ 06-26,Backtest,BlueLightning,Long,1,15838.25,15847.00,1/5/2021 8:30:00 PM,1/5/2021 10:00:00 PM,Buy,Close position,$175.00,$27525.00,$0.00,$0.00,$0.00,$0.00,$0.00,$630.00,$340.00,$165.00,10,
205,NQ 06-26,Backtest,BlueLightning,Short,1,15847.00,15844.50,1/5/2021 10:00:00 PM,1/5/2021 10:00:00 PM,Sell short,Exit on session close,$50.00,$27575.00,$0.00,$0.00,$0.00,$0.00,$0.00,$135.00,$265.00,$215.00,1,
206,NQ 06-26,Backtest,BlueLightning,Short,1,15817.25,15672.50,1/6/2021 7:50:00 PM,1/6/2021 10:00:00 PM,Sell short,Exit on session close,$2895.00,$30470.00,$0.00,$0.00,$0.00,$0.00,$0.00,$600.00,$3370.00,$475.00,14,
207,NQ 06-26,Backtest,BlueLightning,Long,1,16065.75,16028.25,1/8/2021 3:50:00 PM,1/8/2021 4:30:00 PM,Buy,Stop loss,($750.00),$29720.00,$0.00,$0.00,$0.00,$0.00,$0.00,$750.00,$840.00,$1590.00,5,
208,NQ 06-26,Backtest,BlueLightning,Long,1,16229.75,16339.00,1/20/2021 3:50:00 PM,1/20/2021 10:00:00 PM,Buy,Exit on session close,$2185.00,$31905.00,$0.00,$0.00,$0.00,$0.00,$0.00,$315.00,$3010.00,$825.00,38,
209,NQ 06-26,Backtest,BlueLightning,Long,1,16597.75,16560.25,1/25/2021 3:50:00 PM,1/25/2021 4:30:00 PM,Buy,Stop loss,($750.00),$31155.00,$0.00,$0.00,$0.00,$0.00,$0.00,$750.00,$180.00,$930.00,5,
210,NQ 06-26,Backtest,BlueLightning,Long,1,16135.00,16097.50,2/1/2021 3:50:00 PM,2/1/2021 3:50:00 PM,Buy,Stop loss,($750.00),$30405.00,$0.00,$0.00,$0.00,$0.00,$0.00,$750.00,$0.00,$750.00,1,
211,NQ 06-26,Backtest,BlueLightning,Long,1,16443.25,16501.50,2/2/2021 3:50:00 PM,2/2/2021 10:00:00 PM,Buy,Exit on session close,$1165.00,$31570.00,$0.00,$0.00,$0.00,$0.00,$0.00,$455.00,$2070.00,$905.00,38,
212,NQ 06-26,Backtest,BlueLightning,Long,1,16605.25,16650.00,2/5/2021 3:50:00 PM,2/5/2021 10:00:00 PM,Buy,Exit on session close,$895.00,$32465.00,$0.00,$0.00,$0.00,$0.00,$0.00,$650.00,$1730.00,$835.00,38,
213,NQ 06-26,Backtest,BlueLightning,Long,1,16739.75,16702.25,2/10/2021 9:00:00 PM,2/10/2021 9:40:00 PM,Buy,Stop loss,($750.00),$31715.00,$0.00,$0.00,$0.00,$0.00,$0.00,$750.00,$160.00,$910.00,5,
214,NQ 06-26,Backtest,BlueLightning,Long,1,16835.50,16856.75,2/12/2021 10:00:00 PM,2/12/2021 10:00:00 PM,Buy,Exit on session close,$425.00,$32140.00,$0.00,$0.00,$0.00,$0.00,$0.00,$0.00,$560.00,$135.00,1,
215,NQ 06-26,Backtest,BlueLightning,Long,1,16886.25,16848.75,2/16/2021 3:50:00 PM,2/16/2021 5:30:00 PM,Buy,Stop loss,($750.00),$31390.00,$0.00,$0.00,$0.00,$0.00,$0.00,$750.00,$850.00,$1600.00,11,
216,NQ 06-26,Backtest,BlueLightning,Short,1,16708.25,16745.75,2/19/2021 4:40:00 PM,2/19/2021 5:30:00 PM,Sell short,Stop loss,($750.00),$30640.00,$0.00,$0.00,$0.00,$0.00,$0.00,$750.00,$280.00,$1030.00,6,
217,NQ 06-26,Backtest,BlueLightning,Short,1,16220.00,16111.75,3/2/2021 9:10:00 PM,3/2/2021 10:00:00 PM,Sell short,Exit on session close,$2165.00,$32805.00,$0.00,$0.00,$0.00,$0.00,$0.00,$390.00,$2370.00,$205.00,6,
218,NQ 06-26,Backtest,BlueLightning,Long,1,15946.50,15909.00,3/10/2021 3:50:00 PM,3/10/2021 4:30:00 PM,Buy,Stop loss,($750.00),$32055.00,$0.00,$0.00,$0.00,$0.00,$0.00,$750.00,$1725.00,$2475.00,5,
219,NQ 06-26,Backtest,BlueLightning,Long,1,16036.75,15999.25,3/11/2021 3:50:00 PM,3/11/2021 3:50:00 PM,Buy,Stop loss,($750.00),$31305.00,$0.00,$0.00,$0.00,$0.00,$0.00,$750.00,$0.00,$750.00,1,
220,NQ 06-26,Backtest,BlueLightning,Long,1,16013.25,15975.75,3/11/2021 4:00:00 PM,3/11/2021 4:20:00 PM,Buy,Stop loss,($750.00),$30555.00,$0.00,$0.00,$0.00,$0.00,$0.00,$750.00,$875.00,$1625.00,3,
221,NQ 06-26,Backtest,BlueLightning,Long,1,16224.00,16186.50,3/16/2021 2:50:00 PM,3/16/2021 7:30:00 PM,Buy,Stop loss,($750.00),$29805.00,$0.00,$0.00,$0.00,$0.00,$0.00,$750.00,$2475.00,$3225.00,29,
222,NQ 06-26,Backtest,BlueLightning,Long,1,16042.00,16130.75,3/22/2021 2:50:00 PM,3/22/2021 9:00:00 PM,Buy,Exit on session close,$1775.00,$31580.00,$0.00,$0.00,$0.00,$0.00,$0.00,$710.00,$3510.00,$1735.00,38,
223,NQ 06-26,Backtest,BlueLightning,Short,1,15941.25,15978.75,3/29/2021 5:40:00 PM,3/29/2021 6:50:00 PM,Sell short,Stop loss,($750.00),$30830.00,$0.00,$0.00,$0.00,$0.00,$0.00,$750.00,$520.00,$1270.00,8,
224,NQ 06-26,Backtest,BlueLightning,Long,1,16044.00,16006.50,3/29/2021 7:20:00 PM,3/29/2021 8:00:00 PM,Buy,Stop loss,($750.00),$30080.00,$0.00,$0.00,$0.00,$0.00,$0.00,$750.00,$390.00,$1140.00,5,
225,NQ 06-26,Backtest,BlueLightning,Long,1,16051.75,16149.00,3/31/2021 3:50:00 PM,3/31/2021 10:00:00 PM,Buy,Exit on session close,$1945.00,$32025.00,$0.00,$0.00,$0.00,$0.00,$0.00,$5.00,$3335.00,$1390.00,38,
226,NQ 06-26,Backtest,BlueLightning,Long,1,16350.25,16374.75,4/1/2021 3:50:00 PM,4/1/2021 10:00:00 PM,Buy,Exit on session close,$490.00,$32515.00,$0.00,$0.00,$0.00,$0.00,$0.00,$595.00,$635.00,$145.00,38,
227,NQ 06-26,Backtest,BlueLightning,Long,1,16497.25,16643.50,4/5/2021 3:50:00 PM,4/5/2021 10:00:00 PM,Buy,Exit on session close,$2925.00,$35440.00,$0.00,$0.00,$0.00,$0.00,$0.00,$130.00,$3565.00,$640.00,38,
228,NQ 06-26,Backtest,BlueLightning,Long,1,16692.75,16655.25,4/6/2021 5:40:00 PM,4/6/2021 7:10:00 PM,Buy,Stop loss,($750.00),$34690.00,$0.00,$0.00,$0.00,$0.00,$0.00,$750.00,$455.00,$1205.00,10,
229,NQ 06-26,Backtest,BlueLightning,Long,1,16791.75,16754.25,4/8/2021 3:50:00 PM,4/8/2021 4:20:00 PM,Buy,Stop loss,($750.00),$33940.00,$0.00,$0.00,$0.00,$0.00,$0.00,$750.00,$475.00,$1225.00,4,
230,NQ 06-26,Backtest,BlueLightning,Long,1,16985.50,16948.00,4/13/2021 4:00:00 PM,4/13/2021 5:40:00 PM,Buy,Stop loss,($750.00),$33190.00,$0.00,$0.00,$0.00,$0.00,$0.00,$750.00,$475.00,$1225.00,11,
231,NQ 06-26,Backtest,BlueLightning,Long,1,17022.50,17077.00,4/15/2021 4:00:00 PM,4/15/2021 10:00:00 PM,Buy,Exit on session close,$1090.00,$34280.00,$0.00,$0.00,$0.00,$0.00,$0.00,$605.00,$1445.00,$355.00,37,
232,NQ 06-26,Backtest,BlueLightning,Short,1,16920.00,16957.50,4/21/2021 8:10:00 PM,4/21/2021 9:50:00 PM,Sell short,Stop loss,($750.00),$33530.00,$0.00,$0.00,$0.00,$0.00,$0.00,$750.00,$265.00,$1015.00,11,
233,NQ 06-26,Backtest,BlueLightning,Long,1,17016.25,16978.75,4/28/2021 9:00:00 PM,4/28/2021 9:20:00 PM,Buy,Stop loss,($750.00),$32780.00,$0.00,$0.00,$0.00,$0.00,$0.00,$750.00,$165.00,$915.00,3,
234,NQ 06-26,Backtest,BlueLightning,Long,1,17077.50,17040.00,4/29/2021 3:50:00 PM,4/29/2021 4:00:00 PM,Buy,Stop loss,($750.00),$32030.00,$0.00,$0.00,$0.00,$0.00,$0.00,$750.00,$260.00,$1010.00,2,
235,NQ 06-26,Backtest,BlueLightning,Short,1,16988.50,17026.00,4/29/2021 5:10:00 PM,4/29/2021 8:50:00 PM,Sell short,Stop loss,($750.00),$31280.00,$0.00,$0.00,$0.00,$0.00,$0.00,$750.00,$2190.00,$2940.00,23,
236,NQ 06-26,Backtest,BlueLightning,Short,1,17006.00,16916.75,4/30/2021 4:40:00 PM,4/30/2021 10:00:00 PM,Sell short,Exit on session close,$1785.00,$33065.00,$0.00,$0.00,$0.00,$0.00,$0.00,$225.00,$2410.00,$625.00,33,
237,NQ 06-26,Backtest,BlueLightning,Long,1,16668.50,16631.00,5/5/2021 3:50:00 PM,5/5/2021 4:10:00 PM,Buy,Stop loss,($750.00),$32315.00,$0.00,$0.00,$0.00,$0.00,$0.00,$750.00,$1085.00,$1835.00,3,
238,NQ 06-26,Backtest,BlueLightning,Long,1,16767.75,16730.25,5/7/2021 3:50:00 PM,5/7/2021 8:10:00 PM,Buy,Stop loss,($750.00),$31565.00,$0.00,$0.00,$0.00,$0.00,$0.00,$750.00,$2065.00,$2815.00,27,
239,NQ 06-26,Backtest,BlueLightning,Long,1,16181.00,16143.50,5/13/2021 3:50:00 PM,5/13/2021 5:50:00 PM,Buy,Stop loss,($750.00),$30815.00,$0.00,$0.00,$0.00,$0.00,$0.00,$750.00,$2065.00,$2815.00,13,
240,NQ 06-26,Backtest,BlueLightning,Long,1,16477.50,16440.00,5/14/2021 9:10:00 PM,5/14/2021 10:00:00 PM,Buy,Stop loss,($750.00),$30065.00,$0.00,$0.00,$0.00,$0.00,$0.00,$750.00,$20.00,$770.00,6,
241,NQ 06-26,Backtest,BlueLightning,Long,1,16418.50,16544.00,5/20/2021 3:50:00 PM,5/20/2021 10:00:00 PM,Buy,Exit on session close,$2510.00,$32575.00,$0.00,$0.00,$0.00,$0.00,$0.00,$0.00,$3295.00,$785.00,38,
242,NQ 06-26,Backtest,BlueLightning,Long,1,16631.50,16699.00,5/24/2021 4:00:00 PM,5/24/2021 10:00:00 PM,Buy,Exit on session close,$1350.00,$33925.00,$0.00,$0.00,$0.00,$0.00,$0.00,$100.00,$2300.00,$950.00,37,
243,NQ 06-26,Backtest,BlueLightning,Long,1,16757.25,16719.75,5/26/2021 3:50:00 PM,5/26/2021 4:10:00 PM,Buy,Stop loss,($750.00),$33175.00,$0.00,$0.00,$0.00,$0.00,$0.00,$750.00,$160.00,$910.00,3,
244,NQ 06-26,Backtest,BlueLightning,Long,1,16752.50,16828.00,6/4/2021 4:00:00 PM,6/4/2021 10:00:00 PM,Buy,Exit on session close,$1510.00,$34685.00,$0.00,$0.00,$0.00,$0.00,$0.00,$105.00,$1835.00,$325.00,37,
245,NQ 06-26,Backtest,BlueLightning,Long,1,16861.50,16862.75,6/7/2021 9:40:00 PM,6/7/2021 10:00:00 PM,Buy,Exit on session close,$25.00,$34710.00,$0.00,$0.00,$0.00,$0.00,$0.00,$410.00,$135.00,$110.00,3,
246,NQ 06-26,Backtest,BlueLightning,Long,1,16959.50,16922.00,6/8/2021 3:50:00 PM,6/8/2021 4:00:00 PM,Buy,Stop loss,($750.00),$33960.00,$0.00,$0.00,$0.00,$0.00,$0.00,$750.00,$365.00,$1115.00,2,
247,NQ 06-26,Backtest,BlueLightning,Long,1,16929.50,16892.00,6/9/2021 3:50:00 PM,6/9/2021 4:20:00 PM,Buy,Stop loss,($750.00),$33210.00,$0.00,$0.00,$0.00,$0.00,$0.00,$750.00,$705.00,$1455.00,4,
248,NQ 06-26,Backtest,BlueLightning,Long,1,17005.75,16968.25,6/10/2021 4:10:00 PM,6/10/2021 4:50:00 PM,Buy,Stop loss,($750.00),$32460.00,$0.00,$0.00,$0.00,$0.00,$0.00,$750.00,$335.00,$1085.00,5,
249,NQ 06-26,Backtest,BlueLightning,Long,1,17151.25,17113.75,6/16/2021 4:10:00 PM,6/16/2021 5:40:00 PM,Buy,Stop loss,($750.00),$31710.00,$0.00,$0.00,$0.00,$0.00,$0.00,$750.00,$320.00,$1070.00,10,
250,NQ 06-26,Backtest,BlueLightning,Short,1,17145.25,17113.25,6/18/2021 9:30:00 PM,6/18/2021 10:00:00 PM,Sell short,Exit on session close,$640.00,$32350.00,$0.00,$0.00,$0.00,$0.00,$0.00,$380.00,$900.00,$260.00,4,
251,NQ 06-26,Backtest,BlueLightning,Long,1,17334.50,17330.25,6/22/2021 9:30:00 PM,6/22/2021 10:00:00 PM,Buy,Exit on session close,($85.00),$32265.00,$0.00,$0.00,$0.00,$0.00,$0.00,$200.00,$325.00,$410.00,4,
252,NQ 06-26,Backtest,BlueLightning,Long,1,17448.00,17410.50,6/24/2021 3:50:00 PM,6/24/2021 7:50:00 PM,Buy,Stop loss,($750.00),$31515.00,$0.00,$0.00,$0.00,$0.00,$0.00,$750.00,$910.00,$1660.00,25,
253,NQ 06-26,Backtest,BlueLightning,Long,1,17522.25,17583.75,6/28/2021 4:00:00 PM,6/28/2021 10:00:00 PM,Buy,Exit on session close,$1230.00,$32745.00,$0.00,$0.00,$0.00,$0.00,$0.00,$470.00,$1380.00,$150.00,37,
254,NQ 06-26,Backtest,BlueLightning,Long,1,17727.75,17787.00,7/2/2021 3:50:00 PM,7/2/2021 10:00:00 PM,Buy,Exit on session close,$1185.00,$33930.00,$0.00,$0.00,$0.00,$0.00,$0.00,$615.00,$1455.00,$270.00,38,
255,NQ 06-26,Backtest,BlueLightning,Long,1,17833.75,17796.25,7/6/2021 3:50:00 PM,7/6/2021 4:40:00 PM,Buy,Stop loss,($750.00),$33180.00,$0.00,$0.00,$0.00,$0.00,$0.00,$750.00,$555.00,$1305.00,6,
256,NQ 06-26,Backtest,BlueLightning,Long,1,17906.00,17868.50,7/7/2021 3:50:00 PM,7/7/2021 4:10:00 PM,Buy,Stop loss,($750.00),$32430.00,$0.00,$0.00,$0.00,$0.00,$0.00,$750.00,$370.00,$1120.00,3,
257,NQ 06-26,Backtest,BlueLightning,Long,1,17852.00,17880.25,7/9/2021 5:20:00 PM,7/9/2021 10:00:00 PM,Buy,Exit on session close,$565.00,$32995.00,$0.00,$0.00,$0.00,$0.00,$0.00,$215.00,$1030.00,$465.00,29,
258,NQ 06-26,Backtest,BlueLightning,Long,1,17918.75,17881.25,7/12/2021 3:50:00 PM,7/12/2021 4:10:00 PM,Buy,Stop loss,($750.00),$32245.00,$0.00,$0.00,$0.00,$0.00,$0.00,$750.00,$215.00,$965.00,3,
259,NQ 06-26,Backtest,BlueLightning,Long,1,17989.25,17951.75,7/13/2021 4:20:00 PM,7/13/2021 7:40:00 PM,Buy,Stop loss,($750.00),$31495.00,$0.00,$0.00,$0.00,$0.00,$0.00,$750.00,$1540.00,$2290.00,21,
260,NQ 06-26,Backtest,BlueLightning,Long,1,17923.50,17886.00,7/16/2021 3:50:00 PM,7/16/2021 4:00:00 PM,Buy,Stop loss,($750.00),$30745.00,$0.00,$0.00,$0.00,$0.00,$0.00,$750.00,$135.00,$885.00,2,
261,NQ 06-26,Backtest,BlueLightning,Long,1,17945.75,18001.25,7/22/2021 3:50:00 PM,7/22/2021 10:00:00 PM,Buy,Exit on session close,$1110.00,$31855.00,$0.00,$0.00,$0.00,$0.00,$0.00,$475.00,$1130.00,$20.00,38,
262,NQ 06-26,Backtest,BlueLightning,Long,1,18048.00,18170.25,7/23/2021 4:10:00 PM,7/23/2021 10:00:00 PM,Buy,Exit on session close,$2445.00,$34300.00,$0.00,$0.00,$0.00,$0.00,$0.00,$110.00,$2815.00,$370.00,36,
263,NQ 06-26,Backtest,BlueLightning,Short,1,18061.75,18024.25,8/2/2021 6:30:00 PM,8/2/2021 10:00:00 PM,Sell short,Exit on session close,$750.00,$35050.00,$0.00,$0.00,$0.00,$0.00,$0.00,$480.00,$1160.00,$410.00,22,
264,NQ 06-26,Backtest,BlueLightning,Long,1,18213.00,18194.00,8/9/2021 8:50:00 PM,8/9/2021 10:00:00 PM,Buy,Exit on session close,($380.00),$34670.00,$0.00,$0.00,$0.00,$0.00,$0.00,$570.00,$10.00,$390.00,8,
265,NQ 06-26,Backtest,BlueLightning,Long,1,18155.75,18118.25,8/11/2021 3:50:00 PM,8/11/2021 4:20:00 PM,Buy,Stop loss,($750.00),$33920.00,$0.00,$0.00,$0.00,$0.00,$0.00,$750.00,$190.00,$940.00,4,
266,NQ 06-26,Backtest,BlueLightning,Short,1,18126.25,18147.50,8/12/2021 7:50:00 PM,8/12/2021 10:00:00 PM,Sell short,Exit on session close,($425.00),$33495.00,$0.00,$0.00,$0.00,$0.00,$0.00,$715.00,$135.00,$560.00,14,
267,NQ 06-26,Backtest,BlueLightning,Long,1,18269.00,18379.00,8/23/2021 4:00:00 PM,8/23/2021 10:00:00 PM,Buy,Exit on session close,$2200.00,$35695.00,$0.00,$0.00,$0.00,$0.00,$0.00,$145.00,$2800.00,$600.00,37,
268,NQ 06-26,Backtest,BlueLightning,Long,1,18582.50,18667.50,8/30/2021 4:00:00 PM,8/30/2021 10:00:00 PM,Buy,Exit on session close,$1700.00,$37395.00,$0.00,$0.00,$0.00,$0.00,$0.00,$100.00,$2135.00,$435.00,37,
269,NQ 06-26,Backtest,BlueLightning,Long,1,18766.50,18729.00,9/1/2021 4:00:00 PM,9/1/2021 4:00:00 PM,Buy,Stop loss,($750.00),$36645.00,$0.00,$0.00,$0.00,$0.00,$0.00,$750.00,$0.00,$750.00,1,
270,NQ 06-26,Backtest,BlueLightning,Long,1,18714.00,18676.50,9/3/2021 4:20:00 PM,9/3/2021 4:50:00 PM,Buy,Stop loss,($750.00),$35895.00,$0.00,$0.00,$0.00,$0.00,$0.00,$750.00,$15.00,$765.00,4,
271,NQ 06-26,Backtest,BlueLightning,Long,1,18732.75,18695.25,9/9/2021 4:00:00 PM,9/9/2021 5:30:00 PM,Buy,Stop loss,($750.00),$35145.00,$0.00,$0.00,$0.00,$0.00,$0.00,$750.00,$320.00,$1070.00,10,
272,NQ 06-26,Backtest,BlueLightning,Long,1,18728.00,18690.50,9/10/2021 4:00:00 PM,9/10/2021 4:10:00 PM,Buy,Stop loss,($750.00),$34395.00,$0.00,$0.00,$0.00,$0.00,$0.00,$750.00,$105.00,$855.00,2,
273,NQ 06-26,Backtest,BlueLightning,Long,1,18551.00,18513.50,9/14/2021 3:50:00 PM,9/14/2021 4:00:00 PM,Buy,Stop loss,($750.00),$33645.00,$0.00,$0.00,$0.00,$0.00,$0.00,$750.00,$380.00,$1130.00,2,
274,NQ 06-26,Backtest,BlueLightning,Long,1,18508.50,18581.00,9/15/2021 7:00:00 PM,9/15/2021 10:00:00 PM,Buy,Exit on session close,$1450.00,$35095.00,$0.00,$0.00,$0.00,$0.00,$0.00,$70.00,$1775.00,$325.00,19,
275,NQ 06-26,Backtest,BlueLightning,Long,1,18155.00,18117.50,9/21/2021 3:50:00 PM,9/21/2021 4:10:00 PM,Buy,Stop loss,($750.00),$34345.00,$0.00,$0.00,$0.00,$0.00,$0.00,$750.00,$1190.00,$1940.00,3,
276,NQ 06-26,Backtest,BlueLightning,Short,1,18278.50,18246.00,9/22/2021 8:30:00 PM,9/22/2021 10:00:00 PM,Sell short,Exit on session close,$650.00,$34995.00,$0.00,$0.00,$0.00,$0.00,$0.00,$550.00,$2110.00,$1460.00,10,
277,NQ 06-26,Backtest,BlueLightning,Long,1,18358.00,18381.00,9/23/2021 4:10:00 PM,9/23/2021 10:00:00 PM,Buy,Exit on session close,$460.00,$35455.00,$0.00,$0.00,$0.00,$0.00,$0.00,$195.00,$1435.00,$975.00,36,
278,NQ 06-26,Backtest,BlueLightning,Long,1,17606.75,17736.25,10/5/2021 3:50:00 PM,10/5/2021 10:00:00 PM,Buy,Exit on session close,$2590.00,$38045.00,$0.00,$0.00,$0.00,$0.00,$0.00,$25.00,$4615.00,$2025.00,38,
279,NQ 06-26,Backtest,BlueLightning,Long,1,17999.25,17961.75,10/7/2021 3:50:00 PM,10/7/2021 10:00:00 PM,Buy,Stop loss,($750.00),$37295.00,$0.00,$0.00,$0.00,$0.00,$0.00,$750.00,$1695.00,$2445.00,38,
280,NQ 06-26,Backtest,BlueLightning,Short,1,17930.25,17967.75,10/11/2021 4:00:00 PM,10/11/2021 4:20:00 PM,Sell short,Stop loss,($750.00),$36545.00,$0.00,$0.00,$0.00,$0.00,$0.00,$750.00,$140.00,$890.00,3,
281,NQ 06-26,Backtest,BlueLightning,Short,1,17843.50,17847.50,10/13/2021 9:20:00 PM,10/13/2021 10:00:00 PM,Sell short,Exit on session close,($80.00),$36465.00,$0.00,$0.00,$0.00,$0.00,$0.00,$145.00,$495.00,$575.00,5,
282,NQ 06-26,Backtest,BlueLightning,Long,1,17995.25,18117.75,10/14/2021 3:50:00 PM,10/14/2021 10:00:00 PM,Buy,Exit on session close,$2450.00,$38915.00,$0.00,$0.00,$0.00,$0.00,$0.00,$15.00,$2725.00,$275.00,38,
283,NQ 06-26,Backtest,BlueLightning,Long,1,18510.25,18556.00,10/21/2021 4:50:00 PM,10/21/2021 10:00:00 PM,Buy,Exit on session close,$915.00,$39830.00,$0.00,$0.00,$0.00,$0.00,$0.00,$635.00,$1125.00,$210.00,32,
284,NQ 06-26,Backtest,BlueLightning,Long,1,18730.00,18692.50,10/26/2021 3:50:00 PM,10/26/2021 5:40:00 PM,Buy,Stop loss,($750.00),$39080.00,$0.00,$0.00,$0.00,$0.00,$0.00,$750.00,$1075.00,$1825.00,12,
285,NQ 06-26,Backtest,BlueLightning,Long,1,19038.75,19001.25,11/2/2021 3:10:00 PM,11/2/2021 3:20:00 PM,Buy,Stop loss,($750.00),$38330.00,$0.00,$0.00,$0.00,$0.00,$0.00,$750.00,$110.00,$860.00,2,
286,NQ 06-26,Backtest,BlueLightning,Long,1,19165.75,19212.50,11/3/2021 8:10:00 PM,11/3/2021 9:00:00 PM,Buy,Exit on session close,$935.00,$39265.00,$0.00,$0.00,$0.00,$0.00,$0.00,$235.00,$1255.00,$320.00,6,
287,NQ 06-26,Backtest,BlueLightning,Long,1,19264.75,19272.50,11/12/2021 5:40:00 PM,11/12/2021 10:00:00 PM,Buy,Exit on session close,$155.00,$39420.00,$0.00,$0.00,$0.00,$0.00,$0.00,$520.00,$625.00,$470.00,27,
288,NQ 06-26,Backtest,BlueLightning,Long,1,19380.75,19387.75,11/16/2021 5:40:00 PM,11/16/2021 10:00:00 PM,Buy,Exit on session close,$140.00,$39560.00,$0.00,$0.00,$0.00,$0.00,$0.00,$405.00,$515.00,$375.00,27,
289,NQ 06-26,Backtest,BlueLightning,Long,1,19639.25,19655.50,11/19/2021 3:50:00 PM,11/19/2021 10:00:00 PM,Buy,Exit on session close,$325.00,$39885.00,$0.00,$0.00,$0.00,$0.00,$0.00,$460.00,$1440.00,$1115.00,38,
290,NQ 06-26,Backtest,BlueLightning,Long,1,19811.50,19774.00,11/22/2021 4:00:00 PM,11/22/2021 5:00:00 PM,Buy,Stop loss,($750.00),$39135.00,$0.00,$0.00,$0.00,$0.00,$0.00,$750.00,$775.00,$1525.00,7,
291,NQ 06-26,Backtest,BlueLightning,Long,1,19371.00,19333.50,12/1/2021 3:50:00 PM,12/1/2021 7:00:00 PM,Buy,Stop loss,($750.00),$38385.00,$0.00,$0.00,$0.00,$0.00,$0.00,$750.00,$2785.00,$3535.00,20,
292,NQ 06-26,Backtest,BlueLightning,Long,1,19224.25,19403.50,12/7/2021 3:50:00 PM,12/7/2021 10:00:00 PM,Buy,Exit on session close,$3585.00,$41970.00,$0.00,$0.00,$0.00,$0.00,$0.00,$230.00,$4055.00,$470.00,38,
293,NQ 06-26,Backtest,BlueLightning,Long,1,19287.00,19364.25,12/15/2021 9:40:00 PM,12/15/2021 10:00:00 PM,Buy,Exit on session close,$1545.00,$43515.00,$0.00,$0.00,$0.00,$0.00,$0.00,$620.00,$1855.00,$310.00,3,
294,NQ 06-26,Backtest,BlueLightning,Long,1,18843.00,18805.50,12/21/2021 3:50:00 PM,12/21/2021 3:50:00 PM,Buy,Stop loss,($750.00),$42765.00,$0.00,$0.00,$0.00,$0.00,$0.00,$750.00,$0.00,$750.00,1,
295,NQ 06-26,Backtest,BlueLightning,Long,1,19505.00,19642.75,12/27/2021 4:00:00 PM,12/27/2021 10:00:00 PM,Buy,Exit on session close,$2755.00,$45520.00,$0.00,$0.00,$0.00,$0.00,$0.00,$350.00,$2815.00,$60.00,37,
296,NQ 06-26,Backtest,BlueLightning,Long,1,19047.25,19009.75,1/12/2022 3:50:00 PM,1/12/2022 3:50:00 PM,Buy,Stop loss,($750.00),$44770.00,$0.00,$0.00,$0.00,$0.00,$0.00,$750.00,$0.00,$750.00,1,
297,NQ 06-26,Backtest,BlueLightning,Short,1,17657.50,17230.50,1/26/2022 8:20:00 PM,1/26/2022 10:00:00 PM,Sell short,Exit on session close,$8540.00,$53310.00,$0.00,$0.00,$0.00,$0.00,$0.00,$545.00,$11980.00,$3440.00,11,
298,NQ 06-26,Backtest,BlueLightning,Long,1,17624.50,17978.75,1/31/2022 4:00:00 PM,1/31/2022 10:00:00 PM,Buy,Exit on session close,$7085.00,$60395.00,$0.00,$0.00,$0.00,$0.00,$0.00,$610.00,$7450.00,$365.00,37,
299,NQ 06-26,Backtest,BlueLightning,Long,1,18237.50,18200.00,2/2/2022 3:50:00 PM,2/2/2022 3:50:00 PM,Buy,Stop loss,($750.00),$59645.00,$0.00,$0.00,$0.00,$0.00,$0.00,$750.00,$0.00,$750.00,1,
300,NQ 06-26,Backtest,BlueLightning,Short,1,17831.00,17868.50,2/7/2022 3:50:00 PM,2/7/2022 4:00:00 PM,Sell short,Stop loss,($750.00),$58895.00,$0.00,$0.00,$0.00,$0.00,$0.00,$750.00,$580.00,$1330.00,2,
301,NQ 06-26,Backtest,BlueLightning,Short,1,17819.00,17647.25,2/7/2022 4:40:00 PM,2/7/2022 10:00:00 PM,Sell short,Exit on session close,$3435.00,$62330.00,$0.00,$0.00,$0.00,$0.00,$0.00,$655.00,$4505.00,$1070.00,33,
302,NQ 06-26,Backtest,BlueLightning,Short,1,17799.25,17836.75,2/8/2022 9:30:00 PM,2/8/2022 10:00:00 PM,Sell short,Stop loss,($750.00),$61580.00,$0.00,$0.00,$0.00,$0.00,$0.00,$750.00,$705.00,$1455.00,4,
303,NQ 06-26,Backtest,BlueLightning,Long,1,18018.00,17980.50,2/9/2022 3:50:00 PM,2/9/2022 3:50:00 PM,Buy,Stop loss,($750.00),$60830.00,$0.00,$0.00,$0.00,$0.00,$0.00,$750.00,$0.00,$750.00,1,
304,NQ 06-26,Backtest,BlueLightning,Long,1,17974.50,17937.00,2/9/2022 4:00:00 PM,2/9/2022 4:20:00 PM,Buy,Stop loss,($750.00),$60080.00,$0.00,$0.00,$0.00,$0.00,$0.00,$750.00,$730.00,$1480.00,3,
305,NQ 06-26,Backtest,BlueLightning,Long,1,17579.00,17541.50,2/15/2022 3:50:00 PM,2/15/2022 4:00:00 PM,Buy,Stop loss,($750.00),$59330.00,$0.00,$0.00,$0.00,$0.00,$0.00,$750.00,$295.00,$1045.00,2,
306,NQ 06-26,Backtest,BlueLightning,Short,1,17624.75,17662.25,2/15/2022 8:10:00 PM,2/15/2022 9:10:00 PM,Sell short,Stop loss,($750.00),$58580.00,$0.00,$0.00,$0.00,$0.00,$0.00,$750.00,$775.00,$1525.00,7,
307,NQ 06-26,Backtest,BlueLightning,Short,1,17644.00,17681.50,2/15/2022 10:00:00 PM,2/15/2022 10:00:00 PM,Sell short,Stop loss,($750.00),$57830.00,$0.00,$0.00,$0.00,$0.00,$0.00,$750.00,$0.00,$750.00,1,
308,NQ 06-26,Backtest,BlueLightning,Long,1,17651.00,17683.50,2/16/2022 8:50:00 PM,2/16/2022 10:00:00 PM,Buy,Exit on session close,$650.00,$58480.00,$0.00,$0.00,$0.00,$0.00,$0.00,$740.00,$1525.00,$875.00,8,
309,NQ 06-26,Backtest,BlueLightning,Short,1,16773.50,16811.00,3/9/2022 8:10:00 PM,3/9/2022 8:10:00 PM,Sell short,Stop loss,($750.00),$57730.00,$0.00,$0.00,$0.00,$0.00,$0.00,$750.00,$0.00,$750.00,1,
310,NQ 06-26,Backtest,BlueLightning,Long,1,16229.25,16191.75,3/15/2022 2:50:00 PM,3/15/2022 2:50:00 PM,Buy,Stop loss,($750.00),$56980.00,$0.00,$0.00,$0.00,$0.00,$0.00,$750.00,$0.00,$750.00,1,
311,NQ 06-26,Backtest,BlueLightning,Long,1,16766.25,16728.75,3/16/2022 2:50:00 PM,3/16/2022 7:10:00 PM,Buy,Stop loss,($750.00),$56230.00,$0.00,$0.00,$0.00,$0.00,$0.00,$750.00,$3730.00,$4480.00,27,
312,NQ 06-26,Backtest,BlueLightning,Long,1,17294.25,17256.75,3/18/2022 3:30:00 PM,3/18/2022 3:40:00 PM,Buy,Stop loss,($750.00),$55480.00,$0.00,$0.00,$0.00,$0.00,$0.00,$750.00,$255.00,$1005.00,2,
313,NQ 06-26,Backtest,BlueLightning,Long,1,17477.50,17495.75,3/18/2022 8:40:00 PM,3/18/2022 9:00:00 PM,Buy,Exit on session close,$365.00,$55845.00,$0.00,$0.00,$0.00,$0.00,$0.00,$435.00,$655.00,$290.00,3,
314,NQ 06-26,Backtest,BlueLightning,Long,1,17722.75,17685.25,3/24/2022 4:50:00 PM,3/24/2022 5:30:00 PM,Buy,Stop loss,($750.00),$55095.00,$0.00,$0.00,$0.00,$0.00,$0.00,$750.00,$550.00,$1300.00,5,
315,NQ 06-26,Backtest,BlueLightning,Long,1,17925.75,17888.25,3/28/2022 4:00:00 PM,3/28/2022 4:20:00 PM,Buy,Stop loss,($750.00),$54345.00,$0.00,$0.00,$0.00,$0.00,$0.00,$750.00,$1455.00,$2205.00,3,
316,NQ 06-26,Backtest,BlueLightning,Long,1,18246.75,18209.25,3/29/2022 3:50:00 PM,3/29/2022 4:00:00 PM,Buy,Stop loss,($750.00),$53595.00,$0.00,$0.00,$0.00,$0.00,$0.00,$750.00,$525.00,$1275.00,2,
317,NQ 06-26,Backtest,BlueLightning,Long,1,18091.75,18251.00,4/4/2022 4:00:00 PM,4/4/2022 10:00:00 PM,Buy,Exit on session close,$3185.00,$56780.00,$0.00,$0.00,$0.00,$0.00,$0.00,$0.00,$3230.00,$45.00,37,
318,NQ 06-26,Backtest,BlueLightning,Long,1,17304.00,17266.50,4/19/2022 9:40:00 PM,4/19/2022 9:50:00 PM,Buy,Stop loss,($750.00),$56030.00,$0.00,$0.00,$0.00,$0.00,$0.00,$750.00,$315.00,$1065.00,2,
319,NQ 06-26,Backtest,BlueLightning,Long,1,17346.00,17308.50,4/21/2022 3:50:00 PM,4/21/2022 4:00:00 PM,Buy,Stop loss,($750.00),$55280.00,$0.00,$0.00,$0.00,$0.00,$0.00,$750.00,$360.00,$1110.00,2,
320,NQ 06-26,Backtest,BlueLightning,Short,1,17190.25,16808.00,4/21/2022 5:30:00 PM,4/21/2022 10:00:00 PM,Sell short,Exit on session close,$7645.00,$62925.00,$0.00,$0.00,$0.00,$0.00,$0.00,$415.00,$8480.00,$835.00,28,
321,NQ 06-26,Backtest,BlueLightning,Short,1,16509.00,15942.00,4/29/2022 4:10:00 PM,4/29/2022 10:00:00 PM,Sell short,Exit on session close,$11340.00,$74265.00,$0.00,$0.00,$0.00,$0.00,$0.00,$145.00,$11820.00,$480.00,36,
322,NQ 06-26,Backtest,BlueLightning,Short,1,16230.75,16268.25,5/3/2022 7:30:00 PM,5/3/2022 7:50:00 PM,Sell short,Stop loss,($750.00),$73515.00,$0.00,$0.00,$0.00,$0.00,$0.00,$750.00,$515.00,$1265.00,3,
323,NQ 06-26,Backtest,BlueLightning,Long,1,16493.50,16619.00,5/4/2022 9:30:00 PM,5/4/2022 10:00:00 PM,Buy,Exit on session close,$2510.00,$76025.00,$0.00,$0.00,$0.00,$0.00,$0.00,$160.00,$2960.00,$450.00,4,
324,NQ 06-26,Backtest,BlueLightning,Long,1,15540.00,15502.50,5/10/2022 3:50:00 PM,5/10/2022 3:50:00 PM,Buy,Stop loss,($750.00),$75275.00,$0.00,$0.00,$0.00,$0.00,$0.00,$750.00,$0.00,$750.00,1,
325,NQ 06-26,Backtest,BlueLightning,Long,1,15210.25,15470.75,5/13/2022 3:50:00 PM,5/13/2022 10:00:00 PM,Buy,Exit on session close,$5210.00,$80485.00,$0.00,$0.00,$0.00,$0.00,$0.00,$550.00,$6160.00,$950.00,38,
326,NQ 06-26,Backtest,BlueLightning,Long,1,15587.25,15549.75,5/17/2022 3:50:00 PM,5/17/2022 3:50:00 PM,Buy,Stop loss,($750.00),$79735.00,$0.00,$0.00,$0.00,$0.00,$0.00,$750.00,$0.00,$750.00,1,
327,NQ 06-26,Backtest,BlueLightning,Long,1,14863.00,14921.75,5/20/2022 10:00:00 PM,5/20/2022 10:00:00 PM,Buy,Exit on session close,$1175.00,$80910.00,$0.00,$0.00,$0.00,$0.00,$0.00,$95.00,$1410.00,$235.00,1,
328,NQ 06-26,Backtest,BlueLightning,Long,1,14921.00,14883.50,5/23/2022 3:50:00 PM,5/23/2022 4:10:00 PM,Buy,Stop loss,($750.00),$80160.00,$0.00,$0.00,$0.00,$0.00,$0.00,$750.00,$2855.00,$3605.00,3,
329,NQ 06-26,Backtest,BlueLightning,Short,1,15090.75,15128.25,5/23/2022 8:00:00 PM,5/23/2022 8:50:00 PM,Sell short,Stop loss,($750.00),$79410.00,$0.00,$0.00,$0.00,$0.00,$0.00,$750.00,$495.00,$1245.00,6,
330,NQ 06-26,Backtest,BlueLightning,Short,1,15119.50,15121.25,5/23/2022 9:20:00 PM,5/23/2022 10:00:00 PM,Sell short,Exit on session close,($35.00),$79375.00,$0.00,$0.00,$0.00,$0.00,$0.00,$175.00,$1540.00,$1575.00,5,
331,NQ 06-26,Backtest,BlueLightning,Long,1,15584.50,15768.50,5/27/2022 4:00:00 PM,5/27/2022 10:00:00 PM,Buy,Exit on session close,$3680.00,$83055.00,$0.00,$0.00,$0.00,$0.00,$0.00,$345.00,$3700.00,$20.00,37,
332,NQ 06-26,Backtest,BlueLightning,Long,1,15712.50,15675.00,6/1/2022 8:50:00 PM,6/1/2022 9:10:00 PM,Buy,Stop loss,($750.00),$82305.00,$0.00,$0.00,$0.00,$0.00,$0.00,$750.00,$670.00,$1420.00,3,
333,NQ 06-26,Backtest,BlueLightning,Long,1,15804.50,15767.00,6/6/2022 3:50:00 PM,6/6/2022 3:50:00 PM,Buy,Stop loss,($750.00),$81555.00,$0.00,$0.00,$0.00,$0.00,$0.00,$750.00,$0.00,$750.00,1,
334,NQ 06-26,Backtest,BlueLightning,Long,1,15873.50,15836.00,6/6/2022 4:20:00 PM,6/6/2022 5:10:00 PM,Buy,Stop loss,($750.00),$80805.00,$0.00,$0.00,$0.00,$0.00,$0.00,$750.00,$390.00,$1140.00,6,
335,NQ 06-26,Backtest,BlueLightning,Short,1,15674.75,15712.25,6/6/2022 6:50:00 PM,6/6/2022 7:40:00 PM,Sell short,Stop loss,($750.00),$80055.00,$0.00,$0.00,$0.00,$0.00,$0.00,$750.00,$660.00,$1410.00,6,
336,NQ 06-26,Backtest,BlueLightning,Long,1,14542.50,14505.00,6/15/2022 3:50:00 PM,6/15/2022 8:10:00 PM,Buy,Stop loss,($750.00),$79305.00,$0.00,$0.00,$0.00,$0.00,$0.00,$750.00,$2115.00,$2865.00,27,
337,NQ 06-26,Backtest,BlueLightning,Long,1,14365.00,14327.50,6/17/2022 4:10:00 PM,6/17/2022 4:10:00 PM,Buy,Stop loss,($750.00),$78555.00,$0.00,$0.00,$0.00,$0.00,$0.00,$750.00,$0.00,$750.00,1,
338,NQ 06-26,Backtest,BlueLightning,Long,1,14630.50,14630.75,6/21/2022 3:50:00 PM,6/21/2022 10:00:00 PM,Buy,Exit on session close,$5.00,$78560.00,$0.00,$0.00,$0.00,$0.00,$0.00,$435.00,$1985.00,$1980.00,38,
339,NQ 06-26,Backtest,BlueLightning,Long,1,14967.75,15199.00,6/24/2022 3:50:00 PM,6/24/2022 10:00:00 PM,Buy,Exit on session close,$4625.00,$83185.00,$0.00,$0.00,$0.00,$0.00,$0.00,$255.00,$4640.00,$15.00,38,
340,NQ 06-26,Backtest,BlueLightning,Long,1,14990.25,14952.75,7/15/2022 3:50:00 PM,7/15/2022 3:50:00 PM,Buy,Stop loss,($750.00),$82435.00,$0.00,$0.00,$0.00,$0.00,$0.00,$750.00,$0.00,$750.00,1,
341,NQ 06-26,Backtest,BlueLightning,Long,1,15169.00,15131.50,7/18/2022 3:50:00 PM,7/18/2022 7:40:00 PM,Buy,Stop loss,($750.00),$81685.00,$0.00,$0.00,$0.00,$0.00,$0.00,$750.00,$1380.00,$2130.00,24,
342,NQ 06-26,Backtest,BlueLightning,Long,1,15396.25,15667.00,7/27/2022 3:50:00 PM,7/27/2022 10:00:00 PM,Buy,Exit on session close,$5415.00,$87100.00,$0.00,$0.00,$0.00,$0.00,$0.00,$40.00,$6905.00,$1490.00,38,
343,NQ 06-26,Backtest,BlueLightning,Long,1,15915.75,15878.25,7/29/2022 4:10:00 PM,7/29/2022 5:20:00 PM,Buy,Stop loss,($750.00),$86350.00,$0.00,$0.00,$0.00,$0.00,$0.00,$750.00,$1330.00,$2080.00,8,
344,NQ 06-26,Backtest,BlueLightning,Long,1,16140.75,16103.25,8/1/2022 5:10:00 PM,8/1/2022 5:10:00 PM,Buy,Stop loss,($750.00),$85600.00,$0.00,$0.00,$0.00,$0.00,$0.00,$750.00,$0.00,$750.00,1,
345,NQ 06-26,Backtest,BlueLightning,Long,1,16424.00,16386.50,8/8/2022 4:00:00 PM,8/8/2022 4:50:00 PM,Buy,Stop loss,($750.00),$84850.00,$0.00,$0.00,$0.00,$0.00,$0.00,$750.00,$935.00,$1685.00,6,
346,NQ 06-26,Backtest,BlueLightning,Long,1,16326.50,16444.75,8/10/2022 3:50:00 PM,8/10/2022 10:00:00 PM,Buy,Exit on session close,$2365.00,$87215.00,$0.00,$0.00,$0.00,$0.00,$0.00,$745.00,$2660.00,$295.00,38,
347,NQ 06-26,Backtest,BlueLightning,Long,1,16530.00,16492.50,8/11/2022 3:50:00 PM,8/11/2022 5:10:00 PM,Buy,Stop loss,($750.00),$86465.00,$0.00,$0.00,$0.00,$0.00,$0.00,$750.00,$1930.00,$2680.00,9,
348,NQ 06-26,Backtest,BlueLightning,Long,1,16707.00,16736.75,8/15/2022 6:10:00 PM,8/15/2022 10:00:00 PM,Buy,Exit on session close,$595.00,$87060.00,$0.00,$0.00,$0.00,$0.00,$0.00,$395.00,$1010.00,$415.00,24,
349,NQ 06-26,Backtest,BlueLightning,Long,1,16047.50,16010.00,8/23/2022 4:30:00 PM,8/23/2022 4:30:00 PM,Buy,Stop loss,($750.00),$86310.00,$0.00,$0.00,$0.00,$0.00,$0.00,$750.00,$0.00,$750.00,1,
350,NQ 06-26,Backtest,BlueLightning,Long,1,16106.25,16068.75,8/25/2022 4:20:00 PM,8/25/2022 5:20:00 PM,Buy,Stop loss,($750.00),$85560.00,$0.00,$0.00,$0.00,$0.00,$0.00,$750.00,$1265.00,$2015.00,7,
351,NQ 06-26,Backtest,BlueLightning,Short,1,16139.25,16176.75,8/25/2022 9:40:00 PM,8/25/2022 9:50:00 PM,Sell short,Stop loss,($750.00),$84810.00,$0.00,$0.00,$0.00,$0.00,$0.00,$750.00,$315.00,$1065.00,2,
352,NQ 06-26,Backtest,BlueLightning,Long,1,15246.00,15336.75,9/1/2022 8:50:00 PM,9/1/2022 10:00:00 PM,Buy,Exit on session close,$1815.00,$86625.00,$0.00,$0.00,$0.00,$0.00,$0.00,$570.00,$2100.00,$285.00,8,
353,NQ 06-26,Backtest,BlueLightning,Long,1,15401.00,15363.50,9/2/2022 3:50:00 PM,9/2/2022 3:50:00 PM,Buy,Stop loss,($750.00),$85875.00,$0.00,$0.00,$0.00,$0.00,$0.00,$750.00,$0.00,$750.00,1,
354,NQ 06-26,Backtest,BlueLightning,Short,1,15299.00,15336.50,9/8/2022 4:10:00 PM,9/8/2022 4:40:00 PM,Sell short,Stop loss,($750.00),$85125.00,$0.00,$0.00,$0.00,$0.00,$0.00,$750.00,$1430.00,$2180.00,4,
355,NQ 06-26,Backtest,BlueLightning,Short,1,15320.25,15357.75,9/8/2022 7:30:00 PM,9/8/2022 10:00:00 PM,Sell short,Stop loss,($750.00),$84375.00,$0.00,$0.00,$0.00,$0.00,$0.00,$750.00,$805.00,$1555.00,16,
356,NQ 06-26,Backtest,BlueLightning,Long,1,15515.25,15642.75,9/9/2022 3:50:00 PM,9/9/2022 10:00:00 PM,Buy,Exit on session close,$2550.00,$86925.00,$0.00,$0.00,$0.00,$0.00,$0.00,$725.00,$3020.00,$470.00,38,
357,NQ 06-26,Backtest,BlueLightning,Long,1,15722.75,15800.00,9/12/2022 3:50:00 PM,9/12/2022 10:00:00 PM,Buy,Exit on session close,$1545.00,$88470.00,$0.00,$0.00,$0.00,$0.00,$0.00,$515.00,$1810.00,$265.00,38,
358,NQ 06-26,Backtest,BlueLightning,Short,1,15008.75,15046.25,9/21/2022 9:00:00 PM,9/21/2022 9:00:00 PM,Sell short,Stop loss,($750.00),$87720.00,$0.00,$0.00,$0.00,$0.00,$0.00,$750.00,$0.00,$750.00,1,
359,NQ 06-26,Backtest,BlueLightning,Long,1,14463.50,14426.00,9/27/2022 4:00:00 PM,9/27/2022 4:10:00 PM,Buy,Stop loss,($750.00),$86970.00,$0.00,$0.00,$0.00,$0.00,$0.00,$750.00,$510.00,$1260.00,2,
360,NQ 06-26,Backtest,BlueLightning,Short,1,14470.00,14507.50,9/28/2022 8:20:00 PM,9/28/2022 9:10:00 PM,Sell short,Stop loss,($750.00),$86220.00,$0.00,$0.00,$0.00,$0.00,$0.00,$750.00,$340.00,$1090.00,6,
361,NQ 06-26,Backtest,BlueLightning,Long,1,14547.00,14509.50,10/4/2022 3:50:00 PM,10/4/2022 7:20:00 PM,Buy,Stop loss,($750.00),$85470.00,$0.00,$0.00,$0.00,$0.00,$0.00,$750.00,$2060.00,$2810.00,22,
362,NQ 06-26,Backtest,BlueLightning,Long,1,14010.50,13973.00,10/10/2022 8:10:00 PM,10/10/2022 8:20:00 PM,Buy,Stop loss,($750.00),$84720.00,$0.00,$0.00,$0.00,$0.00,$0.00,$750.00,$95.00,$845.00,2,
363,NQ 06-26,Backtest,BlueLightning,Short,1,14028.00,14065.50,10/13/2022 8:50:00 PM,10/13/2022 9:00:00 PM,Sell short,Stop loss,($750.00),$83970.00,$0.00,$0.00,$0.00,$0.00,$0.00,$750.00,$220.00,$970.00,2,
364,NQ 06-26,Backtest,BlueLightning,Long,1,14057.00,14019.50,10/17/2022 3:50:00 PM,10/17/2022 5:00:00 PM,Buy,Stop loss,($750.00),$83220.00,$0.00,$0.00,$0.00,$0.00,$0.00,$750.00,$1025.00,$1775.00,8,
365,NQ 06-26,Backtest,BlueLightning,Long,1,14335.50,14298.00,10/18/2022 3:50:00 PM,10/18/2022 4:00:00 PM,Buy,Stop loss,($750.00),$82470.00,$0.00,$0.00,$0.00,$0.00,$0.00,$750.00,$375.00,$1125.00,2,
366,NQ 06-26,Backtest,BlueLightning,Long,1,14287.00,14249.50,10/20/2022 4:40:00 PM,10/20/2022 4:40:00 PM,Buy,Stop loss,($750.00),$81720.00,$0.00,$0.00,$0.00,$0.00,$0.00,$750.00,$0.00,$750.00,1,
367,NQ 06-26,Backtest,BlueLightning,Long,1,14566.75,14529.25,11/1/2022 2:50:00 PM,11/1/2022 2:50:00 PM,Buy,Stop loss,($750.00),$80970.00,$0.00,$0.00,$0.00,$0.00,$0.00,$750.00,$0.00,$750.00,1,
368,NQ 06-26,Backtest,BlueLightning,Long,1,13819.75,13868.00,11/4/2022 8:30:00 PM,11/4/2022 9:00:00 PM,Buy,Exit on session close,$965.00,$81935.00,$0.00,$0.00,$0.00,$0.00,$0.00,$595.00,$1035.00,$70.00,4,
369,NQ 06-26,Backtest,BlueLightning,Long,1,13970.75,13988.75,11/7/2022 8:40:00 PM,11/7/2022 10:00:00 PM,Buy,Exit on session close,$360.00,$82295.00,$0.00,$0.00,$0.00,$0.00,$0.00,$80.00,$855.00,$495.00,9,
370,NQ 06-26,Backtest,BlueLightning,Long,1,14304.00,14266.50,11/10/2022 3:50:00 PM,11/10/2022 3:50:00 PM,Buy,Stop loss,($750.00),$81545.00,$0.00,$0.00,$0.00,$0.00,$0.00,$750.00,$0.00,$750.00,1,
371,NQ 06-26,Backtest,BlueLightning,Long,1,14352.75,14603.50,11/10/2022 4:00:00 PM,11/10/2022 10:00:00 PM,Buy,Exit on session close,$5015.00,$86560.00,$0.00,$0.00,$0.00,$0.00,$0.00,$390.00,$5340.00,$325.00,37,
372,NQ 06-26,Backtest,BlueLightning,Long,1,14989.00,14951.50,11/15/2022 3:50:00 PM,11/15/2022 3:50:00 PM,Buy,Stop loss,($750.00),$85810.00,$0.00,$0.00,$0.00,$0.00,$0.00,$750.00,$0.00,$750.00,1,
373,NQ 06-26,Backtest,BlueLightning,Short,1,14664.50,14687.25,11/17/2022 9:00:00 PM,11/17/2022 10:00:00 PM,Sell short,Exit on session close,($455.00),$85355.00,$0.00,$0.00,$0.00,$0.00,$0.00,$530.00,$1280.00,$1735.00,7,
374,NQ 06-26,Backtest,BlueLightning,Short,1,14686.75,14683.00,11/18/2022 5:30:00 PM,11/18/2022 10:00:00 PM,Sell short,Exit on session close,$75.00,$85430.00,$0.00,$0.00,$0.00,$0.00,$0.00,$590.00,$2095.00,$2020.00,28,
375,NQ 06-26,Backtest,BlueLightning,Long,1,14807.75,14770.25,11/23/2022 4:10:00 PM,11/23/2022 6:00:00 PM,Buy,Stop loss,($750.00),$84680.00,$0.00,$0.00,$0.00,$0.00,$0.00,$750.00,$1155.00,$1905.00,12,
376,NQ 06-26,Backtest,BlueLightning,Long,1,14783.75,15025.75,11/30/2022 8:20:00 PM,11/30/2022 10:00:00 PM,Buy,Exit on session close,$4840.00,$89520.00,$0.00,$0.00,$0.00,$0.00,$0.00,$35.00,$4895.00,$55.00,11,
377,NQ 06-26,Backtest,BlueLightning,Long,1,15013.25,14975.75,12/2/2022 9:30:00 PM,12/2/2022 9:40:00 PM,Buy,Stop loss,($750.00),$88770.00,$0.00,$0.00,$0.00,$0.00,$0.00,$750.00,$20.00,$770.00,2,
378,NQ 06-26,Backtest,BlueLightning,Long,1,14605.75,14568.25,12/8/2022 4:20:00 PM,12/8/2022 5:20:00 PM,Buy,Stop loss,($750.00),$88020.00,$0.00,$0.00,$0.00,$0.00,$0.00,$750.00,$810.00,$1560.00,7,
379,NQ 06-26,Backtest,BlueLightning,Short,1,14643.75,14545.75,12/9/2022 7:50:00 PM,12/9/2022 10:00:00 PM,Sell short,Exit on session close,$1960.00,$89980.00,$0.00,$0.00,$0.00,$0.00,$0.00,$105.00,$2070.00,$110.00,14,
380,NQ 06-26,Backtest,BlueLightning,Long,1,14647.00,14697.75,12/12/2022 9:20:00 PM,12/12/2022 10:00:00 PM,Buy,Exit on session close,$1015.00,$90995.00,$0.00,$0.00,$0.00,$0.00,$0.00,$330.00,$1025.00,$10.00,5,
381,NQ 06-26,Backtest,BlueLightning,Long,1,15085.75,15048.25,12/13/2022 3:50:00 PM,12/13/2022 4:10:00 PM,Buy,Stop loss,($750.00),$90245.00,$0.00,$0.00,$0.00,$0.00,$0.00,$750.00,$1635.00,$2385.00,3,
382,NQ 06-26,Backtest,BlueLightning,Short,1,14243.25,14199.75,12/21/2022 8:20:00 PM,12/21/2022 10:00:00 PM,Sell short,Exit on session close,$870.00,$91115.00,$0.00,$0.00,$0.00,$0.00,$0.00,$205.00,$1445.00,$575.00,11,
383,NQ 06-26,Backtest,BlueLightning,Short,1,13894.50,13932.00,12/29/2022 7:30:00 PM,12/29/2022 10:00:00 PM,Sell short,Stop loss,($750.00),$90365.00,$0.00,$0.00,$0.00,$0.00,$0.00,$750.00,$195.00,$945.00,16,
384,NQ 06-26,Backtest,BlueLightning,Long,1,14014.00,13976.50,1/3/2023 3:50:00 PM,1/3/2023 3:50:00 PM,Buy,Stop loss,($750.00),$89615.00,$0.00,$0.00,$0.00,$0.00,$0.00,$750.00,$0.00,$750.00,1,
385,NQ 06-26,Backtest,BlueLightning,Long,1,13920.00,13882.50,1/4/2023 6:00:00 PM,1/4/2023 7:00:00 PM,Buy,Stop loss,($750.00),$88865.00,$0.00,$0.00,$0.00,$0.00,$0.00,$750.00,$245.00,$995.00,7,
386,NQ 06-26,Backtest,BlueLightning,Short,1,13880.75,13860.00,1/4/2023 8:30:00 PM,1/4/2023 10:00:00 PM,Sell short,Exit on session close,$415.00,$89280.00,$0.00,$0.00,$0.00,$0.00,$0.00,$95.00,$2310.00,$1895.00,10,
387,NQ 06-26,Backtest,BlueLightning,Long,1,14174.50,14137.00,1/9/2023 4:10:00 PM,1/9/2023 7:50:00 PM,Buy,Stop loss,($750.00),$88530.00,$0.00,$0.00,$0.00,$0.00,$0.00,$750.00,$1495.00,$2245.00,23,
388,NQ 06-26,Backtest,BlueLightning,Long,1,14210.25,14340.00,1/11/2023 4:00:00 PM,1/11/2023 10:00:00 PM,Buy,Exit on session close,$2595.00,$91125.00,$0.00,$0.00,$0.00,$0.00,$0.00,$665.00,$2660.00,$65.00,37,
389,NQ 06-26,Backtest,BlueLightning,Long,1,14532.00,14494.50,1/17/2023 4:30:00 PM,1/17/2023 4:40:00 PM,Buy,Stop loss,($750.00),$90375.00,$0.00,$0.00,$0.00,$0.00,$0.00,$750.00,$320.00,$1070.00,2,
390,NQ 06-26,Backtest,BlueLightning,Long,1,14555.00,14517.50,1/18/2023 3:50:00 PM,1/18/2023 4:40:00 PM,Buy,Stop loss,($750.00),$89625.00,$0.00,$0.00,$0.00,$0.00,$0.00,$750.00,$1365.00,$2115.00,6,
391,NQ 06-26,Backtest,BlueLightning,Long,1,14664.75,14795.25,1/23/2023 4:10:00 PM,1/23/2023 10:00:00 PM,Buy,Exit on session close,$2610.00,$92235.00,$0.00,$0.00,$0.00,$0.00,$0.00,$185.00,$3640.00,$1030.00,36,
392,NQ 06-26,Backtest,BlueLightning,Long,1,14917.50,14880.00,1/26/2023 3:50:00 PM,1/26/2023 3:50:00 PM,Buy,Stop loss,($750.00),$91485.00,$0.00,$0.00,$0.00,$0.00,$0.00,$750.00,$0.00,$750.00,1,
393,NQ 06-26,Backtest,BlueLightning,Long,1,14861.00,14823.50,1/26/2023 4:00:00 PM,1/26/2023 4:00:00 PM,Buy,Stop loss,($750.00),$90735.00,$0.00,$0.00,$0.00,$0.00,$0.00,$750.00,$0.00,$750.00,1,
394,NQ 06-26,Backtest,BlueLightning,Long,1,15034.50,14997.00,1/27/2023 4:30:00 PM,1/27/2023 4:50:00 PM,Buy,Stop loss,($750.00),$89985.00,$0.00,$0.00,$0.00,$0.00,$0.00,$750.00,$105.00,$855.00,3,
395,NQ 06-26,Backtest,BlueLightning,Long,1,15203.25,15284.00,2/1/2023 9:10:00 PM,2/1/2023 10:00:00 PM,Buy,Exit on session close,$1615.00,$91600.00,$0.00,$0.00,$0.00,$0.00,$0.00,$0.00,$3535.00,$1920.00,6,
396,NQ 06-26,Backtest,BlueLightning,Long,1,15572.25,15534.75,2/2/2023 3:50:00 PM,2/2/2023 4:00:00 PM,Buy,Stop loss,($750.00),$90850.00,$0.00,$0.00,$0.00,$0.00,$0.00,$750.00,$795.00,$1545.00,2,
397,NQ 06-26,Backtest,BlueLightning,Long,1,15548.75,15511.25,2/9/2023 3:50:00 PM,2/9/2023 3:50:00 PM,Buy,Stop loss,($750.00),$90100.00,$0.00,$0.00,$0.00,$0.00,$0.00,$750.00,$0.00,$750.00,1,
398,NQ 06-26,Backtest,BlueLightning,Short,1,15406.25,15443.75,2/14/2023 4:00:00 PM,2/14/2023 4:00:00 PM,Sell short,Stop loss,($750.00),$89350.00,$0.00,$0.00,$0.00,$0.00,$0.00,$750.00,$0.00,$750.00,1,
399,NQ 06-26,Backtest,BlueLightning,Long,1,15492.25,15454.75,2/14/2023 4:30:00 PM,2/14/2023 4:30:00 PM,Buy,Stop loss,($750.00),$88600.00,$0.00,$0.00,$0.00,$0.00,$0.00,$750.00,$0.00,$750.00,1,
400,NQ 06-26,Backtest,BlueLightning,Long,1,15047.25,15069.75,2/23/2023 8:40:00 PM,2/23/2023 10:00:00 PM,Buy,Exit on session close,$450.00,$89050.00,$0.00,$0.00,$0.00,$0.00,$0.00,$25.00,$1305.00,$855.00,9,
401,NQ 06-26,Backtest,BlueLightning,Long,1,14980.50,14943.00,2/27/2023 3:50:00 PM,2/27/2023 4:50:00 PM,Buy,Stop loss,($750.00),$88300.00,$0.00,$0.00,$0.00,$0.00,$0.00,$750.00,$1455.00,$2205.00,7,
402,NQ 06-26,Backtest,BlueLightning,Long,1,14885.25,14929.75,3/2/2023 8:20:00 PM,3/2/2023 10:00:00 PM,Buy,Exit on session close,$890.00,$89190.00,$0.00,$0.00,$0.00,$0.00,$0.00,$375.00,$1495.00,$605.00,11,
403,NQ 06-26,Backtest,BlueLightning,Long,1,15237.00,15199.50,3/6/2023 3:50:00 PM,3/6/2023 9:10:00 PM,Buy,Stop loss,($750.00),$88440.00,$0.00,$0.00,$0.00,$0.00,$0.00,$750.00,$2260.00,$3010.00,33,
404,NQ 06-26,Backtest,BlueLightning,Long,1,15190.50,15153.00,3/9/2023 4:10:00 PM,3/9/2023 4:20:00 PM,Buy,Stop loss,($750.00),$87690.00,$0.00,$0.00,$0.00,$0.00,$0.00,$750.00,$535.00,$1285.00,2,
405,NQ 06-26,Backtest,BlueLightning,Short,1,14990.00,14992.50,3/14/2023 2:50:00 PM,3/14/2023 3:00:00 PM,Sell short,Close position,($50.00),$87640.00,$0.00,$0.00,$0.00,$0.00,$0.00,$690.00,$120.00,$170.00,2,
406,NQ 06-26,Backtest,BlueLightning,Long,1,14992.50,14955.00,3/14/2023 3:00:00 PM,3/14/2023 7:10:00 PM,Buy,Stop loss,($750.00),$86890.00,$0.00,$0.00,$0.00,$0.00,$0.00,$750.00,$1950.00,$2700.00,26,
407,NQ 06-26,Backtest,BlueLightning,Short,1,14965.25,15002.75,3/15/2023 4:10:00 PM,3/15/2023 4:50:00 PM,Sell short,Stop loss,($750.00),$86140.00,$0.00,$0.00,$0.00,$0.00,$0.00,$750.00,$405.00,$1155.00,5,
408,NQ 06-26,Backtest,BlueLightning,Long,1,15253.00,15450.25,3/16/2023 4:10:00 PM,3/16/2023 9:00:00 PM,Buy,Exit on session close,$3945.00,$90085.00,$0.00,$0.00,$0.00,$0.00,$0.00,$385.00,$4325.00,$380.00,30,
409,NQ 06-26,Backtest,BlueLightning,Long,1,15519.00,15481.50,3/21/2023 2:50:00 PM,3/21/2023 3:30:00 PM,Buy,Stop loss,($750.00),$89335.00,$0.00,$0.00,$0.00,$0.00,$0.00,$750.00,$1035.00,$1785.00,5,
410,NQ 06-26,Backtest,BlueLightning,Long,1,15640.00,15602.50,3/29/2023 3:50:00 PM,3/29/2023 4:40:00 PM,Buy,Stop loss,($750.00),$88585.00,$0.00,$0.00,$0.00,$0.00,$0.00,$750.00,$525.00,$1275.00,6,
411,NQ 06-26,Backtest,BlueLightning,Long,1,15777.50,15818.50,3/30/2023 3:50:00 PM,3/30/2023 10:00:00 PM,Buy,Exit on session close,$820.00,$89405.00,$0.00,$0.00,$0.00,$0.00,$0.00,$655.00,$1355.00,$535.00,38,
412,NQ 06-26,Backtest,BlueLightning,Long,1,15874.75,16036.50,3/31/2023 4:10:00 PM,3/31/2023 10:00:00 PM,Buy,Exit on session close,$3235.00,$92640.00,$0.00,$0.00,$0.00,$0.00,$0.00,$220.00,$3405.00,$170.00,36,
413,NQ 06-26,Backtest,BlueLightning,Short,1,15868.50,15691.50,4/12/2023 3:50:00 PM,4/12/2023 10:00:00 PM,Sell short,Exit on session close,$3540.00,$96180.00,$0.00,$0.00,$0.00,$0.00,$0.00,$155.00,$3945.00,$405.00,38,
414,NQ 06-26,Backtest,BlueLightning,Long,1,16000.75,15963.25,4/18/2023 3:50:00 PM,4/18/2023 4:10:00 PM,Buy,Stop loss,($750.00),$95430.00,$0.00,$0.00,$0.00,$0.00,$0.00,$750.00,$610.00,$1360.00,3,
415,NQ 06-26,Backtest,BlueLightning,Long,1,15776.75,15965.25,4/27/2023 3:50:00 PM,4/27/2023 10:00:00 PM,Buy,Exit on session close,$3770.00,$99200.00,$0.00,$0.00,$0.00,$0.00,$0.00,$565.00,$4200.00,$430.00,38,
416,NQ 06-26,Backtest,BlueLightning,Long,1,16114.00,16076.50,5/10/2023 3:50:00 PM,5/10/2023 3:50:00 PM,Buy,Stop loss,($750.00),$98450.00,$0.00,$0.00,$0.00,$0.00,$0.00,$750.00,$0.00,$750.00,1,
417,NQ 06-26,Backtest,BlueLightning,Long,1,16520.00,16623.50,5/18/2023 4:50:00 PM,5/18/2023 10:00:00 PM,Buy,Exit on session close,$2070.00,$100520.00,$0.00,$0.00,$0.00,$0.00,$0.00,$605.00,$2295.00,$225.00,32,
418,NQ 06-26,Backtest,BlueLightning,Long,1,16662.75,16625.25,5/22/2023 4:10:00 PM,5/22/2023 4:10:00 PM,Buy,Stop loss,($750.00),$99770.00,$0.00,$0.00,$0.00,$0.00,$0.00,$750.00,$0.00,$750.00,1,
419,NQ 06-26,Backtest,BlueLightning,Long,1,16606.25,16711.75,5/25/2023 3:50:00 PM,5/25/2023 10:00:00 PM,Buy,Exit on session close,$2110.00,$101880.00,$0.00,$0.00,$0.00,$0.00,$0.00,$430.00,$3170.00,$1060.00,38,
420,NQ 06-26,Backtest,BlueLightning,Long,1,16829.50,17066.50,5/26/2023 4:00:00 PM,5/26/2023 10:00:00 PM,Buy,Exit on session close,$4740.00,$106620.00,$0.00,$0.00,$0.00,$0.00,$0.00,$5.00,$5450.00,$710.00,37,
421,NQ 06-26,Backtest,BlueLightning,Long,1,17274.00,17236.50,5/30/2023 3:50:00 PM,5/30/2023 3:50:00 PM,Buy,Stop loss,($750.00),$105870.00,$0.00,$0.00,$0.00,$0.00,$0.00,$750.00,$0.00,$750.00,1,
422,NQ 06-26,Backtest,BlueLightning,Long,1,17244.75,17207.25,5/30/2023 4:00:00 PM,5/30/2023 4:00:00 PM,Buy,Stop loss,($750.00),$105120.00,$0.00,$0.00,$0.00,$0.00,$0.00,$750.00,$0.00,$750.00,1,
423,NQ 06-26,Backtest,BlueLightning,Long,1,17383.75,17346.25,6/7/2023 4:00:00 PM,6/7/2023 4:00:00 PM,Buy,Stop loss,($750.00),$104370.00,$0.00,$0.00,$0.00,$0.00,$0.00,$750.00,$0.00,$750.00,1,
424,NQ 06-26,Backtest,BlueLightning,Short,1,17205.25,17242.75,6/8/2023 8:30:00 PM,6/8/2023 10:00:00 PM,Sell short,Stop loss,($750.00),$103620.00,$0.00,$0.00,$0.00,$0.00,$0.00,$750.00,$195.00,$945.00,10,
425,NQ 06-26,Backtest,BlueLightning,Long,1,17335.25,17297.75,6/9/2023 3:50:00 PM,6/9/2023 5:00:00 PM,Buy,Stop loss,($750.00),$102870.00,$0.00,$0.00,$0.00,$0.00,$0.00,$750.00,$1715.00,$2465.00,8,
426,NQ 06-26,Backtest,BlueLightning,Long,1,17655.00,17617.50,6/13/2023 3:50:00 PM,6/13/2023 3:50:00 PM,Buy,Stop loss,($750.00),$102120.00,$0.00,$0.00,$0.00,$0.00,$0.00,$750.00,$0.00,$750.00,1,
427,NQ 06-26,Backtest,BlueLightning,Short,1,17699.25,17736.75,6/22/2023 8:00:00 PM,6/22/2023 9:00:00 PM,Sell short,Stop loss,($750.00),$101370.00,$0.00,$0.00,$0.00,$0.00,$0.00,$750.00,$135.00,$885.00,7,
428,NQ 06-26,Backtest,BlueLightning,Long,1,17826.50,17887.00,6/30/2023 3:50:00 PM,6/30/2023 10:00:00 PM,Buy,Exit on session close,$1210.00,$102580.00,$0.00,$0.00,$0.00,$0.00,$0.00,$175.00,$2145.00,$935.00,38,
429,NQ 06-26,Backtest,BlueLightning,Long,1,17967.00,17929.50,7/5/2023 4:40:00 PM,7/5/2023 5:20:00 PM,Buy,Stop loss,($750.00),$101830.00,$0.00,$0.00,$0.00,$0.00,$0.00,$750.00,$440.00,$1190.00,5,
430,NQ 06-26,Backtest,BlueLightning,Short,1,17795.25,17832.75,7/7/2023 5:10:00 PM,7/7/2023 6:00:00 PM,Sell short,Stop loss,($750.00),$101080.00,$0.00,$0.00,$0.00,$0.00,$0.00,$750.00,$80.00,$830.00,6,
431,NQ 06-26,Backtest,BlueLightning,Long,1,17978.00,17940.50,7/12/2023 3:50:00 PM,7/12/2023 5:50:00 PM,Buy,Stop loss,($750.00),$100330.00,$0.00,$0.00,$0.00,$0.00,$0.00,$750.00,$1735.00,$2485.00,13,
432,NQ 06-26,Backtest,BlueLightning,Long,1,18159.25,18121.75,7/13/2023 3:50:00 PM,7/13/2023 4:30:00 PM,Buy,Stop loss,($750.00),$99580.00,$0.00,$0.00,$0.00,$0.00,$0.00,$750.00,$385.00,$1135.00,5,
433,NQ 06-26,Backtest,BlueLightning,Long,1,18432.50,18395.00,7/27/2023 3:50:00 PM,7/27/2023 4:10:00 PM,Buy,Stop loss,($750.00),$98830.00,$0.00,$0.00,$0.00,$0.00,$0.00,$750.00,$570.00,$1320.00,3,
434,NQ 06-26,Backtest,BlueLightning,Long,1,17982.00,17944.50,8/10/2023 4:20:00 PM,8/10/2023 4:30:00 PM,Buy,Stop loss,($750.00),$98080.00,$0.00,$0.00,$0.00,$0.00,$0.00,$750.00,$235.00,$985.00,2,
435,NQ 06-26,Backtest,BlueLightning,Long,1,17778.25,17740.75,8/14/2023 5:00:00 PM,8/14/2023 6:30:00 PM,Buy,Stop loss,($750.00),$97330.00,$0.00,$0.00,$0.00,$0.00,$0.00,$750.00,$535.00,$1285.00,10,
436,NQ 06-26,Backtest,BlueLightning,Short,1,17800.50,17829.50,8/14/2023 10:00:00 PM,8/14/2023 10:00:00 PM,Sell short,Exit on session close,($580.00),$96750.00,$0.00,$0.00,$0.00,$0.00,$0.00,$600.00,$215.00,$795.00,1,
437,NQ 06-26,Backtest,BlueLightning,Long,1,17420.25,17382.75,8/21/2023 4:00:00 PM,8/21/2023 4:40:00 PM,Buy,Stop loss,($750.00),$96000.00,$0.00,$0.00,$0.00,$0.00,$0.00,$750.00,$1385.00,$2135.00,5,
438,NQ 06-26,Backtest,BlueLightning,Long,1,17662.75,17755.00,8/23/2023 4:20:00 PM,8/23/2023 10:00:00 PM,Buy,Exit on session close,$1845.00,$97845.00,$0.00,$0.00,$0.00,$0.00,$0.00,$165.00,$2735.00,$890.00,35,
439,NQ 06-26,Backtest,BlueLightning,Long,1,17526.25,17534.25,8/25/2023 8:50:00 PM,8/25/2023 10:00:00 PM,Buy,Exit on session close,$160.00,$98005.00,$0.00,$0.00,$0.00,$0.00,$0.00,$330.00,$1155.00,$995.00,8,
440,NQ 06-26,Backtest,BlueLightning,Long,1,17848.25,17970.75,8/29/2023 4:40:00 PM,8/29/2023 10:00:00 PM,Buy,Exit on session close,$2450.00,$100455.00,$0.00,$0.00,$0.00,$0.00,$0.00,$45.00,$2785.00,$335.00,33,
441,NQ 06-26,Backtest,BlueLightning,Long,1,18123.25,18085.75,9/5/2023 5:30:00 PM,9/5/2023 5:40:00 PM,Buy,Stop loss,($750.00),$99705.00,$0.00,$0.00,$0.00,$0.00,$0.00,$750.00,$80.00,$830.00,2,
442,NQ 06-26,Backtest,BlueLightning,Long,1,17918.75,17881.25,9/8/2023 4:00:00 PM,9/8/2023 4:00:00 PM,Buy,Stop loss,($750.00),$98955.00,$0.00,$0.00,$0.00,$0.00,$0.00,$750.00,$0.00,$750.00,1,
443,NQ 06-26,Backtest,BlueLightning,Long,1,17946.75,17909.25,9/11/2023 3:50:00 PM,9/11/2023 4:20:00 PM,Buy,Stop loss,($750.00),$98205.00,$0.00,$0.00,$0.00,$0.00,$0.00,$750.00,$230.00,$980.00,4,
444,NQ 06-26,Backtest,BlueLightning,Short,1,17969.25,18006.75,9/14/2023 3:50:00 PM,9/14/2023 4:50:00 PM,Sell short,Stop loss,($750.00),$97455.00,$0.00,$0.00,$0.00,$0.00,$0.00,$750.00,$1570.00,$2320.00,7,
445,NQ 06-26,Backtest,BlueLightning,Long,1,18013.75,18031.75,9/14/2023 5:10:00 PM,9/14/2023 10:00:00 PM,Buy,Exit on session close,$360.00,$97815.00,$0.00,$0.00,$0.00,$0.00,$0.00,$540.00,$1210.00,$850.00,30,
446,NQ 06-26,Backtest,BlueLightning,Long,1,17268.25,17230.75,9/28/2023 6:10:00 PM,9/28/2023 7:10:00 PM,Buy,Stop loss,($750.00),$97065.00,$0.00,$0.00,$0.00,$0.00,$0.00,$750.00,$780.00,$1530.00,7,
447,NQ 06-26,Backtest,BlueLightning,Short,1,17234.00,17271.50,9/28/2023 8:30:00 PM,9/28/2023 9:30:00 PM,Sell short,Stop loss,($750.00),$96315.00,$0.00,$0.00,$0.00,$0.00,$0.00,$750.00,$1260.00,$2010.00,7,
448,NQ 06-26,Backtest,BlueLightning,Long,1,17356.75,17319.25,9/29/2023 3:50:00 PM,9/29/2023 5:30:00 PM,Buy,Stop loss,($750.00),$95565.00,$0.00,$0.00,$0.00,$0.00,$0.00,$750.00,$1275.00,$2025.00,11,
449,NQ 06-26,Backtest,BlueLightning,Short,1,17205.25,17242.75,10/4/2023 8:00:00 PM,10/4/2023 9:10:00 PM,Sell short,Stop loss,($750.00),$94815.00,$0.00,$0.00,$0.00,$0.00,$0.00,$750.00,$830.00,$1580.00,8,
450,NQ 06-26,Backtest,BlueLightning,Long,1,16823.00,16785.50,10/30/2023 3:00:00 PM,10/30/2023 3:10:00 PM,Buy,Stop loss,($750.00),$94065.00,$0.00,$0.00,$0.00,$0.00,$0.00,$750.00,$265.00,$1015.00,2,
451,NQ 06-26,Backtest,BlueLightning,Long,1,17069.25,17102.00,11/1/2023 8:30:00 PM,11/1/2023 9:00:00 PM,Buy,Exit on session close,$655.00,$94720.00,$0.00,$0.00,$0.00,$0.00,$0.00,$145.00,$1050.00,$395.00,4,
452,NQ 06-26,Backtest,BlueLightning,Long,1,17305.50,17268.00,11/2/2023 2:50:00 PM,11/2/2023 2:50:00 PM,Buy,Stop loss,($750.00),$93970.00,$0.00,$0.00,$0.00,$0.00,$0.00,$750.00,$0.00,$750.00,1,
453,NQ 06-26,Backtest,BlueLightning,Long,1,17282.25,17244.75,11/2/2023 3:00:00 PM,11/2/2023 3:10:00 PM,Buy,Stop loss,($750.00),$93220.00,$0.00,$0.00,$0.00,$0.00,$0.00,$750.00,$125.00,$875.00,2,
454,NQ 06-26,Backtest,BlueLightning,Long,1,17402.25,17534.25,11/3/2023 2:50:00 PM,11/3/2023 9:00:00 PM,Buy,Exit on session close,$2640.00,$95860.00,$0.00,$0.00,$0.00,$0.00,$0.00,$10.00,$3720.00,$1080.00,38,
455,NQ 06-26,Backtest,BlueLightning,Long,1,18194.50,18239.50,11/14/2023 3:50:00 PM,11/14/2023 10:00:00 PM,Buy,Exit on session close,$900.00,$96760.00,$0.00,$0.00,$0.00,$0.00,$0.00,$255.00,$1680.00,$780.00,38,
456,NQ 06-26,Backtest,BlueLightning,Long,1,18509.25,18471.75,11/22/2023 3:50:00 PM,11/22/2023 4:00:00 PM,Buy,Stop loss,($750.00),$96010.00,$0.00,$0.00,$0.00,$0.00,$0.00,$750.00,$125.00,$875.00,2,
457,NQ 06-26,Backtest,BlueLightning,Short,1,18361.50,18399.00,11/28/2023 7:40:00 PM,11/28/2023 10:00:00 PM,Sell short,Stop loss,($750.00),$95260.00,$0.00,$0.00,$0.00,$0.00,$0.00,$750.00,$330.00,$1080.00,15,
458,NQ 06-26,Backtest,BlueLightning,Long,1,18552.75,18515.25,11/29/2023 3:50:00 PM,11/29/2023 4:10:00 PM,Buy,Stop loss,($750.00),$94510.00,$0.00,$0.00,$0.00,$0.00,$0.00,$750.00,$280.00,$1030.00,3,
459,NQ 06-26,Backtest,BlueLightning,Long,1,18302.25,18264.75,12/6/2023 3:50:00 PM,12/6/2023 4:30:00 PM,Buy,Stop loss,($750.00),$93760.00,$0.00,$0.00,$0.00,$0.00,$0.00,$750.00,$615.00,$1365.00,5,
460,NQ 06-26,Backtest,BlueLightning,Long,1,18790.50,18753.00,12/13/2023 3:50:00 PM,12/13/2023 4:00:00 PM,Buy,Stop loss,($750.00),$93010.00,$0.00,$0.00,$0.00,$0.00,$0.00,$750.00,$190.00,$940.00,2,
461,NQ 06-26,Backtest,BlueLightning,Long,1,18847.75,18930.75,12/13/2023 8:40:00 PM,12/13/2023 10:00:00 PM,Buy,Exit on session close,$1660.00,$94670.00,$0.00,$0.00,$0.00,$0.00,$0.00,$540.00,$2175.00,$515.00,9,
462,NQ 06-26,Backtest,BlueLightning,Long,1,19206.75,19169.25,12/20/2023 4:50:00 PM,12/20/2023 8:30:00 PM,Buy,Stop loss,($750.00),$93920.00,$0.00,$0.00,$0.00,$0.00,$0.00,$750.00,$240.00,$990.00,23,
463,NQ 06-26,Backtest,BlueLightning,Long,1,19156.50,19119.00,12/22/2023 3:50:00 PM,12/22/2023 5:10:00 PM,Buy,Stop loss,($750.00),$93170.00,$0.00,$0.00,$0.00,$0.00,$0.00,$750.00,$700.00,$1450.00,9,
464,NQ 06-26,Backtest,BlueLightning,Long,1,19248.75,19234.00,12/26/2023 9:50:00 PM,12/26/2023 10:00:00 PM,Buy,Exit on session close,($295.00),$92875.00,$0.00,$0.00,$0.00,$0.00,$0.00,$555.00,$85.00,$380.00,2,
465,NQ 06-26,Backtest,BlueLightning,Long,1,18732.00,18951.75,1/8/2024 4:00:00 PM,1/8/2024 10:00:00 PM,Buy,Exit on session close,$4395.00,$97270.00,$0.00,$0.00,$0.00,$0.00,$0.00,$100.00,$4585.00,$190.00,37,
466,NQ 06-26,Backtest,BlueLightning,Long,1,19183.75,19146.25,1/18/2024 3:50:00 PM,1/18/2024 4:10:00 PM,Buy,Stop loss,($750.00),$96520.00,$0.00,$0.00,$0.00,$0.00,$0.00,$750.00,$410.00,$1160.00,3,
467,NQ 06-26,Backtest,BlueLightning,Long,1,19698.75,19661.25,1/22/2024 3:50:00 PM,1/22/2024 3:50:00 PM,Buy,Stop loss,($750.00),$95770.00,$0.00,$0.00,$0.00,$0.00,$0.00,$750.00,$0.00,$750.00,1,
468,NQ 06-26,Backtest,BlueLightning,Long,1,19788.75,19775.25,1/24/2024 3:50:00 PM,1/24/2024 10:00:00 PM,Buy,Exit on session close,($270.00),$95500.00,$0.00,$0.00,$0.00,$0.00,$0.00,$695.00,$3095.00,$3365.00,38,
469,NQ 06-26,Backtest,BlueLightning,Long,1,19850.00,19857.50,1/29/2024 9:30:00 PM,1/29/2024 10:00:00 PM,Buy,Exit on session close,$150.00,$95650.00,$0.00,$0.00,$0.00,$0.00,$0.00,$390.00,$325.00,$175.00,4,
470,NQ 06-26,Backtest,BlueLightning,Long,1,19735.75,19879.75,2/2/2024 4:00:00 PM,2/2/2024 10:00:00 PM,Buy,Exit on session close,$2880.00,$98530.00,$0.00,$0.00,$0.00,$0.00,$0.00,$745.00,$3795.00,$915.00,37,
471,NQ 06-26,Backtest,BlueLightning,Long,1,19878.50,19991.50,2/7/2024 3:50:00 PM,2/7/2024 10:00:00 PM,Buy,Exit on session close,$2260.00,$100790.00,$0.00,$0.00,$0.00,$0.00,$0.00,$195.00,$2940.00,$680.00,38,
472,NQ 06-26,Backtest,BlueLightning,Long,1,19902.75,19865.25,2/14/2024 3:50:00 PM,2/14/2024 5:10:00 PM,Buy,Stop loss,($750.00),$100040.00,$0.00,$0.00,$0.00,$0.00,$0.00,$750.00,$1885.00,$2635.00,9,
473,NQ 06-26,Backtest,BlueLightning,Short,1,19983.00,20020.50,2/15/2024 5:40:00 PM,2/15/2024 6:30:00 PM,Sell short,Stop loss,($750.00),$99290.00,$0.00,$0.00,$0.00,$0.00,$0.00,$750.00,$390.00,$1140.00,6,
474,NQ 06-26,Backtest,BlueLightning,Short,1,19982.50,20020.00,2/16/2024 7:40:00 PM,2/16/2024 8:00:00 PM,Sell short,Stop loss,($750.00),$98540.00,$0.00,$0.00,$0.00,$0.00,$0.00,$750.00,$125.00,$875.00,3,
475,NQ 06-26,Backtest,BlueLightning,Long,1,20043.00,20195.00,2/22/2024 3:50:00 PM,2/22/2024 10:00:00 PM,Buy,Exit on session close,$3040.00,$101580.00,$0.00,$0.00,$0.00,$0.00,$0.00,$160.00,$3880.00,$840.00,38,
476,NQ 06-26,Backtest,BlueLightning,Short,1,20089.25,20067.50,2/28/2024 7:40:00 PM,2/28/2024 10:00:00 PM,Sell short,Exit on session close,$435.00,$102015.00,$0.00,$0.00,$0.00,$0.00,$0.00,$340.00,$1105.00,$670.00,15,
477,NQ 06-26,Backtest,BlueLightning,Long,1,20195.75,20158.25,2/29/2024 3:50:00 PM,2/29/2024 4:20:00 PM,Buy,Stop loss,($750.00),$101265.00,$0.00,$0.00,$0.00,$0.00,$0.00,$750.00,$495.00,$1245.00,4,
478,NQ 06-26,Backtest,BlueLightning,Short,1,20109.50,20147.00,2/29/2024 6:00:00 PM,2/29/2024 6:10:00 PM,Sell short,Stop loss,($750.00),$100515.00,$0.00,$0.00,$0.00,$0.00,$0.00,$750.00,$30.00,$780.00,2,
479,NQ 06-26,Backtest,BlueLightning,Long,1,20278.25,20485.00,3/1/2024 3:50:00 PM,3/1/2024 10:00:00 PM,Buy,Exit on session close,$4135.00,$104650.00,$0.00,$0.00,$0.00,$0.00,$0.00,$660.00,$4890.00,$755.00,38,
480,NQ 06-26,Backtest,BlueLightning,Long,1,20244.50,20207.00,3/6/2024 3:50:00 PM,3/6/2024 4:00:00 PM,Buy,Stop loss,($750.00),$103900.00,$0.00,$0.00,$0.00,$0.00,$0.00,$750.00,$405.00,$1155.00,2,
481,NQ 06-26,Backtest,BlueLightning,Short,1,20228.00,20194.25,3/6/2024 8:10:00 PM,3/6/2024 10:00:00 PM,Sell short,Exit on session close,$675.00,$104575.00,$0.00,$0.00,$0.00,$0.00,$0.00,$295.00,$1870.00,$1195.00,12,
482,NQ 06-26,Backtest,BlueLightning,Long,1,20300.00,20262.50,3/12/2024 3:50:00 PM,3/12/2024 5:40:00 PM,Buy,Stop loss,($750.00),$103825.00,$0.00,$0.00,$0.00,$0.00,$0.00,$750.00,$1200.00,$1950.00,12,
483,NQ 06-26,Backtest,BlueLightning,Short,1,20258.00,20295.50,3/12/2024 6:10:00 PM,3/12/2024 6:30:00 PM,Sell short,Stop loss,($750.00),$103075.00,$0.00,$0.00,$0.00,$0.00,$0.00,$750.00,$635.00,$1385.00,3,
484,NQ 06-26,Backtest,BlueLightning,Short,1,20287.75,20179.50,3/14/2024 2:50:00 PM,3/14/2024 9:00:00 PM,Sell short,Exit on session close,$2165.00,$105240.00,$0.00,$0.00,$0.00,$0.00,$0.00,$125.00,$4480.00,$2315.00,38,
485,NQ 06-26,Backtest,BlueLightning,Long,1,20228.25,20190.75,3/18/2024 2:50:00 PM,3/18/2024 3:00:00 PM,Buy,Stop loss,($750.00),$104490.00,$0.00,$0.00,$0.00,$0.00,$0.00,$750.00,$720.00,$1470.00,2,
486,NQ 06-26,Backtest,BlueLightning,Long,1,20191.25,20153.75,3/18/2024 3:10:00 PM,3/18/2024 6:00:00 PM,Buy,Stop loss,($750.00),$103740.00,$0.00,$0.00,$0.00,$0.00,$0.00,$750.00,$1845.00,$2595.00,18,
487,NQ 06-26,Backtest,BlueLightning,Short,1,20155.25,20172.50,3/19/2024 8:50:00 PM,3/19/2024 9:00:00 PM,Sell short,Exit on session close,($345.00),$103395.00,$0.00,$0.00,$0.00,$0.00,$0.00,$630.00,$200.00,$545.00,2,
488,NQ 06-26,Backtest,BlueLightning,Long,1,20584.25,20546.75,3/21/2024 2:50:00 PM,3/21/2024 2:50:00 PM,Buy,Stop loss,($750.00),$102645.00,$0.00,$0.00,$0.00,$0.00,$0.00,$750.00,$0.00,$750.00,1,
489,NQ 06-26,Backtest,BlueLightning,Long,1,20489.50,20452.00,4/1/2024 4:00:00 PM,4/1/2024 4:10:00 PM,Buy,Stop loss,($750.00),$101895.00,$0.00,$0.00,$0.00,$0.00,$0.00,$750.00,$325.00,$1075.00,2,
490,NQ 06-26,Backtest,BlueLightning,Long,1,20312.00,20318.00,4/3/2024 4:40:00 PM,4/3/2024 6:30:00 PM,Buy,Close position,$120.00,$102015.00,$0.00,$0.00,$0.00,$0.00,$0.00,$655.00,$845.00,$725.00,12,
491,NQ 06-26,Backtest,BlueLightning,Short,1,20318.00,20273.50,4/3/2024 6:30:00 PM,4/3/2024 10:00:00 PM,Sell short,Exit on session close,$890.00,$102905.00,$0.00,$0.00,$0.00,$0.00,$0.00,$480.00,$2250.00,$1360.00,22,
492,NQ 06-26,Backtest,BlueLightning,Long,1,20437.25,20399.75,4/4/2024 3:50:00 PM,4/4/2024 4:30:00 PM,Buy,Stop loss,($750.00),$102155.00,$0.00,$0.00,$0.00,$0.00,$0.00,$750.00,$315.00,$1065.00,5,
493,NQ 06-26,Backtest,BlueLightning,Long,1,20143.00,20105.50,4/11/2024 3:50:00 PM,4/11/2024 4:20:00 PM,Buy,Stop loss,($750.00),$101405.00,$0.00,$0.00,$0.00,$0.00,$0.00,$750.00,$665.00,$1415.00,4,
494,NQ 06-26,Backtest,BlueLightning,Long,1,20193.75,20156.25,4/15/2024 3:50:00 PM,4/15/2024 4:10:00 PM,Buy,Stop loss,($750.00),$100655.00,$0.00,$0.00,$0.00,$0.00,$0.00,$750.00,$665.00,$1415.00,3,
495,NQ 06-26,Backtest,BlueLightning,Long,1,19669.25,19631.75,4/24/2024 3:50:00 PM,4/24/2024 4:00:00 PM,Buy,Stop loss,($750.00),$99905.00,$0.00,$0.00,$0.00,$0.00,$0.00,$750.00,$495.00,$1245.00,2,
496,NQ 06-26,Backtest,BlueLightning,Long,1,19656.75,19619.25,4/26/2024 3:50:00 PM,4/26/2024 3:50:00 PM,Buy,Stop loss,($750.00),$99155.00,$0.00,$0.00,$0.00,$0.00,$0.00,$750.00,$0.00,$750.00,1,
497,NQ 06-26,Backtest,BlueLightning,Long,1,19662.50,19742.50,4/26/2024 4:00:00 PM,4/26/2024 10:00:00 PM,Buy,Exit on session close,$1600.00,$100755.00,$0.00,$0.00,$0.00,$0.00,$0.00,$150.00,$2830.00,$1230.00,37,
498,NQ 06-26,Backtest,BlueLightning,Long,1,19653.25,19615.75,5/1/2024 9:10:00 PM,5/1/2024 9:10:00 PM,Buy,Stop loss,($750.00),$100005.00,$0.00,$0.00,$0.00,$0.00,$0.00,$750.00,$0.00,$750.00,1,
499,NQ 06-26,Backtest,BlueLightning,Long,1,19836.50,19799.00,5/3/2024 3:50:00 PM,5/3/2024 4:30:00 PM,Buy,Stop loss,($750.00),$99255.00,$0.00,$0.00,$0.00,$0.00,$0.00,$750.00,$2325.00,$3075.00,5,
500,NQ 06-26,Backtest,BlueLightning,Long,1,20002.50,20099.75,5/6/2024 4:00:00 PM,5/6/2024 10:00:00 PM,Buy,Exit on session close,$1945.00,$101200.00,$0.00,$0.00,$0.00,$0.00,$0.00,$655.00,$1965.00,$20.00,37,
501,NQ 06-26,Backtest,BlueLightning,Long,1,20115.50,20078.00,5/7/2024 3:50:00 PM,5/7/2024 8:40:00 PM,Buy,Stop loss,($750.00),$100450.00,$0.00,$0.00,$0.00,$0.00,$0.00,$750.00,$1065.00,$1815.00,30,
502,NQ 06-26,Backtest,BlueLightning,Long,1,20243.75,20206.25,5/10/2024 4:00:00 PM,5/10/2024 4:10:00 PM,Buy,Stop loss,($750.00),$99700.00,$0.00,$0.00,$0.00,$0.00,$0.00,$750.00,$80.00,$830.00,2,
503,NQ 06-26,Backtest,BlueLightning,Long,1,20191.00,20153.50,5/13/2024 3:50:00 PM,5/13/2024 7:10:00 PM,Buy,Stop loss,($750.00),$98950.00,$0.00,$0.00,$0.00,$0.00,$0.00,$750.00,$460.00,$1210.00,21,
504,NQ 06-26,Backtest,BlueLightning,Long,1,20281.00,20313.75,5/14/2024 8:40:00 PM,5/14/2024 10:00:00 PM,Buy,Exit on session close,$655.00,$99605.00,$0.00,$0.00,$0.00,$0.00,$0.00,$165.00,$1090.00,$435.00,9,
505,NQ 06-26,Backtest,BlueLightning,Long,1,20407.50,20370.00,5/15/2024 3:50:00 PM,5/15/2024 4:00:00 PM,Buy,Stop loss,($750.00),$98855.00,$0.00,$0.00,$0.00,$0.00,$0.00,$750.00,$395.00,$1145.00,2,
506,NQ 06-26,Backtest,BlueLightning,Long,1,20659.50,20622.00,5/16/2024 5:20:00 PM,5/16/2024 6:10:00 PM,Buy,Stop loss,($750.00),$98105.00,$0.00,$0.00,$0.00,$0.00,$0.00,$750.00,$25.00,$775.00,6,
507,NQ 06-26,Backtest,BlueLightning,Long,1,20606.00,20668.50,5/20/2024 4:00:00 PM,5/20/2024 10:00:00 PM,Buy,Exit on session close,$1250.00,$99355.00,$0.00,$0.00,$0.00,$0.00,$0.00,$0.00,$1820.00,$570.00,37,
508,NQ 06-26,Backtest,BlueLightning,Long,1,20846.50,20809.00,5/23/2024 3:50:00 PM,5/23/2024 3:50:00 PM,Buy,Stop loss,($750.00),$98605.00,$0.00,$0.00,$0.00,$0.00,$0.00,$750.00,$0.00,$750.00,1,
509,NQ 06-26,Backtest,BlueLightning,Long,1,20627.50,20590.00,6/3/2024 3:50:00 PM,6/3/2024 4:00:00 PM,Buy,Stop loss,($750.00),$97855.00,$0.00,$0.00,$0.00,$0.00,$0.00,$750.00,$610.00,$1360.00,2,
510,NQ 06-26,Backtest,BlueLightning,Long,1,20629.25,20591.75,6/4/2024 8:50:00 PM,6/4/2024 9:10:00 PM,Buy,Stop loss,($750.00),$97105.00,$0.00,$0.00,$0.00,$0.00,$0.00,$750.00,$530.00,$1280.00,3,
511,NQ 06-26,Backtest,BlueLightning,Long,1,20722.50,20980.00,6/5/2024 3:50:00 PM,6/5/2024 10:00:00 PM,Buy,Exit on session close,$5150.00,$102255.00,$0.00,$0.00,$0.00,$0.00,$0.00,$400.00,$5190.00,$40.00,38,
512,NQ 06-26,Backtest,BlueLightning,Long,1,21015.25,20977.75,6/6/2024 3:50:00 PM,6/6/2024 3:50:00 PM,Buy,Stop loss,($750.00),$101505.00,$0.00,$0.00,$0.00,$0.00,$0.00,$750.00,$0.00,$750.00,1,
513,NQ 06-26,Backtest,BlueLightning,Long,1,21115.25,21145.00,6/11/2024 8:50:00 PM,6/11/2024 10:00:00 PM,Buy,Exit on session close,$595.00,$102100.00,$0.00,$0.00,$0.00,$0.00,$0.00,$510.00,$695.00,$100.00,8,
514,NQ 06-26,Backtest,BlueLightning,Long,1,21348.75,21394.75,6/12/2024 3:50:00 PM,6/12/2024 10:00:00 PM,Buy,Exit on session close,$920.00,$103020.00,$0.00,$0.00,$0.00,$0.00,$0.00,$265.00,$2850.00,$1930.00,38,
515,NQ 06-26,Backtest,BlueLightning,Long,1,21560.50,21523.00,6/13/2024 3:50:00 PM,6/13/2024 4:00:00 PM,Buy,Stop loss,($750.00),$102270.00,$0.00,$0.00,$0.00,$0.00,$0.00,$750.00,$110.00,$860.00,2,
516,NQ 06-26,Backtest,BlueLightning,Short,1,21633.50,21387.25,6/24/2024 4:20:00 PM,6/24/2024 10:00:00 PM,Sell short,Exit on session close,$4925.00,$107195.00,$0.00,$0.00,$0.00,$0.00,$0.00,$15.00,$5025.00,$100.00,35,
517,NQ 06-26,Backtest,BlueLightning,Long,1,21700.50,21663.00,6/27/2024 4:00:00 PM,6/27/2024 4:00:00 PM,Buy,Stop loss,($750.00),$106445.00,$0.00,$0.00,$0.00,$0.00,$0.00,$750.00,$0.00,$750.00,1,
518,NQ 06-26,Backtest,BlueLightning,Long,1,21790.00,21752.50,6/28/2024 4:10:00 PM,6/28/2024 5:10:00 PM,Buy,Stop loss,($750.00),$105695.00,$0.00,$0.00,$0.00,$0.00,$0.00,$750.00,$2500.00,$3250.00,7,
519,NQ 06-26,Backtest,BlueLightning,Long,1,22373.75,22336.25,7/9/2024 3:50:00 PM,7/9/2024 4:30:00 PM,Buy,Stop loss,($750.00),$104945.00,$0.00,$0.00,$0.00,$0.00,$0.00,$750.00,$795.00,$1545.00,5,
520,NQ 06-26,Backtest,BlueLightning,Long,1,22378.00,22536.25,7/10/2024 3:50:00 PM,7/10/2024 10:00:00 PM,Buy,Exit on session close,$3165.00,$108110.00,$0.00,$0.00,$0.00,$0.00,$0.00,$665.00,$3610.00,$445.00,38,
521,NQ 06-26,Backtest,BlueLightning,Short,1,22219.75,22257.25,7/12/2024 6:30:00 PM,7/12/2024 7:00:00 PM,Sell short,Stop loss,($750.00),$107360.00,$0.00,$0.00,$0.00,$0.00,$0.00,$750.00,$95.00,$845.00,4,
522,NQ 06-26,Backtest,BlueLightning,Short,1,22283.00,22320.50,7/15/2024 3:50:00 PM,7/15/2024 4:30:00 PM,Sell short,Stop loss,($750.00),$106610.00,$0.00,$0.00,$0.00,$0.00,$0.00,$750.00,$1190.00,$1940.00,5,
523,NQ 06-26,Backtest,BlueLightning,Long,1,21592.25,21554.75,7/22/2024 3:50:00 PM,7/22/2024 4:10:00 PM,Buy,Stop loss,($750.00),$105860.00,$0.00,$0.00,$0.00,$0.00,$0.00,$750.00,$1525.00,$2275.00,3,
524,NQ 06-26,Backtest,BlueLightning,Short,1,21717.25,21566.75,7/23/2024 5:30:00 PM,7/23/2024 10:00:00 PM,Sell short,Exit on session close,$3010.00,$108870.00,$0.00,$0.00,$0.00,$0.00,$0.00,$110.00,$3430.00,$420.00,28,
525,NQ 06-26,Backtest,BlueLightning,Long,1,21003.50,20966.00,7/31/2024 3:50:00 PM,7/31/2024 3:50:00 PM,Buy,Stop loss,($750.00),$108120.00,$0.00,$0.00,$0.00,$0.00,$0.00,$750.00,$0.00,$750.00,1,
526,NQ 06-26,Backtest,BlueLightning,Long,1,21005.50,21138.75,7/31/2024 4:00:00 PM,7/31/2024 10:00:00 PM,Buy,Exit on session close,$2665.00,$110785.00,$0.00,$0.00,$0.00,$0.00,$0.00,$380.00,$4190.00,$1525.00,37,
527,NQ 06-26,Backtest,BlueLightning,Short,1,20130.00,20167.50,8/8/2024 10:00:00 PM,8/8/2024 10:00:00 PM,Sell short,Stop loss,($750.00),$110035.00,$0.00,$0.00,$0.00,$0.00,$0.00,$750.00,$0.00,$750.00,1,
528,NQ 06-26,Backtest,BlueLightning,Short,1,20128.50,20166.00,8/9/2024 4:20:00 PM,8/9/2024 4:20:00 PM,Sell short,Stop loss,($750.00),$109285.00,$0.00,$0.00,$0.00,$0.00,$0.00,$750.00,$0.00,$750.00,1,
529,NQ 06-26,Backtest,BlueLightning,Long,1,20302.00,20264.50,8/9/2024 7:50:00 PM,8/9/2024 7:50:00 PM,Buy,Stop loss,($750.00),$108535.00,$0.00,$0.00,$0.00,$0.00,$0.00,$750.00,$0.00,$750.00,1,
530,NQ 06-26,Backtest,BlueLightning,Long,1,20491.75,20743.00,8/13/2024 3:50:00 PM,8/13/2024 10:00:00 PM,Buy,Exit on session close,$5025.00,$113560.00,$0.00,$0.00,$0.00,$0.00,$0.00,$480.00,$5250.00,$225.00,38,
531,NQ 06-26,Backtest,BlueLightning,Long,1,21028.50,20991.00,8/15/2024 3:50:00 PM,8/15/2024 3:50:00 PM,Buy,Stop loss,($750.00),$112810.00,$0.00,$0.00,$0.00,$0.00,$0.00,$750.00,$0.00,$750.00,1,
532,NQ 06-26,Backtest,BlueLightning,Long,1,21051.25,21229.00,8/15/2024 4:00:00 PM,8/15/2024 10:00:00 PM,Buy,Exit on session close,$3555.00,$116365.00,$0.00,$0.00,$0.00,$0.00,$0.00,$135.00,$3875.00,$320.00,37,
533,NQ 06-26,Backtest,BlueLightning,Long,1,21625.25,21587.75,8/22/2024 3:50:00 PM,8/22/2024 4:00:00 PM,Buy,Stop loss,($750.00),$115615.00,$0.00,$0.00,$0.00,$0.00,$0.00,$750.00,$430.00,$1180.00,2,
534,NQ 06-26,Backtest,BlueLightning,Short,1,21307.00,21293.75,8/27/2024 10:00:00 PM,8/27/2024 10:00:00 PM,Sell short,Exit on session close,$265.00,$115880.00,$0.00,$0.00,$0.00,$0.00,$0.00,$5.00,$685.00,$420.00,1,
535,NQ 06-26,Backtest,BlueLightning,Short,1,21275.00,21033.00,8/29/2024 8:10:00 PM,8/29/2024 10:00:00 PM,Sell short,Exit on session close,$4840.00,$120720.00,$0.00,$0.00,$0.00,$0.00,$0.00,$10.00,$5925.00,$1085.00,12,
536,NQ 06-26,Backtest,BlueLightning,Long,1,20301.25,20263.75,9/9/2024 3:50:00 PM,9/9/2024 4:30:00 PM,Buy,Stop loss,($750.00),$119970.00,$0.00,$0.00,$0.00,$0.00,$0.00,$750.00,$1225.00,$1975.00,5,
537,NQ 06-26,Backtest,BlueLightning,Long,1,21186.75,21149.25,9/17/2024 3:50:00 PM,9/17/2024 4:00:00 PM,Buy,Stop loss,($750.00),$119220.00,$0.00,$0.00,$0.00,$0.00,$0.00,$750.00,$570.00,$1320.00,2,
538,NQ 06-26,Backtest,BlueLightning,Long,1,21457.50,21420.00,9/19/2024 3:50:00 PM,9/19/2024 3:50:00 PM,Buy,Stop loss,($750.00),$118470.00,$0.00,$0.00,$0.00,$0.00,$0.00,$750.00,$0.00,$750.00,1,
539,NQ 06-26,Backtest,BlueLightning,Long,1,21422.25,21384.75,9/19/2024 4:00:00 PM,9/19/2024 4:00:00 PM,Buy,Stop loss,($750.00),$117720.00,$0.00,$0.00,$0.00,$0.00,$0.00,$750.00,$0.00,$750.00,1,
540,NQ 06-26,Backtest,BlueLightning,Long,1,21852.25,21814.75,9/26/2024 3:50:00 PM,9/26/2024 3:50:00 PM,Buy,Stop loss,($750.00),$116970.00,$0.00,$0.00,$0.00,$0.00,$0.00,$750.00,$0.00,$750.00,1,
541,NQ 06-26,Backtest,BlueLightning,Long,1,21832.75,21795.25,9/26/2024 4:00:00 PM,9/26/2024 4:10:00 PM,Buy,Stop loss,($750.00),$116220.00,$0.00,$0.00,$0.00,$0.00,$0.00,$750.00,$210.00,$960.00,2,
542,NQ 06-26,Backtest,BlueLightning,Short,1,21609.25,21646.75,9/30/2024 5:30:00 PM,9/30/2024 6:10:00 PM,Sell short,Stop loss,($750.00),$115470.00,$0.00,$0.00,$0.00,$0.00,$0.00,$750.00,$705.00,$1455.00,5,
543,NQ 06-26,Backtest,BlueLightning,Short,1,21594.25,21631.75,9/30/2024 8:00:00 PM,9/30/2024 10:00:00 PM,Sell short,Stop loss,($750.00),$114720.00,$0.00,$0.00,$0.00,$0.00,$0.00,$750.00,$2630.00,$3380.00,13,
544,NQ 06-26,Backtest,BlueLightning,Long,1,21628.75,21591.25,10/4/2024 3:50:00 PM,10/4/2024 4:00:00 PM,Buy,Stop loss,($750.00),$113970.00,$0.00,$0.00,$0.00,$0.00,$0.00,$750.00,$175.00,$925.00,2,
545,NQ 06-26,Backtest,BlueLightning,Short,1,21548.25,21585.75,10/4/2024 6:10:00 PM,10/4/2024 6:50:00 PM,Sell short,Stop loss,($750.00),$113220.00,$0.00,$0.00,$0.00,$0.00,$0.00,$750.00,$1200.00,$1950.00,5,
546,NQ 06-26,Backtest,BlueLightning,Long,1,21989.75,21952.25,10/14/2024 3:50:00 PM,10/14/2024 5:10:00 PM,Buy,Stop loss,($750.00),$112470.00,$0.00,$0.00,$0.00,$0.00,$0.00,$750.00,$1940.00,$2690.00,9,
547,NQ 06-26,Backtest,BlueLightning,Long,1,21839.75,21802.25,10/17/2024 3:50:00 PM,10/17/2024 4:10:00 PM,Buy,Stop loss,($750.00),$111720.00,$0.00,$0.00,$0.00,$0.00,$0.00,$750.00,$1435.00,$2185.00,3,
548,NQ 06-26,Backtest,BlueLightning,Long,1,21755.00,21717.50,10/24/2024 3:50:00 PM,10/24/2024 3:50:00 PM,Buy,Stop loss,($750.00),$110970.00,$0.00,$0.00,$0.00,$0.00,$0.00,$750.00,$0.00,$750.00,1,
549,NQ 06-26,Backtest,BlueLightning,Short,1,21792.75,21787.00,10/24/2024 9:30:00 PM,10/24/2024 10:00:00 PM,Sell short,Exit on session close,$115.00,$111085.00,$0.00,$0.00,$0.00,$0.00,$0.00,$450.00,$250.00,$135.00,4,
550,NQ 06-26,Backtest,BlueLightning,Long,1,21964.50,21927.00,10/25/2024 3:50:00 PM,10/25/2024 7:50:00 PM,Buy,Stop loss,($750.00),$110335.00,$0.00,$0.00,$0.00,$0.00,$0.00,$750.00,$2990.00,$3740.00,25,
551,NQ 06-26,Backtest,BlueLightning,Long,1,21696.25,21658.75,11/5/2024 4:20:00 PM,11/5/2024 5:00:00 PM,Buy,Stop loss,($750.00),$109585.00,$0.00,$0.00,$0.00,$0.00,$0.00,$750.00,$430.00,$1180.00,5,
552,NQ 06-26,Backtest,BlueLightning,Long,1,22199.75,22162.25,11/6/2024 3:50:00 PM,11/6/2024 3:50:00 PM,Buy,Stop loss,($750.00),$108835.00,$0.00,$0.00,$0.00,$0.00,$0.00,$750.00,$0.00,$750.00,1,
553,NQ 06-26,Backtest,BlueLightning,Long,1,22086.50,22301.25,11/6/2024 4:00:00 PM,11/6/2024 10:00:00 PM,Buy,Exit on session close,$4295.00,$113130.00,$0.00,$0.00,$0.00,$0.00,$0.00,$715.00,$5025.00,$730.00,37,
554,NQ 06-26,Backtest,BlueLightning,Long,1,22476.50,22628.75,11/7/2024 3:50:00 PM,11/7/2024 10:00:00 PM,Buy,Exit on session close,$3045.00,$116175.00,$0.00,$0.00,$0.00,$0.00,$0.00,$415.00,$3665.00,$620.00,38,
555,NQ 06-26,Backtest,BlueLightning,Long,1,22461.50,22424.00,11/25/2024 3:50:00 PM,11/25/2024 3:50:00 PM,Buy,Stop loss,($750.00),$115425.00,$0.00,$0.00,$0.00,$0.00,$0.00,$750.00,$0.00,$750.00,1,
556,NQ 06-26,Backtest,BlueLightning,Long,1,22417.75,22380.25,11/25/2024 4:00:00 PM,11/25/2024 4:00:00 PM,Buy,Stop loss,($750.00),$114675.00,$0.00,$0.00,$0.00,$0.00,$0.00,$750.00,$0.00,$750.00,1,
557,NQ 06-26,Backtest,BlueLightning,Long,1,22387.00,22349.50,11/26/2024 3:50:00 PM,11/26/2024 4:10:00 PM,Buy,Stop loss,($750.00),$113925.00,$0.00,$0.00,$0.00,$0.00,$0.00,$750.00,$890.00,$1640.00,3,
558,NQ 06-26,Backtest,BlueLightning,Long,1,22375.50,22397.25,11/29/2024 4:30:00 PM,11/29/2024 7:00:00 PM,Buy,Exit on session close,$435.00,$114360.00,$0.00,$0.00,$0.00,$0.00,$0.00,$665.00,$975.00,$540.00,16,
559,NQ 06-26,Backtest,BlueLightning,Long,1,22555.50,22624.00,12/2/2024 4:00:00 PM,12/2/2024 10:00:00 PM,Buy,Exit on session close,$1370.00,$115730.00,$0.00,$0.00,$0.00,$0.00,$0.00,$445.00,$2220.00,$850.00,37,
560,NQ 06-26,Backtest,BlueLightning,Long,1,22795.75,22944.25,12/4/2024 3:50:00 PM,12/4/2024 10:00:00 PM,Buy,Exit on session close,$2970.00,$118700.00,$0.00,$0.00,$0.00,$0.00,$0.00,$5.00,$3190.00,$220.00,38,
561,NQ 06-26,Backtest,BlueLightning,Long,1,23014.25,23066.00,12/6/2024 4:10:00 PM,12/6/2024 10:00:00 PM,Buy,Exit on session close,$1035.00,$119735.00,$0.00,$0.00,$0.00,$0.00,$0.00,$690.00,$1235.00,$200.00,36,
562,NQ 06-26,Backtest,BlueLightning,Long,1,23012.75,23197.75,12/11/2024 3:50:00 PM,12/11/2024 10:00:00 PM,Buy,Exit on session close,$3700.00,$123435.00,$0.00,$0.00,$0.00,$0.00,$0.00,$50.00,$4280.00,$580.00,38,
563,NQ 06-26,Backtest,BlueLightning,Long,1,23239.75,23202.25,12/13/2024 3:50:00 PM,12/13/2024 4:40:00 PM,Buy,Stop loss,($750.00),$122685.00,$0.00,$0.00,$0.00,$0.00,$0.00,$750.00,$1500.00,$2250.00,6,
564,NQ 06-26,Backtest,BlueLightning,Long,1,23350.00,23530.00,12/16/2024 3:50:00 PM,12/16/2024 10:00:00 PM,Buy,Exit on session close,$3600.00,$126285.00,$0.00,$0.00,$0.00,$0.00,$0.00,$585.00,$4415.00,$815.00,38,
565,NQ 06-26,Backtest,BlueLightning,Long,1,22991.25,23167.25,12/24/2024 4:00:00 PM,12/24/2024 7:15:00 PM,Buy,Exit on session close,$3520.00,$129805.00,$0.00,$0.00,$0.00,$0.00,$0.00,$320.00,$3585.00,$65.00,21,
566,NQ 06-26,Backtest,BlueLightning,Long,1,22532.50,22495.00,1/3/2025 3:50:00 PM,1/3/2025 3:50:00 PM,Buy,Stop loss,($750.00),$129055.00,$0.00,$0.00,$0.00,$0.00,$0.00,$750.00,$0.00,$750.00,1,
567,NQ 06-26,Backtest,BlueLightning,Long,1,22485.50,22448.00,1/3/2025 4:00:00 PM,1/3/2025 4:00:00 PM,Buy,Stop loss,($750.00),$128305.00,$0.00,$0.00,$0.00,$0.00,$0.00,$750.00,$0.00,$750.00,1,
568,NQ 06-26,Backtest,BlueLightning,Long,1,22894.25,22856.75,1/6/2025 3:50:00 PM,1/6/2025 7:50:00 PM,Buy,Stop loss,($750.00),$127555.00,$0.00,$0.00,$0.00,$0.00,$0.00,$750.00,$2465.00,$3215.00,25,
569,NQ 06-26,Backtest,BlueLightning,Long,1,22233.25,22195.75,1/14/2025 3:50:00 PM,1/14/2025 3:50:00 PM,Buy,Stop loss,($750.00),$126805.00,$0.00,$0.00,$0.00,$0.00,$0.00,$750.00,$0.00,$750.00,1,
570,NQ 06-26,Backtest,BlueLightning,Long,1,22373.00,22516.50,1/15/2025 3:50:00 PM,1/15/2025 10:00:00 PM,Buy,Exit on session close,$2870.00,$129675.00,$0.00,$0.00,$0.00,$0.00,$0.00,$120.00,$4010.00,$1140.00,38,
571,NQ 06-26,Backtest,BlueLightning,Long,1,22645.50,22608.00,1/17/2025 3:50:00 PM,1/17/2025 4:00:00 PM,Buy,Stop loss,($750.00),$128925.00,$0.00,$0.00,$0.00,$0.00,$0.00,$750.00,$615.00,$1365.00,2,
572,NQ 06-26,Backtest,BlueLightning,Long,1,23078.25,23118.50,1/22/2025 3:50:00 PM,1/22/2025 10:00:00 PM,Buy,Exit on session close,$805.00,$129730.00,$0.00,$0.00,$0.00,$0.00,$0.00,$550.00,$2720.00,$1915.00,38,
573,NQ 06-26,Backtest,BlueLightning,Short,1,22712.00,22696.25,1/28/2025 8:50:00 PM,1/28/2025 10:00:00 PM,Sell short,Exit on session close,$315.00,$130045.00,$0.00,$0.00,$0.00,$0.00,$0.00,$695.00,$665.00,$350.00,8,
574,NQ 06-26,Backtest,BlueLightning,Short,1,22685.25,22722.75,1/30/2025 6:00:00 PM,1/30/2025 6:00:00 PM,Sell short,Stop loss,($750.00),$129295.00,$0.00,$0.00,$0.00,$0.00,$0.00,$750.00,$0.00,$750.00,1,
575,NQ 06-26,Backtest,BlueLightning,Long,1,22920.50,22883.00,1/31/2025 3:50:00 PM,1/31/2025 7:40:00 PM,Buy,Stop loss,($750.00),$128545.00,$0.00,$0.00,$0.00,$0.00,$0.00,$750.00,$3325.00,$4075.00,24,
576,NQ 06-26,Backtest,BlueLightning,Short,1,22701.75,22739.25,2/4/2025 6:50:00 PM,2/4/2025 7:00:00 PM,Sell short,Stop loss,($750.00),$127795.00,$0.00,$0.00,$0.00,$0.00,$0.00,$750.00,$155.00,$905.00,2,
577,NQ 06-26,Backtest,BlueLightning,Long,1,23073.50,23036.00,2/7/2025 4:00:00 PM,2/7/2025 4:00:00 PM,Buy,Stop loss,($750.00),$127045.00,$0.00,$0.00,$0.00,$0.00,$0.00,$750.00,$0.00,$750.00,1,
578,NQ 06-26,Backtest,BlueLightning,Long,1,23094.50,23057.00,2/13/2025 4:40:00 PM,2/13/2025 7:20:00 PM,Buy,Stop loss,($750.00),$126295.00,$0.00,$0.00,$0.00,$0.00,$0.00,$750.00,$1680.00,$2430.00,17,
579,NQ 06-26,Backtest,BlueLightning,Long,1,23365.50,23328.00,2/18/2025 3:50:00 PM,2/18/2025 3:50:00 PM,Buy,Stop loss,($750.00),$125545.00,$0.00,$0.00,$0.00,$0.00,$0.00,$750.00,$0.00,$750.00,1,
580,NQ 06-26,Backtest,BlueLightning,Long,1,22429.25,22391.75,2/27/2025 3:50:00 PM,2/27/2025 3:50:00 PM,Buy,Stop loss,($750.00),$124795.00,$0.00,$0.00,$0.00,$0.00,$0.00,$750.00,$0.00,$750.00,1,
581,NQ 06-26,Backtest,BlueLightning,Long,1,22103.75,22066.25,3/3/2025 3:50:00 PM,3/3/2025 3:50:00 PM,Buy,Stop loss,($750.00),$124045.00,$0.00,$0.00,$0.00,$0.00,$0.00,$750.00,$0.00,$750.00,1,
582,NQ 06-26,Backtest,BlueLightning,Long,1,20718.00,20680.50,3/14/2025 3:00:00 PM,3/14/2025 3:00:00 PM,Buy,Stop loss,($750.00),$123295.00,$0.00,$0.00,$0.00,$0.00,$0.00,$750.00,$0.00,$750.00,1,
583,NQ 06-26,Backtest,BlueLightning,Short,1,20775.75,20813.25,3/14/2025 5:50:00 PM,3/14/2025 6:00:00 PM,Sell short,Stop loss,($750.00),$122545.00,$0.00,$0.00,$0.00,$0.00,$0.00,$750.00,$25.00,$775.00,2,
584,NQ 06-26,Backtest,BlueLightning,Short,1,20777.25,20814.75,3/14/2025 7:20:00 PM,3/14/2025 7:50:00 PM,Sell short,Stop loss,($750.00),$121795.00,$0.00,$0.00,$0.00,$0.00,$0.00,$750.00,$885.00,$1635.00,4,
585,NQ 06-26,Backtest,BlueLightning,Short,1,20803.50,20841.00,3/17/2025 5:00:00 PM,3/17/2025 5:10:00 PM,Sell short,Stop loss,($750.00),$121045.00,$0.00,$0.00,$0.00,$0.00,$0.00,$750.00,$305.00,$1055.00,2,
586,NQ 06-26,Backtest,BlueLightning,Long,1,20950.00,20955.50,3/17/2025 7:00:00 PM,3/17/2025 9:00:00 PM,Buy,Exit on session close,$110.00,$121155.00,$0.00,$0.00,$0.00,$0.00,$0.00,$230.00,$2700.00,$2590.00,13,
587,NQ 06-26,Backtest,BlueLightning,Long,1,20805.00,20767.50,3/19/2025 3:30:00 PM,3/19/2025 3:30:00 PM,Buy,Stop loss,($750.00),$120405.00,$0.00,$0.00,$0.00,$0.00,$0.00,$750.00,$0.00,$750.00,1,
588,NQ 06-26,Backtest,BlueLightning,Short,1,20776.50,20814.00,3/19/2025 7:20:00 PM,3/19/2025 7:20:00 PM,Sell short,Stop loss,($750.00),$119655.00,$0.00,$0.00,$0.00,$0.00,$0.00,$750.00,$0.00,$750.00,1,
589,NQ 06-26,Backtest,BlueLightning,Short,1,20849.00,20799.25,3/20/2025 6:20:00 PM,3/20/2025 9:00:00 PM,Sell short,Exit on session close,$995.00,$120650.00,$0.00,$0.00,$0.00,$0.00,$0.00,$185.00,$2735.00,$1740.00,17,
590,NQ 06-26,Backtest,BlueLightning,Long,1,21199.50,21284.25,3/24/2025 2:50:00 PM,3/24/2025 9:00:00 PM,Buy,Exit on session close,$1695.00,$122345.00,$0.00,$0.00,$0.00,$0.00,$0.00,$705.00,$2545.00,$850.00,38,
591,NQ 06-26,Backtest,BlueLightning,Short,1,20617.25,20654.75,4/2/2025 8:50:00 PM,4/2/2025 9:40:00 PM,Sell short,Stop loss,($750.00),$121595.00,$0.00,$0.00,$0.00,$0.00,$0.00,$750.00,$1885.00,$2635.00,6,
592,NQ 06-26,Backtest,BlueLightning,Long,1,19022.00,18984.50,4/8/2025 3:50:00 PM,4/8/2025 5:20:00 PM,Buy,Stop loss,($750.00),$120845.00,$0.00,$0.00,$0.00,$0.00,$0.00,$750.00,$5050.00,$5800.00,10,
593,NQ 06-26,Backtest,BlueLightning,Long,1,19472.00,19434.50,4/9/2025 7:50:00 PM,4/9/2025 7:50:00 PM,Buy,Stop loss,($750.00),$120095.00,$0.00,$0.00,$0.00,$0.00,$0.00,$750.00,$0.00,$750.00,1,
594,NQ 06-26,Backtest,BlueLightning,Long,1,20016.50,19979.00,4/14/2025 3:50:00 PM,4/14/2025 3:50:00 PM,Buy,Stop loss,($750.00),$119345.00,$0.00,$0.00,$0.00,$0.00,$0.00,$750.00,$0.00,$750.00,1,
595,NQ 06-26,Backtest,BlueLightning,Long,1,19070.00,19297.25,4/22/2025 3:50:00 PM,4/22/2025 10:00:00 PM,Buy,Exit on session close,$4545.00,$123890.00,$0.00,$0.00,$0.00,$0.00,$0.00,$175.00,$7225.00,$2680.00,38,
596,NQ 06-26,Backtest,BlueLightning,Long,1,19911.50,19874.00,4/23/2025 3:50:00 PM,4/23/2025 5:30:00 PM,Buy,Stop loss,($750.00),$123140.00,$0.00,$0.00,$0.00,$0.00,$0.00,$750.00,$3425.00,$4175.00,11,
597,NQ 06-26,Backtest,BlueLightning,Long,1,20828.00,20790.50,5/1/2025 3:50:00 PM,5/1/2025 4:00:00 PM,Buy,Stop loss,($750.00),$122390.00,$0.00,$0.00,$0.00,$0.00,$0.00,$750.00,$1465.00,$2215.00,2,
598,NQ 06-26,Backtest,BlueLightning,Long,1,21020.75,20983.25,5/8/2025 3:50:00 PM,5/8/2025 3:50:00 PM,Buy,Stop loss,($750.00),$121640.00,$0.00,$0.00,$0.00,$0.00,$0.00,$750.00,$0.00,$750.00,1,
599,NQ 06-26,Backtest,BlueLightning,Long,1,21704.00,21666.50,5/12/2025 3:50:00 PM,5/12/2025 3:50:00 PM,Buy,Stop loss,($750.00),$120890.00,$0.00,$0.00,$0.00,$0.00,$0.00,$750.00,$0.00,$750.00,1,
600,NQ 06-26,Backtest,BlueLightning,Long,1,21715.00,21677.50,5/12/2025 4:00:00 PM,5/12/2025 4:30:00 PM,Buy,Stop loss,($750.00),$120140.00,$0.00,$0.00,$0.00,$0.00,$0.00,$750.00,$1050.00,$1800.00,4,
601,NQ 06-26,Backtest,BlueLightning,Long,1,21973.75,22188.25,5/13/2025 4:00:00 PM,5/13/2025 10:00:00 PM,Buy,Exit on session close,$4290.00,$124430.00,$0.00,$0.00,$0.00,$0.00,$0.00,$0.00,$5800.00,$1510.00,37,
602,NQ 06-26,Backtest,BlueLightning,Long,1,22429.25,22391.75,5/21/2025 5:30:00 PM,5/21/2025 7:10:00 PM,Buy,Stop loss,($750.00),$123680.00,$0.00,$0.00,$0.00,$0.00,$0.00,$750.00,$930.00,$1680.00,11,
603,NQ 06-26,Backtest,BlueLightning,Long,1,22143.25,22383.50,5/27/2025 3:50:00 PM,5/27/2025 10:00:00 PM,Buy,Exit on session close,$4805.00,$128485.00,$0.00,$0.00,$0.00,$0.00,$0.00,$260.00,$5250.00,$445.00,38,
604,NQ 06-26,Backtest,BlueLightning,Long,1,22479.00,22441.50,5/29/2025 3:50:00 PM,5/29/2025 3:50:00 PM,Buy,Stop loss,($750.00),$127735.00,$0.00,$0.00,$0.00,$0.00,$0.00,$750.00,$0.00,$750.00,1,
605,NQ 06-26,Backtest,BlueLightning,Short,1,22291.25,22328.75,5/29/2025 9:30:00 PM,5/29/2025 9:50:00 PM,Sell short,Stop loss,($750.00),$126985.00,$0.00,$0.00,$0.00,$0.00,$0.00,$750.00,$165.00,$915.00,3,
606,NQ 06-26,Backtest,BlueLightning,Long,1,22775.50,22738.00,6/18/2025 4:40:00 PM,6/18/2025 6:00:00 PM,Buy,Stop loss,($750.00),$126235.00,$0.00,$0.00,$0.00,$0.00,$0.00,$750.00,$500.00,$1250.00,9,
607,NQ 06-26,Backtest,BlueLightning,Long,1,23003.75,23109.00,6/24/2025 3:50:00 PM,6/24/2025 10:00:00 PM,Buy,Exit on session close,$2105.00,$128340.00,$0.00,$0.00,$0.00,$0.00,$0.00,$700.00,$2945.00,$840.00,38,
608,NQ 06-26,Backtest,BlueLightning,Long,1,23243.75,23206.25,6/25/2025 3:50:00 PM,6/25/2025 4:00:00 PM,Buy,Stop loss,($750.00),$127590.00,$0.00,$0.00,$0.00,$0.00,$0.00,$750.00,$145.00,$895.00,2,
609,NQ 06-26,Backtest,BlueLightning,Long,1,23218.25,23180.75,6/26/2025 3:50:00 PM,6/26/2025 4:00:00 PM,Buy,Stop loss,($750.00),$126840.00,$0.00,$0.00,$0.00,$0.00,$0.00,$750.00,$365.00,$1115.00,2,
610,NQ 06-26,Backtest,BlueLightning,Long,1,23249.50,23375.75,6/26/2025 4:20:00 PM,6/26/2025 10:00:00 PM,Buy,Exit on session close,$2525.00,$129365.00,$0.00,$0.00,$0.00,$0.00,$0.00,$35.00,$2945.00,$420.00,35,
611,NQ 06-26,Backtest,BlueLightning,Long,1,23497.25,23459.75,6/27/2025 4:30:00 PM,6/27/2025 5:00:00 PM,Buy,Stop loss,($750.00),$128615.00,$0.00,$0.00,$0.00,$0.00,$0.00,$750.00,$430.00,$1180.00,4,
612,NQ 06-26,Backtest,BlueLightning,Long,1,23503.00,23547.50,7/2/2025 4:50:00 PM,7/2/2025 10:00:00 PM,Buy,Exit on session close,$890.00,$129505.00,$0.00,$0.00,$0.00,$0.00,$0.00,$585.00,$1075.00,$185.00,32,
613,NQ 06-26,Backtest,BlueLightning,Long,1,23655.75,23759.50,7/3/2025 3:50:00 PM,7/3/2025 7:00:00 PM,Buy,Exit on session close,$2075.00,$131580.00,$0.00,$0.00,$0.00,$0.00,$0.00,$430.00,$2990.00,$915.00,20,
614,NQ 06-26,Backtest,BlueLightning,Long,1,23788.75,23751.25,7/9/2025 4:00:00 PM,7/9/2025 4:30:00 PM,Buy,Stop loss,($750.00),$130830.00,$0.00,$0.00,$0.00,$0.00,$0.00,$750.00,$520.00,$1270.00,4,
615,NQ 06-26,Backtest,BlueLightning,Long,1,23858.00,23820.50,7/15/2025 3:50:00 PM,7/15/2025 5:00:00 PM,Buy,Stop loss,($750.00),$130080.00,$0.00,$0.00,$0.00,$0.00,$0.00,$750.00,$865.00,$1615.00,8,
616,NQ 06-26,Backtest,BlueLightning,Long,1,23853.25,23961.25,7/17/2025 4:10:00 PM,7/17/2025 10:00:00 PM,Buy,Exit on session close,$2160.00,$132240.00,$0.00,$0.00,$0.00,$0.00,$0.00,$710.00,$2585.00,$425.00,36,
617,NQ 06-26,Backtest,BlueLightning,Long,1,24081.00,24043.50,7/21/2025 4:00:00 PM,7/21/2025 9:50:00 PM,Buy,Stop loss,($750.00),$131490.00,$0.00,$0.00,$0.00,$0.00,$0.00,$750.00,$930.00,$1680.00,36,
618,NQ 06-26,Backtest,BlueLightning,Long,1,24348.75,24311.25,7/29/2025 3:50:00 PM,7/29/2025 3:50:00 PM,Buy,Stop loss,($750.00),$130740.00,$0.00,$0.00,$0.00,$0.00,$0.00,$750.00,$0.00,$750.00,1,
619,NQ 06-26,Backtest,BlueLightning,Long,1,24292.75,24255.25,7/29/2025 4:00:00 PM,7/29/2025 4:10:00 PM,Buy,Stop loss,($750.00),$129990.00,$0.00,$0.00,$0.00,$0.00,$0.00,$750.00,$75.00,$825.00,2,
620,NQ 06-26,Backtest,BlueLightning,Long,1,24362.00,24324.50,7/31/2025 3:50:00 PM,7/31/2025 3:50:00 PM,Buy,Stop loss,($750.00),$129240.00,$0.00,$0.00,$0.00,$0.00,$0.00,$750.00,$0.00,$750.00,1,
621,NQ 06-26,Backtest,BlueLightning,Long,1,23861.75,23986.25,8/4/2025 3:50:00 PM,8/4/2025 7:30:00 PM,Buy,Close position,$2490.00,$131730.00,$0.00,$0.00,$0.00,$0.00,$0.00,$180.00,$2510.00,$20.00,23,
622,NQ 06-26,Backtest,BlueLightning,Short,1,23986.25,23999.25,8/4/2025 7:30:00 PM,8/4/2025 10:00:00 PM,Sell short,Exit on session close,($260.00),$131470.00,$0.00,$0.00,$0.00,$0.00,$0.00,$475.00,$845.00,$1105.00,16,
623,NQ 06-26,Backtest,BlueLightning,Long,1,24084.00,24046.50,8/5/2025 4:00:00 PM,8/5/2025 4:10:00 PM,Buy,Stop loss,($750.00),$130720.00,$0.00,$0.00,$0.00,$0.00,$0.00,$750.00,$225.00,$975.00,2,
624,NQ 06-26,Backtest,BlueLightning,Long,1,24336.00,24298.50,8/7/2025 3:50:00 PM,8/7/2025 3:50:00 PM,Buy,Stop loss,($750.00),$129970.00,$0.00,$0.00,$0.00,$0.00,$0.00,$750.00,$0.00,$750.00,1,
625,NQ 06-26,Backtest,BlueLightning,Long,1,24303.50,24266.00,8/7/2025 4:00:00 PM,8/7/2025 4:30:00 PM,Buy,Stop loss,($750.00),$129220.00,$0.00,$0.00,$0.00,$0.00,$0.00,$750.00,$1405.00,$2155.00,4,
626,NQ 06-26,Backtest,BlueLightning,Long,1,24280.75,24416.75,8/8/2025 3:50:00 PM,8/8/2025 10:00:00 PM,Buy,Exit on session close,$2720.00,$131940.00,$0.00,$0.00,$0.00,$0.00,$0.00,$175.00,$2920.00,$200.00,38,
627,NQ 06-26,Backtest,BlueLightning,Long,1,24753.75,24716.25,8/13/2025 3:50:00 PM,8/13/2025 4:00:00 PM,Buy,Stop loss,($750.00),$131190.00,$0.00,$0.00,$0.00,$0.00,$0.00,$750.00,$135.00,$885.00,2,
628,NQ 06-26,Backtest,BlueLightning,Long,1,24268.00,24230.50,8/22/2025 4:30:00 PM,8/22/2025 4:30:00 PM,Buy,Stop loss,($750.00),$130440.00,$0.00,$0.00,$0.00,$0.00,$0.00,$750.00,$0.00,$750.00,1,
629,NQ 06-26,Backtest,BlueLightning,Short,1,24237.50,24275.00,8/27/2025 4:10:00 PM,8/27/2025 4:20:00 PM,Sell short,Stop loss,($750.00),$129690.00,$0.00,$0.00,$0.00,$0.00,$0.00,$750.00,$165.00,$915.00,2,
630,NQ 06-26,Backtest,BlueLightning,Long,1,24096.25,24144.50,9/3/2025 3:50:00 PM,9/3/2025 6:30:00 PM,Buy,Close position,$965.00,$130655.00,$0.00,$0.00,$0.00,$0.00,$0.00,$470.00,$2635.00,$1670.00,17,
631,NQ 06-26,Backtest,BlueLightning,Short,1,24144.50,24154.50,9/3/2025 6:30:00 PM,9/3/2025 10:00:00 PM,Sell short,Exit on session close,($200.00),$130455.00,$0.00,$0.00,$0.00,$0.00,$0.00,$445.00,$2470.00,$2670.00,22,
632,NQ 06-26,Backtest,BlueLightning,Long,1,24539.25,24501.75,9/5/2025 3:50:00 PM,9/5/2025 4:10:00 PM,Buy,Stop loss,($750.00),$129705.00,$0.00,$0.00,$0.00,$0.00,$0.00,$750.00,$1135.00,$1885.00,3,
633,NQ 06-26,Backtest,BlueLightning,Long,1,24505.50,24468.00,9/8/2025 3:50:00 PM,9/8/2025 8:00:00 PM,Buy,Stop loss,($750.00),$128955.00,$0.00,$0.00,$0.00,$0.00,$0.00,$750.00,$1705.00,$2455.00,26,
634,NQ 06-26,Backtest,BlueLightning,Long,1,24643.25,24605.75,9/10/2025 3:50:00 PM,9/10/2025 4:00:00 PM,Buy,Stop loss,($750.00),$128205.00,$0.00,$0.00,$0.00,$0.00,$0.00,$750.00,$230.00,$980.00,2,
635,NQ 06-26,Backtest,BlueLightning,Long,1,24936.00,25018.50,9/15/2025 4:00:00 PM,9/15/2025 10:00:00 PM,Buy,Exit on session close,$1650.00,$129855.00,$0.00,$0.00,$0.00,$0.00,$0.00,$50.00,$1720.00,$70.00,37,
636,NQ 06-26,Backtest,BlueLightning,Long,1,25022.75,24985.25,9/16/2025 3:50:00 PM,9/16/2025 5:10:00 PM,Buy,Stop loss,($750.00),$129105.00,$0.00,$0.00,$0.00,$0.00,$0.00,$750.00,$310.00,$1060.00,9,
637,NQ 06-26,Backtest,BlueLightning,Long,1,25338.50,25301.00,9/29/2025 3:50:00 PM,9/29/2025 6:00:00 PM,Buy,Stop loss,($750.00),$128355.00,$0.00,$0.00,$0.00,$0.00,$0.00,$750.00,$2045.00,$2795.00,14,
638,NQ 06-26,Backtest,BlueLightning,Short,1,25246.50,25284.00,10/1/2025 4:10:00 PM,10/1/2025 4:10:00 PM,Sell short,Stop loss,($750.00),$127605.00,$0.00,$0.00,$0.00,$0.00,$0.00,$750.00,$0.00,$750.00,1,
639,NQ 06-26,Backtest,BlueLightning,Long,1,25546.50,25509.00,10/2/2025 3:50:00 PM,10/2/2025 3:50:00 PM,Buy,Stop loss,($750.00),$126855.00,$0.00,$0.00,$0.00,$0.00,$0.00,$750.00,$0.00,$750.00,1,
640,NQ 06-26,Backtest,BlueLightning,Long,1,25629.00,25591.50,10/6/2025 3:50:00 PM,10/6/2025 3:50:00 PM,Buy,Stop loss,($750.00),$126105.00,$0.00,$0.00,$0.00,$0.00,$0.00,$750.00,$0.00,$750.00,1,
641,NQ 06-26,Backtest,BlueLightning,Long,1,25676.75,25639.25,10/8/2025 4:30:00 PM,10/8/2025 5:00:00 PM,Buy,Stop loss,($750.00),$125355.00,$0.00,$0.00,$0.00,$0.00,$0.00,$750.00,$290.00,$1040.00,4,
642,NQ 06-26,Backtest,BlueLightning,Short,1,25432.50,25390.50,10/15/2025 6:20:00 PM,10/15/2025 10:00:00 PM,Sell short,Exit on session close,$840.00,$126195.00,$0.00,$0.00,$0.00,$0.00,$0.00,$500.00,$6080.00,$5240.00,23,
643,NQ 06-26,Backtest,BlueLightning,Long,1,25526.00,25488.50,10/16/2025 3:50:00 PM,10/16/2025 4:20:00 PM,Buy,Stop loss,($750.00),$125445.00,$0.00,$0.00,$0.00,$0.00,$0.00,$750.00,$1295.00,$2045.00,4,
644,NQ 06-26,Backtest,BlueLightning,Long,1,25685.75,25765.50,10/20/2025 4:00:00 PM,10/20/2025 10:00:00 PM,Buy,Exit on session close,$1595.00,$127040.00,$0.00,$0.00,$0.00,$0.00,$0.00,$365.00,$2680.00,$1085.00,37,
645,NQ 06-26,Backtest,BlueLightning,Long,1,25971.50,25934.00,10/24/2025 3:50:00 PM,10/24/2025 4:00:00 PM,Buy,Stop loss,($750.00),$126290.00,$0.00,$0.00,$0.00,$0.00,$0.00,$750.00,$575.00,$1325.00,2,
646,NQ 06-26,Backtest,BlueLightning,Long,1,26304.25,26426.00,10/27/2025 2:50:00 PM,10/27/2025 9:00:00 PM,Buy,Exit on session close,$2435.00,$128725.00,$0.00,$0.00,$0.00,$0.00,$0.00,$610.00,$2845.00,$410.00,38,
647,NQ 06-26,Backtest,BlueLightning,Long,1,26525.75,26488.25,10/28/2025 2:50:00 PM,10/28/2025 3:50:00 PM,Buy,Stop loss,($750.00),$127975.00,$0.00,$0.00,$0.00,$0.00,$0.00,$750.00,$500.00,$1250.00,7,
648,NQ 06-26,Backtest,BlueLightning,Long,1,26738.00,26700.50,10/29/2025 2:50:00 PM,10/29/2025 4:40:00 PM,Buy,Stop loss,($750.00),$127225.00,$0.00,$0.00,$0.00,$0.00,$0.00,$750.00,$1075.00,$1825.00,12,
649,NQ 06-26,Backtest,BlueLightning,Long,1,26609.75,26572.25,10/31/2025 2:50:00 PM,10/31/2025 2:50:00 PM,Buy,Stop loss,($750.00),$126475.00,$0.00,$0.00,$0.00,$0.00,$0.00,$750.00,$0.00,$750.00,1,
650,NQ 06-26,Backtest,BlueLightning,Long,1,26641.25,26603.75,11/3/2025 3:50:00 PM,11/3/2025 4:00:00 PM,Buy,Stop loss,($750.00),$125725.00,$0.00,$0.00,$0.00,$0.00,$0.00,$750.00,$240.00,$990.00,2,
651,NQ 06-26,Backtest,BlueLightning,Long,1,26076.50,26039.00,11/10/2025 3:50:00 PM,11/10/2025 5:00:00 PM,Buy,Stop loss,($750.00),$124975.00,$0.00,$0.00,$0.00,$0.00,$0.00,$750.00,$1105.00,$1855.00,8,
652,NQ 06-26,Backtest,BlueLightning,Long,1,25673.75,25636.25,11/20/2025 3:50:00 PM,11/20/2025 3:50:00 PM,Buy,Stop loss,($750.00),$124225.00,$0.00,$0.00,$0.00,$0.00,$0.00,$750.00,$0.00,$750.00,1,
653,NQ 06-26,Backtest,BlueLightning,Long,1,25678.50,25641.00,11/20/2025 4:00:00 PM,11/20/2025 4:20:00 PM,Buy,Stop loss,($750.00),$123475.00,$0.00,$0.00,$0.00,$0.00,$0.00,$750.00,$1730.00,$2480.00,3,
654,NQ 06-26,Backtest,BlueLightning,Long,1,25690.25,25652.75,11/26/2025 3:50:00 PM,11/26/2025 4:00:00 PM,Buy,Stop loss,($750.00),$122725.00,$0.00,$0.00,$0.00,$0.00,$0.00,$750.00,$795.00,$1545.00,2,
655,NQ 06-26,Backtest,BlueLightning,Long,1,26048.75,26011.25,12/2/2025 4:00:00 PM,12/2/2025 4:40:00 PM,Buy,Stop loss,($750.00),$121975.00,$0.00,$0.00,$0.00,$0.00,$0.00,$750.00,$1425.00,$2175.00,5,
656,NQ 06-26,Backtest,BlueLightning,Long,1,26196.25,26158.75,12/5/2025 3:50:00 PM,12/5/2025 3:50:00 PM,Buy,Stop loss,($750.00),$121225.00,$0.00,$0.00,$0.00,$0.00,$0.00,$750.00,$0.00,$750.00,1,
657,NQ 06-26,Backtest,BlueLightning,Long,1,26306.00,26268.50,12/5/2025 4:30:00 PM,12/5/2025 4:50:00 PM,Buy,Stop loss,($750.00),$120475.00,$0.00,$0.00,$0.00,$0.00,$0.00,$750.00,$410.00,$1160.00,3,
658,NQ 06-26,Backtest,BlueLightning,Long,1,26269.75,26232.25,12/8/2025 3:50:00 PM,12/8/2025 3:50:00 PM,Buy,Stop loss,($750.00),$119725.00,$0.00,$0.00,$0.00,$0.00,$0.00,$750.00,$0.00,$750.00,1,
659,NQ 06-26,Backtest,BlueLightning,Long,1,25422.25,25384.75,12/18/2025 3:50:00 PM,12/18/2025 3:50:00 PM,Buy,Stop loss,($750.00),$118975.00,$0.00,$0.00,$0.00,$0.00,$0.00,$750.00,$0.00,$750.00,1,
660,NQ 06-26,Backtest,BlueLightning,Long,1,25397.75,25600.25,12/18/2025 4:00:00 PM,12/18/2025 7:50:00 PM,Buy,Close position,$4050.00,$123025.00,$0.00,$0.00,$0.00,$0.00,$0.00,$390.00,$4470.00,$420.00,24,
661,NQ 06-26,Backtest,BlueLightning,Short,1,25600.25,25461.00,12/18/2025 7:50:00 PM,12/18/2025 10:00:00 PM,Sell short,Exit on session close,$2785.00,$125810.00,$0.00,$0.00,$0.00,$0.00,$0.00,$125.00,$3980.00,$1195.00,14,
662,NQ 06-26,Backtest,BlueLightning,Long,1,25767.50,25730.00,12/19/2025 4:10:00 PM,12/19/2025 4:20:00 PM,Buy,Stop loss,($750.00),$125060.00,$0.00,$0.00,$0.00,$0.00,$0.00,$750.00,$830.00,$1580.00,2,
663,NQ 06-26,Backtest,BlueLightning,Long,1,25909.50,25872.00,12/22/2025 3:50:00 PM,12/22/2025 4:40:00 PM,Buy,Stop loss,($750.00),$124310.00,$0.00,$0.00,$0.00,$0.00,$0.00,$750.00,$1155.00,$1905.00,6,
664,NQ 06-26,Backtest,BlueLightning,Long,1,26090.75,26086.75,12/24/2025 6:00:00 PM,12/24/2025 7:00:00 PM,Buy,Exit on session close,($80.00),$124230.00,$0.00,$0.00,$0.00,$0.00,$0.00,$360.00,$200.00,$280.00,7,
665,NQ 06-26,Backtest,BlueLightning,Long,1,25974.50,25950.00,12/29/2025 9:10:00 PM,12/29/2025 10:00:00 PM,Buy,Exit on session close,($490.00),$123740.00,$0.00,$0.00,$0.00,$0.00,$0.00,$730.00,$10.00,$500.00,6,
666,NQ 06-26,Backtest,BlueLightning,Short,1,25953.25,25990.75,12/30/2025 5:10:00 PM,12/30/2025 5:30:00 PM,Sell short,Stop loss,($750.00),$122990.00,$0.00,$0.00,$0.00,$0.00,$0.00,$750.00,$100.00,$850.00,3,
667,NQ 06-26,Backtest,BlueLightning,Long,1,25777.25,25796.00,1/5/2026 3:50:00 PM,1/5/2026 10:00:00 PM,Buy,Exit on session close,$375.00,$123365.00,$0.00,$0.00,$0.00,$0.00,$0.00,$600.00,$2790.00,$2415.00,38,
668,NQ 06-26,Backtest,BlueLightning,Long,1,25961.75,25924.25,1/6/2026 4:10:00 PM,1/6/2026 4:50:00 PM,Buy,Stop loss,($750.00),$122615.00,$0.00,$0.00,$0.00,$0.00,$0.00,$750.00,$520.00,$1270.00,5,
669,NQ 06-26,Backtest,BlueLightning,Long,1,26051.75,26014.25,1/9/2026 4:50:00 PM,1/9/2026 4:50:00 PM,Buy,Stop loss,($750.00),$121865.00,$0.00,$0.00,$0.00,$0.00,$0.00,$750.00,$0.00,$750.00,1,
670,NQ 06-26,Backtest,BlueLightning,Long,1,26093.75,26056.25,1/15/2026 3:50:00 PM,1/15/2026 4:00:00 PM,Buy,Stop loss,($750.00),$121115.00,$0.00,$0.00,$0.00,$0.00,$0.00,$750.00,$1355.00,$2105.00,2,
671,NQ 06-26,Backtest,BlueLightning,Long,1,25524.75,25487.25,1/21/2026 4:20:00 PM,1/21/2026 5:50:00 PM,Buy,Stop loss,($750.00),$120365.00,$0.00,$0.00,$0.00,$0.00,$0.00,$750.00,$3565.00,$4315.00,10,
672,NQ 06-26,Backtest,BlueLightning,Long,1,25847.75,25810.25,1/21/2026 9:10:00 PM,1/21/2026 9:10:00 PM,Buy,Stop loss,($750.00),$119615.00,$0.00,$0.00,$0.00,$0.00,$0.00,$750.00,$0.00,$750.00,1,
673,NQ 06-26,Backtest,BlueLightning,Long,1,26274.00,26284.75,1/27/2026 4:30:00 PM,1/27/2026 10:00:00 PM,Buy,Exit on session close,$215.00,$119830.00,$0.00,$0.00,$0.00,$0.00,$0.00,$545.00,$980.00,$765.00,34,
674,NQ 06-26,Backtest,BlueLightning,Long,1,26453.00,26415.50,1/28/2026 3:50:00 PM,1/28/2026 4:20:00 PM,Buy,Stop loss,($750.00),$119080.00,$0.00,$0.00,$0.00,$0.00,$0.00,$750.00,$1135.00,$1885.00,4,
675,NQ 06-26,Backtest,BlueLightning,Short,1,26116.75,25880.25,1/30/2026 5:00:00 PM,1/30/2026 10:00:00 PM,Sell short,Exit on session close,$4730.00,$123810.00,$0.00,$0.00,$0.00,$0.00,$0.00,$115.00,$6785.00,$2055.00,31,
676,NQ 06-26,Backtest,BlueLightning,Short,1,26100.75,26065.25,2/2/2026 9:20:00 PM,2/2/2026 10:00:00 PM,Sell short,Exit on session close,$710.00,$124520.00,$0.00,$0.00,$0.00,$0.00,$0.00,$160.00,$1205.00,$495.00,5,
677,NQ 06-26,Backtest,BlueLightning,Short,1,25407.25,25444.75,2/9/2026 4:20:00 PM,2/9/2026 4:20:00 PM,Sell short,Stop loss,($750.00),$123770.00,$0.00,$0.00,$0.00,$0.00,$0.00,$750.00,$0.00,$750.00,1,
678,NQ 06-26,Backtest,BlueLightning,Long,1,25266.00,25228.50,2/18/2026 4:40:00 PM,2/18/2026 7:50:00 PM,Buy,Stop loss,($750.00),$123020.00,$0.00,$0.00,$0.00,$0.00,$0.00,$750.00,$1420.00,$2170.00,20,
679,NQ 06-26,Backtest,BlueLightning,Short,1,25171.75,25209.25,2/20/2026 6:50:00 PM,2/20/2026 6:50:00 PM,Sell short,Stop loss,($750.00),$122270.00,$0.00,$0.00,$0.00,$0.00,$0.00,$750.00,$0.00,$750.00,1,
680,NQ 06-26,Backtest,BlueLightning,Long,1,25454.00,25594.75,2/25/2026 3:50:00 PM,2/25/2026 10:00:00 PM,Buy,Exit on session close,$2815.00,$125085.00,$0.00,$0.00,$0.00,$0.00,$0.00,$230.00,$3025.00,$210.00,38,
681,NQ 06-26,Backtest,BlueLightning,Short,1,25237.75,25275.25,3/2/2026 8:20:00 PM,3/2/2026 8:20:00 PM,Sell short,Stop loss,($750.00),$124335.00,$0.00,$0.00,$0.00,$0.00,$0.00,$750.00,$0.00,$750.00,1,
682,NQ 06-26,Backtest,BlueLightning,Long,1,24898.75,24861.25,3/16/2026 2:50:00 PM,3/16/2026 3:40:00 PM,Buy,Stop loss,($750.00),$123585.00,$0.00,$0.00,$0.00,$0.00,$0.00,$750.00,$1625.00,$2375.00,6,
683,NQ 06-26,Backtest,BlueLightning,Short,1,24925.75,24963.25,3/16/2026 7:20:00 PM,3/16/2026 8:10:00 PM,Sell short,Stop loss,($750.00),$122835.00,$0.00,$0.00,$0.00,$0.00,$0.00,$750.00,$285.00,$1035.00,6,
684,NQ 06-26,Backtest,BlueLightning,Long,1,24662.00,24624.50,3/19/2026 8:30:00 PM,3/19/2026 8:30:00 PM,Buy,Stop loss,($750.00),$122085.00,$0.00,$0.00,$0.00,$0.00,$0.00,$750.00,$0.00,$750.00,1,
685,NQ 06-26,Backtest,BlueLightning,Long,1,24538.75,24501.25,3/23/2026 2:50:00 PM,3/23/2026 2:50:00 PM,Buy,Stop loss,($750.00),$121335.00,$0.00,$0.00,$0.00,$0.00,$0.00,$750.00,$0.00,$750.00,1,
686,NQ 06-26,Backtest,BlueLightning,Long,1,24576.50,24539.00,3/23/2026 3:00:00 PM,3/23/2026 3:10:00 PM,Buy,Stop loss,($750.00),$120585.00,$0.00,$0.00,$0.00,$0.00,$0.00,$750.00,$670.00,$1420.00,2,
687,NQ 06-26,Backtest,BlueLightning,Long,1,24482.75,24445.25,3/25/2026 2:50:00 PM,3/25/2026 2:50:00 PM,Buy,Stop loss,($750.00),$119835.00,$0.00,$0.00,$0.00,$0.00,$0.00,$750.00,$0.00,$750.00,1,
688,NQ 06-26,Backtest,BlueLightning,Long,1,23444.00,23406.50,3/31/2026 3:50:00 PM,3/31/2026 5:00:00 PM,Buy,Stop loss,($750.00),$119085.00,$0.00,$0.00,$0.00,$0.00,$0.00,$750.00,$2875.00,$3625.00,8,
689,NQ 06-26,Backtest,BlueLightning,Long,1,24187.00,24149.50,4/1/2026 3:50:00 PM,4/1/2026 3:50:00 PM,Buy,Stop loss,($750.00),$118335.00,$0.00,$0.00,$0.00,$0.00,$0.00,$750.00,$0.00,$750.00,1,
690,NQ 06-26,Backtest,BlueLightning,Long,1,24294.25,24256.75,4/6/2026 3:50:00 PM,4/6/2026 5:40:00 PM,Buy,Stop loss,($750.00),$117585.00,$0.00,$0.00,$0.00,$0.00,$0.00,$750.00,$3160.00,$3910.00,12,
691,NQ 06-26,Backtest,BlueLightning,Long,1,25122.75,25085.25,4/8/2026 3:50:00 PM,4/8/2026 4:00:00 PM,Buy,Stop loss,($750.00),$116835.00,$0.00,$0.00,$0.00,$0.00,$0.00,$750.00,$770.00,$1520.00,2,
692,NQ 06-26,Backtest,BlueLightning,Long,1,25080.75,25043.25,4/8/2026 4:10:00 PM,4/8/2026 4:10:00 PM,Buy,Stop loss,($750.00),$116085.00,$0.00,$0.00,$0.00,$0.00,$0.00,$750.00,$0.00,$750.00,1,
693,NQ 06-26,Backtest,BlueLightning,Long,1,25307.50,25270.00,4/10/2026 3:50:00 PM,4/10/2026 4:20:00 PM,Buy,Stop loss,($750.00),$115335.00,$0.00,$0.00,$0.00,$0.00,$0.00,$750.00,$950.00,$1700.00,4,
694,NQ 06-26,Backtest,BlueLightning,Long,1,25708.00,26001.50,4/14/2026 3:50:00 PM,4/14/2026 10:00:00 PM,Buy,Exit on session close,$5870.00,$121205.00,$0.00,$0.00,$0.00,$0.00,$0.00,$35.00,$5905.00,$35.00,38,
695,NQ 06-26,Backtest,BlueLightning,Long,1,26470.75,26433.25,4/16/2026 5:30:00 PM,4/16/2026 6:40:00 PM,Buy,Stop loss,($750.00),$120455.00,$0.00,$0.00,$0.00,$0.00,$0.00,$750.00,$1865.00,$2615.00,8,
696,NQ 06-26,Backtest,BlueLightning,Long,1,26696.75,26659.25,4/17/2026 3:50:00 PM,4/17/2026 3:50:00 PM,Buy,Stop loss,($750.00),$119705.00,$0.00,$0.00,$0.00,$0.00,$0.00,$750.00,$0.00,$750.00,1,
697,NQ 06-26,Backtest,BlueLightning,Long,1,26731.75,26828.25,4/17/2026 4:10:00 PM,4/17/2026 10:00:00 PM,Buy,Exit on session close,$1930.00,$121635.00,$0.00,$0.00,$0.00,$0.00,$0.00,$345.00,$3060.00,$1130.00,36,
698,NQ 06-26,Backtest,BlueLightning,Long,1,26860.75,26823.25,4/21/2026 4:20:00 PM,4/21/2026 4:30:00 PM,Buy,Stop loss,($750.00),$120885.00,$0.00,$0.00,$0.00,$0.00,$0.00,$750.00,$490.00,$1240.00,2,
699,NQ 06-26,Backtest,BlueLightning,Long,1,26833.75,27078.75,4/22/2026 3:50:00 PM,4/22/2026 10:00:00 PM,Buy,Exit on session close,$4900.00,$125785.00,$0.00,$0.00,$0.00,$0.00,$0.00,$445.00,$5185.00,$285.00,38,
700,NQ 06-26,Backtest,BlueLightning,Long,1,27246.75,27209.25,4/24/2026 3:50:00 PM,4/24/2026 3:50:00 PM,Buy,Stop loss,($750.00),$125035.00,$0.00,$0.00,$0.00,$0.00,$0.00,$750.00,$0.00,$750.00,1,
701,NQ 06-26,Backtest,BlueLightning,Long,1,27240.00,27202.50,4/24/2026 4:00:00 PM,4/24/2026 4:00:00 PM,Buy,Stop loss,($750.00),$124285.00,$0.00,$0.00,$0.00,$0.00,$0.00,$750.00,$0.00,$750.00,1,
702,NQ 06-26,Backtest,BlueLightning,Long,1,27782.00,27837.25,5/1/2026 4:00:00 PM,5/1/2026 10:00:00 PM,Buy,Exit on session close,$1105.00,$125390.00,$0.00,$0.00,$0.00,$0.00,$0.00,$620.00,$2700.00,$1595.00,37,
703,NQ 06-26,Backtest,BlueLightning,Long,1,28046.25,28136.00,5/5/2026 3:50:00 PM,5/5/2026 10:00:00 PM,Buy,Exit on session close,$1795.00,$127185.00,$0.00,$0.00,$0.00,$0.00,$0.00,$290.00,$2840.00,$1045.00,38,
704,NQ 06-26,Backtest,BlueLightning,Long,1,28429.50,28392.00,5/6/2026 3:50:00 PM,5/6/2026 4:10:00 PM,Buy,Stop loss,($750.00),$126435.00,$0.00,$0.00,$0.00,$0.00,$0.00,$750.00,$1530.00,$2280.00,3,
705,NQ 06-26,Backtest,BlueLightning,Long,1,28966.00,29339.75,5/8/2026 3:50:00 PM,5/8/2026 10:00:00 PM,Buy,Exit on session close,$7475.00,$133910.00,$0.00,$0.00,$0.00,$0.00,$0.00,$490.00,$7500.00,$25.00,38,
