Trade number,Instrument,Account,Strategy,Market pos.,Qty,Entry price,Exit price,Entry time,Exit time,Entry name,Exit name,Profit,Cum. net profit,Commission,Clearing Fee,Exchange Fee,IP Fee,NFA Fee,MAE,MFE,ETD,Bars,
1,NQ 06-26,Backtest,NQPivots,Short,1,9707.75,9730.75,1/9/2019 3:39:00 PM,1/9/2019 10:00:00 PM,Sell short,Exit on session close,($465.16),($465.16),$5.16,$0.00,$0.00,$0.00,$0.00,$1050.00,$645.00,$1110.16,382,
2,NQ 06-26,Backtest,NQPivots,Long,1,9790.75,9840.75,1/17/2019 3:52:00 PM,1/17/2019 8:42:00 PM,Buy,Profit target,$994.84,$529.68,$5.16,$0.00,$0.00,$0.00,$0.00,$80.00,$1000.00,$5.16,291,
3,NQ 06-26,Backtest,NQPivots,Short,1,9876.75,9910.75,1/18/2019 3:40:00 PM,1/18/2019 10:00:00 PM,Sell short,Exit on session close,($685.16),($155.48),$5.16,$0.00,$0.00,$0.00,$0.00,$1335.00,$505.00,$1190.16,381,
4,NQ 06-26,Backtest,NQPivots,Short,1,9817.50,9767.50,1/23/2019 3:39:00 PM,1/23/2019 5:19:00 PM,Sell short,Profit target,$994.84,$839.36,$5.16,$0.00,$0.00,$0.00,$0.00,$440.00,$1000.00,$5.16,101,
5,NQ 06-26,Backtest,NQPivots,Short,1,9817.50,9824.50,1/24/2019 3:50:00 PM,1/24/2019 10:00:00 PM,Sell short,Exit on session close,($145.16),$694.20,$5.16,$0.00,$0.00,$0.00,$0.00,$325.00,$815.00,$960.16,371,
6,NQ 06-26,Backtest,NQPivots,Short,1,9961.25,10026.75,1/31/2019 3:34:00 PM,1/31/2019 10:00:00 PM,Sell short,Exit on session close,($1315.16),($620.96),$5.16,$0.00,$0.00,$0.00,$0.00,$1940.00,$115.00,$1430.16,387,
7,NQ 06-26,Backtest,NQPivots,Long,1,10017.75,9994.00,2/1/2019 3:41:00 PM,2/1/2019 10:00:00 PM,Buy,Exit on session close,($480.16),($1101.12),$5.16,$0.00,$0.00,$0.00,$0.00,$840.00,$500.00,$980.16,380,
8,NQ 06-26,Backtest,NQPivots,Long,1,10137.00,10117.75,2/6/2019 3:42:00 PM,2/6/2019 10:00:00 PM,Buy,Exit on session close,($390.16),($1491.28),$5.16,$0.00,$0.00,$0.00,$0.00,$990.00,$275.00,$665.16,379,
9,NQ 06-26,Backtest,NQPivots,Short,1,10055.50,10031.75,2/11/2019 3:34:00 PM,2/11/2019 10:00:00 PM,Sell short,Exit on session close,$469.84,($1021.44),$5.16,$0.00,$0.00,$0.00,$0.00,$485.00,$850.00,$380.16,387,
10,NQ 06-26,Backtest,NQPivots,Short,1,10160.00,10175.25,2/15/2019 3:52:00 PM,2/15/2019 10:00:00 PM,Sell short,Exit on session close,($310.16),($1331.60),$5.16,$0.00,$0.00,$0.00,$0.00,$590.00,$385.00,$695.16,369,
11,NQ 06-26,Backtest,NQPivots,Long,1,10171.00,10187.00,2/19/2019 3:35:00 PM,2/19/2019 10:00:00 PM,Buy,Exit on session close,$314.84,($1016.76),$5.16,$0.00,$0.00,$0.00,$0.00,$85.00,$780.00,$465.16,386,
12,NQ 06-26,Backtest,NQPivots,Short,1,10201.00,10151.00,2/20/2019 3:44:00 PM,2/20/2019 8:22:00 PM,Sell short,Profit target,$994.84,($21.92),$5.16,$0.00,$0.00,$0.00,$0.00,$385.00,$1000.00,$5.16,279,
13,NQ 06-26,Backtest,NQPivots,Short,1,10172.00,10211.25,2/22/2019 3:34:00 PM,2/22/2019 10:00:00 PM,Sell short,Exit on session close,($790.16),($812.08),$5.16,$0.00,$0.00,$0.00,$0.00,$890.00,$50.00,$840.16,387,
14,NQ 06-26,Backtest,NQPivots,Long,1,10231.50,10243.25,2/26/2019 3:46:00 PM,2/26/2019 10:00:00 PM,Buy,Exit on session close,$229.84,($582.24),$5.16,$0.00,$0.00,$0.00,$0.00,$275.00,$695.00,$465.16,375,
15,NQ 06-26,Backtest,NQPivots,Long,1,10235.75,10220.50,2/28/2019 3:47:00 PM,2/28/2019 10:00:00 PM,Buy,Exit on session close,($310.16),($892.40),$5.16,$0.00,$0.00,$0.00,$0.00,$720.00,$205.00,$515.16,374,
16,NQ 06-26,Backtest,NQPivots,Long,1,10258.50,10274.50,3/5/2019 3:50:00 PM,3/5/2019 10:00:00 PM,Buy,Exit on session close,$314.84,($577.56),$5.16,$0.00,$0.00,$0.00,$0.00,$380.00,$775.00,$460.16,371,
17,NQ 06-26,Backtest,NQPivots,Long,1,10275.00,10232.00,3/6/2019 3:39:00 PM,3/6/2019 10:00:00 PM,Buy,Exit on session close,($865.16),($1442.72),$5.16,$0.00,$0.00,$0.00,$0.00,$1055.00,$115.00,$980.16,382,
18,NQ 06-26,Backtest,NQPivots,Short,1,10311.25,10318.50,3/12/2019 3:38:00 PM,3/12/2019 9:00:00 PM,Sell short,Exit on session close,($150.16),($1592.88),$5.16,$0.00,$0.00,$0.00,$0.00,$510.00,$195.00,$345.16,323,
19,NQ 06-26,Backtest,NQPivots,Long,1,10371.75,10357.50,3/14/2019 2:38:00 PM,3/14/2019 9:00:00 PM,Buy,Exit on session close,($290.16),($1883.04),$5.16,$0.00,$0.00,$0.00,$0.00,$330.00,$230.00,$520.16,383,
20,NQ 06-26,Backtest,NQPivots,Long,1,10465.25,10515.25,3/20/2019 2:33:00 PM,3/20/2019 7:07:00 PM,Buy,Profit target,$994.84,($888.20),$5.16,$0.00,$0.00,$0.00,$0.00,$590.00,$1000.00,$5.16,275,
21,NQ 06-26,Backtest,NQPivots,Long,1,10495.75,10521.25,3/21/2019 2:37:00 PM,3/21/2019 3:01:00 PM,Buy,Close position,$504.84,($383.36),$5.16,$0.00,$0.00,$0.00,$0.00,$35.00,$770.00,$265.16,25,
22,NQ 06-26,Backtest,NQPivots,Short,1,10521.25,10621.75,3/21/2019 3:01:00 PM,3/21/2019 8:09:00 PM,Sell short,Stop loss,($2015.16),($2398.52),$5.16,$0.00,$0.00,$0.00,$0.00,$2010.00,$30.00,$2045.16,309,
23,NQ 06-26,Backtest,NQPivots,Long,1,10432.50,10432.50,3/25/2019 2:37:00 PM,3/25/2019 9:00:00 PM,Buy,Exit on session close,($5.16),($2403.68),$5.16,$0.00,$0.00,$0.00,$0.00,$1055.00,$505.00,$510.16,384,
24,NQ 06-26,Backtest,NQPivots,Long,1,10458.50,10420.75,3/27/2019 3:04:00 PM,3/27/2019 9:00:00 PM,Buy,Exit on session close,($760.16),($3163.84),$5.16,$0.00,$0.00,$0.00,$0.00,$1925.00,$480.00,$1240.16,357,
25,NQ 06-26,Backtest,NQPivots,Short,1,10454.25,10404.25,3/28/2019 3:12:00 PM,3/28/2019 4:23:00 PM,Sell short,Profit target,$994.84,($2169.00),$5.16,$0.00,$0.00,$0.00,$0.00,$90.00,$1000.00,$5.16,72,
26,NQ 06-26,Backtest,NQPivots,Short,1,10451.00,10489.00,3/29/2019 3:52:00 PM,3/29/2019 9:00:00 PM,Sell short,Exit on session close,($765.16),($2934.16),$5.16,$0.00,$0.00,$0.00,$0.00,$835.00,$175.00,$940.16,309,
27,NQ 06-26,Backtest,NQPivots,Long,1,10583.00,10611.25,4/2/2019 3:58:00 PM,4/2/2019 10:00:00 PM,Buy,Exit on session close,$559.84,($2374.32),$5.16,$0.00,$0.00,$0.00,$0.00,$210.00,$715.00,$155.16,363,
28,NQ 06-26,Backtest,NQPivots,Short,1,10673.75,10623.75,4/4/2019 3:46:00 PM,4/4/2019 6:19:00 PM,Sell short,Profit target,$994.84,($1379.48),$5.16,$0.00,$0.00,$0.00,$0.00,$210.00,$1000.00,$5.16,154,
29,NQ 06-26,Backtest,NQPivots,Short,1,10671.25,10690.50,4/5/2019 3:35:00 PM,4/5/2019 10:00:00 PM,Sell short,Exit on session close,($390.16),($1769.64),$5.16,$0.00,$0.00,$0.00,$0.00,$465.00,$155.00,$545.16,386,
30,NQ 06-26,Backtest,NQPivots,Short,1,10689.00,10723.50,4/10/2019 3:53:00 PM,4/10/2019 10:00:00 PM,Sell short,Exit on session close,($695.16),($2464.80),$5.16,$0.00,$0.00,$0.00,$0.00,$710.00,$75.00,$770.16,368,
31,NQ 06-26,Backtest,NQPivots,Long,1,10719.75,10702.75,4/11/2019 3:43:00 PM,4/11/2019 10:00:00 PM,Buy,Exit on session close,($345.16),($2809.96),$5.16,$0.00,$0.00,$0.00,$0.00,$640.00,$70.00,$415.16,378,
32,NQ 06-26,Backtest,NQPivots,Long,1,10908.25,10889.75,4/24/2019 3:50:00 PM,4/24/2019 10:00:00 PM,Buy,Exit on session close,($375.16),($3185.12),$5.16,$0.00,$0.00,$0.00,$0.00,$395.00,$475.00,$850.16,371,
33,NQ 06-26,Backtest,NQPivots,Long,1,10923.50,10940.50,4/29/2019 3:54:00 PM,4/29/2019 10:00:00 PM,Buy,Exit on session close,$334.84,($2850.28),$5.16,$0.00,$0.00,$0.00,$0.00,$200.00,$610.00,$275.16,367,
34,NQ 06-26,Backtest,NQPivots,Long,1,10851.00,10822.25,5/2/2019 3:33:00 PM,5/2/2019 10:00:00 PM,Buy,Exit on session close,($580.16),($3430.44),$5.16,$0.00,$0.00,$0.00,$0.00,$1650.00,$805.00,$1385.16,388,
35,NQ 06-26,Backtest,NQPivots,Long,1,10725.25,10775.25,5/8/2019 3:47:00 PM,5/8/2019 5:08:00 PM,Buy,Profit target,$994.84,($2435.60),$5.16,$0.00,$0.00,$0.00,$0.00,$435.00,$1000.00,$5.16,82,
36,NQ 06-26,Backtest,NQPivots,Long,1,10670.50,10570.50,5/10/2019 3:48:00 PM,5/10/2019 4:38:00 PM,Buy,Stop loss,($2005.16),($4440.76),$5.16,$0.00,$0.00,$0.00,$0.00,$2000.00,$80.00,$2085.16,51,
37,NQ 06-26,Backtest,NQPivots,Short,1,10454.25,10499.25,5/14/2019 3:37:00 PM,5/14/2019 10:00:00 PM,Sell short,Exit on session close,($905.16),($5345.92),$5.16,$0.00,$0.00,$0.00,$0.00,$1830.00,$445.00,$1350.16,384,
38,NQ 06-26,Backtest,NQPivots,Long,1,10494.25,10544.25,5/15/2019 3:49:00 PM,5/15/2019 4:26:00 PM,Buy,Profit target,$994.84,($4351.08),$5.16,$0.00,$0.00,$0.00,$0.00,$325.00,$1000.00,$5.16,38,
39,NQ 06-26,Backtest,NQPivots,Long,1,10215.50,10115.00,6/3/2019 3:33:00 PM,6/3/2019 4:03:00 PM,Buy,Stop loss,($2015.16),($6366.24),$5.16,$0.00,$0.00,$0.00,$0.00,$2010.00,$65.00,$2080.16,31,
40,NQ 06-26,Backtest,NQPivots,Short,1,10118.50,10219.00,6/4/2019 3:52:00 PM,6/4/2019 5:30:00 PM,Sell short,Stop loss,($2015.16),($8381.40),$5.16,$0.00,$0.00,$0.00,$0.00,$2010.00,$100.00,$2115.16,99,
41,NQ 06-26,Backtest,NQPivots,Short,1,10296.50,10246.50,6/5/2019 3:44:00 PM,6/5/2019 4:33:00 PM,Sell short,Profit target,$994.84,($7386.56),$5.16,$0.00,$0.00,$0.00,$0.00,$260.00,$1000.00,$5.16,50,
42,NQ 06-26,Backtest,NQPivots,Long,1,10308.50,10358.50,6/6/2019 3:59:00 PM,6/6/2019 8:44:00 PM,Buy,Profit target,$994.84,($6391.72),$5.16,$0.00,$0.00,$0.00,$0.00,$365.00,$1000.00,$5.16,286,
43,NQ 06-26,Backtest,NQPivots,Long,1,10595.00,10561.25,6/12/2019 3:43:00 PM,6/12/2019 10:00:00 PM,Buy,Exit on session close,($680.16),($7071.88),$5.16,$0.00,$0.00,$0.00,$0.00,$955.00,$60.00,$740.16,378,
44,NQ 06-26,Backtest,NQPivots,Short,1,10582.25,10616.50,6/17/2019 3:34:00 PM,6/17/2019 10:00:00 PM,Sell short,Exit on session close,($690.16),($7762.04),$5.16,$0.00,$0.00,$0.00,$0.00,$1115.00,$60.00,$750.16,387,
45,NQ 06-26,Backtest,NQPivots,Long,1,10719.75,10769.75,6/19/2019 4:00:00 PM,6/19/2019 8:06:00 PM,Buy,Profit target,$994.84,($6767.20),$5.16,$0.00,$0.00,$0.00,$0.00,$585.00,$1000.00,$5.16,247,
46,NQ 06-26,Backtest,NQPivots,Long,1,10818.00,10815.75,6/21/2019 3:44:00 PM,6/21/2019 10:00:00 PM,Buy,Exit on session close,($50.16),($6817.36),$5.16,$0.00,$0.00,$0.00,$0.00,$385.00,$920.00,$970.16,377,
47,NQ 06-26,Backtest,NQPivots,Short,1,10735.25,10745.00,6/27/2019 3:41:00 PM,6/27/2019 10:00:00 PM,Sell short,Exit on session close,($200.16),($7017.52),$5.16,$0.00,$0.00,$0.00,$0.00,$540.00,$235.00,$435.16,380,
48,NQ 06-26,Backtest,NQPivots,Short,1,10753.50,10755.00,6/28/2019 3:38:00 PM,6/28/2019 10:00:00 PM,Sell short,Exit on session close,($35.16),($7052.68),$5.16,$0.00,$0.00,$0.00,$0.00,$305.00,$580.00,$615.16,383,
49,NQ 06-26,Backtest,NQPivots,Long,1,10849.50,10885.25,7/2/2019 3:40:00 PM,7/2/2019 10:00:00 PM,Buy,Exit on session close,$709.84,($6342.84),$5.16,$0.00,$0.00,$0.00,$0.00,$395.00,$740.00,$30.16,381,
50,NQ 06-26,Backtest,NQPivots,Short,1,10897.50,10943.75,7/3/2019 3:35:00 PM,7/3/2019 7:00:00 PM,Sell short,Exit on session close,($930.16),($7273.00),$5.16,$0.00,$0.00,$0.00,$0.00,$925.00,$40.00,$970.16,206,
51,NQ 06-26,Backtest,NQPivots,Short,1,11003.25,10980.25,7/11/2019 3:41:00 PM,7/11/2019 10:00:00 PM,Sell short,Exit on session close,$454.84,($6818.16),$5.16,$0.00,$0.00,$0.00,$0.00,$300.00,$970.00,$515.16,380,
52,NQ 06-26,Backtest,NQPivots,Short,1,11036.00,11048.75,7/15/2019 3:34:00 PM,7/15/2019 10:00:00 PM,Sell short,Exit on session close,($260.16),($7078.32),$5.16,$0.00,$0.00,$0.00,$0.00,$330.00,$285.00,$545.16,387,
53,NQ 06-26,Backtest,NQPivots,Long,1,11046.75,11008.25,7/16/2019 3:51:00 PM,7/16/2019 10:00:00 PM,Buy,Exit on session close,($775.16),($7853.48),$5.16,$0.00,$0.00,$0.00,$0.00,$1245.00,$20.00,$795.16,370,
54,NQ 06-26,Backtest,NQPivots,Short,1,11003.75,10953.75,7/19/2019 3:54:00 PM,7/19/2019 8:17:00 PM,Sell short,Profit target,$994.84,($6858.64),$5.16,$0.00,$0.00,$0.00,$0.00,$225.00,$1000.00,$5.16,264,
55,NQ 06-26,Backtest,NQPivots,Short,1,10996.75,11031.00,7/23/2019 3:52:00 PM,7/23/2019 10:00:00 PM,Sell short,Exit on session close,($690.16),($7548.80),$5.16,$0.00,$0.00,$0.00,$0.00,$690.00,$565.00,$1255.16,369,
56,NQ 06-26,Backtest,NQPivots,Long,1,11026.25,11076.25,7/24/2019 3:43:00 PM,7/24/2019 9:12:00 PM,Buy,Profit target,$994.84,($6553.96),$5.16,$0.00,$0.00,$0.00,$0.00,$95.00,$1000.00,$5.16,330,
57,NQ 06-26,Backtest,NQPivots,Short,1,10975.75,10925.75,8/1/2019 3:38:00 PM,8/1/2019 7:41:00 PM,Sell short,Profit target,$994.84,($5559.12),$5.16,$0.00,$0.00,$0.00,$0.00,$1985.00,$1000.00,$5.16,244,
58,NQ 06-26,Backtest,NQPivots,Long,1,10780.00,10679.50,8/9/2019 3:39:00 PM,8/9/2019 5:28:00 PM,Buy,Stop loss,($2015.16),($7574.28),$5.16,$0.00,$0.00,$0.00,$0.00,$2010.00,$5.00,$2020.16,110,
59,NQ 06-26,Backtest,NQPivots,Long,1,10623.50,10673.50,8/13/2019 3:35:00 PM,8/13/2019 3:38:00 PM,Buy,Profit target,$994.84,($6579.44),$5.16,$0.00,$0.00,$0.00,$0.00,$65.00,$1000.00,$5.16,4,
60,NQ 06-26,Backtest,NQPivots,Long,1,10551.50,10553.75,8/15/2019 3:45:00 PM,8/15/2019 10:00:00 PM,Buy,Exit on session close,$39.84,($6539.60),$5.16,$0.00,$0.00,$0.00,$0.00,$1110.00,$760.00,$720.16,376,
61,NQ 06-26,Backtest,NQPivots,Short,1,10815.50,10765.50,8/22/2019 3:34:00 PM,8/22/2019 4:29:00 PM,Sell short,Profit target,$994.84,($5544.76),$5.16,$0.00,$0.00,$0.00,$0.00,$370.00,$1000.00,$5.16,56,
62,NQ 06-26,Backtest,NQPivots,Short,1,10603.75,10643.50,8/26/2019 3:35:00 PM,8/26/2019 10:00:00 PM,Sell short,Exit on session close,($800.16),($6344.92),$5.16,$0.00,$0.00,$0.00,$0.00,$810.00,$655.00,$1455.16,386,
63,NQ 06-26,Backtest,NQPivots,Short,1,10787.50,10737.50,8/30/2019 3:58:00 PM,8/30/2019 5:12:00 PM,Sell short,Profit target,$994.84,($5350.08),$5.16,$0.00,$0.00,$0.00,$0.00,$255.00,$1000.00,$5.16,75,
64,NQ 06-26,Backtest,NQPivots,Long,1,10923.75,10916.25,9/6/2019 3:50:00 PM,9/6/2019 10:00:00 PM,Buy,Exit on session close,($155.16),($5505.24),$5.16,$0.00,$0.00,$0.00,$0.00,$500.00,$320.00,$475.16,371,
65,NQ 06-26,Backtest,NQPivots,Short,1,10926.25,10876.25,9/9/2019 3:38:00 PM,9/9/2019 6:36:00 PM,Sell short,Profit target,$994.84,($4510.40),$5.16,$0.00,$0.00,$0.00,$0.00,$230.00,$1000.00,$5.16,179,
66,NQ 06-26,Backtest,NQPivots,Short,1,10897.50,10950.75,9/11/2019 3:42:00 PM,9/11/2019 10:00:00 PM,Sell short,Exit on session close,($1070.16),($5580.56),$5.16,$0.00,$0.00,$0.00,$0.00,$1155.00,$90.00,$1160.16,379,
67,NQ 06-26,Backtest,NQPivots,Long,1,10976.25,10955.50,9/13/2019 3:52:00 PM,9/13/2019 10:00:00 PM,Buy,Exit on session close,($420.16),($6000.72),$5.16,$0.00,$0.00,$0.00,$0.00,$655.00,$245.00,$665.16,369,
68,NQ 06-26,Backtest,NQPivots,Long,1,10914.75,10926.25,9/17/2019 3:40:00 PM,9/17/2019 3:45:00 PM,Buy,Close position,$224.84,($5775.88),$5.16,$0.00,$0.00,$0.00,$0.00,$25.00,$355.00,$130.16,6,
69,NQ 06-26,Backtest,NQPivots,Short,1,10926.25,10954.75,9/17/2019 3:45:00 PM,9/17/2019 10:00:00 PM,Sell short,Exit on session close,($575.16),($6351.04),$5.16,$0.00,$0.00,$0.00,$0.00,$620.00,$385.00,$960.16,376,
70,NQ 06-26,Backtest,NQPivots,Long,1,10869.75,10879.00,9/23/2019 3:35:00 PM,9/23/2019 10:00:00 PM,Buy,Exit on session close,$179.84,($6171.20),$5.16,$0.00,$0.00,$0.00,$0.00,$450.00,$710.00,$530.16,386,
71,NQ 06-26,Backtest,NQPivots,Short,1,10734.00,10805.25,10/4/2019 3:34:00 PM,10/4/2019 10:00:00 PM,Sell short,Exit on session close,($1430.16),($7601.36),$5.16,$0.00,$0.00,$0.00,$0.00,$1585.00,$250.00,$1680.16,387,
72,NQ 06-26,Backtest,NQPivots,Long,1,10740.25,10790.25,10/10/2019 3:33:00 PM,10/10/2019 3:56:00 PM,Buy,Profit target,$994.84,($6606.52),$5.16,$0.00,$0.00,$0.00,$0.00,$95.00,$1000.00,$5.16,24,
73,NQ 06-26,Backtest,NQPivots,Long,1,10884.25,10893.25,10/14/2019 3:45:00 PM,10/14/2019 10:00:00 PM,Buy,Exit on session close,$174.84,($6431.68),$5.16,$0.00,$0.00,$0.00,$0.00,$125.00,$680.00,$505.16,376,
74,NQ 06-26,Backtest,NQPivots,Long,1,10989.25,10888.75,10/18/2019 3:35:00 PM,10/18/2019 6:21:00 PM,Buy,Stop loss,($2015.16),($8446.84),$5.16,$0.00,$0.00,$0.00,$0.00,$2010.00,$175.00,$2190.16,167,
75,NQ 06-26,Backtest,NQPivots,Short,1,10948.50,10986.25,10/21/2019 3:51:00 PM,10/21/2019 10:00:00 PM,Sell short,Exit on session close,($760.16),($9207.00),$5.16,$0.00,$0.00,$0.00,$0.00,$855.00,$310.00,$1070.16,370,
76,NQ 06-26,Backtest,NQPivots,Long,1,10917.75,10935.25,10/23/2019 3:41:00 PM,10/23/2019 10:00:00 PM,Buy,Exit on session close,$344.84,($8862.16),$5.16,$0.00,$0.00,$0.00,$0.00,$490.00,$415.00,$70.16,380,
77,NQ 06-26,Backtest,NQPivots,Long,1,11007.25,11057.25,10/25/2019 4:00:00 PM,10/25/2019 5:15:00 PM,Buy,Profit target,$994.84,($7867.32),$5.16,$0.00,$0.00,$0.00,$0.00,$100.00,$1000.00,$5.16,76,
78,NQ 06-26,Backtest,NQPivots,Long,1,11090.25,11140.25,10/30/2019 2:50:00 PM,10/30/2019 8:25:00 PM,Buy,Profit target,$994.84,($6872.48),$5.16,$0.00,$0.00,$0.00,$0.00,$605.00,$1000.00,$5.16,336,
79,NQ 06-26,Backtest,NQPivots,Short,1,11150.75,11100.75,10/31/2019 2:40:00 PM,10/31/2019 3:24:00 PM,Sell short,Profit target,$994.84,($5877.64),$5.16,$0.00,$0.00,$0.00,$0.00,$125.00,$1000.00,$5.16,45,
80,NQ 06-26,Backtest,NQPivots,Long,1,11255.00,11254.00,11/5/2019 3:46:00 PM,11/5/2019 10:00:00 PM,Buy,Exit on session close,($25.16),($5902.80),$5.16,$0.00,$0.00,$0.00,$0.00,$445.00,$385.00,$410.16,375,
81,NQ 06-26,Backtest,NQPivots,Long,1,11261.50,11300.75,11/8/2019 3:38:00 PM,11/8/2019 10:00:00 PM,Buy,Exit on session close,$779.84,($5122.96),$5.16,$0.00,$0.00,$0.00,$0.00,$640.00,$795.00,$15.16,383,
82,NQ 06-26,Backtest,NQPivots,Short,1,11300.25,11311.50,11/12/2019 3:36:00 PM,11/12/2019 10:00:00 PM,Sell short,Exit on session close,($230.16),($5353.12),$5.16,$0.00,$0.00,$0.00,$0.00,$790.00,$355.00,$585.16,385,
83,NQ 06-26,Backtest,NQPivots,Short,1,11390.25,11384.00,11/19/2019 3:39:00 PM,11/19/2019 10:00:00 PM,Sell short,Exit on session close,$119.84,($5233.28),$5.16,$0.00,$0.00,$0.00,$0.00,$245.00,$765.00,$645.16,382,
84,NQ 06-26,Backtest,NQPivots,Short,1,11320.25,11317.50,11/22/2019 3:34:00 PM,11/22/2019 10:00:00 PM,Sell short,Exit on session close,$49.84,($5183.44),$5.16,$0.00,$0.00,$0.00,$0.00,$360.00,$950.00,$900.16,387,
85,NQ 06-26,Backtest,NQPivots,Short,1,11344.00,11352.50,12/5/2019 4:00:00 PM,12/5/2019 10:00:00 PM,Sell short,Exit on session close,($175.16),($5358.60),$5.16,$0.00,$0.00,$0.00,$0.00,$240.00,$625.00,$800.16,361,
86,NQ 06-26,Backtest,NQPivots,Long,1,11437.00,11404.00,12/9/2019 3:34:00 PM,12/9/2019 10:00:00 PM,Buy,Exit on session close,($665.16),($6023.76),$5.16,$0.00,$0.00,$0.00,$0.00,$705.00,$595.00,$1260.16,387,
87,NQ 06-26,Backtest,NQPivots,Long,1,11402.00,11398.00,12/10/2019 3:35:00 PM,12/10/2019 10:00:00 PM,Buy,Exit on session close,($85.16),($6108.92),$5.16,$0.00,$0.00,$0.00,$0.00,$480.00,$710.00,$795.16,386,
88,NQ 06-26,Backtest,NQPivots,Short,1,11413.75,11444.50,12/11/2019 3:47:00 PM,12/11/2019 10:00:00 PM,Sell short,Exit on session close,($620.16),($6729.08),$5.16,$0.00,$0.00,$0.00,$0.00,$735.00,$70.00,$690.16,374,
89,NQ 06-26,Backtest,NQPivots,Long,1,11446.25,11496.25,12/12/2019 3:37:00 PM,12/12/2019 3:40:00 PM,Buy,Profit target,$994.84,($5734.24),$5.16,$0.00,$0.00,$0.00,$0.00,$75.00,$1000.00,$5.16,4,
90,NQ 06-26,Backtest,NQPivots,Long,1,11497.50,11547.50,12/13/2019 3:33:00 PM,12/13/2019 4:03:00 PM,Buy,Profit target,$994.84,($4739.40),$5.16,$0.00,$0.00,$0.00,$0.00,$340.00,$1000.00,$5.16,31,
91,NQ 06-26,Backtest,NQPivots,Short,1,11628.25,11620.75,12/17/2019 3:33:00 PM,12/17/2019 10:00:00 PM,Sell short,Exit on session close,$144.84,($4594.56),$5.16,$0.00,$0.00,$0.00,$0.00,$235.00,$345.00,$200.16,388,
92,NQ 06-26,Backtest,NQPivots,Short,1,11626.75,11627.50,12/18/2019 4:00:00 PM,12/18/2019 10:00:00 PM,Sell short,Exit on session close,($20.16),($4614.72),$5.16,$0.00,$0.00,$0.00,$0.00,$585.00,$90.00,$110.16,361,
93,NQ 06-26,Backtest,NQPivots,Short,1,11740.50,11735.00,12/24/2019 3:35:00 PM,12/24/2019 3:45:00 PM,Sell short,Close position,$104.84,($4509.88),$5.16,$0.00,$0.00,$0.00,$0.00,$10.00,$170.00,$65.16,11,
94,NQ 06-26,Backtest,NQPivots,Long,1,11735.00,11739.75,12/24/2019 3:45:00 PM,12/24/2019 7:00:00 PM,Buy,Exit on session close,$89.84,($4420.04),$5.16,$0.00,$0.00,$0.00,$0.00,$265.00,$150.00,$60.16,196,
95,NQ 06-26,Backtest,NQPivots,Short,1,11831.00,11807.75,12/27/2019 3:45:00 PM,12/27/2019 10:00:00 PM,Sell short,Exit on session close,$459.84,($3960.20),$5.16,$0.00,$0.00,$0.00,$0.00,$80.00,$945.00,$485.16,376,
96,NQ 06-26,Backtest,NQPivots,Long,1,11802.50,11746.25,12/30/2019 3:33:00 PM,12/30/2019 10:00:00 PM,Buy,Exit on session close,($1130.16),($5090.36),$5.16,$0.00,$0.00,$0.00,$0.00,$1930.00,$105.00,$1235.16,388,
97,NQ 06-26,Backtest,NQPivots,Long,1,11739.00,11762.50,12/31/2019 3:34:00 PM,12/31/2019 10:00:00 PM,Buy,Exit on session close,$464.84,($4625.52),$5.16,$0.00,$0.00,$0.00,$0.00,$405.00,$625.00,$160.16,387,
98,NQ 06-26,Backtest,NQPivots,Long,1,11870.00,11876.75,1/7/2020 4:00:00 PM,1/7/2020 10:00:00 PM,Buy,Exit on session close,$129.84,($4495.68),$5.16,$0.00,$0.00,$0.00,$0.00,$250.00,$655.00,$525.16,361,
99,NQ 06-26,Backtest,NQPivots,Long,1,11882.50,11883.00,1/8/2020 3:33:00 PM,1/8/2020 3:38:00 PM,Buy,Close position,$4.84,($4490.84),$5.16,$0.00,$0.00,$0.00,$0.00,$25.00,$280.00,$275.16,6,
100,NQ 06-26,Backtest,NQPivots,Short,1,11883.00,11983.50,1/8/2020 3:38:00 PM,1/8/2020 9:23:00 PM,Sell short,Stop loss,($2015.16),($6506.00),$5.16,$0.00,$0.00,$0.00,$0.00,$2010.00,$245.00,$2260.16,346,
101,NQ 06-26,Backtest,NQPivots,Short,1,12037.00,11987.00,1/10/2020 3:35:00 PM,1/10/2020 9:43:00 PM,Sell short,Profit target,$994.84,($5511.16),$5.16,$0.00,$0.00,$0.00,$0.00,$405.00,$1000.00,$5.16,369,
102,NQ 06-26,Backtest,NQPivots,Long,1,12093.00,12065.00,1/14/2020 3:35:00 PM,1/14/2020 10:00:00 PM,Buy,Exit on session close,($565.16),($6076.32),$5.16,$0.00,$0.00,$0.00,$0.00,$865.00,$335.00,$900.16,386,
103,NQ 06-26,Backtest,NQPivots,Short,1,12080.50,12068.00,1/15/2020 3:36:00 PM,1/15/2020 10:00:00 PM,Sell short,Exit on session close,$244.84,($5831.48),$5.16,$0.00,$0.00,$0.00,$0.00,$605.00,$855.00,$610.16,385,
104,NQ 06-26,Backtest,NQPivots,Short,1,12165.25,12198.00,1/17/2020 3:38:00 PM,1/17/2020 10:00:00 PM,Sell short,Exit on session close,($660.16),($6491.64),$5.16,$0.00,$0.00,$0.00,$0.00,$775.00,$410.00,$1070.16,383,
105,NQ 06-26,Backtest,NQPivots,Short,1,12141.50,12091.50,1/29/2020 3:50:00 PM,1/29/2020 4:05:00 PM,Sell short,Profit target,$994.84,($5496.80),$5.16,$0.00,$0.00,$0.00,$0.00,$25.00,$1000.00,$5.16,16,
106,NQ 06-26,Backtest,NQPivots,Long,1,12120.50,12158.50,1/30/2020 3:38:00 PM,1/30/2020 10:00:00 PM,Buy,Exit on session close,$754.84,($4741.96),$5.16,$0.00,$0.00,$0.00,$0.00,$1625.00,$850.00,$95.16,383,
107,NQ 06-26,Backtest,NQPivots,Short,1,12387.25,12337.25,2/5/2020 3:45:00 PM,2/5/2020 4:42:00 PM,Sell short,Profit target,$994.84,($3747.12),$5.16,$0.00,$0.00,$0.00,$0.00,$780.00,$1000.00,$5.16,58,
108,NQ 06-26,Backtest,NQPivots,Long,1,12422.00,12445.50,2/10/2020 3:34:00 PM,2/10/2020 3:45:00 PM,Buy,Close position,$464.84,($3282.28),$5.16,$0.00,$0.00,$0.00,$0.00,$185.00,$545.00,$80.16,12,
109,NQ 06-26,Backtest,NQPivots,Short,1,12445.50,12540.25,2/10/2020 3:45:00 PM,2/10/2020 10:00:00 PM,Sell short,Exit on session close,($1900.16),($5182.44),$5.16,$0.00,$0.00,$0.00,$0.00,$1900.00,$155.00,$2055.16,376,
110,NQ 06-26,Backtest,NQPivots,Short,1,12578.25,12528.25,2/11/2020 3:33:00 PM,2/11/2020 9:12:00 PM,Sell short,Profit target,$994.84,($4187.60),$5.16,$0.00,$0.00,$0.00,$0.00,$920.00,$1000.00,$5.16,340,
111,NQ 06-26,Backtest,NQPivots,Short,1,12647.00,12644.75,2/14/2020 3:37:00 PM,2/14/2020 10:00:00 PM,Sell short,Exit on session close,$39.84,($4147.76),$5.16,$0.00,$0.00,$0.00,$0.00,$200.00,$885.00,$845.16,384,
112,NQ 06-26,Backtest,NQPivots,Short,1,12142.50,12092.50,2/25/2020 3:45:00 PM,2/25/2020 4:25:00 PM,Sell short,Profit target,$994.84,($3152.92),$5.16,$0.00,$0.00,$0.00,$0.00,$370.00,$1000.00,$5.16,41,
113,NQ 06-26,Backtest,NQPivots,Short,1,11588.00,11538.00,3/2/2020 3:33:00 PM,3/2/2020 3:36:00 PM,Sell short,Profit target,$994.84,($2158.08),$5.16,$0.00,$0.00,$0.00,$0.00,$455.00,$1000.00,$5.16,4,
114,NQ 06-26,Backtest,NQPivots,Long,1,11852.25,11902.25,3/3/2020 3:44:00 PM,3/3/2020 4:01:00 PM,Buy,Profit target,$994.84,($1163.24),$5.16,$0.00,$0.00,$0.00,$0.00,$1855.00,$1000.00,$5.16,18,
115,NQ 06-26,Backtest,NQPivots,Short,1,11736.25,11686.25,3/4/2020 3:37:00 PM,3/4/2020 3:56:00 PM,Sell short,Profit target,$994.84,($168.40),$5.16,$0.00,$0.00,$0.00,$0.00,$150.00,$1000.00,$5.16,20,
116,NQ 06-26,Backtest,NQPivots,Short,1,10109.25,10059.25,3/17/2020 2:39:00 PM,3/17/2020 2:44:00 PM,Sell short,Profit target,$994.84,$826.44,$5.16,$0.00,$0.00,$0.00,$0.00,$615.00,$1000.00,$5.16,6,
117,NQ 06-26,Backtest,NQPivots,Short,1,10089.25,10039.25,3/17/2020 2:49:00 PM,3/17/2020 2:52:00 PM,Sell short,Profit target,$994.84,$1821.28,$5.16,$0.00,$0.00,$0.00,$0.00,$680.00,$1000.00,$5.16,4,
118,NQ 06-26,Backtest,NQPivots,Long,1,10192.75,10242.75,3/19/2020 2:57:00 PM,3/19/2020 3:00:00 PM,Buy,Profit target,$994.84,$2816.12,$5.16,$0.00,$0.00,$0.00,$0.00,$270.00,$1000.00,$5.16,4,
119,NQ 06-26,Backtest,NQPivots,Short,1,10368.75,10318.75,3/19/2020 3:19:00 PM,3/19/2020 3:23:00 PM,Sell short,Profit target,$994.84,$3810.96,$5.16,$0.00,$0.00,$0.00,$0.00,$465.00,$1000.00,$5.16,5,
120,NQ 06-26,Backtest,NQPivots,Short,1,10361.25,10311.25,3/19/2020 3:37:00 PM,3/19/2020 3:39:00 PM,Sell short,Profit target,$994.84,$4805.80,$5.16,$0.00,$0.00,$0.00,$0.00,$25.00,$1000.00,$5.16,3,
121,NQ 06-26,Backtest,NQPivots,Short,1,10425.25,10375.25,3/20/2020 2:40:00 PM,3/20/2020 2:41:00 PM,Sell short,Profit target,$994.84,$5800.64,$5.16,$0.00,$0.00,$0.00,$0.00,$80.00,$1000.00,$5.16,2,
122,NQ 06-26,Backtest,NQPivots,Short,1,10408.75,10358.75,3/20/2020 3:07:00 PM,3/20/2020 4:22:00 PM,Sell short,Profit target,$994.84,$6795.48,$5.16,$0.00,$0.00,$0.00,$0.00,$1865.00,$1000.00,$5.16,76,
123,NQ 06-26,Backtest,NQPivots,Long,1,10003.25,9902.75,3/23/2020 2:34:00 PM,3/23/2020 2:39:00 PM,Buy,Stop loss,($2015.16),$4780.32,$5.16,$0.00,$0.00,$0.00,$0.00,$2010.00,$640.00,$2655.16,6,
124,NQ 06-26,Backtest,NQPivots,Long,1,9956.75,10006.75,3/23/2020 2:49:00 PM,3/23/2020 2:53:00 PM,Buy,Profit target,$994.84,$5775.16,$5.16,$0.00,$0.00,$0.00,$0.00,$810.00,$1000.00,$5.16,5,
125,NQ 06-26,Backtest,NQPivots,Long,1,10546.00,10596.00,3/25/2020 2:33:00 PM,3/25/2020 2:34:00 PM,Buy,Profit target,$994.84,$6770.00,$5.16,$0.00,$0.00,$0.00,$0.00,$225.00,$1000.00,$5.16,2,
126,NQ 06-26,Backtest,NQPivots,Short,1,10611.50,10561.50,3/25/2020 2:47:00 PM,3/25/2020 2:53:00 PM,Sell short,Profit target,$994.84,$7764.84,$5.16,$0.00,$0.00,$0.00,$0.00,$360.00,$1000.00,$5.16,7,
127,NQ 06-26,Backtest,NQPivots,Long,1,10537.00,10437.00,3/25/2020 2:58:00 PM,3/25/2020 3:05:00 PM,Buy,Stop loss,($2005.16),$5759.68,$5.16,$0.00,$0.00,$0.00,$0.00,$2000.00,$185.00,$2190.16,8,
128,NQ 06-26,Backtest,NQPivots,Short,1,10581.50,10682.00,3/26/2020 2:34:00 PM,3/26/2020 3:08:00 PM,Sell short,Stop loss,($2015.16),$3744.52,$5.16,$0.00,$0.00,$0.00,$0.00,$2010.00,$510.00,$2525.16,35,
129,NQ 06-26,Backtest,NQPivots,Long,1,10877.25,10927.25,3/31/2020 3:37:00 PM,3/31/2020 4:12:00 PM,Buy,Profit target,$994.84,$4739.36,$5.16,$0.00,$0.00,$0.00,$0.00,$1120.00,$1000.00,$5.16,36,
130,NQ 06-26,Backtest,NQPivots,Long,1,10480.50,10530.50,4/2/2020 3:54:00 PM,4/2/2020 4:10:00 PM,Buy,Profit target,$994.84,$5734.20,$5.16,$0.00,$0.00,$0.00,$0.00,$515.00,$1000.00,$5.16,17,
131,NQ 06-26,Backtest,NQPivots,Long,1,10622.00,10672.00,4/3/2020 3:33:00 PM,4/3/2020 3:42:00 PM,Buy,Profit target,$994.84,$6729.04,$5.16,$0.00,$0.00,$0.00,$0.00,$165.00,$1000.00,$5.16,10,
132,NQ 06-26,Backtest,NQPivots,Short,1,11134.00,11084.00,4/8/2020 3:38:00 PM,4/8/2020 4:06:00 PM,Sell short,Profit target,$994.84,$7723.88,$5.16,$0.00,$0.00,$0.00,$0.00,$835.00,$1000.00,$5.16,29,
133,NQ 06-26,Backtest,NQPivots,Short,1,11287.00,11237.00,4/9/2020 3:38:00 PM,4/9/2020 4:16:00 PM,Sell short,Profit target,$994.84,$8718.72,$5.16,$0.00,$0.00,$0.00,$0.00,$1270.00,$1000.00,$5.16,39,
134,NQ 06-26,Backtest,NQPivots,Long,1,11248.50,11298.50,4/13/2020 3:39:00 PM,4/13/2020 9:21:00 PM,Buy,Profit target,$994.84,$9713.56,$5.16,$0.00,$0.00,$0.00,$0.00,$1660.00,$1000.00,$5.16,343,
135,NQ 06-26,Backtest,NQPivots,Short,1,11820.00,11770.00,4/17/2020 3:39:00 PM,4/17/2020 4:49:00 PM,Sell short,Profit target,$994.84,$10708.40,$5.16,$0.00,$0.00,$0.00,$0.00,$1030.00,$1000.00,$5.16,71,
136,NQ 06-26,Backtest,NQPivots,Long,1,11637.25,11687.25,4/24/2020 3:54:00 PM,4/24/2020 4:37:00 PM,Buy,Profit target,$994.84,$11703.24,$5.16,$0.00,$0.00,$0.00,$0.00,$600.00,$1000.00,$5.16,44,
137,NQ 06-26,Backtest,NQPivots,Short,1,11871.25,11821.25,4/28/2020 3:57:00 PM,4/28/2020 4:19:00 PM,Sell short,Profit target,$994.84,$12698.08,$5.16,$0.00,$0.00,$0.00,$0.00,$70.00,$1000.00,$5.16,23,
138,NQ 06-26,Backtest,NQPivots,Long,1,11974.50,12024.50,4/30/2020 3:39:00 PM,4/30/2020 3:52:00 PM,Buy,Profit target,$994.84,$13692.92,$5.16,$0.00,$0.00,$0.00,$0.00,$250.00,$1000.00,$5.16,14,
139,NQ 06-26,Backtest,NQPivots,Long,1,11726.50,11776.50,5/4/2020 3:53:00 PM,5/4/2020 4:06:00 PM,Buy,Profit target,$994.84,$14687.76,$5.16,$0.00,$0.00,$0.00,$0.00,$25.00,$1000.00,$5.16,14,
140,NQ 06-26,Backtest,NQPivots,Long,1,12229.75,12279.75,5/11/2020 3:41:00 PM,5/11/2020 5:27:00 PM,Buy,Profit target,$994.84,$15682.60,$5.16,$0.00,$0.00,$0.00,$0.00,$225.00,$1000.00,$5.16,107,
141,NQ 06-26,Backtest,NQPivots,Long,1,12110.75,12160.75,5/13/2020 3:41:00 PM,5/13/2020 4:02:00 PM,Buy,Profit target,$994.84,$16677.44,$5.16,$0.00,$0.00,$0.00,$0.00,$470.00,$1000.00,$5.16,22,
142,NQ 06-26,Backtest,NQPivots,Long,1,11988.00,11887.50,5/14/2020 3:33:00 PM,5/14/2020 3:54:00 PM,Buy,Stop loss,($2015.16),$14662.28,$5.16,$0.00,$0.00,$0.00,$0.00,$2010.00,$240.00,$2255.16,22,
143,NQ 06-26,Backtest,NQPivots,Short,1,12377.00,12327.00,5/19/2020 3:43:00 PM,5/19/2020 9:55:00 PM,Sell short,Profit target,$994.84,$15657.12,$5.16,$0.00,$0.00,$0.00,$0.00,$1275.00,$1000.00,$5.16,373,
144,NQ 06-26,Backtest,NQPivots,Short,1,12529.75,12479.75,5/21/2020 3:46:00 PM,5/21/2020 4:00:00 PM,Sell short,Profit target,$994.84,$16651.96,$5.16,$0.00,$0.00,$0.00,$0.00,$70.00,$1000.00,$5.16,15,
145,NQ 06-26,Backtest,NQPivots,Long,1,12389.75,12439.75,5/22/2020 3:33:00 PM,5/22/2020 8:40:00 PM,Buy,Profit target,$994.84,$17646.80,$5.16,$0.00,$0.00,$0.00,$0.00,$915.00,$1000.00,$5.16,308,
146,NQ 06-26,Backtest,NQPivots,Long,1,12443.50,12493.50,5/28/2020 3:37:00 PM,5/28/2020 4:11:00 PM,Buy,Profit target,$994.84,$18641.64,$5.16,$0.00,$0.00,$0.00,$0.00,$245.00,$1000.00,$5.16,35,
147,NQ 06-26,Backtest,NQPivots,Short,1,12487.75,12437.75,5/29/2020 3:57:00 PM,5/29/2020 4:09:00 PM,Sell short,Profit target,$994.84,$19636.48,$5.16,$0.00,$0.00,$0.00,$0.00,$130.00,$1000.00,$5.16,13,
148,NQ 06-26,Backtest,NQPivots,Long,1,12567.25,12617.25,6/1/2020 3:33:00 PM,6/1/2020 6:51:00 PM,Buy,Profit target,$994.84,$20631.32,$5.16,$0.00,$0.00,$0.00,$0.00,$675.00,$1000.00,$5.16,199,
149,NQ 06-26,Backtest,NQPivots,Long,1,12610.25,12660.25,6/2/2020 3:36:00 PM,6/2/2020 9:51:00 PM,Buy,Profit target,$994.84,$21626.16,$5.16,$0.00,$0.00,$0.00,$0.00,$1625.00,$1000.00,$5.16,376,
150,NQ 06-26,Backtest,NQPivots,Long,1,12716.25,12766.25,6/4/2020 3:35:00 PM,6/4/2020 3:58:00 PM,Buy,Profit target,$994.84,$22621.00,$5.16,$0.00,$0.00,$0.00,$0.00,$260.00,$1000.00,$5.16,24,
151,NQ 06-26,Backtest,NQPivots,Short,1,12695.00,12795.50,6/5/2020 3:33:00 PM,6/5/2020 3:46:00 PM,Sell short,Stop loss,($2015.16),$20605.84,$5.16,$0.00,$0.00,$0.00,$0.00,$2010.00,$350.00,$2365.16,14,
152,NQ 06-26,Backtest,NQPivots,Long,1,12831.50,12881.50,6/8/2020 3:36:00 PM,6/8/2020 7:59:00 PM,Buy,Profit target,$994.84,$21600.68,$5.16,$0.00,$0.00,$0.00,$0.00,$1205.00,$1000.00,$5.16,264,
153,NQ 06-26,Backtest,NQPivots,Long,1,12907.00,12957.00,6/9/2020 3:38:00 PM,6/9/2020 4:43:00 PM,Buy,Profit target,$994.84,$22595.52,$5.16,$0.00,$0.00,$0.00,$0.00,$335.00,$1000.00,$5.16,66,
154,NQ 06-26,Backtest,NQPivots,Short,1,13035.25,12985.25,6/17/2020 3:38:00 PM,6/17/2020 4:20:00 PM,Sell short,Profit target,$994.84,$23590.36,$5.16,$0.00,$0.00,$0.00,$0.00,$480.00,$1000.00,$5.16,43,
155,NQ 06-26,Backtest,NQPivots,Long,1,13018.50,13039.75,6/18/2020 3:33:00 PM,6/18/2020 10:00:00 PM,Buy,Exit on session close,$419.84,$24010.20,$5.16,$0.00,$0.00,$0.00,$0.00,$1060.00,$625.00,$205.16,388,
156,NQ 06-26,Backtest,NQPivots,Long,1,13224.75,13124.25,6/24/2020 3:34:00 PM,6/24/2020 4:02:00 PM,Buy,Stop loss,($2015.16),$21995.04,$5.16,$0.00,$0.00,$0.00,$0.00,$2010.00,$760.00,$2775.16,29,
157,NQ 06-26,Backtest,NQPivots,Long,1,13109.50,13009.00,6/26/2020 3:35:00 PM,6/26/2020 4:12:00 PM,Buy,Stop loss,($2015.16),$19979.88,$5.16,$0.00,$0.00,$0.00,$0.00,$2010.00,$175.00,$2190.16,38,
158,NQ 06-26,Backtest,NQPivots,Long,1,12872.00,12771.50,6/29/2020 3:34:00 PM,6/29/2020 3:49:00 PM,Buy,Stop loss,($2015.16),$17964.72,$5.16,$0.00,$0.00,$0.00,$0.00,$2010.00,$175.00,$2190.16,16,
159,NQ 06-26,Backtest,NQPivots,Short,1,13050.50,13151.00,6/30/2020 3:50:00 PM,6/30/2020 9:28:00 PM,Sell short,Stop loss,($2015.16),$15949.56,$5.16,$0.00,$0.00,$0.00,$0.00,$2010.00,$280.00,$2295.16,339,
160,NQ 06-26,Backtest,NQPivots,Long,1,13640.00,13668.25,7/7/2020 3:34:00 PM,7/7/2020 3:53:00 PM,Buy,Close position,$559.84,$16509.40,$5.16,$0.00,$0.00,$0.00,$0.00,$830.00,$690.00,$130.16,20,
161,NQ 06-26,Backtest,NQPivots,Short,1,13668.25,13618.25,7/7/2020 3:53:00 PM,7/7/2020 8:32:00 PM,Sell short,Profit target,$994.84,$17504.24,$5.16,$0.00,$0.00,$0.00,$0.00,$1350.00,$1000.00,$5.16,280,
162,NQ 06-26,Backtest,NQPivots,Short,1,13732.50,13682.50,7/9/2020 3:39:00 PM,7/9/2020 4:46:00 PM,Sell short,Profit target,$994.84,$18499.08,$5.16,$0.00,$0.00,$0.00,$0.00,$1045.00,$1000.00,$5.16,68,
163,NQ 06-26,Backtest,NQPivots,Long,1,13595.75,13645.75,7/14/2020 3:34:00 PM,7/14/2020 3:42:00 PM,Buy,Profit target,$994.84,$19493.92,$5.16,$0.00,$0.00,$0.00,$0.00,$105.00,$1000.00,$5.16,9,
164,NQ 06-26,Backtest,NQPivots,Long,1,13640.00,13690.00,7/17/2020 3:57:00 PM,7/17/2020 8:53:00 PM,Buy,Profit target,$994.84,$20488.76,$5.16,$0.00,$0.00,$0.00,$0.00,$1225.00,$1000.00,$5.16,297,
165,NQ 06-26,Backtest,NQPivots,Short,1,13704.25,13654.25,7/20/2020 3:35:00 PM,7/20/2020 3:38:00 PM,Sell short,Profit target,$994.84,$21483.60,$5.16,$0.00,$0.00,$0.00,$0.00,$100.00,$1000.00,$5.16,4,
166,NQ 06-26,Backtest,NQPivots,Short,1,13705.00,13805.50,7/20/2020 3:54:00 PM,7/20/2020 4:27:00 PM,Sell short,Stop loss,($2015.16),$19468.44,$5.16,$0.00,$0.00,$0.00,$0.00,$2010.00,$5.00,$2020.16,34,
167,NQ 06-26,Backtest,NQPivots,Short,1,13919.75,13869.75,7/22/2020 3:59:00 PM,7/22/2020 4:47:00 PM,Sell short,Profit target,$994.84,$20463.28,$5.16,$0.00,$0.00,$0.00,$0.00,$415.00,$1000.00,$5.16,49,
168,NQ 06-26,Backtest,NQPivots,Long,1,13890.25,13789.75,7/23/2020 3:47:00 PM,7/23/2020 6:06:00 PM,Buy,Stop loss,($2015.16),$18448.12,$5.16,$0.00,$0.00,$0.00,$0.00,$2010.00,$455.00,$2470.16,140,
169,NQ 06-26,Backtest,NQPivots,Short,1,13566.25,13666.75,7/27/2020 3:33:00 PM,7/27/2020 3:53:00 PM,Sell short,Stop loss,($2015.16),$16432.96,$5.16,$0.00,$0.00,$0.00,$0.00,$2010.00,$225.00,$2240.16,21,
170,NQ 06-26,Backtest,NQPivots,Long,1,14072.75,14122.75,8/4/2020 3:33:00 PM,8/4/2020 4:11:00 PM,Buy,Profit target,$994.84,$17427.80,$5.16,$0.00,$0.00,$0.00,$0.00,$505.00,$1000.00,$5.16,39,
171,NQ 06-26,Backtest,NQPivots,Long,1,14118.75,14168.75,8/5/2020 3:35:00 PM,8/5/2020 5:07:00 PM,Buy,Profit target,$994.84,$18422.64,$5.16,$0.00,$0.00,$0.00,$0.00,$255.00,$1000.00,$5.16,93,
172,NQ 06-26,Backtest,NQPivots,Long,1,14150.00,14200.00,8/6/2020 3:58:00 PM,8/6/2020 6:24:00 PM,Buy,Profit target,$994.84,$19417.48,$5.16,$0.00,$0.00,$0.00,$0.00,$555.00,$1000.00,$5.16,147,
173,NQ 06-26,Backtest,NQPivots,Long,1,14279.25,14178.75,8/7/2020 3:44:00 PM,8/7/2020 6:56:00 PM,Buy,Stop loss,($2015.16),$17402.32,$5.16,$0.00,$0.00,$0.00,$0.00,$2010.00,$600.00,$2615.16,193,
174,NQ 06-26,Backtest,NQPivots,Short,1,14245.00,14195.00,8/13/2020 3:44:00 PM,8/13/2020 8:23:00 PM,Sell short,Profit target,$994.84,$18397.16,$5.16,$0.00,$0.00,$0.00,$0.00,$1245.00,$1000.00,$5.16,280,
175,NQ 06-26,Backtest,NQPivots,Long,1,14204.50,14199.75,8/14/2020 3:55:00 PM,8/14/2020 10:00:00 PM,Buy,Exit on session close,($100.16),$18297.00,$5.16,$0.00,$0.00,$0.00,$0.00,$1345.00,$460.00,$560.16,366,
176,NQ 06-26,Backtest,NQPivots,Long,1,14430.75,14359.75,8/19/2020 3:35:00 PM,8/19/2020 10:00:00 PM,Buy,Exit on session close,($1425.16),$16871.84,$5.16,$0.00,$0.00,$0.00,$0.00,$1810.00,$970.00,$2395.16,386,
177,NQ 06-26,Backtest,NQPivots,Long,1,14350.00,14400.00,8/20/2020 3:37:00 PM,8/20/2020 3:55:00 PM,Buy,Profit target,$994.84,$17866.68,$5.16,$0.00,$0.00,$0.00,$0.00,$50.00,$1000.00,$5.16,19,
178,NQ 06-26,Backtest,NQPivots,Long,1,14658.75,14708.75,8/25/2020 3:37:00 PM,8/25/2020 5:13:00 PM,Buy,Profit target,$994.84,$18861.52,$5.16,$0.00,$0.00,$0.00,$0.00,$690.00,$1000.00,$5.16,97,
179,NQ 06-26,Backtest,NQPivots,Long,1,15014.75,15064.75,8/27/2020 3:38:00 PM,8/27/2020 5:04:00 PM,Buy,Profit target,$994.84,$19856.36,$5.16,$0.00,$0.00,$0.00,$0.00,$1405.00,$1000.00,$5.16,87,
180,NQ 06-26,Backtest,NQPivots,Short,1,15020.00,14970.00,8/28/2020 3:33:00 PM,8/28/2020 7:31:00 PM,Sell short,Profit target,$994.84,$20851.20,$5.16,$0.00,$0.00,$0.00,$0.00,$790.00,$1000.00,$5.16,239,
181,NQ 06-26,Backtest,NQPivots,Short,1,15052.50,15153.00,8/31/2020 3:36:00 PM,8/31/2020 7:07:00 PM,Sell short,Stop loss,($2015.16),$18836.04,$5.16,$0.00,$0.00,$0.00,$0.00,$2010.00,$350.00,$2365.16,212,
182,NQ 06-26,Backtest,NQPivots,Short,1,15175.75,15276.25,9/1/2020 3:35:00 PM,9/1/2020 4:03:00 PM,Sell short,Stop loss,($2015.16),$16820.88,$5.16,$0.00,$0.00,$0.00,$0.00,$2010.00,$190.00,$2205.16,29,
183,NQ 06-26,Backtest,NQPivots,Short,1,15383.50,15333.50,9/2/2020 3:53:00 PM,9/2/2020 3:57:00 PM,Sell short,Profit target,$994.84,$17815.72,$5.16,$0.00,$0.00,$0.00,$0.00,$135.00,$1000.00,$5.16,5,
184,NQ 06-26,Backtest,NQPivots,Long,1,14199.00,14249.00,9/11/2020 3:53:00 PM,9/11/2020 4:14:00 PM,Buy,Profit target,$994.84,$18810.56,$5.16,$0.00,$0.00,$0.00,$0.00,$1230.00,$1000.00,$5.16,22,
185,NQ 06-26,Backtest,NQPivots,Short,1,14502.00,14452.00,9/16/2020 3:36:00 PM,9/16/2020 3:51:00 PM,Sell short,Profit target,$994.84,$19805.40,$5.16,$0.00,$0.00,$0.00,$0.00,$565.00,$1000.00,$5.16,16,
186,NQ 06-26,Backtest,NQPivots,Long,1,14475.25,14375.00,9/16/2020 3:53:00 PM,9/16/2020 7:30:00 PM,Buy,Stop loss,($2010.16),$17795.24,$5.16,$0.00,$0.00,$0.00,$0.00,$2005.00,$660.00,$2670.16,218,
187,NQ 06-26,Backtest,NQPivots,Long,1,14105.50,14155.50,9/18/2020 3:55:00 PM,9/18/2020 4:17:00 PM,Buy,Profit target,$994.84,$18790.08,$5.16,$0.00,$0.00,$0.00,$0.00,$280.00,$1000.00,$5.16,23,
188,NQ 06-26,Backtest,NQPivots,Short,1,14097.25,14047.25,9/22/2020 3:33:00 PM,9/22/2020 3:45:00 PM,Sell short,Profit target,$994.84,$19784.92,$5.16,$0.00,$0.00,$0.00,$0.00,$260.00,$1000.00,$5.16,13,
189,NQ 06-26,Backtest,NQPivots,Long,1,13857.25,13907.25,9/24/2020 3:48:00 PM,9/24/2020 3:51:00 PM,Buy,Profit target,$994.84,$20779.76,$5.16,$0.00,$0.00,$0.00,$0.00,$110.00,$1000.00,$5.16,4,
190,NQ 06-26,Backtest,NQPivots,Long,1,13914.25,13964.25,9/25/2020 3:53:00 PM,9/25/2020 4:01:00 PM,Buy,Profit target,$994.84,$21774.60,$5.16,$0.00,$0.00,$0.00,$0.00,$325.00,$1000.00,$5.16,9,
191,NQ 06-26,Backtest,NQPivots,Long,1,14396.25,14362.25,9/29/2020 3:34:00 PM,9/29/2020 10:00:00 PM,Buy,Exit on session close,($685.16),$21089.44,$5.16,$0.00,$0.00,$0.00,$0.00,$1085.00,$845.00,$1530.16,387,
192,NQ 06-26,Backtest,NQPivots,Short,1,14386.50,14487.00,9/30/2020 3:37:00 PM,9/30/2020 4:01:00 PM,Sell short,Stop loss,($2015.16),$19074.28,$5.16,$0.00,$0.00,$0.00,$0.00,$2010.00,$375.00,$2390.16,25,
193,NQ 06-26,Backtest,NQPivots,Short,1,14565.00,14589.75,10/8/2020 3:51:00 PM,10/8/2020 10:00:00 PM,Sell short,Exit on session close,($500.16),$18574.12,$5.16,$0.00,$0.00,$0.00,$0.00,$1015.00,$495.00,$995.16,370,
194,NQ 06-26,Backtest,NQPivots,Long,1,15109.00,15159.00,10/13/2020 3:42:00 PM,10/13/2020 4:24:00 PM,Buy,Profit target,$994.84,$19568.96,$5.16,$0.00,$0.00,$0.00,$0.00,$490.00,$1000.00,$5.16,43,
195,NQ 06-26,Backtest,NQPivots,Short,1,14988.50,14938.50,10/16/2020 3:53:00 PM,10/16/2020 5:24:00 PM,Sell short,Profit target,$994.84,$20563.80,$5.16,$0.00,$0.00,$0.00,$0.00,$1720.00,$1000.00,$5.16,92,
196,NQ 06-26,Backtest,NQPivots,Long,1,14774.50,14729.25,10/20/2020 3:40:00 PM,10/20/2020 10:00:00 PM,Buy,Exit on session close,($910.16),$19653.64,$5.16,$0.00,$0.00,$0.00,$0.00,$935.00,$460.00,$1370.16,381,
197,NQ 06-26,Backtest,NQPivots,Short,1,14680.00,14686.25,10/22/2020 3:55:00 PM,10/22/2020 10:00:00 PM,Sell short,Exit on session close,($130.16),$19523.48,$5.16,$0.00,$0.00,$0.00,$0.00,$1025.00,$510.00,$640.16,366,
198,NQ 06-26,Backtest,NQPivots,Long,1,14679.25,14729.25,10/26/2020 2:38:00 PM,10/26/2020 2:58:00 PM,Buy,Profit target,$994.84,$20518.32,$5.16,$0.00,$0.00,$0.00,$0.00,$115.00,$1000.00,$5.16,21,
199,NQ 06-26,Backtest,NQPivots,Short,1,14689.25,14639.25,10/26/2020 3:28:00 PM,10/26/2020 3:37:00 PM,Sell short,Profit target,$994.84,$21513.16,$5.16,$0.00,$0.00,$0.00,$0.00,$30.00,$1000.00,$5.16,10,
200,NQ 06-26,Backtest,NQPivots,Short,1,14274.75,14224.75,10/29/2020 2:34:00 PM,10/29/2020 2:41:00 PM,Sell short,Profit target,$994.84,$22508.00,$5.16,$0.00,$0.00,$0.00,$0.00,$450.00,$1000.00,$5.16,8,
201,NQ 06-26,Backtest,NQPivots,Short,1,14260.25,14360.75,10/29/2020 2:51:00 PM,10/29/2020 4:15:00 PM,Sell short,Stop loss,($2015.16),$20492.84,$5.16,$0.00,$0.00,$0.00,$0.00,$2010.00,$195.00,$2210.16,85,
202,NQ 06-26,Backtest,NQPivots,Short,1,14202.50,14152.50,11/2/2020 3:49:00 PM,11/2/2020 5:13:00 PM,Sell short,Profit target,$994.84,$21487.68,$5.16,$0.00,$0.00,$0.00,$0.00,$1240.00,$1000.00,$5.16,85,
203,NQ 06-26,Backtest,NQPivots,Short,1,14184.50,14285.00,11/3/2020 3:33:00 PM,11/3/2020 4:04:00 PM,Sell short,Stop loss,($2015.16),$19472.52,$5.16,$0.00,$0.00,$0.00,$0.00,$2010.00,$615.00,$2630.16,32,
204,NQ 06-26,Backtest,NQPivots,Short,1,15175.00,15125.00,11/9/2020 3:35:00 PM,11/9/2020 3:36:00 PM,Sell short,Profit target,$994.84,$20467.36,$5.16,$0.00,$0.00,$0.00,$0.00,$35.00,$1000.00,$5.16,2,
205,NQ 06-26,Backtest,NQPivots,Long,1,15113.00,15163.00,11/9/2020 3:45:00 PM,11/9/2020 3:45:00 PM,Buy,Profit target,$994.84,$21462.20,$5.16,$0.00,$0.00,$0.00,$0.00,$0.00,$1000.00,$5.16,1,
206,NQ 06-26,Backtest,NQPivots,Short,1,15173.50,15274.00,11/9/2020 3:53:00 PM,11/9/2020 4:06:00 PM,Sell short,Stop loss,($2015.16),$19447.04,$5.16,$0.00,$0.00,$0.00,$0.00,$2010.00,$665.00,$2680.16,14,
207,NQ 06-26,Backtest,NQPivots,Short,1,14986.75,14936.75,11/12/2020 3:45:00 PM,11/12/2020 5:41:00 PM,Sell short,Profit target,$994.84,$20441.88,$5.16,$0.00,$0.00,$0.00,$0.00,$830.00,$1000.00,$5.16,117,
208,NQ 06-26,Backtest,NQPivots,Short,1,14930.00,14880.00,11/13/2020 3:35:00 PM,11/13/2020 4:40:00 PM,Sell short,Profit target,$994.84,$21436.72,$5.16,$0.00,$0.00,$0.00,$0.00,$925.00,$1000.00,$5.16,66,
209,NQ 06-26,Backtest,NQPivots,Long,1,14990.25,15040.25,11/16/2020 3:37:00 PM,11/16/2020 3:46:00 PM,Buy,Profit target,$994.84,$22431.56,$5.16,$0.00,$0.00,$0.00,$0.00,$190.00,$1000.00,$5.16,10,
210,NQ 06-26,Backtest,NQPivots,Short,1,15024.25,15067.25,11/16/2020 3:49:00 PM,11/16/2020 10:00:00 PM,Sell short,Exit on session close,($865.16),$21566.40,$5.16,$0.00,$0.00,$0.00,$0.00,$1240.00,$830.00,$1695.16,372,
211,NQ 06-26,Backtest,NQPivots,Long,1,15025.75,15075.75,11/18/2020 3:37:00 PM,11/18/2020 6:03:00 PM,Buy,Profit target,$994.84,$22561.24,$5.16,$0.00,$0.00,$0.00,$0.00,$1260.00,$1000.00,$5.16,147,
212,NQ 06-26,Backtest,NQPivots,Long,1,14946.75,14996.75,11/19/2020 3:46:00 PM,11/19/2020 4:46:00 PM,Buy,Profit target,$994.84,$23556.08,$5.16,$0.00,$0.00,$0.00,$0.00,$350.00,$1000.00,$5.16,61,
213,NQ 06-26,Backtest,NQPivots,Long,1,15024.75,14956.75,11/20/2020 3:34:00 PM,11/20/2020 10:00:00 PM,Buy,Exit on session close,($1365.16),$22190.92,$5.16,$0.00,$0.00,$0.00,$0.00,$1405.00,$860.00,$2225.16,387,
214,NQ 06-26,Backtest,NQPivots,Long,1,14939.75,14989.75,11/24/2020 3:45:00 PM,11/24/2020 4:38:00 PM,Buy,Profit target,$994.84,$23185.76,$5.16,$0.00,$0.00,$0.00,$0.00,$290.00,$1000.00,$5.16,54,
215,NQ 06-26,Backtest,NQPivots,Short,1,15187.50,15137.50,11/25/2020 3:43:00 PM,11/25/2020 4:06:00 PM,Sell short,Profit target,$994.84,$24180.60,$5.16,$0.00,$0.00,$0.00,$0.00,$205.00,$1000.00,$5.16,24,
216,NQ 06-26,Backtest,NQPivots,Short,1,15336.75,15307.75,11/30/2020 3:35:00 PM,11/30/2020 3:45:00 PM,Sell short,Close position,$574.84,$24755.44,$5.16,$0.00,$0.00,$0.00,$0.00,$45.00,$880.00,$305.16,11,
217,NQ 06-26,Backtest,NQPivots,Long,1,15307.75,15207.25,11/30/2020 3:45:00 PM,11/30/2020 4:39:00 PM,Buy,Stop loss,($2015.16),$22740.28,$5.16,$0.00,$0.00,$0.00,$0.00,$2010.00,$275.00,$2290.16,55,
218,NQ 06-26,Backtest,NQPivots,Long,1,15523.75,15573.75,12/4/2020 3:39:00 PM,12/4/2020 4:50:00 PM,Buy,Profit target,$994.84,$23735.12,$5.16,$0.00,$0.00,$0.00,$0.00,$220.00,$1000.00,$5.16,72,
219,NQ 06-26,Backtest,NQPivots,Long,1,15676.50,15576.00,12/9/2020 3:47:00 PM,12/9/2020 6:38:00 PM,Buy,Stop loss,($2015.16),$21719.96,$5.16,$0.00,$0.00,$0.00,$0.00,$2010.00,$350.00,$2365.16,172,
220,NQ 06-26,Backtest,NQPivots,Long,1,15380.00,15430.00,12/10/2020 3:47:00 PM,12/10/2020 3:59:00 PM,Buy,Profit target,$994.84,$22714.80,$5.16,$0.00,$0.00,$0.00,$0.00,$180.00,$1000.00,$5.16,13,
221,NQ 06-26,Backtest,NQPivots,Long,1,15644.50,15694.50,12/16/2020 3:47:00 PM,12/16/2020 5:35:00 PM,Buy,Profit target,$994.84,$23709.64,$5.16,$0.00,$0.00,$0.00,$0.00,$335.00,$1000.00,$5.16,109,
222,NQ 06-26,Backtest,NQPivots,Short,1,15822.25,15796.75,12/18/2020 3:35:00 PM,12/18/2020 3:50:00 PM,Sell short,Close position,$504.84,$24214.48,$5.16,$0.00,$0.00,$0.00,$0.00,$10.00,$820.00,$315.16,16,
223,NQ 06-26,Backtest,NQPivots,Long,1,15796.75,15696.25,12/18/2020 3:50:00 PM,12/18/2020 9:13:00 PM,Buy,Stop loss,($2015.16),$22199.32,$5.16,$0.00,$0.00,$0.00,$0.00,$2010.00,$60.00,$2075.16,324,
224,NQ 06-26,Backtest,NQPivots,Short,1,15799.75,15749.75,12/22/2020 4:00:00 PM,12/22/2020 4:14:00 PM,Sell short,Profit target,$994.84,$23194.16,$5.16,$0.00,$0.00,$0.00,$0.00,$155.00,$1000.00,$5.16,15,
225,NQ 06-26,Backtest,NQPivots,Long,1,15755.50,15705.00,12/23/2020 3:37:00 PM,12/23/2020 10:00:00 PM,Buy,Exit on session close,($1015.16),$22179.00,$5.16,$0.00,$0.00,$0.00,$0.00,$1180.00,$575.00,$1590.16,384,
226,NQ 06-26,Backtest,NQPivots,Short,1,15906.00,15897.50,12/29/2020 3:58:00 PM,12/29/2020 10:00:00 PM,Sell short,Exit on session close,$164.84,$22343.84,$5.16,$0.00,$0.00,$0.00,$0.00,$725.00,$890.00,$725.16,363,
227,NQ 06-26,Backtest,NQPivots,Short,1,15921.50,15897.50,12/30/2020 3:41:00 PM,12/30/2020 10:00:00 PM,Sell short,Exit on session close,$474.84,$22818.68,$5.16,$0.00,$0.00,$0.00,$0.00,$160.00,$955.00,$480.16,380,
228,NQ 06-26,Backtest,NQPivots,Long,1,15891.75,15941.75,12/31/2020 3:37:00 PM,12/31/2020 9:58:00 PM,Buy,Profit target,$994.84,$23813.52,$5.16,$0.00,$0.00,$0.00,$0.00,$840.00,$1000.00,$5.16,382,
229,NQ 06-26,Backtest,NQPivots,Short,1,15952.75,15932.25,1/4/2021 3:35:00 PM,1/4/2021 3:43:00 PM,Sell short,Close position,$404.84,$24218.36,$5.16,$0.00,$0.00,$0.00,$0.00,$145.00,$825.00,$420.16,9,
230,NQ 06-26,Backtest,NQPivots,Long,1,15932.25,15951.50,1/4/2021 3:43:00 PM,1/4/2021 3:52:00 PM,Buy,Close position,$379.84,$24598.20,$5.16,$0.00,$0.00,$0.00,$0.00,$170.00,$630.00,$250.16,10,
231,NQ 06-26,Backtest,NQPivots,Short,1,15951.50,15901.50,1/4/2021 3:52:00 PM,1/4/2021 4:13:00 PM,Sell short,Profit target,$994.84,$25593.04,$5.16,$0.00,$0.00,$0.00,$0.00,$75.00,$1000.00,$5.16,22,
232,NQ 06-26,Backtest,NQPivots,Short,1,15987.75,15937.75,1/12/2021 3:41:00 PM,1/12/2021 3:50:00 PM,Sell short,Profit target,$994.84,$26587.88,$5.16,$0.00,$0.00,$0.00,$0.00,$75.00,$1000.00,$5.16,10,
233,NQ 06-26,Backtest,NQPivots,Long,1,15939.00,15838.50,1/12/2021 3:58:00 PM,1/12/2021 6:12:00 PM,Buy,Stop loss,($2015.16),$24572.72,$5.16,$0.00,$0.00,$0.00,$0.00,$2010.00,$835.00,$2850.16,135,
234,NQ 06-26,Backtest,NQPivots,Short,1,15982.50,15932.50,1/13/2021 3:55:00 PM,1/13/2021 4:05:00 PM,Sell short,Profit target,$994.84,$25567.56,$5.16,$0.00,$0.00,$0.00,$0.00,$265.00,$1000.00,$5.16,11,
235,NQ 06-26,Backtest,NQPivots,Short,1,16049.00,15999.00,1/14/2021 3:38:00 PM,1/14/2021 6:41:00 PM,Sell short,Profit target,$994.84,$26562.40,$5.16,$0.00,$0.00,$0.00,$0.00,$660.00,$1000.00,$5.16,184,
236,NQ 06-26,Backtest,NQPivots,Long,1,16440.50,16407.00,1/22/2021 3:53:00 PM,1/22/2021 10:00:00 PM,Buy,Exit on session close,($675.16),$25887.24,$5.16,$0.00,$0.00,$0.00,$0.00,$1285.00,$195.00,$870.16,368,
237,NQ 06-26,Backtest,NQPivots,Long,1,16504.75,16554.75,1/26/2021 3:48:00 PM,1/26/2021 4:06:00 PM,Buy,Profit target,$994.84,$26882.08,$5.16,$0.00,$0.00,$0.00,$0.00,$305.00,$1000.00,$5.16,19,
238,NQ 06-26,Backtest,NQPivots,Short,1,16270.50,16371.00,1/28/2021 3:48:00 PM,1/28/2021 5:11:00 PM,Sell short,Stop loss,($2015.16),$24866.92,$5.16,$0.00,$0.00,$0.00,$0.00,$2010.00,$820.00,$2835.16,84,
239,NQ 06-26,Backtest,NQPivots,Short,1,16042.25,16142.75,2/1/2021 3:55:00 PM,2/1/2021 4:29:00 PM,Sell short,Stop loss,($2015.16),$22851.76,$5.16,$0.00,$0.00,$0.00,$0.00,$2010.00,$375.00,$2390.16,35,
240,NQ 06-26,Backtest,NQPivots,Short,1,16530.25,16480.25,2/3/2021 3:34:00 PM,2/3/2021 4:21:00 PM,Sell short,Profit target,$994.84,$23846.60,$5.16,$0.00,$0.00,$0.00,$0.00,$1130.00,$1000.00,$5.16,48,
241,NQ 06-26,Backtest,NQPivots,Short,1,16483.50,16584.00,2/4/2021 3:37:00 PM,2/4/2021 9:55:00 PM,Sell short,Stop loss,($2015.16),$21831.44,$5.16,$0.00,$0.00,$0.00,$0.00,$2010.00,$770.00,$2785.16,379,
242,NQ 06-26,Backtest,NQPivots,Long,1,16730.75,16780.75,2/9/2021 3:37:00 PM,2/9/2021 4:19:00 PM,Buy,Profit target,$994.84,$22826.28,$5.16,$0.00,$0.00,$0.00,$0.00,$455.00,$1000.00,$5.16,43,
243,NQ 06-26,Backtest,NQPivots,Short,1,16763.75,16713.75,2/11/2021 3:37:00 PM,2/11/2021 6:27:00 PM,Sell short,Profit target,$994.84,$23821.12,$5.16,$0.00,$0.00,$0.00,$0.00,$665.00,$1000.00,$5.16,171,
244,NQ 06-26,Backtest,NQPivots,Short,1,16889.50,16839.50,2/16/2021 3:34:00 PM,2/16/2021 5:26:00 PM,Sell short,Profit target,$994.84,$24815.96,$5.16,$0.00,$0.00,$0.00,$0.00,$785.00,$1000.00,$5.16,113,
245,NQ 06-26,Backtest,NQPivots,Short,1,16731.75,16681.75,2/19/2021 3:33:00 PM,2/19/2021 6:21:00 PM,Sell short,Profit target,$994.84,$25810.80,$5.16,$0.00,$0.00,$0.00,$0.00,$425.00,$1000.00,$5.16,169,
246,NQ 06-26,Backtest,NQPivots,Long,1,16326.00,16225.50,2/25/2021 3:37:00 PM,2/25/2021 4:05:00 PM,Buy,Stop loss,($2015.16),$23795.64,$5.16,$0.00,$0.00,$0.00,$0.00,$2010.00,$345.00,$2360.16,29,
247,NQ 06-26,Backtest,NQPivots,Short,1,16016.00,15966.00,2/26/2021 3:35:00 PM,2/26/2021 3:52:00 PM,Sell short,Profit target,$994.84,$24790.48,$5.16,$0.00,$0.00,$0.00,$0.00,$1385.00,$1000.00,$5.16,18,
248,NQ 06-26,Backtest,NQPivots,Long,1,15681.50,15731.50,3/8/2021 3:42:00 PM,3/8/2021 3:45:00 PM,Buy,Profit target,$994.84,$25785.32,$5.16,$0.00,$0.00,$0.00,$0.00,$15.00,$1000.00,$5.16,4,
249,NQ 06-26,Backtest,NQPivots,Long,1,15697.00,15596.50,3/8/2021 3:57:00 PM,3/8/2021 4:04:00 PM,Buy,Stop loss,($2015.16),$23770.16,$5.16,$0.00,$0.00,$0.00,$0.00,$2010.00,$5.00,$2020.16,8,
250,NQ 06-26,Backtest,NQPivots,Long,1,15977.50,16027.50,3/15/2021 2:36:00 PM,3/15/2021 2:57:00 PM,Buy,Profit target,$994.84,$24765.00,$5.16,$0.00,$0.00,$0.00,$0.00,$590.00,$1000.00,$5.16,22,
251,NQ 06-26,Backtest,NQPivots,Short,1,16027.75,15977.75,3/15/2021 3:17:00 PM,3/15/2021 3:27:00 PM,Sell short,Profit target,$994.84,$25759.84,$5.16,$0.00,$0.00,$0.00,$0.00,$170.00,$1000.00,$5.16,11,
252,NQ 06-26,Backtest,NQPivots,Long,1,15974.00,16024.00,3/15/2021 3:41:00 PM,3/15/2021 3:52:00 PM,Buy,Profit target,$994.84,$26754.68,$5.16,$0.00,$0.00,$0.00,$0.00,$70.00,$1000.00,$5.16,12,
253,NQ 06-26,Backtest,NQPivots,Long,1,15822.50,15872.50,3/19/2021 2:49:00 PM,3/19/2021 2:58:00 PM,Buy,Profit target,$994.84,$27749.52,$5.16,$0.00,$0.00,$0.00,$0.00,$405.00,$1000.00,$5.16,10,
254,NQ 06-26,Backtest,NQPivots,Long,1,15823.50,15873.50,3/19/2021 3:23:00 PM,3/19/2021 3:40:00 PM,Buy,Profit target,$994.84,$28744.36,$5.16,$0.00,$0.00,$0.00,$0.00,$630.00,$1000.00,$5.16,18,
255,NQ 06-26,Backtest,NQPivots,Long,1,16052.25,16102.25,3/24/2021 3:55:00 PM,3/24/2021 4:26:00 PM,Buy,Profit target,$994.84,$29739.20,$5.16,$0.00,$0.00,$0.00,$0.00,$80.00,$1000.00,$5.16,32,
256,NQ 06-26,Backtest,NQPivots,Long,1,15841.25,15891.25,3/25/2021 2:39:00 PM,3/25/2021 3:04:00 PM,Buy,Profit target,$994.84,$30734.04,$5.16,$0.00,$0.00,$0.00,$0.00,$1195.00,$1000.00,$5.16,26,
257,NQ 06-26,Backtest,NQPivots,Short,1,15888.75,15838.75,3/26/2021 3:10:00 PM,3/26/2021 3:24:00 PM,Sell short,Profit target,$994.84,$31728.88,$5.16,$0.00,$0.00,$0.00,$0.00,$150.00,$1000.00,$5.16,15,
258,NQ 06-26,Backtest,NQPivots,Short,1,15893.50,15843.50,3/26/2021 3:51:00 PM,3/26/2021 4:13:00 PM,Sell short,Profit target,$994.84,$32723.72,$5.16,$0.00,$0.00,$0.00,$0.00,$110.00,$1000.00,$5.16,23,
259,NQ 06-26,Backtest,NQPivots,Long,1,16011.50,15911.00,3/29/2021 3:36:00 PM,3/29/2021 4:01:00 PM,Buy,Stop loss,($2015.16),$30708.56,$5.16,$0.00,$0.00,$0.00,$0.00,$2010.00,$540.00,$2555.16,26,
260,NQ 06-26,Backtest,NQPivots,Long,1,16628.00,16678.00,4/6/2021 3:35:00 PM,4/6/2021 4:56:00 PM,Buy,Profit target,$994.84,$31703.40,$5.16,$0.00,$0.00,$0.00,$0.00,$575.00,$1000.00,$5.16,82,
261,NQ 06-26,Backtest,NQPivots,Long,1,16623.75,16673.75,4/7/2021 3:47:00 PM,4/7/2021 4:20:00 PM,Buy,Profit target,$994.84,$32698.24,$5.16,$0.00,$0.00,$0.00,$0.00,$65.00,$1000.00,$5.16,34,
262,NQ 06-26,Backtest,NQPivots,Long,1,17026.00,16925.50,4/14/2021 3:44:00 PM,4/14/2021 5:23:00 PM,Buy,Stop loss,($2015.16),$30683.08,$5.16,$0.00,$0.00,$0.00,$0.00,$2010.00,$190.00,$2205.16,100,
263,NQ 06-26,Backtest,NQPivots,Long,1,16955.00,16854.50,4/20/2021 3:39:00 PM,4/20/2021 4:54:00 PM,Buy,Stop loss,($2015.16),$28667.92,$5.16,$0.00,$0.00,$0.00,$0.00,$2010.00,$705.00,$2720.16,76,
264,NQ 06-26,Backtest,NQPivots,Long,1,16841.75,16891.75,4/21/2021 3:52:00 PM,4/21/2021 5:16:00 PM,Buy,Profit target,$994.84,$29662.76,$5.16,$0.00,$0.00,$0.00,$0.00,$445.00,$1000.00,$5.16,85,
265,NQ 06-26,Backtest,NQPivots,Long,1,16961.00,16860.50,4/22/2021 3:39:00 PM,4/22/2021 7:20:00 PM,Buy,Stop loss,($2015.16),$27647.60,$5.16,$0.00,$0.00,$0.00,$0.00,$2010.00,$885.00,$2900.16,222,
266,NQ 06-26,Backtest,NQPivots,Long,1,17002.25,16955.50,4/28/2021 3:50:00 PM,4/28/2021 10:00:00 PM,Buy,Exit on session close,($940.16),$26707.44,$5.16,$0.00,$0.00,$0.00,$0.00,$1275.00,$810.00,$1750.16,371,
267,NQ 06-26,Backtest,NQPivots,Short,1,16952.00,16902.00,5/3/2021 3:36:00 PM,5/3/2021 4:55:00 PM,Sell short,Profit target,$994.84,$27702.28,$5.16,$0.00,$0.00,$0.00,$0.00,$1120.00,$1000.00,$5.16,80,
268,NQ 06-26,Backtest,NQPivots,Short,1,16669.75,16619.75,5/5/2021 3:37:00 PM,5/5/2021 4:05:00 PM,Sell short,Profit target,$994.84,$28697.12,$5.16,$0.00,$0.00,$0.00,$0.00,$1060.00,$1000.00,$5.16,29,
269,NQ 06-26,Backtest,NQPivots,Long,1,16541.50,16591.50,5/6/2021 3:39:00 PM,5/6/2021 5:37:00 PM,Buy,Profit target,$994.84,$29691.96,$5.16,$0.00,$0.00,$0.00,$0.00,$1845.00,$1000.00,$5.16,119,
270,NQ 06-26,Backtest,NQPivots,Short,1,16401.75,16351.75,5/18/2021 3:43:00 PM,5/18/2021 8:35:00 PM,Sell short,Profit target,$994.84,$30686.80,$5.16,$0.00,$0.00,$0.00,$0.00,$1105.00,$1000.00,$5.16,293,
271,NQ 06-26,Backtest,NQPivots,Short,1,16600.75,16550.75,5/21/2021 3:34:00 PM,5/21/2021 3:46:00 PM,Sell short,Profit target,$994.84,$31681.64,$5.16,$0.00,$0.00,$0.00,$0.00,$185.00,$1000.00,$5.16,13,
272,NQ 06-26,Backtest,NQPivots,Short,1,16749.25,16699.25,5/25/2021 3:38:00 PM,5/25/2021 4:35:00 PM,Sell short,Profit target,$994.84,$32676.48,$5.16,$0.00,$0.00,$0.00,$0.00,$425.00,$1000.00,$5.16,58,
273,NQ 06-26,Backtest,NQPivots,Short,1,16749.75,16763.00,5/26/2021 3:36:00 PM,5/26/2021 10:00:00 PM,Sell short,Exit on session close,($270.16),$32406.32,$5.16,$0.00,$0.00,$0.00,$0.00,$710.00,$665.00,$935.16,385,
274,NQ 06-26,Backtest,NQPivots,Short,1,16768.50,16718.50,6/1/2021 3:57:00 PM,6/1/2021 4:15:00 PM,Sell short,Profit target,$994.84,$33401.16,$5.16,$0.00,$0.00,$0.00,$0.00,$480.00,$1000.00,$5.16,19,
275,NQ 06-26,Backtest,NQPivots,Short,1,16758.75,16708.75,6/2/2021 3:50:00 PM,6/2/2021 7:23:00 PM,Sell short,Profit target,$994.84,$34396.00,$5.16,$0.00,$0.00,$0.00,$0.00,$290.00,$1000.00,$5.16,214,
276,NQ 06-26,Backtest,NQPivots,Long,1,16819.75,16862.25,6/7/2021 3:37:00 PM,6/7/2021 10:00:00 PM,Buy,Exit on session close,$844.84,$35240.84,$5.16,$0.00,$0.00,$0.00,$0.00,$935.00,$985.00,$140.16,384,
277,NQ 06-26,Backtest,NQPivots,Short,1,16915.00,16877.50,6/9/2021 3:52:00 PM,6/9/2021 10:00:00 PM,Sell short,Exit on session close,$744.84,$35985.68,$5.16,$0.00,$0.00,$0.00,$0.00,$510.00,$920.00,$175.16,369,
278,NQ 06-26,Backtest,NQPivots,Long,1,17057.75,17107.75,6/14/2021 3:40:00 PM,6/14/2021 3:51:00 PM,Buy,Profit target,$994.84,$36980.52,$5.16,$0.00,$0.00,$0.00,$0.00,$15.00,$1000.00,$5.16,12,
279,NQ 06-26,Backtest,NQPivots,Short,1,17072.75,17173.25,6/14/2021 3:55:00 PM,6/14/2021 9:55:00 PM,Sell short,Stop loss,($2015.16),$34965.36,$5.16,$0.00,$0.00,$0.00,$0.00,$2010.00,$415.00,$2430.16,361,
280,NQ 06-26,Backtest,NQPivots,Long,1,17185.75,17085.75,6/15/2021 3:47:00 PM,6/15/2021 8:15:00 PM,Buy,Stop loss,($2005.16),$32960.20,$5.16,$0.00,$0.00,$0.00,$0.00,$2000.00,$165.00,$2170.16,269,
281,NQ 06-26,Backtest,NQPivots,Long,1,17114.50,17164.50,6/21/2021 3:56:00 PM,6/21/2021 4:44:00 PM,Buy,Profit target,$994.84,$33955.04,$5.16,$0.00,$0.00,$0.00,$0.00,$600.00,$1000.00,$5.16,49,
282,NQ 06-26,Backtest,NQPivots,Short,1,17437.25,17387.25,6/25/2021 3:38:00 PM,6/25/2021 4:13:00 PM,Sell short,Profit target,$994.84,$34949.88,$5.16,$0.00,$0.00,$0.00,$0.00,$445.00,$1000.00,$5.16,36,
283,NQ 06-26,Backtest,NQPivots,Long,1,17572.75,17622.75,6/29/2021 3:38:00 PM,6/29/2021 6:54:00 PM,Buy,Profit target,$994.84,$35944.72,$5.16,$0.00,$0.00,$0.00,$0.00,$480.00,$1000.00,$5.16,197,
284,NQ 06-26,Backtest,NQPivots,Long,1,17628.00,17616.25,6/30/2021 3:40:00 PM,6/30/2021 10:00:00 PM,Buy,Exit on session close,($240.16),$35704.56,$5.16,$0.00,$0.00,$0.00,$0.00,$765.00,$405.00,$645.16,381,
285,NQ 06-26,Backtest,NQPivots,Long,1,17620.75,17632.00,7/1/2021 3:34:00 PM,7/1/2021 3:49:00 PM,Buy,Close position,$219.84,$35924.40,$5.16,$0.00,$0.00,$0.00,$0.00,$155.00,$415.00,$195.16,16,
286,NQ 06-26,Backtest,NQPivots,Short,1,17632.00,17614.00,7/1/2021 3:49:00 PM,7/1/2021 3:59:00 PM,Sell short,Close position,$354.84,$36279.24,$5.16,$0.00,$0.00,$0.00,$0.00,$65.00,$635.00,$280.16,11,
287,NQ 06-26,Backtest,NQPivots,Long,1,17614.00,17617.25,7/1/2021 3:59:00 PM,7/1/2021 10:00:00 PM,Buy,Exit on session close,$59.84,$36339.08,$5.16,$0.00,$0.00,$0.00,$0.00,$1430.00,$255.00,$195.16,362,
288,NQ 06-26,Backtest,NQPivots,Long,1,17780.25,17830.25,7/9/2021 3:33:00 PM,7/9/2021 4:54:00 PM,Buy,Profit target,$994.84,$37333.92,$5.16,$0.00,$0.00,$0.00,$0.00,$815.00,$1000.00,$5.16,82,
289,NQ 06-26,Backtest,NQPivots,Short,1,17923.75,17940.75,7/12/2021 3:40:00 PM,7/12/2021 10:00:00 PM,Sell short,Exit on session close,($345.16),$36988.76,$5.16,$0.00,$0.00,$0.00,$0.00,$405.00,$1000.00,$1345.16,381,
290,NQ 06-26,Backtest,NQPivots,Long,1,17935.00,17961.00,7/13/2021 3:38:00 PM,7/13/2021 3:52:00 PM,Buy,Close position,$514.84,$37503.60,$5.16,$0.00,$0.00,$0.00,$0.00,$425.00,$770.00,$255.16,15,
291,NQ 06-26,Backtest,NQPivots,Short,1,17961.00,18061.00,7/13/2021 3:52:00 PM,7/13/2021 5:23:00 PM,Sell short,Stop loss,($2005.16),$35498.44,$5.16,$0.00,$0.00,$0.00,$0.00,$2000.00,$0.00,$2005.16,92,
292,NQ 06-26,Backtest,NQPivots,Long,1,17961.75,17861.25,7/15/2021 3:58:00 PM,7/15/2021 4:29:00 PM,Buy,Stop loss,($2015.16),$33483.28,$5.16,$0.00,$0.00,$0.00,$0.00,$2010.00,$110.00,$2125.16,32,
293,NQ 06-26,Backtest,NQPivots,Short,1,17911.50,17861.50,7/16/2021 3:42:00 PM,7/16/2021 4:10:00 PM,Sell short,Profit target,$994.84,$34478.12,$5.16,$0.00,$0.00,$0.00,$0.00,$310.00,$1000.00,$5.16,29,
294,NQ 06-26,Backtest,NQPivots,Short,1,17635.00,17611.00,7/20/2021 3:33:00 PM,7/20/2021 3:43:00 PM,Sell short,Close position,$474.84,$34952.96,$5.16,$0.00,$0.00,$0.00,$0.00,$70.00,$935.00,$460.16,11,
295,NQ 06-26,Backtest,NQPivots,Long,1,17611.00,17661.00,7/20/2021 3:43:00 PM,7/20/2021 4:00:00 PM,Buy,Profit target,$994.84,$35947.80,$5.16,$0.00,$0.00,$0.00,$0.00,$205.00,$1000.00,$5.16,18,
296,NQ 06-26,Backtest,NQPivots,Short,1,17936.50,18001.75,7/22/2021 3:34:00 PM,7/22/2021 10:00:00 PM,Sell short,Exit on session close,($1310.16),$34637.64,$5.16,$0.00,$0.00,$0.00,$0.00,$1315.00,$290.00,$1600.16,387,
297,NQ 06-26,Backtest,NQPivots,Short,1,18021.25,18121.75,7/23/2021 3:36:00 PM,7/23/2021 5:26:00 PM,Sell short,Stop loss,($2015.16),$32622.48,$5.16,$0.00,$0.00,$0.00,$0.00,$2010.00,$310.00,$2325.16,111,
298,NQ 06-26,Backtest,NQPivots,Long,1,18159.25,18188.25,7/26/2021 3:39:00 PM,7/26/2021 10:00:00 PM,Buy,Exit on session close,$574.84,$33197.32,$5.16,$0.00,$0.00,$0.00,$0.00,$440.00,$925.00,$350.16,382,
299,NQ 06-26,Backtest,NQPivots,Long,1,17995.50,18045.50,7/28/2021 3:49:00 PM,7/28/2021 3:57:00 PM,Buy,Profit target,$994.84,$34192.16,$5.16,$0.00,$0.00,$0.00,$0.00,$260.00,$1000.00,$5.16,9,
300,NQ 06-26,Backtest,NQPivots,Short,1,18121.75,18108.50,7/29/2021 3:40:00 PM,7/29/2021 10:00:00 PM,Sell short,Exit on session close,$259.84,$34452.00,$5.16,$0.00,$0.00,$0.00,$0.00,$675.00,$580.00,$320.16,381,
301,NQ 06-26,Backtest,NQPivots,Short,1,18050.50,18026.75,8/2/2021 3:39:00 PM,8/2/2021 3:55:00 PM,Sell short,Close position,$469.84,$34921.84,$5.16,$0.00,$0.00,$0.00,$0.00,$290.00,$865.00,$395.16,17,
302,NQ 06-26,Backtest,NQPivots,Long,1,18026.75,18076.75,8/2/2021 3:55:00 PM,8/2/2021 4:16:00 PM,Buy,Profit target,$994.84,$35916.68,$5.16,$0.00,$0.00,$0.00,$0.00,$250.00,$1000.00,$5.16,22,
303,NQ 06-26,Backtest,NQPivots,Short,1,18050.75,18000.75,8/3/2021 3:46:00 PM,8/3/2021 3:56:00 PM,Sell short,Profit target,$994.84,$36911.52,$5.16,$0.00,$0.00,$0.00,$0.00,$590.00,$1000.00,$5.16,11,
304,NQ 06-26,Backtest,NQPivots,Long,1,18106.75,18156.75,8/4/2021 3:55:00 PM,8/4/2021 7:08:00 PM,Buy,Profit target,$994.84,$37906.36,$5.16,$0.00,$0.00,$0.00,$0.00,$765.00,$1000.00,$5.16,194,
305,NQ 06-26,Backtest,NQPivots,Short,1,18165.00,18239.00,8/5/2021 3:43:00 PM,8/5/2021 10:00:00 PM,Sell short,Exit on session close,($1485.16),$36421.20,$5.16,$0.00,$0.00,$0.00,$0.00,$1575.00,$125.00,$1610.16,378,
306,NQ 06-26,Backtest,NQPivots,Short,1,18188.50,18163.25,8/9/2021 3:36:00 PM,8/9/2021 3:43:00 PM,Sell short,Close position,$499.84,$36921.04,$5.16,$0.00,$0.00,$0.00,$0.00,$60.00,$960.00,$460.16,8,
307,NQ 06-26,Backtest,NQPivots,Long,1,18163.25,18213.25,8/9/2021 3:43:00 PM,8/9/2021 8:32:00 PM,Buy,Profit target,$994.84,$37915.88,$5.16,$0.00,$0.00,$0.00,$0.00,$235.00,$1000.00,$5.16,290,
308,NQ 06-26,Backtest,NQPivots,Short,1,18213.50,18163.50,8/10/2021 3:51:00 PM,8/10/2021 4:31:00 PM,Sell short,Profit target,$994.84,$38910.72,$5.16,$0.00,$0.00,$0.00,$0.00,$305.00,$1000.00,$5.16,41,
309,NQ 06-26,Backtest,NQPivots,Short,1,18158.75,18108.75,8/11/2021 3:34:00 PM,8/11/2021 4:13:00 PM,Sell short,Profit target,$994.84,$39905.56,$5.16,$0.00,$0.00,$0.00,$0.00,$635.00,$1000.00,$5.16,40,
310,NQ 06-26,Backtest,NQPivots,Long,1,18072.75,17972.25,8/18/2021 3:33:00 PM,8/18/2021 9:48:00 PM,Buy,Stop loss,($2015.16),$37890.40,$5.16,$0.00,$0.00,$0.00,$0.00,$2010.00,$720.00,$2735.16,376,
311,NQ 06-26,Backtest,NQPivots,Short,1,18445.50,18434.50,8/25/2021 3:34:00 PM,8/25/2021 10:00:00 PM,Sell short,Exit on session close,$214.84,$38105.24,$5.16,$0.00,$0.00,$0.00,$0.00,$460.00,$820.00,$605.16,375,
312,NQ 06-26,Backtest,NQPivots,Long,1,18428.50,18328.00,8/26/2021 3:49:00 PM,8/26/2021 5:03:00 PM,Buy,Stop loss,($2015.16),$36090.08,$5.16,$0.00,$0.00,$0.00,$0.00,$2010.00,$160.00,$2175.16,75,
313,NQ 06-26,Backtest,NQPivots,Short,1,18375.25,18475.75,8/27/2021 3:40:00 PM,8/27/2021 4:16:00 PM,Sell short,Stop loss,($2015.16),$34074.92,$5.16,$0.00,$0.00,$0.00,$0.00,$2010.00,$475.00,$2490.16,37,
314,NQ 06-26,Backtest,NQPivots,Long,1,18669.00,18719.00,9/3/2021 3:34:00 PM,9/3/2021 4:01:00 PM,Buy,Profit target,$994.84,$35069.76,$5.16,$0.00,$0.00,$0.00,$0.00,$860.00,$1000.00,$5.16,28,
315,NQ 06-26,Backtest,NQPivots,Long,1,18725.50,18744.50,9/7/2021 3:40:00 PM,9/7/2021 10:00:00 PM,Buy,Exit on session close,$374.84,$35444.60,$5.16,$0.00,$0.00,$0.00,$0.00,$945.00,$950.00,$575.16,381,
316,NQ 06-26,Backtest,NQPivots,Short,1,18732.50,18682.50,9/9/2021 3:45:00 PM,9/9/2021 7:21:00 PM,Sell short,Profit target,$994.84,$36439.44,$5.16,$0.00,$0.00,$0.00,$0.00,$350.00,$1000.00,$5.16,217,
317,NQ 06-26,Backtest,NQPivots,Short,1,18584.00,18534.00,9/13/2021 3:39:00 PM,9/13/2021 3:43:00 PM,Sell short,Profit target,$994.84,$37434.28,$5.16,$0.00,$0.00,$0.00,$0.00,$175.00,$1000.00,$5.16,5,
318,NQ 06-26,Backtest,NQPivots,Short,1,18572.75,18522.75,9/14/2021 3:36:00 PM,9/14/2021 3:54:00 PM,Sell short,Profit target,$994.84,$38429.12,$5.16,$0.00,$0.00,$0.00,$0.00,$560.00,$1000.00,$5.16,19,
319,NQ 06-26,Backtest,NQPivots,Long,1,18458.25,18508.25,9/15/2021 3:51:00 PM,9/15/2021 6:43:00 PM,Buy,Profit target,$994.84,$39423.96,$5.16,$0.00,$0.00,$0.00,$0.00,$1355.00,$1000.00,$5.16,173,
320,NQ 06-26,Backtest,NQPivots,Short,1,18179.25,18129.25,9/21/2021 3:58:00 PM,9/21/2021 4:07:00 PM,Sell short,Profit target,$994.84,$40418.80,$5.16,$0.00,$0.00,$0.00,$0.00,$60.00,$1000.00,$5.16,10,
321,NQ 06-26,Backtest,NQPivots,Short,1,18300.50,18401.00,9/23/2021 3:33:00 PM,9/23/2021 4:04:00 PM,Sell short,Stop loss,($2015.16),$38403.64,$5.16,$0.00,$0.00,$0.00,$0.00,$2010.00,$715.00,$2730.16,32,
322,NQ 06-26,Backtest,NQPivots,Short,1,17618.25,17718.75,10/5/2021 3:38:00 PM,10/5/2021 4:27:00 PM,Sell short,Stop loss,($2015.16),$36388.48,$5.16,$0.00,$0.00,$0.00,$0.00,$2010.00,$760.00,$2775.16,50,
323,NQ 06-26,Backtest,NQPivots,Long,1,17713.75,17613.25,10/6/2021 3:46:00 PM,10/6/2021 4:01:00 PM,Buy,Stop loss,($2015.16),$34373.32,$5.16,$0.00,$0.00,$0.00,$0.00,$2010.00,$60.00,$2075.16,16,
324,NQ 06-26,Backtest,NQPivots,Short,1,17991.50,17941.50,10/8/2021 3:35:00 PM,10/8/2021 3:37:00 PM,Sell short,Profit target,$994.84,$35368.16,$5.16,$0.00,$0.00,$0.00,$0.00,$40.00,$1000.00,$5.16,3,
325,NQ 06-26,Backtest,NQPivots,Long,1,17961.25,17992.50,10/8/2021 3:41:00 PM,10/8/2021 3:44:00 PM,Buy,Close position,$619.84,$35988.00,$5.16,$0.00,$0.00,$0.00,$0.00,$115.00,$910.00,$290.16,4,
326,NQ 06-26,Backtest,NQPivots,Short,1,17992.50,17942.50,10/8/2021 3:44:00 PM,10/8/2021 3:47:00 PM,Sell short,Profit target,$994.84,$36982.84,$5.16,$0.00,$0.00,$0.00,$0.00,$110.00,$1000.00,$5.16,4,
327,NQ 06-26,Backtest,NQPivots,Long,1,17960.25,17892.75,10/8/2021 3:49:00 PM,10/8/2021 10:00:00 PM,Buy,Exit on session close,($1355.16),$35627.68,$5.16,$0.00,$0.00,$0.00,$0.00,$1735.00,$660.00,$2015.16,372,
328,NQ 06-26,Backtest,NQPivots,Long,1,17895.00,17930.00,10/11/2021 3:42:00 PM,10/11/2021 4:00:00 PM,Buy,Close position,$694.84,$36322.52,$5.16,$0.00,$0.00,$0.00,$0.00,$315.00,$970.00,$275.16,19,
329,NQ 06-26,Backtest,NQPivots,Short,1,17930.00,17880.00,10/11/2021 4:00:00 PM,10/11/2021 7:07:00 PM,Sell short,Profit target,$994.84,$37317.36,$5.16,$0.00,$0.00,$0.00,$0.00,$1000.00,$1000.00,$5.16,188,
330,NQ 06-26,Backtest,NQPivots,Short,1,17830.00,17780.00,10/12/2021 3:38:00 PM,10/12/2021 3:45:00 PM,Sell short,Profit target,$994.84,$38312.20,$5.16,$0.00,$0.00,$0.00,$0.00,$180.00,$1000.00,$5.16,8,
331,NQ 06-26,Backtest,NQPivots,Long,1,17767.00,17731.25,10/12/2021 3:50:00 PM,10/12/2021 10:00:00 PM,Buy,Exit on session close,($720.16),$37592.04,$5.16,$0.00,$0.00,$0.00,$0.00,$1255.00,$960.00,$1680.16,371,
332,NQ 06-26,Backtest,NQPivots,Short,1,18156.25,18215.75,10/15/2021 3:59:00 PM,10/15/2021 10:00:00 PM,Sell short,Exit on session close,($1195.16),$36396.88,$5.16,$0.00,$0.00,$0.00,$0.00,$1285.00,$550.00,$1745.16,362,
333,NQ 06-26,Backtest,NQPivots,Long,1,18208.25,18258.25,10/18/2021 3:49:00 PM,10/18/2021 5:02:00 PM,Buy,Profit target,$994.84,$37391.72,$5.16,$0.00,$0.00,$0.00,$0.00,$75.00,$1000.00,$5.16,74,
334,NQ 06-26,Backtest,NQPivots,Short,1,18431.75,18483.25,10/19/2021 3:53:00 PM,10/19/2021 10:00:00 PM,Sell short,Exit on session close,($1035.16),$36356.56,$5.16,$0.00,$0.00,$0.00,$0.00,$1095.00,$750.00,$1785.16,368,
335,NQ 06-26,Backtest,NQPivots,Short,1,18509.25,18459.25,10/20/2021 3:52:00 PM,10/20/2021 7:05:00 PM,Sell short,Profit target,$994.84,$37351.40,$5.16,$0.00,$0.00,$0.00,$0.00,$400.00,$1000.00,$5.16,194,
336,NQ 06-26,Backtest,NQPivots,Long,1,18455.00,18505.00,10/21/2021 3:43:00 PM,10/21/2021 4:29:00 PM,Buy,Profit target,$994.84,$38346.24,$5.16,$0.00,$0.00,$0.00,$0.00,$100.00,$1000.00,$5.16,47,
337,NQ 06-26,Backtest,NQPivots,Short,1,18467.75,18417.75,10/25/2021 3:39:00 PM,10/25/2021 3:41:00 PM,Sell short,Profit target,$994.84,$39341.08,$5.16,$0.00,$0.00,$0.00,$0.00,$60.00,$1000.00,$5.16,3,
338,NQ 06-26,Backtest,NQPivots,Long,1,18906.25,18956.25,11/1/2021 2:41:00 PM,11/1/2021 8:57:00 PM,Buy,Profit target,$994.84,$40335.92,$5.16,$0.00,$0.00,$0.00,$0.00,$1100.00,$1000.00,$5.16,377,
339,NQ 06-26,Backtest,NQPivots,Long,1,18967.50,19017.50,11/2/2021 2:33:00 PM,11/2/2021 2:41:00 PM,Buy,Profit target,$994.84,$41330.76,$5.16,$0.00,$0.00,$0.00,$0.00,$335.00,$1000.00,$5.16,9,
340,NQ 06-26,Backtest,NQPivots,Short,1,19011.75,19045.25,11/2/2021 2:44:00 PM,11/2/2021 9:00:00 PM,Sell short,Exit on session close,($675.16),$40655.60,$5.16,$0.00,$0.00,$0.00,$0.00,$1025.00,$690.00,$1365.16,377,
341,NQ 06-26,Backtest,NQPivots,Long,1,19037.00,19087.00,11/3/2021 2:39:00 PM,11/3/2021 7:01:00 PM,Buy,Profit target,$994.84,$41650.44,$5.16,$0.00,$0.00,$0.00,$0.00,$380.00,$1000.00,$5.16,263,
342,NQ 06-26,Backtest,NQPivots,Short,1,19268.25,19368.75,11/4/2021 2:44:00 PM,11/4/2021 3:18:00 PM,Sell short,Stop loss,($2015.16),$39635.28,$5.16,$0.00,$0.00,$0.00,$0.00,$2010.00,$30.00,$2045.16,35,
343,NQ 06-26,Backtest,NQPivots,Short,1,19460.75,19410.75,11/5/2021 2:52:00 PM,11/5/2021 6:26:00 PM,Sell short,Profit target,$994.84,$40630.12,$5.16,$0.00,$0.00,$0.00,$0.00,$1405.00,$1000.00,$5.16,215,
344,NQ 06-26,Backtest,NQPivots,Long,1,19428.00,19411.50,11/8/2021 4:00:00 PM,11/8/2021 10:00:00 PM,Buy,Exit on session close,($335.16),$40294.96,$5.16,$0.00,$0.00,$0.00,$0.00,$855.00,$765.00,$1100.16,361,
345,NQ 06-26,Backtest,NQPivots,Short,1,19432.25,19408.25,11/9/2021 3:49:00 PM,11/9/2021 3:53:00 PM,Sell short,Close position,$474.84,$40769.80,$5.16,$0.00,$0.00,$0.00,$0.00,$60.00,$655.00,$180.16,5,
346,NQ 06-26,Backtest,NQPivots,Long,1,19408.25,19307.75,11/9/2021 3:53:00 PM,11/9/2021 3:59:00 PM,Buy,Stop loss,($2015.16),$38754.64,$5.16,$0.00,$0.00,$0.00,$0.00,$2010.00,$0.00,$2015.16,7,
347,NQ 06-26,Backtest,NQPivots,Short,1,19146.75,19096.75,11/11/2021 3:40:00 PM,11/11/2021 9:12:00 PM,Sell short,Profit target,$994.84,$39749.48,$5.16,$0.00,$0.00,$0.00,$0.00,$860.00,$1000.00,$5.16,333,
348,NQ 06-26,Backtest,NQPivots,Short,1,19128.75,19103.50,11/12/2021 3:37:00 PM,11/12/2021 3:42:00 PM,Sell short,Close position,$499.84,$40249.32,$5.16,$0.00,$0.00,$0.00,$0.00,$75.00,$730.00,$230.16,6,
349,NQ 06-26,Backtest,NQPivots,Long,1,19103.50,19153.50,11/12/2021 3:42:00 PM,11/12/2021 4:21:00 PM,Buy,Profit target,$994.84,$41244.16,$5.16,$0.00,$0.00,$0.00,$0.00,$380.00,$1000.00,$5.16,40,
350,NQ 06-26,Backtest,NQPivots,Short,1,19330.00,19280.00,11/15/2021 3:41:00 PM,11/15/2021 3:52:00 PM,Sell short,Profit target,$994.84,$42239.00,$5.16,$0.00,$0.00,$0.00,$0.00,$105.00,$1000.00,$5.16,12,
351,NQ 06-26,Backtest,NQPivots,Long,1,19263.75,19313.75,11/16/2021 3:33:00 PM,11/16/2021 3:36:00 PM,Buy,Profit target,$994.84,$43233.84,$5.16,$0.00,$0.00,$0.00,$0.00,$50.00,$1000.00,$5.16,4,
352,NQ 06-26,Backtest,NQPivots,Short,1,19310.75,19388.25,11/16/2021 3:44:00 PM,11/16/2021 10:00:00 PM,Sell short,Exit on session close,($1555.16),$41678.68,$5.16,$0.00,$0.00,$0.00,$0.00,$1915.00,$665.00,$2220.16,377,
353,NQ 06-26,Backtest,NQPivots,Short,1,19601.50,19702.00,11/19/2021 3:33:00 PM,11/19/2021 5:38:00 PM,Sell short,Stop loss,($2015.16),$39663.52,$5.16,$0.00,$0.00,$0.00,$0.00,$2010.00,$50.00,$2065.16,126,
354,NQ 06-26,Backtest,NQPivots,Long,1,19433.75,19483.75,11/23/2021 3:40:00 PM,11/23/2021 3:49:00 PM,Buy,Profit target,$994.84,$40658.36,$5.16,$0.00,$0.00,$0.00,$0.00,$315.00,$1000.00,$5.16,10,
355,NQ 06-26,Backtest,NQPivots,Long,1,19456.75,19506.75,11/30/2021 3:48:00 PM,11/30/2021 4:01:00 PM,Buy,Profit target,$994.84,$41653.20,$5.16,$0.00,$0.00,$0.00,$0.00,$460.00,$1000.00,$5.16,14,
356,NQ 06-26,Backtest,NQPivots,Short,1,19147.25,19097.25,12/3/2021 3:35:00 PM,12/3/2021 3:36:00 PM,Sell short,Profit target,$994.84,$42648.04,$5.16,$0.00,$0.00,$0.00,$0.00,$210.00,$1000.00,$5.16,2,
357,NQ 06-26,Backtest,NQPivots,Long,1,19051.00,18950.75,12/3/2021 3:49:00 PM,12/3/2021 3:54:00 PM,Buy,Stop loss,($2010.16),$40637.88,$5.16,$0.00,$0.00,$0.00,$0.00,$2005.00,$95.00,$2105.16,6,
358,NQ 06-26,Backtest,NQPivots,Long,1,18752.50,18802.50,12/6/2021 3:46:00 PM,12/6/2021 4:13:00 PM,Buy,Profit target,$994.84,$41632.72,$5.16,$0.00,$0.00,$0.00,$0.00,$1385.00,$1000.00,$5.16,28,
359,NQ 06-26,Backtest,NQPivots,Long,1,19387.00,19437.00,12/8/2021 3:37:00 PM,12/8/2021 3:51:00 PM,Buy,Profit target,$994.84,$42627.56,$5.16,$0.00,$0.00,$0.00,$0.00,$1055.00,$1000.00,$5.16,15,
360,NQ 06-26,Backtest,NQPivots,Long,1,19469.75,19369.25,12/9/2021 3:35:00 PM,12/9/2021 4:29:00 PM,Buy,Stop loss,($2015.16),$40612.40,$5.16,$0.00,$0.00,$0.00,$0.00,$2010.00,$590.00,$2605.16,55,
361,NQ 06-26,Backtest,NQPivots,Short,1,19304.50,19254.50,12/10/2021 3:48:00 PM,12/10/2021 4:50:00 PM,Sell short,Profit target,$994.84,$41607.24,$5.16,$0.00,$0.00,$0.00,$0.00,$1835.00,$1000.00,$5.16,63,
362,NQ 06-26,Backtest,NQPivots,Long,1,19396.00,19295.50,12/13/2021 3:37:00 PM,12/13/2021 4:28:00 PM,Buy,Stop loss,($2015.16),$39592.08,$5.16,$0.00,$0.00,$0.00,$0.00,$2010.00,$380.00,$2395.16,52,
363,NQ 06-26,Backtest,NQPivots,Long,1,19001.00,18900.50,12/15/2021 3:37:00 PM,12/15/2021 4:01:00 PM,Buy,Stop loss,($2015.16),$37576.92,$5.16,$0.00,$0.00,$0.00,$0.00,$2010.00,$150.00,$2165.16,25,
364,NQ 06-26,Backtest,NQPivots,Long,1,19315.75,19215.25,12/16/2021 3:46:00 PM,12/16/2021 4:03:00 PM,Buy,Stop loss,($2015.16),$35561.76,$5.16,$0.00,$0.00,$0.00,$0.00,$2010.00,$950.00,$2965.16,18,
365,NQ 06-26,Backtest,NQPivots,Long,1,18912.25,18811.75,12/17/2021 3:52:00 PM,12/17/2021 4:07:00 PM,Buy,Stop loss,($2015.16),$33546.60,$5.16,$0.00,$0.00,$0.00,$0.00,$2010.00,$260.00,$2275.16,16,
366,NQ 06-26,Backtest,NQPivots,Short,1,18752.50,18702.50,12/21/2021 3:56:00 PM,12/21/2021 4:28:00 PM,Sell short,Profit target,$994.84,$34541.44,$5.16,$0.00,$0.00,$0.00,$0.00,$755.00,$1000.00,$5.16,33,
367,NQ 06-26,Backtest,NQPivots,Long,1,19630.00,19576.25,12/28/2021 3:39:00 PM,12/28/2021 10:00:00 PM,Buy,Exit on session close,($1080.16),$33461.28,$5.16,$0.00,$0.00,$0.00,$0.00,$1910.00,$960.00,$2040.16,382,
368,NQ 06-26,Backtest,NQPivots,Long,1,19565.00,19615.00,12/30/2021 3:47:00 PM,12/30/2021 4:08:00 PM,Buy,Profit target,$994.84,$34456.12,$5.16,$0.00,$0.00,$0.00,$0.00,$370.00,$1000.00,$5.16,22,
369,NQ 06-26,Backtest,NQPivots,Long,1,19498.50,19398.00,12/31/2021 3:56:00 PM,12/31/2021 9:55:00 PM,Buy,Stop loss,($2015.16),$32440.96,$5.16,$0.00,$0.00,$0.00,$0.00,$2010.00,$285.00,$2300.16,360,
370,NQ 06-26,Backtest,NQPivots,Short,1,19441.00,19391.00,1/3/2022 3:50:00 PM,1/3/2022 3:51:00 PM,Sell short,Profit target,$994.84,$33435.80,$5.16,$0.00,$0.00,$0.00,$0.00,$25.00,$1000.00,$5.16,2,
371,NQ 06-26,Backtest,NQPivots,Long,1,19394.25,19444.25,1/3/2022 3:56:00 PM,1/3/2022 4:02:00 PM,Buy,Profit target,$994.84,$34430.64,$5.16,$0.00,$0.00,$0.00,$0.00,$400.00,$1000.00,$5.16,7,
372,NQ 06-26,Backtest,NQPivots,Long,1,18808.50,18858.50,1/6/2022 3:33:00 PM,1/6/2022 3:35:00 PM,Buy,Profit target,$994.84,$35425.48,$5.16,$0.00,$0.00,$0.00,$0.00,$245.00,$1000.00,$5.16,3,
373,NQ 06-26,Backtest,NQPivots,Long,1,18832.50,18882.50,1/7/2022 3:42:00 PM,1/7/2022 3:45:00 PM,Buy,Profit target,$994.84,$36420.32,$5.16,$0.00,$0.00,$0.00,$0.00,$30.00,$1000.00,$5.16,4,
374,NQ 06-26,Backtest,NQPivots,Long,1,18671.25,18570.75,1/11/2022 3:38:00 PM,1/11/2022 3:44:00 PM,Buy,Stop loss,($2015.16),$34405.16,$5.16,$0.00,$0.00,$0.00,$0.00,$2010.00,$90.00,$2105.16,7,
375,NQ 06-26,Backtest,NQPivots,Long,1,18650.75,18700.75,1/11/2022 3:53:00 PM,1/11/2022 4:05:00 PM,Buy,Profit target,$994.84,$35400.00,$5.16,$0.00,$0.00,$0.00,$0.00,$1460.00,$1000.00,$5.16,13,
376,NQ 06-26,Backtest,NQPivots,Short,1,19012.75,18962.75,1/12/2022 3:42:00 PM,1/12/2022 4:42:00 PM,Sell short,Profit target,$994.84,$36394.84,$5.16,$0.00,$0.00,$0.00,$0.00,$1575.00,$1000.00,$5.16,61,
377,NQ 06-26,Backtest,NQPivots,Short,1,19030.25,18980.25,1/13/2022 3:36:00 PM,1/13/2022 4:06:00 PM,Sell short,Profit target,$994.84,$37389.68,$5.16,$0.00,$0.00,$0.00,$0.00,$635.00,$1000.00,$5.16,31,
378,NQ 06-26,Backtest,NQPivots,Long,1,18536.00,18586.00,1/14/2022 3:34:00 PM,1/14/2022 3:39:00 PM,Buy,Profit target,$994.84,$38384.52,$5.16,$0.00,$0.00,$0.00,$0.00,$880.00,$1000.00,$5.16,6,
379,NQ 06-26,Backtest,NQPivots,Short,1,18360.75,18310.75,1/19/2022 3:35:00 PM,1/19/2022 4:40:00 PM,Sell short,Profit target,$994.84,$39379.36,$5.16,$0.00,$0.00,$0.00,$0.00,$1870.00,$1000.00,$5.16,66,
380,NQ 06-26,Backtest,NQPivots,Long,1,17886.75,17786.25,1/21/2022 3:35:00 PM,1/21/2022 3:42:00 PM,Buy,Stop loss,($2015.16),$37364.20,$5.16,$0.00,$0.00,$0.00,$0.00,$2010.00,$280.00,$2295.16,8,
381,NQ 06-26,Backtest,NQPivots,Short,1,17406.00,17356.00,1/27/2022 3:35:00 PM,1/27/2022 3:36:00 PM,Sell short,Profit target,$994.84,$38359.04,$5.16,$0.00,$0.00,$0.00,$0.00,$160.00,$1000.00,$5.16,2,
382,NQ 06-26,Backtest,NQPivots,Short,1,17405.00,17355.00,1/27/2022 3:58:00 PM,1/27/2022 4:29:00 PM,Sell short,Profit target,$994.84,$39353.88,$5.16,$0.00,$0.00,$0.00,$0.00,$1730.00,$1000.00,$5.16,32,
383,NQ 06-26,Backtest,NQPivots,Long,1,17027.50,17077.50,1/28/2022 3:42:00 PM,1/28/2022 4:19:00 PM,Buy,Profit target,$994.84,$40348.72,$5.16,$0.00,$0.00,$0.00,$0.00,$1700.00,$1000.00,$5.16,38,
384,NQ 06-26,Backtest,NQPivots,Long,1,17938.50,17838.00,2/1/2022 3:52:00 PM,2/1/2022 4:04:00 PM,Buy,Stop loss,($2015.16),$38333.56,$5.16,$0.00,$0.00,$0.00,$0.00,$2010.00,$0.00,$2015.16,13,
385,NQ 06-26,Backtest,NQPivots,Short,1,18146.50,18247.00,2/2/2022 3:45:00 PM,2/2/2022 4:10:00 PM,Sell short,Stop loss,($2015.16),$36318.40,$5.16,$0.00,$0.00,$0.00,$0.00,$2010.00,$750.00,$2765.16,26,
386,NQ 06-26,Backtest,NQPivots,Long,1,17552.00,17602.00,2/4/2022 3:38:00 PM,2/4/2022 3:41:00 PM,Buy,Profit target,$994.84,$37313.24,$5.16,$0.00,$0.00,$0.00,$0.00,$690.00,$1000.00,$5.16,4,
387,NQ 06-26,Backtest,NQPivots,Long,1,17603.75,17653.75,2/4/2022 3:42:00 PM,2/4/2022 3:44:00 PM,Buy,Profit target,$994.84,$38308.08,$5.16,$0.00,$0.00,$0.00,$0.00,$250.00,$1000.00,$5.16,3,
388,NQ 06-26,Backtest,NQPivots,Short,1,17849.25,17799.25,2/7/2022 3:59:00 PM,2/7/2022 4:13:00 PM,Sell short,Profit target,$994.84,$39302.92,$5.16,$0.00,$0.00,$0.00,$0.00,$460.00,$1000.00,$5.16,15,
389,NQ 06-26,Backtest,NQPivots,Long,1,17621.50,17671.50,2/8/2022 3:37:00 PM,2/8/2022 4:47:00 PM,Buy,Profit target,$994.84,$40297.76,$5.16,$0.00,$0.00,$0.00,$0.00,$1435.00,$1000.00,$5.16,71,
390,NQ 06-26,Backtest,NQPivots,Long,1,17753.25,17803.25,2/11/2022 3:44:00 PM,2/11/2022 3:46:00 PM,Buy,Profit target,$994.84,$41292.60,$5.16,$0.00,$0.00,$0.00,$0.00,$150.00,$1000.00,$5.16,3,
391,NQ 06-26,Backtest,NQPivots,Long,1,17218.75,17268.75,2/18/2022 3:38:00 PM,2/18/2022 3:54:00 PM,Buy,Profit target,$994.84,$42287.44,$5.16,$0.00,$0.00,$0.00,$0.00,$975.00,$1000.00,$5.16,17,
392,NQ 06-26,Backtest,NQPivots,Long,1,17061.75,17111.75,2/22/2022 3:44:00 PM,2/22/2022 3:50:00 PM,Buy,Profit target,$994.84,$43282.28,$5.16,$0.00,$0.00,$0.00,$0.00,$370.00,$1000.00,$5.16,7,
393,NQ 06-26,Backtest,NQPivots,Short,1,17045.50,16995.50,2/23/2022 3:37:00 PM,2/23/2022 3:54:00 PM,Sell short,Profit target,$994.84,$44277.12,$5.16,$0.00,$0.00,$0.00,$0.00,$1355.00,$1000.00,$5.16,18,
394,NQ 06-26,Backtest,NQPivots,Long,1,16972.50,17022.50,2/25/2022 3:47:00 PM,2/25/2022 3:48:00 PM,Buy,Profit target,$994.84,$45271.96,$5.16,$0.00,$0.00,$0.00,$0.00,$25.00,$1000.00,$5.16,2,
395,NQ 06-26,Backtest,NQPivots,Long,1,17299.75,17349.75,3/1/2022 3:36:00 PM,3/1/2022 4:23:00 PM,Buy,Profit target,$994.84,$46266.80,$5.16,$0.00,$0.00,$0.00,$0.00,$1410.00,$1000.00,$5.16,48,
396,NQ 06-26,Backtest,NQPivots,Short,1,17177.50,17127.50,3/2/2022 3:55:00 PM,3/2/2022 4:08:00 PM,Sell short,Profit target,$994.84,$47261.64,$5.16,$0.00,$0.00,$0.00,$0.00,$510.00,$1000.00,$5.16,14,
397,NQ 06-26,Backtest,NQPivots,Short,1,17390.25,17340.25,3/3/2022 3:33:00 PM,3/3/2022 3:49:00 PM,Sell short,Profit target,$994.84,$48256.48,$5.16,$0.00,$0.00,$0.00,$0.00,$460.00,$1000.00,$5.16,17,
398,NQ 06-26,Backtest,NQPivots,Long,1,16436.25,16335.75,3/8/2022 3:37:00 PM,3/8/2022 3:40:00 PM,Buy,Stop loss,($2015.16),$46241.32,$5.16,$0.00,$0.00,$0.00,$0.00,$2010.00,$5.00,$2020.16,4,
399,NQ 06-26,Backtest,NQPivots,Long,1,16381.75,16431.75,3/8/2022 3:44:00 PM,3/8/2022 3:44:00 PM,Buy,Profit target,$994.84,$47236.16,$5.16,$0.00,$0.00,$0.00,$0.00,$0.00,$1000.00,$5.16,1,
400,NQ 06-26,Backtest,NQPivots,Short,1,16727.50,16677.50,3/11/2022 3:40:00 PM,3/11/2022 3:56:00 PM,Sell short,Profit target,$994.84,$48231.00,$5.16,$0.00,$0.00,$0.00,$0.00,$390.00,$1000.00,$5.16,17,
401,NQ 06-26,Backtest,NQPivots,Long,1,16346.25,16396.25,3/14/2022 2:38:00 PM,3/14/2022 2:45:00 PM,Buy,Profit target,$994.84,$49225.84,$5.16,$0.00,$0.00,$0.00,$0.00,$1200.00,$1000.00,$5.16,8,
402,NQ 06-26,Backtest,NQPivots,Long,1,16354.00,16404.00,3/14/2022 3:00:00 PM,3/14/2022 3:08:00 PM,Buy,Profit target,$994.84,$50220.68,$5.16,$0.00,$0.00,$0.00,$0.00,$690.00,$1000.00,$5.16,9,
403,NQ 06-26,Backtest,NQPivots,Short,1,16226.25,16176.25,3/15/2022 2:39:00 PM,3/15/2022 2:47:00 PM,Sell short,Profit target,$994.84,$51215.52,$5.16,$0.00,$0.00,$0.00,$0.00,$540.00,$1000.00,$5.16,9,
404,NQ 06-26,Backtest,NQPivots,Long,1,16998.00,17048.00,3/17/2022 2:48:00 PM,3/17/2022 2:58:00 PM,Buy,Profit target,$994.84,$52210.36,$5.16,$0.00,$0.00,$0.00,$0.00,$755.00,$1000.00,$5.16,11,
405,NQ 06-26,Backtest,NQPivots,Long,1,17002.50,17052.50,3/17/2022 3:40:00 PM,3/17/2022 5:22:00 PM,Buy,Profit target,$994.84,$53205.20,$5.16,$0.00,$0.00,$0.00,$0.00,$1490.00,$1000.00,$5.16,103,
406,NQ 06-26,Backtest,NQPivots,Long,1,17179.00,17229.00,3/18/2022 2:50:00 PM,3/18/2022 3:00:00 PM,Buy,Profit target,$994.84,$54200.04,$5.16,$0.00,$0.00,$0.00,$0.00,$25.00,$1000.00,$5.16,11,
407,NQ 06-26,Backtest,NQPivots,Short,1,17278.25,17228.25,3/18/2022 3:22:00 PM,3/18/2022 3:41:00 PM,Sell short,Profit target,$994.84,$55194.88,$5.16,$0.00,$0.00,$0.00,$0.00,$690.00,$1000.00,$5.16,20,
408,NQ 06-26,Backtest,NQPivots,Short,1,17287.25,17387.50,3/18/2022 4:00:00 PM,3/18/2022 5:41:00 PM,Sell short,Stop loss,($2010.16),$53184.72,$5.16,$0.00,$0.00,$0.00,$0.00,$2005.00,$75.00,$2085.16,102,
409,NQ 06-26,Backtest,NQPivots,Short,1,17527.00,17627.50,3/22/2022 2:47:00 PM,3/22/2022 3:07:00 PM,Sell short,Stop loss,($2015.16),$51169.56,$5.16,$0.00,$0.00,$0.00,$0.00,$2010.00,$775.00,$2790.16,21,
410,NQ 06-26,Backtest,NQPivots,Short,1,17582.25,17532.25,3/24/2022 2:33:00 PM,3/24/2022 3:20:00 PM,Sell short,Profit target,$994.84,$52164.40,$5.16,$0.00,$0.00,$0.00,$0.00,$1200.00,$1000.00,$5.16,48,
411,NQ 06-26,Backtest,NQPivots,Short,1,17593.00,17693.50,3/24/2022 3:38:00 PM,3/24/2022 4:26:00 PM,Sell short,Stop loss,($2015.16),$50149.24,$5.16,$0.00,$0.00,$0.00,$0.00,$2010.00,$400.00,$2415.16,49,
412,NQ 06-26,Backtest,NQPivots,Long,1,17832.75,17882.75,3/25/2022 2:44:00 PM,3/25/2022 3:43:00 PM,Buy,Profit target,$994.84,$51144.08,$5.16,$0.00,$0.00,$0.00,$0.00,$1045.00,$1000.00,$5.16,60,
413,NQ 06-26,Backtest,NQPivots,Long,1,17831.25,17730.75,3/25/2022 3:58:00 PM,3/25/2022 4:11:00 PM,Buy,Stop loss,($2015.16),$49128.92,$5.16,$0.00,$0.00,$0.00,$0.00,$2010.00,$255.00,$2270.16,14,
414,NQ 06-26,Backtest,NQPivots,Long,1,17573.75,17623.75,4/7/2022 3:34:00 PM,4/7/2022 3:35:00 PM,Buy,Profit target,$994.84,$50123.76,$5.16,$0.00,$0.00,$0.00,$0.00,$10.00,$1000.00,$5.16,2,
415,NQ 06-26,Backtest,NQPivots,Long,1,17592.25,17642.25,4/7/2022 3:52:00 PM,4/7/2022 3:57:00 PM,Buy,Profit target,$994.84,$51118.60,$5.16,$0.00,$0.00,$0.00,$0.00,$155.00,$1000.00,$5.16,6,
416,NQ 06-26,Backtest,NQPivots,Short,1,17133.25,17083.25,4/13/2022 3:51:00 PM,4/13/2022 4:01:00 PM,Sell short,Profit target,$994.84,$52113.44,$5.16,$0.00,$0.00,$0.00,$0.00,$315.00,$1000.00,$5.16,11,
417,NQ 06-26,Backtest,NQPivots,Long,1,16948.75,16998.75,4/18/2022 4:00:00 PM,4/18/2022 4:03:00 PM,Buy,Profit target,$994.84,$53108.28,$5.16,$0.00,$0.00,$0.00,$0.00,$545.00,$1000.00,$5.16,4,
418,NQ 06-26,Backtest,NQPivots,Long,1,16992.50,17042.50,4/19/2022 3:36:00 PM,4/19/2022 3:53:00 PM,Buy,Profit target,$994.84,$54103.12,$5.16,$0.00,$0.00,$0.00,$0.00,$1455.00,$1000.00,$5.16,18,
419,NQ 06-26,Backtest,NQPivots,Short,1,17058.50,17159.00,4/19/2022 3:56:00 PM,4/19/2022 4:12:00 PM,Sell short,Stop loss,($2015.16),$52087.96,$5.16,$0.00,$0.00,$0.00,$0.00,$2010.00,$25.00,$2040.16,17,
420,NQ 06-26,Backtest,NQPivots,Long,1,16772.50,16822.50,4/22/2022 3:48:00 PM,4/22/2022 4:02:00 PM,Buy,Profit target,$994.84,$53082.80,$5.16,$0.00,$0.00,$0.00,$0.00,$750.00,$1000.00,$5.16,15,
421,NQ 06-26,Backtest,NQPivots,Long,1,16413.75,16463.75,4/25/2022 3:37:00 PM,4/25/2022 4:26:00 PM,Buy,Profit target,$994.84,$54077.64,$5.16,$0.00,$0.00,$0.00,$0.00,$1830.00,$1000.00,$5.16,50,
422,NQ 06-26,Backtest,NQPivots,Long,1,15895.25,15945.25,5/2/2022 3:41:00 PM,5/2/2022 3:43:00 PM,Buy,Profit target,$994.84,$55072.48,$5.16,$0.00,$0.00,$0.00,$0.00,$930.00,$1000.00,$5.16,3,
423,NQ 06-26,Backtest,NQPivots,Long,1,16140.50,16190.50,5/3/2022 3:34:00 PM,5/3/2022 4:00:00 PM,Buy,Profit target,$994.84,$56067.32,$5.16,$0.00,$0.00,$0.00,$0.00,$1715.00,$1000.00,$5.16,27,
424,NQ 06-26,Backtest,NQPivots,Long,1,16181.75,16081.25,5/4/2022 3:38:00 PM,5/4/2022 4:02:00 PM,Buy,Stop loss,($2015.16),$54052.16,$5.16,$0.00,$0.00,$0.00,$0.00,$2010.00,$290.00,$2305.16,25,
425,NQ 06-26,Backtest,NQPivots,Long,1,15423.50,15473.50,5/11/2022 3:46:00 PM,5/11/2022 3:49:00 PM,Buy,Profit target,$994.84,$55047.00,$5.16,$0.00,$0.00,$0.00,$0.00,$670.00,$1000.00,$5.16,4,
426,NQ 06-26,Backtest,NQPivots,Short,1,15509.50,15459.50,5/11/2022 3:54:00 PM,5/11/2022 3:56:00 PM,Sell short,Profit target,$994.84,$56041.84,$5.16,$0.00,$0.00,$0.00,$0.00,$405.00,$1000.00,$5.16,3,
427,NQ 06-26,Backtest,NQPivots,Long,1,14980.75,15030.75,5/19/2022 3:57:00 PM,5/19/2022 4:02:00 PM,Buy,Profit target,$994.84,$57036.68,$5.16,$0.00,$0.00,$0.00,$0.00,$430.00,$1000.00,$5.16,6,
428,NQ 06-26,Backtest,NQPivots,Long,1,14853.50,14903.50,5/25/2022 3:34:00 PM,5/25/2022 3:37:00 PM,Buy,Profit target,$994.84,$58031.52,$5.16,$0.00,$0.00,$0.00,$0.00,$240.00,$1000.00,$5.16,4,
429,NQ 06-26,Backtest,NQPivots,Long,1,15016.75,15066.75,5/26/2022 3:33:00 PM,5/26/2022 3:35:00 PM,Buy,Profit target,$994.84,$59026.36,$5.16,$0.00,$0.00,$0.00,$0.00,$110.00,$1000.00,$5.16,3,
430,NQ 06-26,Backtest,NQPivots,Short,1,15115.50,15216.00,5/26/2022 3:41:00 PM,5/26/2022 4:01:00 PM,Sell short,Stop loss,($2015.16),$57011.20,$5.16,$0.00,$0.00,$0.00,$0.00,$2010.00,$270.00,$2285.16,21,
431,NQ 06-26,Backtest,NQPivots,Long,1,15613.75,15663.75,6/2/2022 3:44:00 PM,6/2/2022 4:02:00 PM,Buy,Profit target,$994.84,$58006.04,$5.16,$0.00,$0.00,$0.00,$0.00,$795.00,$1000.00,$5.16,19,
432,NQ 06-26,Backtest,NQPivots,Long,1,15771.75,15821.75,6/8/2022 3:37:00 PM,6/8/2022 3:50:00 PM,Buy,Profit target,$994.84,$59000.88,$5.16,$0.00,$0.00,$0.00,$0.00,$250.00,$1000.00,$5.16,14,
433,NQ 06-26,Backtest,NQPivots,Long,1,15713.50,15613.00,6/9/2022 3:53:00 PM,6/9/2022 6:13:00 PM,Buy,Stop loss,($2015.16),$56985.72,$5.16,$0.00,$0.00,$0.00,$0.00,$2010.00,$920.00,$2935.16,141,
434,NQ 06-26,Backtest,NQPivots,Short,1,14443.25,14393.25,6/14/2022 3:34:00 PM,6/14/2022 3:41:00 PM,Sell short,Profit target,$994.84,$57980.56,$5.16,$0.00,$0.00,$0.00,$0.00,$525.00,$1000.00,$5.16,8,
435,NQ 06-26,Backtest,NQPivots,Long,1,14365.00,14415.00,6/14/2022 3:47:00 PM,6/14/2022 3:55:00 PM,Buy,Profit target,$994.84,$58975.40,$5.16,$0.00,$0.00,$0.00,$0.00,$345.00,$1000.00,$5.16,9,
436,NQ 06-26,Backtest,NQPivots,Long,1,14616.00,14666.00,6/22/2022 3:55:00 PM,6/22/2022 3:58:00 PM,Buy,Profit target,$994.84,$59970.24,$5.16,$0.00,$0.00,$0.00,$0.00,$155.00,$1000.00,$5.16,4,
437,NQ 06-26,Backtest,NQPivots,Short,1,14689.75,14639.75,6/23/2022 3:33:00 PM,6/23/2022 3:36:00 PM,Sell short,Profit target,$994.84,$60965.08,$5.16,$0.00,$0.00,$0.00,$0.00,$475.00,$1000.00,$5.16,4,
438,NQ 06-26,Backtest,NQPivots,Short,1,15145.75,15095.75,6/28/2022 4:00:00 PM,6/28/2022 4:07:00 PM,Sell short,Profit target,$994.84,$61959.92,$5.16,$0.00,$0.00,$0.00,$0.00,$605.00,$1000.00,$5.16,8,
439,NQ 06-26,Backtest,NQPivots,Long,1,14689.00,14739.00,6/29/2022 3:39:00 PM,6/29/2022 3:52:00 PM,Buy,Profit target,$994.84,$62954.76,$5.16,$0.00,$0.00,$0.00,$0.00,$1460.00,$1000.00,$5.16,14,
440,NQ 06-26,Backtest,NQPivots,Long,1,14563.75,14613.75,7/1/2022 3:45:00 PM,7/1/2022 3:48:00 PM,Buy,Profit target,$994.84,$63949.60,$5.16,$0.00,$0.00,$0.00,$0.00,$850.00,$1000.00,$5.16,4,
441,NQ 06-26,Backtest,NQPivots,Long,1,14838.25,14888.25,7/6/2022 3:50:00 PM,7/6/2022 3:58:00 PM,Buy,Profit target,$994.84,$64944.44,$5.16,$0.00,$0.00,$0.00,$0.00,$605.00,$1000.00,$5.16,9,
442,NQ 06-26,Backtest,NQPivots,Short,1,14990.50,15091.00,7/7/2022 3:33:00 PM,7/7/2022 3:55:00 PM,Sell short,Stop loss,($2015.16),$62929.28,$5.16,$0.00,$0.00,$0.00,$0.00,$2010.00,$350.00,$2365.16,23,
443,NQ 06-26,Backtest,NQPivots,Short,1,14990.50,14940.50,7/12/2022 3:48:00 PM,7/12/2022 4:00:00 PM,Sell short,Profit target,$994.84,$63924.12,$5.16,$0.00,$0.00,$0.00,$0.00,$410.00,$1000.00,$5.16,13,
444,NQ 06-26,Backtest,NQPivots,Short,1,14937.00,15037.50,7/15/2022 3:48:00 PM,7/15/2022 4:01:00 PM,Sell short,Stop loss,($2015.16),$61908.96,$5.16,$0.00,$0.00,$0.00,$0.00,$2010.00,$640.00,$2655.16,14,
445,NQ 06-26,Backtest,NQPivots,Long,1,15523.75,15573.75,7/21/2022 3:39:00 PM,7/21/2022 4:01:00 PM,Buy,Profit target,$994.84,$62903.80,$5.16,$0.00,$0.00,$0.00,$0.00,$790.00,$1000.00,$5.16,23,
446,NQ 06-26,Backtest,NQPivots,Long,1,15673.75,15723.75,7/22/2022 3:39:00 PM,7/22/2022 3:51:00 PM,Buy,Profit target,$994.84,$63898.64,$5.16,$0.00,$0.00,$0.00,$0.00,$520.00,$1000.00,$5.16,13,
447,NQ 06-26,Backtest,NQPivots,Long,1,15456.25,15355.75,7/25/2022 3:43:00 PM,7/25/2022 4:27:00 PM,Buy,Stop loss,($2015.16),$61883.48,$5.16,$0.00,$0.00,$0.00,$0.00,$2010.00,$505.00,$2520.16,45,
448,NQ 06-26,Backtest,NQPivots,Long,1,15999.00,16049.00,8/1/2022 3:43:00 PM,8/1/2022 3:54:00 PM,Buy,Profit target,$994.84,$62878.32,$5.16,$0.00,$0.00,$0.00,$0.00,$230.00,$1000.00,$5.16,12,
449,NQ 06-26,Backtest,NQPivots,Long,1,15995.00,15894.50,8/2/2022 3:47:00 PM,8/2/2022 4:11:00 PM,Buy,Stop loss,($2015.16),$60863.16,$5.16,$0.00,$0.00,$0.00,$0.00,$2010.00,$265.00,$2280.16,25,
450,NQ 06-26,Backtest,NQPivots,Short,1,16444.25,16544.50,8/12/2022 3:33:00 PM,8/12/2022 6:17:00 PM,Sell short,Stop loss,($2010.16),$58853.00,$5.16,$0.00,$0.00,$0.00,$0.00,$2005.00,$670.00,$2680.16,165,
451,NQ 06-26,Backtest,NQPivots,Long,1,16619.00,16669.00,8/15/2022 3:45:00 PM,8/15/2022 3:56:00 PM,Buy,Profit target,$994.84,$59847.84,$5.16,$0.00,$0.00,$0.00,$0.00,$325.00,$1000.00,$5.16,12,
452,NQ 06-26,Backtest,NQPivots,Long,1,16532.00,16582.00,8/18/2022 3:41:00 PM,8/18/2022 4:51:00 PM,Buy,Profit target,$994.84,$60842.68,$5.16,$0.00,$0.00,$0.00,$0.00,$1160.00,$1000.00,$5.16,71,
453,NQ 06-26,Backtest,NQPivots,Long,1,15953.25,16003.25,8/23/2022 3:48:00 PM,8/23/2022 3:51:00 PM,Buy,Profit target,$994.84,$61837.52,$5.16,$0.00,$0.00,$0.00,$0.00,$125.00,$1000.00,$5.16,4,
454,NQ 06-26,Backtest,NQPivots,Long,1,15949.75,15999.75,8/24/2022 3:40:00 PM,8/24/2022 4:29:00 PM,Buy,Profit target,$994.84,$62832.36,$5.16,$0.00,$0.00,$0.00,$0.00,$590.00,$1000.00,$5.16,50,
455,NQ 06-26,Backtest,NQPivots,Short,1,16025.00,16125.50,8/25/2022 3:36:00 PM,8/25/2022 4:24:00 PM,Sell short,Stop loss,($2015.16),$60817.20,$5.16,$0.00,$0.00,$0.00,$0.00,$2010.00,$230.00,$2245.16,49,
456,NQ 06-26,Backtest,NQPivots,Long,1,16207.75,16107.25,8/26/2022 3:36:00 PM,8/26/2022 4:02:00 PM,Buy,Stop loss,($2015.16),$58802.04,$5.16,$0.00,$0.00,$0.00,$0.00,$2010.00,$95.00,$2110.16,27,
457,NQ 06-26,Backtest,NQPivots,Long,1,15619.75,15519.25,8/29/2022 3:36:00 PM,8/29/2022 4:54:00 PM,Buy,Stop loss,($2015.16),$56786.88,$5.16,$0.00,$0.00,$0.00,$0.00,$2010.00,$840.00,$2855.16,79,
458,NQ 06-26,Backtest,NQPivots,Short,1,15585.50,15535.50,8/30/2022 3:39:00 PM,8/30/2022 3:47:00 PM,Sell short,Profit target,$994.84,$57781.72,$5.16,$0.00,$0.00,$0.00,$0.00,$515.00,$1000.00,$5.16,9,
459,NQ 06-26,Backtest,NQPivots,Short,1,15483.75,15433.75,8/31/2022 3:34:00 PM,8/31/2022 4:30:00 PM,Sell short,Profit target,$994.84,$58776.56,$5.16,$0.00,$0.00,$0.00,$0.00,$1615.00,$1000.00,$5.16,57,
460,NQ 06-26,Backtest,NQPivots,Short,1,15398.00,15348.00,9/2/2022 3:34:00 PM,9/2/2022 3:43:00 PM,Sell short,Profit target,$994.84,$59771.40,$5.16,$0.00,$0.00,$0.00,$0.00,$240.00,$1000.00,$5.16,10,
461,NQ 06-26,Backtest,NQPivots,Short,1,15382.25,15332.25,9/2/2022 3:54:00 PM,9/2/2022 4:02:00 PM,Sell short,Profit target,$994.84,$60766.24,$5.16,$0.00,$0.00,$0.00,$0.00,$505.00,$1000.00,$5.16,9,
462,NQ 06-26,Backtest,NQPivots,Long,1,15126.50,15026.00,9/6/2022 3:50:00 PM,9/6/2022 4:03:00 PM,Buy,Stop loss,($2015.16),$58751.08,$5.16,$0.00,$0.00,$0.00,$0.00,$2010.00,$125.00,$2140.16,14,
463,NQ 06-26,Backtest,NQPivots,Short,1,15133.50,15083.50,9/7/2022 3:54:00 PM,9/7/2022 4:16:00 PM,Sell short,Profit target,$994.84,$59745.92,$5.16,$0.00,$0.00,$0.00,$0.00,$685.00,$1000.00,$5.16,23,
464,NQ 06-26,Backtest,NQPivots,Long,1,15289.50,15339.50,9/8/2022 3:53:00 PM,9/8/2022 4:37:00 PM,Buy,Profit target,$994.84,$60740.76,$5.16,$0.00,$0.00,$0.00,$0.00,$1240.00,$1000.00,$5.16,45,
465,NQ 06-26,Backtest,NQPivots,Long,1,15179.25,15078.75,9/15/2022 3:52:00 PM,9/15/2022 4:33:00 PM,Buy,Stop loss,($2015.16),$58725.60,$5.16,$0.00,$0.00,$0.00,$0.00,$2010.00,$595.00,$2610.16,42,
466,NQ 06-26,Backtest,NQPivots,Long,1,14890.00,14940.00,9/19/2022 3:47:00 PM,9/19/2022 4:43:00 PM,Buy,Profit target,$994.84,$59720.44,$5.16,$0.00,$0.00,$0.00,$0.00,$890.00,$1000.00,$5.16,57,
467,NQ 06-26,Backtest,NQPivots,Short,1,14945.25,14895.25,9/21/2022 3:55:00 PM,9/21/2022 8:01:00 PM,Sell short,Profit target,$994.84,$60715.28,$5.16,$0.00,$0.00,$0.00,$0.00,$1855.00,$1000.00,$5.16,247,
468,NQ 06-26,Backtest,NQPivots,Long,1,14654.50,14554.00,9/22/2022 3:35:00 PM,9/22/2022 3:52:00 PM,Buy,Stop loss,($2015.16),$58700.12,$5.16,$0.00,$0.00,$0.00,$0.00,$2010.00,$0.00,$2015.16,18,
469,NQ 06-26,Backtest,NQPivots,Short,1,14414.00,14364.00,9/26/2022 3:43:00 PM,9/26/2022 5:26:00 PM,Sell short,Profit target,$994.84,$59694.96,$5.16,$0.00,$0.00,$0.00,$0.00,$1975.00,$1000.00,$5.16,104,
470,NQ 06-26,Backtest,NQPivots,Long,1,14278.50,14328.50,9/28/2022 3:42:00 PM,9/28/2022 4:01:00 PM,Buy,Profit target,$994.84,$60689.80,$5.16,$0.00,$0.00,$0.00,$0.00,$435.00,$1000.00,$5.16,20,
471,NQ 06-26,Backtest,NQPivots,Long,1,14182.75,14232.75,9/30/2022 3:33:00 PM,9/30/2022 3:57:00 PM,Buy,Profit target,$994.84,$61684.64,$5.16,$0.00,$0.00,$0.00,$0.00,$1295.00,$1000.00,$5.16,25,
472,NQ 06-26,Backtest,NQPivots,Short,1,14092.75,14193.25,10/3/2022 3:49:00 PM,10/3/2022 4:32:00 PM,Sell short,Stop loss,($2015.16),$59669.48,$5.16,$0.00,$0.00,$0.00,$0.00,$2010.00,$945.00,$2960.16,44,
473,NQ 06-26,Backtest,NQPivots,Long,1,13806.75,13856.75,10/12/2022 3:36:00 PM,10/12/2022 3:36:00 PM,Buy,Profit target,$994.84,$60664.32,$5.16,$0.00,$0.00,$0.00,$0.00,$0.00,$1000.00,$5.16,1,
474,NQ 06-26,Backtest,NQPivots,Short,1,13891.25,13841.25,10/12/2022 3:47:00 PM,10/12/2022 4:06:00 PM,Sell short,Profit target,$994.84,$61659.16,$5.16,$0.00,$0.00,$0.00,$0.00,$35.00,$1000.00,$5.16,20,
475,NQ 06-26,Backtest,NQPivots,Long,1,14150.50,14200.50,10/19/2022 3:35:00 PM,10/19/2022 4:16:00 PM,Buy,Profit target,$994.84,$62654.00,$5.16,$0.00,$0.00,$0.00,$0.00,$1310.00,$1000.00,$5.16,42,
476,NQ 06-26,Backtest,NQPivots,Long,1,14112.75,14162.75,10/20/2022 3:40:00 PM,10/20/2022 3:47:00 PM,Buy,Profit target,$994.84,$63648.84,$5.16,$0.00,$0.00,$0.00,$0.00,$935.00,$1000.00,$5.16,8,
477,NQ 06-26,Backtest,NQPivots,Short,1,14190.75,14291.25,10/20/2022 3:55:00 PM,10/20/2022 4:20:00 PM,Sell short,Stop loss,($2015.16),$61633.68,$5.16,$0.00,$0.00,$0.00,$0.00,$2010.00,$450.00,$2465.16,26,
478,NQ 06-26,Backtest,NQPivots,Long,1,14058.00,14108.00,10/21/2022 3:34:00 PM,10/21/2022 3:54:00 PM,Buy,Profit target,$994.84,$62628.52,$5.16,$0.00,$0.00,$0.00,$0.00,$1710.00,$1000.00,$5.16,21,
479,NQ 06-26,Backtest,NQPivots,Long,1,14296.50,14346.50,10/24/2022 3:36:00 PM,10/24/2022 3:38:00 PM,Buy,Profit target,$994.84,$63623.36,$5.16,$0.00,$0.00,$0.00,$0.00,$175.00,$1000.00,$5.16,3,
480,NQ 06-26,Backtest,NQPivots,Long,1,14309.00,14359.00,10/24/2022 3:46:00 PM,10/24/2022 3:46:00 PM,Buy,Profit target,$994.84,$64618.20,$5.16,$0.00,$0.00,$0.00,$0.00,$0.00,$1000.00,$5.16,1,
481,NQ 06-26,Backtest,NQPivots,Short,1,14533.50,14633.50,10/25/2022 3:35:00 PM,10/25/2022 3:56:00 PM,Sell short,Stop loss,($2005.16),$62613.04,$5.16,$0.00,$0.00,$0.00,$0.00,$2000.00,$720.00,$2725.16,22,
482,NQ 06-26,Backtest,NQPivots,Short,1,14276.00,14376.50,10/28/2022 3:39:00 PM,10/28/2022 4:31:00 PM,Sell short,Stop loss,($2015.16),$60597.88,$5.16,$0.00,$0.00,$0.00,$0.00,$2010.00,$875.00,$2890.16,53,
483,NQ 06-26,Backtest,NQPivots,Short,1,14454.00,14404.00,11/1/2022 3:02:00 PM,11/1/2022 3:08:00 PM,Sell short,Profit target,$994.84,$61592.72,$5.16,$0.00,$0.00,$0.00,$0.00,$280.00,$1000.00,$5.16,7,
484,NQ 06-26,Backtest,NQPivots,Long,1,14414.25,14313.75,11/1/2022 3:31:00 PM,11/1/2022 4:40:00 PM,Buy,Stop loss,($2015.16),$59577.56,$5.16,$0.00,$0.00,$0.00,$0.00,$2010.00,$125.00,$2140.16,70,
485,NQ 06-26,Backtest,NQPivots,Long,1,14280.75,14180.25,11/2/2022 2:39:00 PM,11/2/2022 5:28:00 PM,Buy,Stop loss,($2015.16),$57562.40,$5.16,$0.00,$0.00,$0.00,$0.00,$2010.00,$450.00,$2465.16,170,
486,NQ 06-26,Backtest,NQPivots,Short,1,13715.75,13816.25,11/4/2022 2:46:00 PM,11/4/2022 3:00:00 PM,Sell short,Stop loss,($2015.16),$55547.24,$5.16,$0.00,$0.00,$0.00,$0.00,$2010.00,$325.00,$2340.16,15,
487,NQ 06-26,Backtest,NQPivots,Long,1,13842.50,13892.50,11/7/2022 3:52:00 PM,11/7/2022 4:03:00 PM,Buy,Profit target,$994.84,$56542.08,$5.16,$0.00,$0.00,$0.00,$0.00,$405.00,$1000.00,$5.16,12,
488,NQ 06-26,Backtest,NQPivots,Long,1,14572.75,14622.75,11/11/2022 3:35:00 PM,11/11/2022 3:46:00 PM,Buy,Profit target,$994.84,$57536.92,$5.16,$0.00,$0.00,$0.00,$0.00,$570.00,$1000.00,$5.16,12,
489,NQ 06-26,Backtest,NQPivots,Short,1,14745.50,14695.50,11/18/2022 3:33:00 PM,11/18/2022 4:03:00 PM,Sell short,Profit target,$994.84,$58531.76,$5.16,$0.00,$0.00,$0.00,$0.00,$365.00,$1000.00,$5.16,31,
490,NQ 06-26,Backtest,NQPivots,Long,1,14663.00,14562.50,11/21/2022 3:33:00 PM,11/21/2022 4:23:00 PM,Buy,Stop loss,($2015.16),$56516.60,$5.16,$0.00,$0.00,$0.00,$0.00,$2010.00,$235.00,$2250.16,51,
491,NQ 06-26,Backtest,NQPivots,Long,1,14759.00,14658.50,11/28/2022 3:47:00 PM,11/28/2022 4:27:00 PM,Buy,Stop loss,($2015.16),$54501.44,$5.16,$0.00,$0.00,$0.00,$0.00,$2010.00,$45.00,$2060.16,41,
492,NQ 06-26,Backtest,NQPivots,Long,1,14573.00,14472.50,11/29/2022 3:38:00 PM,11/29/2022 5:17:00 PM,Buy,Stop loss,($2015.16),$52486.28,$5.16,$0.00,$0.00,$0.00,$0.00,$2010.00,$810.00,$2825.16,100,
493,NQ 06-26,Backtest,NQPivots,Short,1,14539.75,14489.75,11/30/2022 3:47:00 PM,11/30/2022 5:05:00 PM,Sell short,Profit target,$994.84,$53481.12,$5.16,$0.00,$0.00,$0.00,$0.00,$275.00,$1000.00,$5.16,79,
494,NQ 06-26,Backtest,NQPivots,Long,1,14515.50,14565.50,12/7/2022 3:35:00 PM,12/7/2022 3:38:00 PM,Buy,Profit target,$994.84,$54475.96,$5.16,$0.00,$0.00,$0.00,$0.00,$25.00,$1000.00,$5.16,4,
495,NQ 06-26,Backtest,NQPivots,Short,1,14512.25,14462.25,12/8/2022 3:34:00 PM,12/8/2022 3:46:00 PM,Sell short,Profit target,$994.84,$55470.80,$5.16,$0.00,$0.00,$0.00,$0.00,$65.00,$1000.00,$5.16,13,
496,NQ 06-26,Backtest,NQPivots,Long,1,14489.25,14539.25,12/8/2022 3:48:00 PM,12/8/2022 3:57:00 PM,Buy,Profit target,$994.84,$56465.64,$5.16,$0.00,$0.00,$0.00,$0.00,$90.00,$1000.00,$5.16,10,
497,NQ 06-26,Backtest,NQPivots,Long,1,14615.75,14665.75,12/9/2022 3:46:00 PM,12/9/2022 5:00:00 PM,Buy,Profit target,$994.84,$57460.48,$5.16,$0.00,$0.00,$0.00,$0.00,$1330.00,$1000.00,$5.16,75,
498,NQ 06-26,Backtest,NQPivots,Long,1,14539.00,14589.00,12/12/2022 3:43:00 PM,12/12/2022 3:51:00 PM,Buy,Profit target,$994.84,$58455.32,$5.16,$0.00,$0.00,$0.00,$0.00,$205.00,$1000.00,$5.16,9,
499,NQ 06-26,Backtest,NQPivots,Long,1,14301.75,14351.75,12/16/2022 3:33:00 PM,12/16/2022 3:51:00 PM,Buy,Profit target,$994.84,$59450.16,$5.16,$0.00,$0.00,$0.00,$0.00,$640.00,$1000.00,$5.16,19,
500,NQ 06-26,Backtest,NQPivots,Short,1,14063.75,14164.25,12/21/2022 3:33:00 PM,12/21/2022 4:21:00 PM,Sell short,Stop loss,($2015.16),$57435.00,$5.16,$0.00,$0.00,$0.00,$0.00,$2010.00,$380.00,$2395.16,49,
501,NQ 06-26,Backtest,NQPivots,Long,1,13893.25,13792.75,12/23/2022 3:33:00 PM,12/23/2022 3:37:00 PM,Buy,Stop loss,($2015.16),$55419.84,$5.16,$0.00,$0.00,$0.00,$0.00,$2010.00,$425.00,$2440.16,5,
502,NQ 06-26,Backtest,NQPivots,Long,1,13806.75,13856.75,12/28/2022 3:34:00 PM,12/28/2022 3:37:00 PM,Buy,Profit target,$994.84,$56414.68,$5.16,$0.00,$0.00,$0.00,$0.00,$215.00,$1000.00,$5.16,4,
503,NQ 06-26,Backtest,NQPivots,Short,1,13823.25,13773.25,12/28/2022 3:46:00 PM,12/28/2022 4:27:00 PM,Sell short,Profit target,$994.84,$57409.52,$5.16,$0.00,$0.00,$0.00,$0.00,$500.00,$1000.00,$5.16,42,
504,NQ 06-26,Backtest,NQPivots,Short,1,13924.00,13874.00,1/3/2023 3:50:00 PM,1/3/2023 3:56:00 PM,Sell short,Profit target,$994.84,$58404.36,$5.16,$0.00,$0.00,$0.00,$0.00,$485.00,$1000.00,$5.16,7,
505,NQ 06-26,Backtest,NQPivots,Short,1,13885.75,13835.75,1/4/2023 3:44:00 PM,1/4/2023 3:45:00 PM,Sell short,Profit target,$994.84,$59399.20,$5.16,$0.00,$0.00,$0.00,$0.00,$70.00,$1000.00,$5.16,2,
506,NQ 06-26,Backtest,NQPivots,Short,1,13694.50,13644.50,1/6/2023 3:40:00 PM,1/6/2023 3:45:00 PM,Sell short,Profit target,$994.84,$60394.04,$5.16,$0.00,$0.00,$0.00,$0.00,$275.00,$1000.00,$5.16,6,
507,NQ 06-26,Backtest,NQPivots,Long,1,13676.50,13726.50,1/6/2023 3:53:00 PM,1/6/2023 4:01:00 PM,Buy,Profit target,$994.84,$61388.88,$5.16,$0.00,$0.00,$0.00,$0.00,$240.00,$1000.00,$5.16,9,
508,NQ 06-26,Backtest,NQPivots,Short,1,14083.50,14183.75,1/9/2023 3:35:00 PM,1/9/2023 4:01:00 PM,Sell short,Stop loss,($2010.16),$59378.72,$5.16,$0.00,$0.00,$0.00,$0.00,$2005.00,$500.00,$2510.16,27,
509,NQ 06-26,Backtest,NQPivots,Long,1,14046.25,14096.25,1/10/2023 3:33:00 PM,1/10/2023 3:35:00 PM,Buy,Profit target,$994.84,$60373.56,$5.16,$0.00,$0.00,$0.00,$0.00,$175.00,$1000.00,$5.16,3,
510,NQ 06-26,Backtest,NQPivots,Long,1,14032.00,14082.00,1/10/2023 3:49:00 PM,1/10/2023 3:54:00 PM,Buy,Profit target,$994.84,$61368.40,$5.16,$0.00,$0.00,$0.00,$0.00,$290.00,$1000.00,$5.16,6,
511,NQ 06-26,Backtest,NQPivots,Short,1,14176.00,14276.50,1/11/2023 3:33:00 PM,1/11/2023 6:19:00 PM,Sell short,Stop loss,($2015.16),$59353.24,$5.16,$0.00,$0.00,$0.00,$0.00,$2010.00,$425.00,$2440.16,167,
512,NQ 06-26,Backtest,NQPivots,Long,1,14455.50,14505.50,1/17/2023 3:47:00 PM,1/17/2023 4:01:00 PM,Buy,Profit target,$994.84,$60348.08,$5.16,$0.00,$0.00,$0.00,$0.00,$205.00,$1000.00,$5.16,15,
513,NQ 06-26,Backtest,NQPivots,Short,1,14262.00,14362.25,1/20/2023 3:34:00 PM,1/20/2023 4:31:00 PM,Sell short,Stop loss,($2010.16),$58337.92,$5.16,$0.00,$0.00,$0.00,$0.00,$2005.00,$295.00,$2305.16,58,
514,NQ 06-26,Backtest,NQPivots,Long,1,14777.00,14768.75,1/24/2023 3:48:00 PM,1/24/2023 10:00:00 PM,Buy,Exit on session close,($170.16),$58167.76,$5.16,$0.00,$0.00,$0.00,$0.00,$1500.00,$765.00,$935.16,373,
515,NQ 06-26,Backtest,NQPivots,Short,1,14811.50,14912.00,1/26/2023 3:58:00 PM,1/26/2023 4:25:00 PM,Sell short,Stop loss,($2015.16),$56152.60,$5.16,$0.00,$0.00,$0.00,$0.00,$2010.00,$5.00,$2020.16,28,
516,NQ 06-26,Backtest,NQPivots,Long,1,14951.50,15001.50,1/27/2023 3:34:00 PM,1/27/2023 3:50:00 PM,Buy,Profit target,$994.84,$57147.44,$5.16,$0.00,$0.00,$0.00,$0.00,$315.00,$1000.00,$5.16,17,
517,NQ 06-26,Backtest,NQPivots,Short,1,14873.00,14973.50,1/31/2023 3:37:00 PM,1/31/2023 8:43:00 PM,Sell short,Stop loss,($2015.16),$55132.28,$5.16,$0.00,$0.00,$0.00,$0.00,$2010.00,$645.00,$2660.16,307,
518,NQ 06-26,Backtest,NQPivots,Long,1,15003.50,15053.50,2/1/2023 3:53:00 PM,2/1/2023 8:09:00 PM,Buy,Profit target,$994.84,$56127.12,$5.16,$0.00,$0.00,$0.00,$0.00,$1345.00,$1000.00,$5.16,257,
519,NQ 06-26,Backtest,NQPivots,Long,1,15380.25,15430.25,2/7/2023 3:39:00 PM,2/7/2023 5:29:00 PM,Buy,Profit target,$994.84,$57121.96,$5.16,$0.00,$0.00,$0.00,$0.00,$790.00,$1000.00,$5.16,111,
520,NQ 06-26,Backtest,NQPivots,Long,1,15605.00,15504.50,2/8/2023 3:44:00 PM,2/8/2023 4:31:00 PM,Buy,Stop loss,($2015.16),$55106.80,$5.16,$0.00,$0.00,$0.00,$0.00,$2010.00,$215.00,$2230.16,48,
521,NQ 06-26,Backtest,NQPivots,Short,1,15257.50,15358.00,2/13/2023 3:44:00 PM,2/13/2023 4:51:00 PM,Sell short,Stop loss,($2015.16),$53091.64,$5.16,$0.00,$0.00,$0.00,$0.00,$2010.00,$0.00,$2015.16,68,
522,NQ 06-26,Backtest,NQPivots,Long,1,15398.25,15448.25,2/14/2023 3:47:00 PM,2/14/2023 3:57:00 PM,Buy,Profit target,$994.84,$54086.48,$5.16,$0.00,$0.00,$0.00,$0.00,$320.00,$1000.00,$5.16,11,
523,NQ 06-26,Backtest,NQPivots,Long,1,15475.75,15525.75,2/15/2023 3:44:00 PM,2/15/2023 5:49:00 PM,Buy,Profit target,$994.84,$55081.32,$5.16,$0.00,$0.00,$0.00,$0.00,$1755.00,$1000.00,$5.16,126,
524,NQ 06-26,Backtest,NQPivots,Short,1,15011.25,14961.25,2/22/2023 3:52:00 PM,2/22/2023 4:03:00 PM,Sell short,Profit target,$994.84,$56076.16,$5.16,$0.00,$0.00,$0.00,$0.00,$325.00,$1000.00,$5.16,12,
525,NQ 06-26,Backtest,NQPivots,Long,1,14937.75,14987.75,2/28/2023 3:41:00 PM,2/28/2023 6:22:00 PM,Buy,Profit target,$994.84,$57071.00,$5.16,$0.00,$0.00,$0.00,$0.00,$560.00,$1000.00,$5.16,162,
526,NQ 06-26,Backtest,NQPivots,Long,1,14919.50,14819.25,3/1/2023 3:33:00 PM,3/1/2023 4:14:00 PM,Buy,Stop loss,($2010.16),$55060.84,$5.16,$0.00,$0.00,$0.00,$0.00,$2005.00,$475.00,$2485.16,42,
527,NQ 06-26,Backtest,NQPivots,Short,1,15227.50,15328.00,3/6/2023 3:33:00 PM,3/6/2023 4:45:00 PM,Sell short,Stop loss,($2015.16),$53045.68,$5.16,$0.00,$0.00,$0.00,$0.00,$2010.00,$330.00,$2345.16,73,
528,NQ 06-26,Backtest,NQPivots,Short,1,15133.75,15083.75,3/9/2023 3:43:00 PM,3/9/2023 6:49:00 PM,Sell short,Profit target,$994.84,$54040.52,$5.16,$0.00,$0.00,$0.00,$0.00,$1670.00,$1000.00,$5.16,187,
529,NQ 06-26,Backtest,NQPivots,Long,1,14689.75,14739.75,3/13/2023 2:50:00 PM,3/13/2023 2:53:00 PM,Buy,Profit target,$994.84,$55035.36,$5.16,$0.00,$0.00,$0.00,$0.00,$110.00,$1000.00,$5.16,4,
530,NQ 06-26,Backtest,NQPivots,Short,1,14770.25,14720.25,3/13/2023 3:11:00 PM,3/13/2023 3:17:00 PM,Sell short,Profit target,$994.84,$56030.20,$5.16,$0.00,$0.00,$0.00,$0.00,$245.00,$1000.00,$5.16,7,
531,NQ 06-26,Backtest,NQPivots,Short,1,14783.25,14733.25,3/13/2023 3:36:00 PM,3/13/2023 3:39:00 PM,Sell short,Profit target,$994.84,$57025.04,$5.16,$0.00,$0.00,$0.00,$0.00,$110.00,$1000.00,$5.16,4,
532,NQ 06-26,Backtest,NQPivots,Long,1,15104.25,15154.25,3/16/2023 2:42:00 PM,3/16/2023 3:02:00 PM,Buy,Profit target,$994.84,$58019.88,$5.16,$0.00,$0.00,$0.00,$0.00,$715.00,$1000.00,$5.16,21,
533,NQ 06-26,Backtest,NQPivots,Long,1,15368.75,15418.75,3/20/2023 3:51:00 PM,3/20/2023 4:30:00 PM,Buy,Profit target,$994.84,$59014.72,$5.16,$0.00,$0.00,$0.00,$0.00,$405.00,$1000.00,$5.16,40,
534,NQ 06-26,Backtest,NQPivots,Short,1,15472.50,15573.00,3/21/2023 3:37:00 PM,3/21/2023 7:57:00 PM,Sell short,Stop loss,($2015.16),$56999.56,$5.16,$0.00,$0.00,$0.00,$0.00,$2010.00,$530.00,$2545.16,261,
535,NQ 06-26,Backtest,NQPivots,Long,1,15596.50,15646.50,3/22/2023 2:36:00 PM,3/22/2023 3:29:00 PM,Buy,Profit target,$994.84,$57994.40,$5.16,$0.00,$0.00,$0.00,$0.00,$160.00,$1000.00,$5.16,54,
536,NQ 06-26,Backtest,NQPivots,Short,1,15657.50,15607.50,3/22/2023 3:34:00 PM,3/22/2023 6:07:00 PM,Sell short,Profit target,$994.84,$58989.24,$5.16,$0.00,$0.00,$0.00,$0.00,$425.00,$1000.00,$5.16,154,
537,NQ 06-26,Backtest,NQPivots,Long,1,15554.75,15604.75,3/24/2023 3:00:00 PM,3/24/2023 8:19:00 PM,Buy,Profit target,$994.84,$59984.08,$5.16,$0.00,$0.00,$0.00,$0.00,$1865.00,$1000.00,$5.16,320,
538,NQ 06-26,Backtest,NQPivots,Short,1,15671.25,15621.25,3/27/2023 3:49:00 PM,3/27/2023 4:31:00 PM,Sell short,Profit target,$994.84,$60978.92,$5.16,$0.00,$0.00,$0.00,$0.00,$550.00,$1000.00,$5.16,43,
539,NQ 06-26,Backtest,NQPivots,Long,1,15994.25,16044.25,4/4/2023 3:51:00 PM,4/4/2023 4:01:00 PM,Buy,Profit target,$994.84,$61973.76,$5.16,$0.00,$0.00,$0.00,$0.00,$30.00,$1000.00,$5.16,11,
540,NQ 06-26,Backtest,NQPivots,Long,1,15882.50,15809.50,4/11/2023 3:36:00 PM,4/11/2023 10:00:00 PM,Buy,Exit on session close,($1465.16),$60508.60,$5.16,$0.00,$0.00,$0.00,$0.00,$1910.00,$230.00,$1695.16,385,
541,NQ 06-26,Backtest,NQPivots,Short,1,15829.75,15779.75,4/12/2023 3:43:00 PM,4/12/2023 3:48:00 PM,Sell short,Profit target,$994.84,$61503.44,$5.16,$0.00,$0.00,$0.00,$0.00,$315.00,$1000.00,$5.16,6,
542,NQ 06-26,Backtest,NQPivots,Long,1,15801.75,15851.75,4/12/2023 3:52:00 PM,4/12/2023 4:22:00 PM,Buy,Profit target,$994.84,$62498.28,$5.16,$0.00,$0.00,$0.00,$0.00,$475.00,$1000.00,$5.16,31,
543,NQ 06-26,Backtest,NQPivots,Long,1,15929.25,15979.25,4/14/2023 3:40:00 PM,4/14/2023 3:52:00 PM,Buy,Profit target,$994.84,$63493.12,$5.16,$0.00,$0.00,$0.00,$0.00,$135.00,$1000.00,$5.16,13,
544,NQ 06-26,Backtest,NQPivots,Long,1,15897.75,15922.75,4/17/2023 3:35:00 PM,4/17/2023 10:00:00 PM,Buy,Exit on session close,$494.84,$63987.96,$5.16,$0.00,$0.00,$0.00,$0.00,$1750.00,$835.00,$340.16,386,
545,NQ 06-26,Backtest,NQPivots,Long,1,15800.50,15850.50,4/21/2023 3:33:00 PM,4/21/2023 8:05:00 PM,Buy,Profit target,$994.84,$64982.80,$5.16,$0.00,$0.00,$0.00,$0.00,$1690.00,$1000.00,$5.16,273,
546,NQ 06-26,Backtest,NQPivots,Long,1,15817.75,15855.50,4/24/2023 3:35:00 PM,4/24/2023 3:44:00 PM,Buy,Close position,$749.84,$65732.64,$5.16,$0.00,$0.00,$0.00,$0.00,$110.00,$995.00,$245.16,10,
547,NQ 06-26,Backtest,NQPivots,Short,1,15855.50,15805.50,4/24/2023 3:44:00 PM,4/24/2023 4:07:00 PM,Sell short,Profit target,$994.84,$66727.48,$5.16,$0.00,$0.00,$0.00,$0.00,$210.00,$1000.00,$5.16,24,
548,NQ 06-26,Backtest,NQPivots,Long,1,15944.75,15994.75,4/28/2023 3:40:00 PM,4/28/2023 4:13:00 PM,Buy,Profit target,$994.84,$67722.32,$5.16,$0.00,$0.00,$0.00,$0.00,$780.00,$1000.00,$5.16,34,
549,NQ 06-26,Backtest,NQPivots,Long,1,16045.75,16095.75,5/1/2023 3:43:00 PM,5/1/2023 7:42:00 PM,Buy,Profit target,$994.84,$68717.16,$5.16,$0.00,$0.00,$0.00,$0.00,$1070.00,$1000.00,$5.16,240,
550,NQ 06-26,Backtest,NQPivots,Long,1,16029.00,15928.50,5/2/2023 3:34:00 PM,5/2/2023 4:32:00 PM,Buy,Stop loss,($2015.16),$66702.00,$5.16,$0.00,$0.00,$0.00,$0.00,$2010.00,$355.00,$2370.16,59,
551,NQ 06-26,Backtest,NQPivots,Long,1,16132.00,16182.00,5/11/2023 3:43:00 PM,5/11/2023 5:32:00 PM,Buy,Profit target,$994.84,$67696.84,$5.16,$0.00,$0.00,$0.00,$0.00,$740.00,$1000.00,$5.16,110,
552,NQ 06-26,Backtest,NQPivots,Short,1,16206.00,16156.00,5/12/2023 3:38:00 PM,5/12/2023 4:02:00 PM,Sell short,Profit target,$994.84,$68691.68,$5.16,$0.00,$0.00,$0.00,$0.00,$120.00,$1000.00,$5.16,25,
553,NQ 06-26,Backtest,NQPivots,Long,1,16197.00,16247.00,5/16/2023 3:33:00 PM,5/16/2023 3:47:00 PM,Buy,Profit target,$994.84,$69686.52,$5.16,$0.00,$0.00,$0.00,$0.00,$50.00,$1000.00,$5.16,15,
554,NQ 06-26,Backtest,NQPivots,Short,1,16237.50,16187.50,5/16/2023 3:50:00 PM,5/16/2023 4:12:00 PM,Sell short,Profit target,$994.84,$70681.36,$5.16,$0.00,$0.00,$0.00,$0.00,$90.00,$1000.00,$5.16,23,
555,NQ 06-26,Backtest,NQPivots,Short,1,16243.75,16344.25,5/17/2023 3:48:00 PM,5/17/2023 6:56:00 PM,Sell short,Stop loss,($2015.16),$68666.20,$5.16,$0.00,$0.00,$0.00,$0.00,$2010.00,$695.00,$2710.16,189,
556,NQ 06-26,Backtest,NQPivots,Short,1,16426.50,16527.00,5/18/2023 3:45:00 PM,5/18/2023 5:01:00 PM,Sell short,Stop loss,($2015.16),$66651.04,$5.16,$0.00,$0.00,$0.00,$0.00,$2010.00,$15.00,$2030.16,77,
557,NQ 06-26,Backtest,NQPivots,Long,1,17116.50,17016.00,5/31/2023 3:42:00 PM,5/31/2023 4:27:00 PM,Buy,Stop loss,($2015.16),$64635.88,$5.16,$0.00,$0.00,$0.00,$0.00,$2010.00,$585.00,$2600.16,46,
558,NQ 06-26,Backtest,NQPivots,Long,1,17028.00,17078.00,6/1/2023 3:34:00 PM,6/1/2023 4:43:00 PM,Buy,Profit target,$994.84,$65630.72,$5.16,$0.00,$0.00,$0.00,$0.00,$850.00,$1000.00,$5.16,70,
559,NQ 06-26,Backtest,NQPivots,Short,1,17277.00,17227.00,6/2/2023 3:49:00 PM,6/2/2023 3:59:00 PM,Sell short,Profit target,$994.84,$66625.56,$5.16,$0.00,$0.00,$0.00,$0.00,$315.00,$1000.00,$5.16,11,
560,NQ 06-26,Backtest,NQPivots,Short,1,17339.75,17289.75,6/5/2023 3:52:00 PM,6/5/2023 8:35:00 PM,Sell short,Profit target,$994.84,$67620.40,$5.16,$0.00,$0.00,$0.00,$0.00,$1770.00,$1000.00,$5.16,284,
561,NQ 06-26,Backtest,NQPivots,Short,1,17605.25,17555.25,6/13/2023 3:48:00 PM,6/13/2023 4:08:00 PM,Sell short,Profit target,$994.84,$68615.24,$5.16,$0.00,$0.00,$0.00,$0.00,$360.00,$1000.00,$5.16,21,
562,NQ 06-26,Backtest,NQPivots,Long,1,17639.75,17689.75,6/14/2023 3:33:00 PM,6/14/2023 4:06:00 PM,Buy,Profit target,$994.84,$69610.08,$5.16,$0.00,$0.00,$0.00,$0.00,$605.00,$1000.00,$5.16,34,
563,NQ 06-26,Backtest,NQPivots,Long,1,17741.25,17791.25,6/15/2023 3:46:00 PM,6/15/2023 4:07:00 PM,Buy,Profit target,$994.84,$70604.92,$5.16,$0.00,$0.00,$0.00,$0.00,$255.00,$1000.00,$5.16,22,
564,NQ 06-26,Backtest,NQPivots,Long,1,17915.00,17965.00,6/16/2023 3:58:00 PM,6/16/2023 4:30:00 PM,Buy,Profit target,$994.84,$71599.76,$5.16,$0.00,$0.00,$0.00,$0.00,$285.00,$1000.00,$5.16,33,
565,NQ 06-26,Backtest,NQPivots,Long,1,17817.75,17717.25,6/20/2023 3:34:00 PM,6/20/2023 4:22:00 PM,Buy,Stop loss,($2015.16),$69584.60,$5.16,$0.00,$0.00,$0.00,$0.00,$2010.00,$1000.00,$3015.16,49,
566,NQ 06-26,Backtest,NQPivots,Long,1,17586.00,17636.00,6/22/2023 3:42:00 PM,6/22/2023 3:56:00 PM,Buy,Profit target,$994.84,$70579.44,$5.16,$0.00,$0.00,$0.00,$0.00,$265.00,$1000.00,$5.16,15,
567,NQ 06-26,Backtest,NQPivots,Long,1,17607.75,17657.75,6/26/2023 3:35:00 PM,6/26/2023 3:48:00 PM,Buy,Profit target,$994.84,$71574.28,$5.16,$0.00,$0.00,$0.00,$0.00,$35.00,$1000.00,$5.16,14,
568,NQ 06-26,Backtest,NQPivots,Short,1,17491.50,17591.50,6/27/2023 3:41:00 PM,6/27/2023 6:35:00 PM,Sell short,Stop loss,($2005.16),$69569.12,$5.16,$0.00,$0.00,$0.00,$0.00,$2000.00,$930.00,$2935.16,175,
569,NQ 06-26,Backtest,NQPivots,Long,1,17648.25,17698.25,6/28/2023 3:42:00 PM,6/28/2023 4:29:00 PM,Buy,Profit target,$994.84,$70563.96,$5.16,$0.00,$0.00,$0.00,$0.00,$1070.00,$1000.00,$5.16,48,
570,NQ 06-26,Backtest,NQPivots,Long,1,17683.25,17659.25,6/29/2023 3:35:00 PM,6/29/2023 10:00:00 PM,Buy,Exit on session close,($485.16),$70078.80,$5.16,$0.00,$0.00,$0.00,$0.00,$1955.00,$370.00,$855.16,386,
571,NQ 06-26,Backtest,NQPivots,Short,1,17922.00,17872.00,7/3/2023 3:48:00 PM,7/3/2023 4:44:00 PM,Sell short,Profit target,$994.84,$71073.64,$5.16,$0.00,$0.00,$0.00,$0.00,$500.00,$1000.00,$5.16,57,
572,NQ 06-26,Backtest,NQPivots,Long,1,17917.75,17942.25,7/5/2023 3:42:00 PM,7/5/2023 3:49:00 PM,Buy,Close position,$484.84,$71558.48,$5.16,$0.00,$0.00,$0.00,$0.00,$70.00,$700.00,$215.16,8,
573,NQ 06-26,Backtest,NQPivots,Short,1,17942.25,17892.25,7/5/2023 3:49:00 PM,7/5/2023 8:22:00 PM,Sell short,Profit target,$994.84,$72553.32,$5.16,$0.00,$0.00,$0.00,$0.00,$935.00,$1000.00,$5.16,274,
574,NQ 06-26,Backtest,NQPivots,Long,1,17792.00,17842.00,7/7/2023 3:34:00 PM,7/7/2023 6:01:00 PM,Buy,Profit target,$994.84,$73548.16,$5.16,$0.00,$0.00,$0.00,$0.00,$1110.00,$1000.00,$5.16,148,
575,NQ 06-26,Backtest,NQPivots,Long,1,17725.00,17624.50,7/10/2023 3:46:00 PM,7/10/2023 6:11:00 PM,Buy,Stop loss,($2015.16),$71533.00,$5.16,$0.00,$0.00,$0.00,$0.00,$2010.00,$725.00,$2740.16,146,
576,NQ 06-26,Backtest,NQPivots,Long,1,17735.50,17785.50,7/11/2023 3:47:00 PM,7/11/2023 6:00:00 PM,Buy,Profit target,$994.84,$72527.84,$5.16,$0.00,$0.00,$0.00,$0.00,$1380.00,$1000.00,$5.16,134,
577,NQ 06-26,Backtest,NQPivots,Short,1,18314.75,18264.75,7/14/2023 3:36:00 PM,7/14/2023 8:35:00 PM,Sell short,Profit target,$994.84,$73522.68,$5.16,$0.00,$0.00,$0.00,$0.00,$1990.00,$1000.00,$5.16,300,
578,NQ 06-26,Backtest,NQPivots,Short,1,18301.00,18401.50,7/17/2023 3:33:00 PM,7/17/2023 9:15:00 PM,Sell short,Stop loss,($2015.16),$71507.52,$5.16,$0.00,$0.00,$0.00,$0.00,$2010.00,$705.00,$2720.16,343,
579,NQ 06-26,Backtest,NQPivots,Short,1,18219.00,18169.00,7/21/2023 3:40:00 PM,7/21/2023 4:02:00 PM,Sell short,Profit target,$994.84,$72502.36,$5.16,$0.00,$0.00,$0.00,$0.00,$860.00,$1000.00,$5.16,23,
580,NQ 06-26,Backtest,NQPivots,Short,1,18144.75,18094.75,7/24/2023 3:40:00 PM,7/24/2023 3:52:00 PM,Sell short,Profit target,$994.84,$73497.20,$5.16,$0.00,$0.00,$0.00,$0.00,$480.00,$1000.00,$5.16,13,
581,NQ 06-26,Backtest,NQPivots,Short,1,18456.00,18406.00,7/31/2023 3:48:00 PM,7/31/2023 3:55:00 PM,Sell short,Profit target,$994.84,$74492.04,$5.16,$0.00,$0.00,$0.00,$0.00,$20.00,$1000.00,$5.16,8,
582,NQ 06-26,Backtest,NQPivots,Long,1,18002.50,18052.50,8/3/2023 3:54:00 PM,8/3/2023 6:43:00 PM,Buy,Profit target,$994.84,$75486.88,$5.16,$0.00,$0.00,$0.00,$0.00,$1840.00,$1000.00,$5.16,170,
583,NQ 06-26,Backtest,NQPivots,Short,1,18030.75,17980.75,8/4/2023 3:53:00 PM,8/4/2023 4:03:00 PM,Sell short,Profit target,$994.84,$76481.72,$5.16,$0.00,$0.00,$0.00,$0.00,$390.00,$1000.00,$5.16,11,
584,NQ 06-26,Backtest,NQPivots,Short,1,17985.00,17935.00,8/7/2023 3:34:00 PM,8/7/2023 3:50:00 PM,Sell short,Profit target,$994.84,$77476.56,$5.16,$0.00,$0.00,$0.00,$0.00,$415.00,$1000.00,$5.16,17,
585,NQ 06-26,Backtest,NQPivots,Long,1,17655.75,17705.75,8/14/2023 3:42:00 PM,8/14/2023 4:13:00 PM,Buy,Profit target,$994.84,$78471.40,$5.16,$0.00,$0.00,$0.00,$0.00,$505.00,$1000.00,$5.16,32,
586,NQ 06-26,Backtest,NQPivots,Long,1,17815.50,17715.00,8/15/2023 3:41:00 PM,8/15/2023 4:02:00 PM,Buy,Stop loss,($2015.16),$76456.24,$5.16,$0.00,$0.00,$0.00,$0.00,$2010.00,$5.00,$2020.16,22,
587,NQ 06-26,Backtest,NQPivots,Long,1,17645.75,17695.75,8/16/2023 3:39:00 PM,8/16/2023 4:21:00 PM,Buy,Profit target,$994.84,$77451.08,$5.16,$0.00,$0.00,$0.00,$0.00,$355.00,$1000.00,$5.16,43,
588,NQ 06-26,Backtest,NQPivots,Short,1,17533.75,17483.75,8/17/2023 3:33:00 PM,8/17/2023 3:55:00 PM,Sell short,Profit target,$994.84,$78445.92,$5.16,$0.00,$0.00,$0.00,$0.00,$235.00,$1000.00,$5.16,23,
589,NQ 06-26,Backtest,NQPivots,Long,1,17492.25,17391.75,8/17/2023 3:58:00 PM,8/17/2023 8:36:00 PM,Buy,Stop loss,($2015.16),$76430.76,$5.16,$0.00,$0.00,$0.00,$0.00,$2010.00,$445.00,$2460.16,279,
590,NQ 06-26,Backtest,NQPivots,Short,1,17601.50,17551.50,8/22/2023 3:38:00 PM,8/22/2023 4:32:00 PM,Sell short,Profit target,$994.84,$77425.60,$5.16,$0.00,$0.00,$0.00,$0.00,$255.00,$1000.00,$5.16,55,
591,NQ 06-26,Backtest,NQPivots,Short,1,17813.25,17763.25,8/24/2023 3:36:00 PM,8/24/2023 3:46:00 PM,Sell short,Profit target,$994.84,$78420.44,$5.16,$0.00,$0.00,$0.00,$0.00,$230.00,$1000.00,$5.16,11,
592,NQ 06-26,Backtest,NQPivots,Short,1,17603.25,17553.25,8/28/2023 3:44:00 PM,8/28/2023 5:43:00 PM,Sell short,Profit target,$994.84,$79415.28,$5.16,$0.00,$0.00,$0.00,$0.00,$1010.00,$1000.00,$5.16,120,
593,NQ 06-26,Backtest,NQPivots,Short,1,17684.50,17785.00,8/29/2023 3:46:00 PM,8/29/2023 4:05:00 PM,Sell short,Stop loss,($2015.16),$77400.12,$5.16,$0.00,$0.00,$0.00,$0.00,$2010.00,$0.00,$2015.16,20,
594,NQ 06-26,Backtest,NQPivots,Short,1,18072.50,18090.00,8/31/2023 3:36:00 PM,8/31/2023 10:00:00 PM,Sell short,Exit on session close,($355.16),$77044.96,$5.16,$0.00,$0.00,$0.00,$0.00,$1825.00,$450.00,$805.16,385,
595,NQ 06-26,Backtest,NQPivots,Short,1,18115.75,18065.75,9/1/2023 3:40:00 PM,9/1/2023 3:49:00 PM,Sell short,Profit target,$994.84,$78039.80,$5.16,$0.00,$0.00,$0.00,$0.00,$195.00,$1000.00,$5.16,10,
596,NQ 06-26,Backtest,NQPivots,Long,1,18091.25,18141.25,9/1/2023 3:57:00 PM,9/1/2023 4:12:00 PM,Buy,Profit target,$994.84,$79034.64,$5.16,$0.00,$0.00,$0.00,$0.00,$605.00,$1000.00,$5.16,16,
597,NQ 06-26,Backtest,NQPivots,Long,1,18060.50,18110.50,9/5/2023 3:42:00 PM,9/5/2023 5:05:00 PM,Buy,Profit target,$994.84,$80029.48,$5.16,$0.00,$0.00,$0.00,$0.00,$1215.00,$1000.00,$5.16,84,
598,NQ 06-26,Backtest,NQPivots,Short,1,17897.75,17847.75,9/13/2023 3:45:00 PM,9/13/2023 4:06:00 PM,Sell short,Profit target,$994.84,$81024.32,$5.16,$0.00,$0.00,$0.00,$0.00,$410.00,$1000.00,$5.16,22,
599,NQ 06-26,Backtest,NQPivots,Short,1,17955.00,17905.00,9/14/2023 3:33:00 PM,9/14/2023 3:56:00 PM,Sell short,Profit target,$994.84,$82019.16,$5.16,$0.00,$0.00,$0.00,$0.00,$560.00,$1000.00,$5.16,24,
600,NQ 06-26,Backtest,NQPivots,Short,1,17772.75,17722.75,9/20/2023 3:44:00 PM,9/20/2023 4:18:00 PM,Sell short,Profit target,$994.84,$83014.00,$5.16,$0.00,$0.00,$0.00,$0.00,$445.00,$1000.00,$5.16,35,
601,NQ 06-26,Backtest,NQPivots,Short,1,17263.75,17364.25,9/22/2023 3:39:00 PM,9/22/2023 4:52:00 PM,Sell short,Stop loss,($2015.16),$80998.84,$5.16,$0.00,$0.00,$0.00,$0.00,$2010.00,$320.00,$2335.16,74,
602,NQ 06-26,Backtest,NQPivots,Long,1,17218.00,17268.00,9/25/2023 3:42:00 PM,9/25/2023 5:18:00 PM,Buy,Profit target,$994.84,$81993.68,$5.16,$0.00,$0.00,$0.00,$0.00,$860.00,$1000.00,$5.16,97,
603,NQ 06-26,Backtest,NQPivots,Short,1,17117.00,17067.00,9/27/2023 3:37:00 PM,9/27/2023 4:15:00 PM,Sell short,Profit target,$994.84,$82988.52,$5.16,$0.00,$0.00,$0.00,$0.00,$975.00,$1000.00,$5.16,39,
604,NQ 06-26,Backtest,NQPivots,Long,1,17092.50,17142.50,9/28/2023 3:55:00 PM,9/28/2023 4:56:00 PM,Buy,Profit target,$994.84,$83983.36,$5.16,$0.00,$0.00,$0.00,$0.00,$1065.00,$1000.00,$5.16,62,
605,NQ 06-26,Backtest,NQPivots,Short,1,17290.50,17391.00,10/2/2023 3:48:00 PM,10/2/2023 5:22:00 PM,Sell short,Stop loss,($2015.16),$81968.20,$5.16,$0.00,$0.00,$0.00,$0.00,$2010.00,$525.00,$2540.16,95,
606,NQ 06-26,Backtest,NQPivots,Short,1,17167.00,17117.00,10/4/2023 3:42:00 PM,10/4/2023 4:07:00 PM,Sell short,Profit target,$994.84,$82963.04,$5.16,$0.00,$0.00,$0.00,$0.00,$480.00,$1000.00,$5.16,26,
607,NQ 06-26,Backtest,NQPivots,Long,1,17266.25,17165.75,10/5/2023 3:35:00 PM,10/5/2023 4:02:00 PM,Buy,Stop loss,($2015.16),$80947.88,$5.16,$0.00,$0.00,$0.00,$0.00,$2010.00,$400.00,$2415.16,28,
608,NQ 06-26,Backtest,NQPivots,Short,1,17682.75,17632.75,10/11/2023 3:53:00 PM,10/11/2023 7:20:00 PM,Sell short,Profit target,$994.84,$81942.72,$5.16,$0.00,$0.00,$0.00,$0.00,$1200.00,$1000.00,$5.16,208,
609,NQ 06-26,Backtest,NQPivots,Short,1,17560.00,17660.25,10/16/2023 3:46:00 PM,10/16/2023 4:28:00 PM,Sell short,Stop loss,($2010.16),$79932.56,$5.16,$0.00,$0.00,$0.00,$0.00,$2005.00,$350.00,$2360.16,43,
610,NQ 06-26,Backtest,NQPivots,Short,1,17448.00,17398.00,10/19/2023 3:35:00 PM,10/19/2023 3:38:00 PM,Sell short,Profit target,$994.84,$80927.40,$5.16,$0.00,$0.00,$0.00,$0.00,$50.00,$1000.00,$5.16,4,
611,NQ 06-26,Backtest,NQPivots,Long,1,17221.00,17120.50,10/20/2023 3:42:00 PM,10/20/2023 4:30:00 PM,Buy,Stop loss,($2015.16),$78912.24,$5.16,$0.00,$0.00,$0.00,$0.00,$2010.00,$495.00,$2510.16,49,
612,NQ 06-26,Backtest,NQPivots,Short,1,17153.50,17103.50,10/24/2023 3:37:00 PM,10/24/2023 6:29:00 PM,Sell short,Profit target,$994.84,$79907.08,$5.16,$0.00,$0.00,$0.00,$0.00,$1685.00,$1000.00,$5.16,173,
613,NQ 06-26,Backtest,NQPivots,Long,1,16818.00,16717.50,10/26/2023 3:35:00 PM,10/26/2023 3:50:00 PM,Buy,Stop loss,($2015.16),$77891.92,$5.16,$0.00,$0.00,$0.00,$0.00,$2010.00,$0.00,$2015.16,16,
614,NQ 06-26,Backtest,NQPivots,Short,1,16672.00,16772.50,10/30/2023 3:46:00 PM,10/30/2023 6:31:00 PM,Sell short,Stop loss,($2015.16),$75876.76,$5.16,$0.00,$0.00,$0.00,$0.00,$2010.00,$120.00,$2135.16,166,
615,NQ 06-26,Backtest,NQPivots,Long,1,16764.75,16814.75,10/31/2023 3:19:00 PM,10/31/2023 6:42:00 PM,Buy,Profit target,$994.84,$76871.60,$5.16,$0.00,$0.00,$0.00,$0.00,$1220.00,$1000.00,$5.16,204,
616,NQ 06-26,Backtest,NQPivots,Short,1,16894.00,16994.50,11/1/2023 2:35:00 PM,11/1/2023 3:25:00 PM,Sell short,Stop loss,($2015.16),$74856.44,$5.16,$0.00,$0.00,$0.00,$0.00,$2010.00,$105.00,$2120.16,51,
617,NQ 06-26,Backtest,NQPivots,Short,1,17582.50,17532.50,11/6/2023 3:34:00 PM,11/6/2023 7:15:00 PM,Sell short,Profit target,$994.84,$75851.28,$5.16,$0.00,$0.00,$0.00,$0.00,$695.00,$1000.00,$5.16,222,
618,NQ 06-26,Backtest,NQPivots,Short,1,17625.50,17725.75,11/7/2023 3:34:00 PM,11/7/2023 4:43:00 PM,Sell short,Stop loss,($2010.16),$73841.12,$5.16,$0.00,$0.00,$0.00,$0.00,$2005.00,$835.00,$2845.16,70,
619,NQ 06-26,Backtest,NQPivots,Long,1,17737.50,17787.50,11/9/2023 3:42:00 PM,11/9/2023 4:01:00 PM,Buy,Profit target,$994.84,$74835.96,$5.16,$0.00,$0.00,$0.00,$0.00,$165.00,$1000.00,$5.16,20,
620,NQ 06-26,Backtest,NQPivots,Short,1,18268.00,18218.00,11/15/2023 3:55:00 PM,11/15/2023 7:09:00 PM,Sell short,Profit target,$994.84,$75830.80,$5.16,$0.00,$0.00,$0.00,$0.00,$1380.00,$1000.00,$5.16,195,
621,NQ 06-26,Backtest,NQPivots,Long,1,18238.75,18256.25,11/16/2023 3:55:00 PM,11/16/2023 10:00:00 PM,Buy,Exit on session close,$344.84,$76175.64,$5.16,$0.00,$0.00,$0.00,$0.00,$1645.00,$555.00,$210.16,366,
622,NQ 06-26,Backtest,NQPivots,Long,1,18397.25,18382.00,11/24/2023 3:34:00 PM,11/24/2023 7:00:00 PM,Buy,Exit on session close,($310.16),$75865.48,$5.16,$0.00,$0.00,$0.00,$0.00,$1115.00,$320.00,$630.16,207,
623,NQ 06-26,Backtest,NQPivots,Long,1,18360.25,18410.25,11/28/2023 3:35:00 PM,11/28/2023 5:32:00 PM,Buy,Profit target,$994.84,$76860.32,$5.16,$0.00,$0.00,$0.00,$0.00,$840.00,$1000.00,$5.16,118,
624,NQ 06-26,Backtest,NQPivots,Long,1,18218.50,18268.50,12/5/2023 3:55:00 PM,12/5/2023 4:03:00 PM,Buy,Profit target,$994.84,$77855.16,$5.16,$0.00,$0.00,$0.00,$0.00,$215.00,$1000.00,$5.16,9,
625,NQ 06-26,Backtest,NQPivots,Short,1,18313.50,18263.50,12/6/2023 3:39:00 PM,12/6/2023 4:25:00 PM,Sell short,Profit target,$994.84,$78850.00,$5.16,$0.00,$0.00,$0.00,$0.00,$390.00,$1000.00,$5.16,47,
626,NQ 06-26,Backtest,NQPivots,Long,1,18383.25,18433.25,12/8/2023 3:46:00 PM,12/8/2023 4:09:00 PM,Buy,Profit target,$994.84,$79844.84,$5.16,$0.00,$0.00,$0.00,$0.00,$915.00,$1000.00,$5.16,24,
627,NQ 06-26,Backtest,NQPivots,Long,1,18446.25,18496.25,12/11/2023 3:33:00 PM,12/11/2023 3:35:00 PM,Buy,Profit target,$994.84,$80839.68,$5.16,$0.00,$0.00,$0.00,$0.00,$120.00,$1000.00,$5.16,3,
628,NQ 06-26,Backtest,NQPivots,Short,1,18502.00,18602.50,12/11/2023 3:57:00 PM,12/11/2023 7:51:00 PM,Sell short,Stop loss,($2015.16),$78824.52,$5.16,$0.00,$0.00,$0.00,$0.00,$2010.00,$360.00,$2375.16,235,
629,NQ 06-26,Backtest,NQPivots,Long,1,18587.50,18637.50,12/12/2023 3:51:00 PM,12/12/2023 4:19:00 PM,Buy,Profit target,$994.84,$79819.36,$5.16,$0.00,$0.00,$0.00,$0.00,$295.00,$1000.00,$5.16,29,
630,NQ 06-26,Backtest,NQPivots,Short,1,18771.75,18872.25,12/13/2023 3:35:00 PM,12/13/2023 8:35:00 PM,Sell short,Stop loss,($2015.16),$77804.20,$5.16,$0.00,$0.00,$0.00,$0.00,$2010.00,$915.00,$2930.16,301,
631,NQ 06-26,Backtest,NQPivots,Short,1,18983.50,18933.50,12/14/2023 3:37:00 PM,12/14/2023 4:33:00 PM,Sell short,Profit target,$994.84,$78799.04,$5.16,$0.00,$0.00,$0.00,$0.00,$875.00,$1000.00,$5.16,57,
632,NQ 06-26,Backtest,NQPivots,Short,1,18961.25,18969.50,12/15/2023 3:48:00 PM,12/15/2023 10:00:00 PM,Sell short,Exit on session close,($170.16),$78628.88,$5.16,$0.00,$0.00,$0.00,$0.00,$1520.00,$975.00,$1145.16,373,
633,NQ 06-26,Backtest,NQPivots,Short,1,19002.75,19103.25,12/18/2023 3:49:00 PM,12/18/2023 7:27:00 PM,Sell short,Stop loss,($2015.16),$76613.72,$5.16,$0.00,$0.00,$0.00,$0.00,$2010.00,$180.00,$2195.16,219,
634,NQ 06-26,Backtest,NQPivots,Short,1,19123.50,19171.75,12/19/2023 3:35:00 PM,12/19/2023 10:00:00 PM,Sell short,Exit on session close,($970.16),$75643.56,$5.16,$0.00,$0.00,$0.00,$0.00,$1080.00,$410.00,$1380.16,386,
635,NQ 06-26,Backtest,NQPivots,Long,1,19164.75,19214.75,12/20/2023 3:43:00 PM,12/20/2023 4:32:00 PM,Buy,Profit target,$994.84,$76638.40,$5.16,$0.00,$0.00,$0.00,$0.00,$155.00,$1000.00,$5.16,50,
636,NQ 06-26,Backtest,NQPivots,Short,1,19167.25,19234.50,12/26/2023 3:34:00 PM,12/26/2023 10:00:00 PM,Sell short,Exit on session close,($1350.16),$75288.24,$5.16,$0.00,$0.00,$0.00,$0.00,$1880.00,$120.00,$1470.16,387,
637,NQ 06-26,Backtest,NQPivots,Short,1,19258.25,19208.25,12/27/2023 3:33:00 PM,12/27/2023 4:15:00 PM,Sell short,Profit target,$994.84,$76283.08,$5.16,$0.00,$0.00,$0.00,$0.00,$330.00,$1000.00,$5.16,43,
638,NQ 06-26,Backtest,NQPivots,Short,1,19285.50,19235.50,12/28/2023 3:35:00 PM,12/28/2023 9:55:00 PM,Sell short,Profit target,$994.84,$77277.92,$5.16,$0.00,$0.00,$0.00,$0.00,$180.00,$1000.00,$5.16,381,
639,NQ 06-26,Backtest,NQPivots,Long,1,19238.25,19137.75,12/29/2023 3:39:00 PM,12/29/2023 5:09:00 PM,Buy,Stop loss,($2015.16),$75262.76,$5.16,$0.00,$0.00,$0.00,$0.00,$2010.00,$385.00,$2400.16,91,
640,NQ 06-26,Backtest,NQPivots,Short,1,18632.00,18582.00,1/5/2024 3:37:00 PM,1/5/2024 7:18:00 PM,Sell short,Profit target,$994.84,$76257.60,$5.16,$0.00,$0.00,$0.00,$0.00,$1905.00,$1000.00,$5.16,222,
641,NQ 06-26,Backtest,NQPivots,Short,1,19129.75,19079.75,1/11/2024 3:34:00 PM,1/11/2024 3:52:00 PM,Sell short,Profit target,$994.84,$77252.44,$5.16,$0.00,$0.00,$0.00,$0.00,$1275.00,$1000.00,$5.16,19,
642,NQ 06-26,Backtest,NQPivots,Short,1,19663.25,19613.25,1/22/2024 3:44:00 PM,1/22/2024 4:33:00 PM,Sell short,Profit target,$994.84,$78247.28,$5.16,$0.00,$0.00,$0.00,$0.00,$770.00,$1000.00,$5.16,50,
643,NQ 06-26,Backtest,NQPivots,Long,1,19599.25,19649.25,1/23/2024 3:38:00 PM,1/23/2024 8:47:00 PM,Buy,Profit target,$994.84,$79242.12,$5.16,$0.00,$0.00,$0.00,$0.00,$435.00,$1000.00,$5.16,310,
644,NQ 06-26,Backtest,NQPivots,Short,1,19817.25,19767.25,1/25/2024 3:58:00 PM,1/25/2024 7:20:00 PM,Sell short,Profit target,$994.84,$80236.96,$5.16,$0.00,$0.00,$0.00,$0.00,$1695.00,$1000.00,$5.16,203,
645,NQ 06-26,Backtest,NQPivots,Short,1,19710.00,19810.50,1/29/2024 3:49:00 PM,1/29/2024 9:02:00 PM,Sell short,Stop loss,($2015.16),$78221.80,$5.16,$0.00,$0.00,$0.00,$0.00,$2010.00,$805.00,$2820.16,314,
646,NQ 06-26,Backtest,NQPivots,Short,1,19456.00,19556.50,2/1/2024 3:34:00 PM,2/1/2024 6:56:00 PM,Sell short,Stop loss,($2015.16),$76206.64,$5.16,$0.00,$0.00,$0.00,$0.00,$2010.00,$840.00,$2855.16,203,
647,NQ 06-26,Backtest,NQPivots,Short,1,19638.50,19739.00,2/2/2024 3:33:00 PM,2/2/2024 3:46:00 PM,Sell short,Stop loss,($2015.16),$74191.48,$5.16,$0.00,$0.00,$0.00,$0.00,$2010.00,$460.00,$2475.16,14,
648,NQ 06-26,Backtest,NQPivots,Long,1,19855.75,19755.50,2/5/2024 3:43:00 PM,2/5/2024 4:19:00 PM,Buy,Stop loss,($2010.16),$72181.32,$5.16,$0.00,$0.00,$0.00,$0.00,$2005.00,$280.00,$2290.16,37,
649,NQ 06-26,Backtest,NQPivots,Short,1,19887.75,19837.75,2/6/2024 3:34:00 PM,2/6/2024 3:49:00 PM,Sell short,Profit target,$994.84,$73176.16,$5.16,$0.00,$0.00,$0.00,$0.00,$115.00,$1000.00,$5.16,16,
650,NQ 06-26,Backtest,NQPivots,Long,1,19835.00,19734.50,2/6/2024 3:55:00 PM,2/6/2024 5:52:00 PM,Buy,Stop loss,($2015.16),$71161.00,$5.16,$0.00,$0.00,$0.00,$0.00,$2010.00,$95.00,$2110.16,118,
651,NQ 06-26,Backtest,NQPivots,Long,1,19997.50,20014.75,2/8/2024 3:37:00 PM,2/8/2024 10:00:00 PM,Buy,Exit on session close,$339.84,$71500.84,$5.16,$0.00,$0.00,$0.00,$0.00,$790.00,$980.00,$640.16,384,
652,NQ 06-26,Backtest,NQPivots,Short,1,20037.50,20137.75,2/9/2024 3:37:00 PM,2/9/2024 4:36:00 PM,Sell short,Stop loss,($2010.16),$69490.68,$5.16,$0.00,$0.00,$0.00,$0.00,$2005.00,$250.00,$2260.16,60,
653,NQ 06-26,Backtest,NQPivots,Long,1,20176.00,20226.00,2/12/2024 3:34:00 PM,2/12/2024 4:54:00 PM,Buy,Profit target,$994.84,$70485.52,$5.16,$0.00,$0.00,$0.00,$0.00,$235.00,$1000.00,$5.16,81,
654,NQ 06-26,Backtest,NQPivots,Long,1,20007.75,20057.75,2/15/2024 3:48:00 PM,2/15/2024 7:19:00 PM,Buy,Profit target,$994.84,$71480.36,$5.16,$0.00,$0.00,$0.00,$0.00,$1545.00,$1000.00,$5.16,212,
655,NQ 06-26,Backtest,NQPivots,Long,1,20054.25,19953.75,2/16/2024 3:35:00 PM,2/16/2024 3:55:00 PM,Buy,Stop loss,($2015.16),$69465.20,$5.16,$0.00,$0.00,$0.00,$0.00,$2010.00,$400.00,$2415.16,21,
656,NQ 06-26,Backtest,NQPivots,Short,1,20237.25,20187.25,2/23/2024 3:58:00 PM,2/23/2024 4:31:00 PM,Sell short,Profit target,$994.84,$70460.04,$5.16,$0.00,$0.00,$0.00,$0.00,$105.00,$1000.00,$5.16,34,
657,NQ 06-26,Backtest,NQPivots,Short,1,20179.00,20129.00,2/26/2024 3:34:00 PM,2/26/2024 3:48:00 PM,Sell short,Profit target,$994.84,$71454.88,$5.16,$0.00,$0.00,$0.00,$0.00,$190.00,$1000.00,$5.16,15,
658,NQ 06-26,Backtest,NQPivots,Short,1,20152.25,20102.25,2/27/2024 3:39:00 PM,2/27/2024 3:42:00 PM,Sell short,Profit target,$994.84,$72449.72,$5.16,$0.00,$0.00,$0.00,$0.00,$70.00,$1000.00,$5.16,4,
659,NQ 06-26,Backtest,NQPivots,Long,1,20120.00,20170.00,2/27/2024 3:50:00 PM,2/27/2024 4:20:00 PM,Buy,Profit target,$994.84,$73444.56,$5.16,$0.00,$0.00,$0.00,$0.00,$200.00,$1000.00,$5.16,31,
660,NQ 06-26,Backtest,NQPivots,Short,1,20265.00,20365.50,3/1/2024 3:39:00 PM,3/1/2024 5:05:00 PM,Sell short,Stop loss,($2015.16),$71429.40,$5.16,$0.00,$0.00,$0.00,$0.00,$2010.00,$395.00,$2410.16,87,
661,NQ 06-26,Backtest,NQPivots,Long,1,20465.50,20408.00,3/4/2024 3:37:00 PM,3/4/2024 10:00:00 PM,Buy,Exit on session close,($1155.16),$70274.24,$5.16,$0.00,$0.00,$0.00,$0.00,$1265.00,$620.00,$1775.16,384,
662,NQ 06-26,Backtest,NQPivots,Long,1,20157.75,20118.25,3/11/2024 3:56:00 PM,3/11/2024 9:00:00 PM,Buy,Exit on session close,($795.16),$69479.08,$5.16,$0.00,$0.00,$0.00,$0.00,$1855.00,$320.00,$1115.16,305,
663,NQ 06-26,Backtest,NQPivots,Short,1,20151.50,20101.50,3/12/2024 2:37:00 PM,3/12/2024 2:46:00 PM,Sell short,Profit target,$994.84,$70473.92,$5.16,$0.00,$0.00,$0.00,$0.00,$95.00,$1000.00,$5.16,10,
664,NQ 06-26,Backtest,NQPivots,Long,1,20116.75,20166.75,3/12/2024 2:52:00 PM,3/12/2024 2:57:00 PM,Buy,Profit target,$994.84,$71468.76,$5.16,$0.00,$0.00,$0.00,$0.00,$205.00,$1000.00,$5.16,6,
665,NQ 06-26,Backtest,NQPivots,Short,1,20269.00,20219.00,3/14/2024 2:37:00 PM,3/14/2024 2:48:00 PM,Sell short,Profit target,$994.84,$72463.60,$5.16,$0.00,$0.00,$0.00,$0.00,$630.00,$1000.00,$5.16,12,
666,NQ 06-26,Backtest,NQPivots,Long,1,20239.25,20138.75,3/14/2024 3:32:00 PM,3/14/2024 6:11:00 PM,Buy,Stop loss,($2015.16),$70448.44,$5.16,$0.00,$0.00,$0.00,$0.00,$2010.00,$105.00,$2120.16,160,
667,NQ 06-26,Backtest,NQPivots,Long,1,20448.75,20498.75,3/22/2024 3:04:00 PM,3/22/2024 6:13:00 PM,Buy,Profit target,$994.84,$71443.28,$5.16,$0.00,$0.00,$0.00,$0.00,$875.00,$1000.00,$5.16,190,
668,NQ 06-26,Backtest,NQPivots,Short,1,20450.50,20400.50,3/26/2024 3:32:00 PM,3/26/2024 8:32:00 PM,Sell short,Profit target,$994.84,$72438.12,$5.16,$0.00,$0.00,$0.00,$0.00,$815.00,$1000.00,$5.16,301,
669,NQ 06-26,Backtest,NQPivots,Short,1,20393.25,20343.25,3/27/2024 2:42:00 PM,3/27/2024 3:02:00 PM,Sell short,Profit target,$994.84,$73432.96,$5.16,$0.00,$0.00,$0.00,$0.00,$465.00,$1000.00,$5.16,21,
670,NQ 06-26,Backtest,NQPivots,Long,1,20338.50,20388.50,3/27/2024 3:39:00 PM,3/27/2024 8:42:00 PM,Buy,Profit target,$994.84,$74427.80,$5.16,$0.00,$0.00,$0.00,$0.00,$905.00,$1000.00,$5.16,304,
671,NQ 06-26,Backtest,NQPivots,Long,1,20401.50,20365.00,3/28/2024 2:40:00 PM,3/28/2024 9:00:00 PM,Buy,Exit on session close,($735.16),$73692.64,$5.16,$0.00,$0.00,$0.00,$0.00,$1005.00,$795.00,$1530.16,381,
672,NQ 06-26,Backtest,NQPivots,Short,1,20108.00,20208.50,4/5/2024 4:00:00 PM,4/5/2024 4:58:00 PM,Sell short,Stop loss,($2015.16),$71677.48,$5.16,$0.00,$0.00,$0.00,$0.00,$2010.00,$620.00,$2635.16,59,
673,NQ 06-26,Backtest,NQPivots,Long,1,20172.00,20222.00,4/8/2024 3:43:00 PM,4/8/2024 4:16:00 PM,Buy,Profit target,$994.84,$72672.32,$5.16,$0.00,$0.00,$0.00,$0.00,$205.00,$1000.00,$5.16,34,
674,NQ 06-26,Backtest,NQPivots,Long,1,19741.00,19791.00,4/16/2024 3:50:00 PM,4/16/2024 3:58:00 PM,Buy,Profit target,$994.84,$73667.16,$5.16,$0.00,$0.00,$0.00,$0.00,$40.00,$1000.00,$5.16,9,
675,NQ 06-26,Backtest,NQPivots,Short,1,19820.50,19770.50,4/17/2024 3:43:00 PM,4/17/2024 4:03:00 PM,Sell short,Profit target,$994.84,$74662.00,$5.16,$0.00,$0.00,$0.00,$0.00,$495.00,$1000.00,$5.16,21,
676,NQ 06-26,Backtest,NQPivots,Long,1,19527.00,19577.00,4/18/2024 3:50:00 PM,4/18/2024 4:35:00 PM,Buy,Profit target,$994.84,$75656.84,$5.16,$0.00,$0.00,$0.00,$0.00,$840.00,$1000.00,$5.16,46,
677,NQ 06-26,Backtest,NQPivots,Short,1,19173.25,19123.25,4/22/2024 3:36:00 PM,4/22/2024 4:24:00 PM,Sell short,Profit target,$994.84,$76651.68,$5.16,$0.00,$0.00,$0.00,$0.00,$1215.00,$1000.00,$5.16,49,
678,NQ 06-26,Backtest,NQPivots,Short,1,19329.25,19429.75,4/23/2024 3:36:00 PM,4/23/2024 3:57:00 PM,Sell short,Stop loss,($2015.16),$74636.52,$5.16,$0.00,$0.00,$0.00,$0.00,$2010.00,$20.00,$2035.16,22,
679,NQ 06-26,Backtest,NQPivots,Short,1,19798.75,19748.75,4/29/2024 3:41:00 PM,4/29/2024 3:43:00 PM,Sell short,Profit target,$994.84,$75631.36,$5.16,$0.00,$0.00,$0.00,$0.00,$10.00,$1000.00,$5.16,3,
680,NQ 06-26,Backtest,NQPivots,Short,1,19433.00,19383.00,5/2/2024 3:37:00 PM,5/2/2024 4:01:00 PM,Sell short,Profit target,$994.84,$76626.20,$5.16,$0.00,$0.00,$0.00,$0.00,$490.00,$1000.00,$5.16,25,
681,NQ 06-26,Backtest,NQPivots,Short,1,20194.00,20144.00,5/13/2024 3:36:00 PM,5/13/2024 7:11:00 PM,Sell short,Profit target,$994.84,$77621.04,$5.16,$0.00,$0.00,$0.00,$0.00,$465.00,$1000.00,$5.16,216,
682,NQ 06-26,Backtest,NQPivots,Long,1,20189.75,20239.75,5/14/2024 3:36:00 PM,5/14/2024 4:25:00 PM,Buy,Profit target,$994.84,$78615.88,$5.16,$0.00,$0.00,$0.00,$0.00,$260.00,$1000.00,$5.16,50,
683,NQ 06-26,Backtest,NQPivots,Long,1,20544.00,20540.25,5/17/2024 3:53:00 PM,5/17/2024 10:00:00 PM,Buy,Exit on session close,($80.16),$78535.72,$5.16,$0.00,$0.00,$0.00,$0.00,$1930.00,$710.00,$790.16,368,
684,NQ 06-26,Backtest,NQPivots,Short,1,20822.00,20772.00,5/28/2024 3:34:00 PM,5/28/2024 3:45:00 PM,Sell short,Profit target,$994.84,$79530.56,$5.16,$0.00,$0.00,$0.00,$0.00,$20.00,$1000.00,$5.16,12,
685,NQ 06-26,Backtest,NQPivots,Long,1,20763.25,20813.25,5/28/2024 3:52:00 PM,5/28/2024 4:45:00 PM,Buy,Profit target,$994.84,$80525.40,$5.16,$0.00,$0.00,$0.00,$0.00,$365.00,$1000.00,$5.16,54,
686,NQ 06-26,Backtest,NQPivots,Long,1,20495.25,20394.75,5/31/2024 3:37:00 PM,5/31/2024 4:15:00 PM,Buy,Stop loss,($2015.16),$78510.24,$5.16,$0.00,$0.00,$0.00,$0.00,$2010.00,$775.00,$2790.16,39,
687,NQ 06-26,Backtest,NQPivots,Short,1,20591.00,20541.00,6/3/2024 3:53:00 PM,6/3/2024 4:47:00 PM,Sell short,Profit target,$994.84,$79505.08,$5.16,$0.00,$0.00,$0.00,$0.00,$805.00,$1000.00,$5.16,55,
688,NQ 06-26,Backtest,NQPivots,Long,1,20528.25,20578.25,6/4/2024 3:38:00 PM,6/4/2024 8:16:00 PM,Buy,Profit target,$994.84,$80499.92,$5.16,$0.00,$0.00,$0.00,$0.00,$1160.00,$1000.00,$5.16,279,
689,NQ 06-26,Backtest,NQPivots,Long,1,20961.25,21011.25,6/7/2024 3:53:00 PM,6/7/2024 4:49:00 PM,Buy,Profit target,$994.84,$81494.76,$5.16,$0.00,$0.00,$0.00,$0.00,$815.00,$1000.00,$5.16,57,
690,NQ 06-26,Backtest,NQPivots,Long,1,21486.25,21536.25,6/14/2024 3:36:00 PM,6/14/2024 3:53:00 PM,Buy,Profit target,$994.84,$82489.60,$5.16,$0.00,$0.00,$0.00,$0.00,$240.00,$1000.00,$5.16,18,
691,NQ 06-26,Backtest,NQPivots,Long,1,21590.25,21640.25,6/17/2024 3:38:00 PM,6/17/2024 5:06:00 PM,Buy,Profit target,$994.84,$83484.44,$5.16,$0.00,$0.00,$0.00,$0.00,$890.00,$1000.00,$5.16,89,
692,NQ 06-26,Backtest,NQPivots,Short,1,21862.75,21812.75,6/20/2024 3:33:00 PM,6/20/2024 4:12:00 PM,Sell short,Profit target,$994.84,$84479.28,$5.16,$0.00,$0.00,$0.00,$0.00,$845.00,$1000.00,$5.16,40,
693,NQ 06-26,Backtest,NQPivots,Long,1,21662.50,21562.00,6/21/2024 3:34:00 PM,6/21/2024 3:53:00 PM,Buy,Stop loss,($2015.16),$82464.12,$5.16,$0.00,$0.00,$0.00,$0.00,$2010.00,$145.00,$2160.16,20,
694,NQ 06-26,Backtest,NQPivots,Short,1,21452.75,21553.25,6/25/2024 3:37:00 PM,6/25/2024 5:14:00 PM,Sell short,Stop loss,($2015.16),$80448.96,$5.16,$0.00,$0.00,$0.00,$0.00,$2010.00,$375.00,$2390.16,98,
695,NQ 06-26,Backtest,NQPivots,Long,1,21594.75,21644.75,6/26/2024 3:45:00 PM,6/26/2024 4:07:00 PM,Buy,Profit target,$994.84,$81443.80,$5.16,$0.00,$0.00,$0.00,$0.00,$225.00,$1000.00,$5.16,23,
696,NQ 06-26,Backtest,NQPivots,Short,1,21664.75,21614.75,6/27/2024 3:54:00 PM,6/27/2024 5:31:00 PM,Sell short,Profit target,$994.84,$82438.64,$5.16,$0.00,$0.00,$0.00,$0.00,$1875.00,$1000.00,$5.16,98,
697,NQ 06-26,Backtest,NQPivots,Long,1,21668.25,21718.25,7/2/2024 3:35:00 PM,7/2/2024 3:43:00 PM,Buy,Profit target,$994.84,$83433.48,$5.16,$0.00,$0.00,$0.00,$0.00,$480.00,$1000.00,$5.16,9,
698,NQ 06-26,Backtest,NQPivots,Short,1,22108.75,22209.00,7/5/2024 3:45:00 PM,7/5/2024 5:18:00 PM,Sell short,Stop loss,($2010.16),$81423.32,$5.16,$0.00,$0.00,$0.00,$0.00,$2005.00,$775.00,$2785.16,94,
699,NQ 06-26,Backtest,NQPivots,Long,1,22527.00,22426.50,7/11/2024 3:35:00 PM,7/11/2024 4:13:00 PM,Buy,Stop loss,($2015.16),$79408.16,$5.16,$0.00,$0.00,$0.00,$0.00,$2010.00,$245.00,$2260.16,39,
700,NQ 06-26,Backtest,NQPivots,Short,1,22255.25,22355.75,7/15/2024 3:37:00 PM,7/15/2024 4:37:00 PM,Sell short,Stop loss,($2015.16),$77393.00,$5.16,$0.00,$0.00,$0.00,$0.00,$2010.00,$635.00,$2650.16,61,
701,NQ 06-26,Backtest,NQPivots,Short,1,22310.50,22260.50,7/16/2024 3:42:00 PM,7/16/2024 3:50:00 PM,Sell short,Profit target,$994.84,$78387.84,$5.16,$0.00,$0.00,$0.00,$0.00,$140.00,$1000.00,$5.16,9,
702,NQ 06-26,Backtest,NQPivots,Short,1,21701.75,21651.75,7/18/2024 3:44:00 PM,7/18/2024 4:32:00 PM,Sell short,Profit target,$994.84,$79382.68,$5.16,$0.00,$0.00,$0.00,$0.00,$940.00,$1000.00,$5.16,49,
703,NQ 06-26,Backtest,NQPivots,Long,1,21503.75,21553.75,7/19/2024 3:34:00 PM,7/19/2024 3:36:00 PM,Buy,Profit target,$994.84,$80377.52,$5.16,$0.00,$0.00,$0.00,$0.00,$240.00,$1000.00,$5.16,3,
704,NQ 06-26,Backtest,NQPivots,Long,1,21619.25,21669.25,7/23/2024 3:36:00 PM,7/23/2024 3:45:00 PM,Buy,Profit target,$994.84,$81372.36,$5.16,$0.00,$0.00,$0.00,$0.00,$340.00,$1000.00,$5.16,10,
705,NQ 06-26,Backtest,NQPivots,Long,1,20810.50,20710.00,7/25/2024 3:42:00 PM,7/25/2024 3:58:00 PM,Buy,Stop loss,($2015.16),$79357.20,$5.16,$0.00,$0.00,$0.00,$0.00,$2010.00,$745.00,$2760.16,17,
706,NQ 06-26,Backtest,NQPivots,Short,1,20767.50,20717.50,7/26/2024 3:33:00 PM,7/26/2024 3:48:00 PM,Sell short,Profit target,$994.84,$80352.04,$5.16,$0.00,$0.00,$0.00,$0.00,$585.00,$1000.00,$5.16,16,
707,NQ 06-26,Backtest,NQPivots,Short,1,20874.00,20974.50,7/29/2024 3:33:00 PM,7/29/2024 3:45:00 PM,Sell short,Stop loss,($2015.16),$78336.88,$5.16,$0.00,$0.00,$0.00,$0.00,$2010.00,$205.00,$2220.16,13,
708,NQ 06-26,Backtest,NQPivots,Short,1,20922.25,20872.25,7/30/2024 3:35:00 PM,7/30/2024 3:47:00 PM,Sell short,Profit target,$994.84,$79331.72,$5.16,$0.00,$0.00,$0.00,$0.00,$785.00,$1000.00,$5.16,13,
709,NQ 06-26,Backtest,NQPivots,Short,1,19773.50,19723.50,8/8/2024 3:46:00 PM,8/8/2024 3:49:00 PM,Sell short,Profit target,$994.84,$80326.56,$5.16,$0.00,$0.00,$0.00,$0.00,$840.00,$1000.00,$5.16,4,
710,NQ 06-26,Backtest,NQPivots,Long,1,20126.25,20176.25,8/9/2024 3:33:00 PM,8/9/2024 4:13:00 PM,Buy,Profit target,$994.84,$81321.40,$5.16,$0.00,$0.00,$0.00,$0.00,$1600.00,$1000.00,$5.16,41,
711,NQ 06-26,Backtest,NQPivots,Long,1,20716.50,20616.00,8/14/2024 3:47:00 PM,8/14/2024 4:12:00 PM,Buy,Stop loss,($2015.16),$79306.24,$5.16,$0.00,$0.00,$0.00,$0.00,$2010.00,$565.00,$2580.16,26,
712,NQ 06-26,Backtest,NQPivots,Long,1,21228.00,21278.00,8/19/2024 3:42:00 PM,8/19/2024 4:51:00 PM,Buy,Profit target,$994.84,$80301.08,$5.16,$0.00,$0.00,$0.00,$0.00,$1145.00,$1000.00,$5.16,70,
713,NQ 06-26,Backtest,NQPivots,Short,1,21494.50,21595.00,8/21/2024 3:49:00 PM,8/21/2024 4:42:00 PM,Sell short,Stop loss,($2015.16),$78285.92,$5.16,$0.00,$0.00,$0.00,$0.00,$2010.00,$240.00,$2255.16,54,
714,NQ 06-26,Backtest,NQPivots,Short,1,21600.25,21550.25,8/22/2024 3:52:00 PM,8/22/2024 4:09:00 PM,Sell short,Profit target,$994.84,$79280.76,$5.16,$0.00,$0.00,$0.00,$0.00,$1005.00,$1000.00,$5.16,18,
715,NQ 06-26,Backtest,NQPivots,Short,1,21351.75,21452.25,8/23/2024 3:35:00 PM,8/23/2024 4:01:00 PM,Sell short,Stop loss,($2015.16),$77265.60,$5.16,$0.00,$0.00,$0.00,$0.00,$2010.00,$70.00,$2085.16,27,
716,NQ 06-26,Backtest,NQPivots,Long,1,21421.00,21320.50,8/26/2024 3:34:00 PM,8/26/2024 4:09:00 PM,Buy,Stop loss,($2015.16),$75250.44,$5.16,$0.00,$0.00,$0.00,$0.00,$2010.00,$445.00,$2460.16,36,
717,NQ 06-26,Backtest,NQPivots,Long,1,20609.25,20508.75,9/4/2024 3:47:00 PM,9/4/2024 4:01:00 PM,Buy,Stop loss,($2015.16),$73235.28,$5.16,$0.00,$0.00,$0.00,$0.00,$2010.00,$475.00,$2490.16,15,
718,NQ 06-26,Backtest,NQPivots,Long,1,20573.50,20623.50,9/5/2024 3:35:00 PM,9/5/2024 3:38:00 PM,Buy,Profit target,$994.84,$74230.12,$5.16,$0.00,$0.00,$0.00,$0.00,$495.00,$1000.00,$5.16,4,
719,NQ 06-26,Backtest,NQPivots,Short,1,20672.75,20773.25,9/5/2024 3:57:00 PM,9/5/2024 4:25:00 PM,Sell short,Stop loss,($2015.16),$72214.96,$5.16,$0.00,$0.00,$0.00,$0.00,$2010.00,$95.00,$2110.16,29,
720,NQ 06-26,Backtest,NQPivots,Short,1,20384.75,20334.75,9/10/2024 3:38:00 PM,9/10/2024 4:16:00 PM,Sell short,Profit target,$994.84,$73209.80,$5.16,$0.00,$0.00,$0.00,$0.00,$1480.00,$1000.00,$5.16,39,
721,NQ 06-26,Backtest,NQPivots,Long,1,20505.75,20405.25,9/11/2024 3:43:00 PM,9/11/2024 4:01:00 PM,Buy,Stop loss,($2015.16),$71194.64,$5.16,$0.00,$0.00,$0.00,$0.00,$2010.00,$105.00,$2120.16,19,
722,NQ 06-26,Backtest,NQPivots,Long,1,21079.00,21129.00,9/13/2024 3:35:00 PM,9/13/2024 3:41:00 PM,Buy,Profit target,$994.84,$72189.48,$5.16,$0.00,$0.00,$0.00,$0.00,$30.00,$1000.00,$5.16,7,
723,NQ 06-26,Backtest,NQPivots,Long,1,21472.00,21372.00,9/20/2024 3:33:00 PM,9/20/2024 4:49:00 PM,Buy,Stop loss,($2005.16),$70184.32,$5.16,$0.00,$0.00,$0.00,$0.00,$2000.00,$345.00,$2350.16,77,
724,NQ 06-26,Backtest,NQPivots,Short,1,21476.00,21426.00,9/23/2024 3:53:00 PM,9/23/2024 7:02:00 PM,Sell short,Profit target,$994.84,$71179.16,$5.16,$0.00,$0.00,$0.00,$0.00,$1150.00,$1000.00,$5.16,190,
725,NQ 06-26,Backtest,NQPivots,Short,1,21510.25,21460.25,9/24/2024 3:42:00 PM,9/24/2024 4:01:00 PM,Sell short,Profit target,$994.84,$72174.00,$5.16,$0.00,$0.00,$0.00,$0.00,$405.00,$1000.00,$5.16,20,
726,NQ 06-26,Backtest,NQPivots,Long,1,21627.50,21527.00,9/30/2024 3:33:00 PM,9/30/2024 8:20:00 PM,Buy,Stop loss,($2015.16),$70158.84,$5.16,$0.00,$0.00,$0.00,$0.00,$2010.00,$835.00,$2850.16,288,
727,NQ 06-26,Backtest,NQPivots,Long,1,21348.25,21247.75,10/2/2024 3:33:00 PM,10/2/2024 3:44:00 PM,Buy,Stop loss,($2015.16),$68143.68,$5.16,$0.00,$0.00,$0.00,$0.00,$2010.00,$505.00,$2520.16,12,
728,NQ 06-26,Backtest,NQPivots,Long,1,21410.00,21460.00,10/3/2024 3:44:00 PM,10/3/2024 4:01:00 PM,Buy,Profit target,$994.84,$69138.52,$5.16,$0.00,$0.00,$0.00,$0.00,$550.00,$1000.00,$5.16,18,
729,NQ 06-26,Backtest,NQPivots,Long,1,21697.25,21747.25,10/9/2024 3:42:00 PM,10/9/2024 4:28:00 PM,Buy,Profit target,$994.84,$70133.36,$5.16,$0.00,$0.00,$0.00,$0.00,$1040.00,$1000.00,$5.16,47,
730,NQ 06-26,Backtest,NQPivots,Long,1,21719.25,21618.75,10/16/2024 3:34:00 PM,10/16/2024 4:01:00 PM,Buy,Stop loss,($2015.16),$68118.20,$5.16,$0.00,$0.00,$0.00,$0.00,$2010.00,$305.00,$2320.16,28,
731,NQ 06-26,Backtest,NQPivots,Long,1,21888.75,21938.75,10/21/2024 3:38:00 PM,10/21/2024 4:07:00 PM,Buy,Profit target,$994.84,$69113.04,$5.16,$0.00,$0.00,$0.00,$0.00,$605.00,$1000.00,$5.16,30,
732,NQ 06-26,Backtest,NQPivots,Short,1,21721.25,21671.25,10/24/2024 3:33:00 PM,10/24/2024 5:51:00 PM,Sell short,Profit target,$994.84,$70107.88,$5.16,$0.00,$0.00,$0.00,$0.00,$1280.00,$1000.00,$5.16,139,
733,NQ 06-26,Backtest,NQPivots,Short,1,21948.75,21898.75,10/28/2024 2:52:00 PM,10/28/2024 8:56:00 PM,Sell short,Profit target,$994.84,$71102.72,$5.16,$0.00,$0.00,$0.00,$0.00,$1520.00,$1000.00,$5.16,365,
734,NQ 06-26,Backtest,NQPivots,Long,1,21896.50,21946.50,10/29/2024 2:46:00 PM,10/29/2024 3:01:00 PM,Buy,Profit target,$994.84,$72097.56,$5.16,$0.00,$0.00,$0.00,$0.00,$460.00,$1000.00,$5.16,16,
735,NQ 06-26,Backtest,NQPivots,Short,1,21935.25,22035.75,10/29/2024 3:18:00 PM,10/29/2024 5:01:00 PM,Sell short,Stop loss,($2015.16),$70082.40,$5.16,$0.00,$0.00,$0.00,$0.00,$2010.00,$180.00,$2195.16,104,
736,NQ 06-26,Backtest,NQPivots,Long,1,22076.25,21975.75,10/30/2024 3:11:00 PM,10/30/2024 6:40:00 PM,Buy,Stop loss,($2015.16),$68067.24,$5.16,$0.00,$0.00,$0.00,$0.00,$2010.00,$600.00,$2615.16,210,
737,NQ 06-26,Backtest,NQPivots,Long,1,21535.00,21585.00,11/4/2024 3:50:00 PM,11/4/2024 4:24:00 PM,Buy,Profit target,$994.84,$69062.08,$5.16,$0.00,$0.00,$0.00,$0.00,$700.00,$1000.00,$5.16,35,
738,NQ 06-26,Backtest,NQPivots,Long,1,22619.25,22669.25,11/8/2024 3:49:00 PM,11/8/2024 7:38:00 PM,Buy,Profit target,$994.84,$70056.92,$5.16,$0.00,$0.00,$0.00,$0.00,$1025.00,$1000.00,$5.16,230,
739,NQ 06-26,Backtest,NQPivots,Short,1,22667.75,22617.75,11/11/2024 3:34:00 PM,11/11/2024 3:45:00 PM,Sell short,Profit target,$994.84,$71051.76,$5.16,$0.00,$0.00,$0.00,$0.00,$630.00,$1000.00,$5.16,12,
740,NQ 06-26,Backtest,NQPivots,Long,1,22617.25,22516.75,11/12/2024 3:36:00 PM,11/12/2024 6:57:00 PM,Buy,Stop loss,($2015.16),$69036.60,$5.16,$0.00,$0.00,$0.00,$0.00,$2010.00,$825.00,$2840.16,202,
741,NQ 06-26,Backtest,NQPivots,Long,1,22577.75,22477.25,11/13/2024 3:34:00 PM,11/13/2024 4:08:00 PM,Buy,Stop loss,($2015.16),$67021.44,$5.16,$0.00,$0.00,$0.00,$0.00,$2010.00,$270.00,$2285.16,35,
742,NQ 06-26,Backtest,NQPivots,Long,1,22153.50,22053.00,11/20/2024 3:33:00 PM,11/20/2024 3:42:00 PM,Buy,Stop loss,($2015.16),$65006.28,$5.16,$0.00,$0.00,$0.00,$0.00,$2010.00,$95.00,$2110.16,10,
743,NQ 06-26,Backtest,NQPivots,Short,1,22202.25,22152.25,11/21/2024 3:36:00 PM,11/21/2024 3:37:00 PM,Sell short,Profit target,$994.84,$66001.12,$5.16,$0.00,$0.00,$0.00,$0.00,$50.00,$1000.00,$5.16,2,
744,NQ 06-26,Backtest,NQPivots,Long,1,22137.75,22187.75,11/21/2024 3:49:00 PM,11/21/2024 3:51:00 PM,Buy,Profit target,$994.84,$66995.96,$5.16,$0.00,$0.00,$0.00,$0.00,$275.00,$1000.00,$5.16,3,
745,NQ 06-26,Backtest,NQPivots,Long,1,22219.25,22269.25,11/22/2024 3:34:00 PM,11/22/2024 3:48:00 PM,Buy,Profit target,$994.84,$67990.80,$5.16,$0.00,$0.00,$0.00,$0.00,$485.00,$1000.00,$5.16,15,
746,NQ 06-26,Backtest,NQPivots,Short,1,22363.75,22313.75,11/26/2024 3:58:00 PM,11/26/2024 8:25:00 PM,Sell short,Profit target,$994.84,$68985.64,$5.16,$0.00,$0.00,$0.00,$0.00,$800.00,$1000.00,$5.16,268,
747,NQ 06-26,Backtest,NQPivots,Long,1,22609.75,22659.75,12/3/2024 3:47:00 PM,12/3/2024 5:31:00 PM,Buy,Profit target,$994.84,$69980.48,$5.16,$0.00,$0.00,$0.00,$0.00,$770.00,$1000.00,$5.16,105,
748,NQ 06-26,Backtest,NQPivots,Long,1,22931.00,22881.75,12/5/2024 3:44:00 PM,12/5/2024 10:00:00 PM,Buy,Exit on session close,($990.16),$68990.32,$5.16,$0.00,$0.00,$0.00,$0.00,$1305.00,$860.00,$1850.16,377,
749,NQ 06-26,Backtest,NQPivots,Long,1,23051.75,22951.75,12/9/2024 3:51:00 PM,12/9/2024 4:30:00 PM,Buy,Stop loss,($2005.16),$66985.16,$5.16,$0.00,$0.00,$0.00,$0.00,$2000.00,$75.00,$2080.16,40,
750,NQ 06-26,Backtest,NQPivots,Short,1,22951.75,22901.75,12/10/2024 3:54:00 PM,12/10/2024 5:01:00 PM,Sell short,Profit target,$994.84,$67980.00,$5.16,$0.00,$0.00,$0.00,$0.00,$1235.00,$1000.00,$5.16,68,
751,NQ 06-26,Backtest,NQPivots,Short,1,22406.25,22356.25,1/2/2025 3:35:00 PM,1/2/2025 3:36:00 PM,Sell short,Profit target,$994.84,$68974.84,$5.16,$0.00,$0.00,$0.00,$0.00,$380.00,$1000.00,$5.16,2,
752,NQ 06-26,Backtest,NQPivots,Long,1,22317.75,22367.75,1/2/2025 3:43:00 PM,1/2/2025 3:47:00 PM,Buy,Profit target,$994.84,$69969.68,$5.16,$0.00,$0.00,$0.00,$0.00,$500.00,$1000.00,$5.16,5,
753,NQ 06-26,Backtest,NQPivots,Long,1,22857.50,22907.50,1/7/2025 3:39:00 PM,1/7/2025 3:46:00 PM,Buy,Profit target,$994.84,$70964.52,$5.16,$0.00,$0.00,$0.00,$0.00,$830.00,$1000.00,$5.16,8,
754,NQ 06-26,Backtest,NQPivots,Long,1,22437.50,22487.50,1/8/2025 3:42:00 PM,1/8/2025 3:50:00 PM,Buy,Profit target,$994.84,$71959.36,$5.16,$0.00,$0.00,$0.00,$0.00,$275.00,$1000.00,$5.16,9,
755,NQ 06-26,Backtest,NQPivots,Long,1,22440.25,22490.25,1/8/2025 3:56:00 PM,1/8/2025 4:01:00 PM,Buy,Profit target,$994.84,$72954.20,$5.16,$0.00,$0.00,$0.00,$0.00,$230.00,$1000.00,$5.16,6,
756,NQ 06-26,Backtest,NQPivots,Short,1,22129.00,22229.50,1/14/2025 3:55:00 PM,1/14/2025 4:17:00 PM,Sell short,Stop loss,($2015.16),$70939.04,$5.16,$0.00,$0.00,$0.00,$0.00,$2010.00,$840.00,$2855.16,23,
757,NQ 06-26,Backtest,NQPivots,Short,1,22766.75,22716.75,1/21/2025 3:39:00 PM,1/21/2025 3:41:00 PM,Sell short,Profit target,$994.84,$71933.88,$5.16,$0.00,$0.00,$0.00,$0.00,$120.00,$1000.00,$5.16,3,
758,NQ 06-26,Backtest,NQPivots,Short,1,22771.50,22721.50,1/21/2025 3:51:00 PM,1/21/2025 3:54:00 PM,Sell short,Profit target,$994.84,$72928.72,$5.16,$0.00,$0.00,$0.00,$0.00,$440.00,$1000.00,$5.16,4,
759,NQ 06-26,Backtest,NQPivots,Short,1,22730.75,22741.75,1/21/2025 3:55:00 PM,1/21/2025 3:57:00 PM,Sell short,Close position,($225.16),$72703.56,$5.16,$0.00,$0.00,$0.00,$0.00,$395.00,$745.00,$970.16,3,
760,NQ 06-26,Backtest,NQPivots,Long,1,22741.75,22791.75,1/21/2025 3:57:00 PM,1/21/2025 5:53:00 PM,Buy,Profit target,$994.84,$73698.40,$5.16,$0.00,$0.00,$0.00,$0.00,$1905.00,$1000.00,$5.16,117,
761,NQ 06-26,Backtest,NQPivots,Long,1,23147.75,23197.75,1/24/2025 3:35:00 PM,1/24/2025 3:54:00 PM,Buy,Profit target,$994.84,$74693.24,$5.16,$0.00,$0.00,$0.00,$0.00,$545.00,$1000.00,$5.16,20,
762,NQ 06-26,Backtest,NQPivots,Long,1,22357.25,22407.25,1/28/2025 3:53:00 PM,1/28/2025 3:59:00 PM,Buy,Profit target,$994.84,$75688.08,$5.16,$0.00,$0.00,$0.00,$0.00,$85.00,$1000.00,$5.16,7,
763,NQ 06-26,Backtest,NQPivots,Long,1,22662.75,22562.25,1/29/2025 3:40:00 PM,1/29/2025 7:02:00 PM,Buy,Stop loss,($2015.16),$73672.92,$5.16,$0.00,$0.00,$0.00,$0.00,$2010.00,$450.00,$2465.16,203,
764,NQ 06-26,Backtest,NQPivots,Short,1,23037.75,22987.75,2/7/2025 3:58:00 PM,2/7/2025 4:01:00 PM,Sell short,Profit target,$994.84,$74667.76,$5.16,$0.00,$0.00,$0.00,$0.00,$25.00,$1000.00,$5.16,4,
765,NQ 06-26,Backtest,NQPivots,Short,1,22958.25,23058.75,2/13/2025 3:40:00 PM,2/13/2025 4:03:00 PM,Sell short,Stop loss,($2015.16),$72652.60,$5.16,$0.00,$0.00,$0.00,$0.00,$2010.00,$55.00,$2070.16,24,
766,NQ 06-26,Backtest,NQPivots,Short,1,23341.75,23310.50,2/18/2025 3:46:00 PM,2/18/2025 3:50:00 PM,Sell short,Close position,$619.84,$73272.44,$5.16,$0.00,$0.00,$0.00,$0.00,$105.00,$985.00,$365.16,5,
767,NQ 06-26,Backtest,NQPivots,Long,1,23310.50,23358.75,2/18/2025 3:50:00 PM,2/18/2025 10:00:00 PM,Buy,Exit on session close,$959.84,$74232.28,$5.16,$0.00,$0.00,$0.00,$0.00,$1740.00,$995.00,$35.16,371,
768,NQ 06-26,Backtest,NQPivots,Long,1,23245.25,23144.75,2/21/2025 3:45:00 PM,2/21/2025 4:25:00 PM,Buy,Stop loss,($2015.16),$72217.12,$5.16,$0.00,$0.00,$0.00,$0.00,$2010.00,$545.00,$2560.16,41,
769,NQ 06-26,Backtest,NQPivots,Short,1,22365.75,22315.75,2/26/2025 3:42:00 PM,2/26/2025 3:43:00 PM,Sell short,Profit target,$994.84,$73211.96,$5.16,$0.00,$0.00,$0.00,$0.00,$320.00,$1000.00,$5.16,2,
770,NQ 06-26,Backtest,NQPivots,Short,1,22394.50,22344.50,2/27/2025 3:42:00 PM,2/27/2025 3:43:00 PM,Sell short,Profit target,$994.84,$74206.80,$5.16,$0.00,$0.00,$0.00,$0.00,$85.00,$1000.00,$5.16,2,
771,NQ 06-26,Backtest,NQPivots,Long,1,21702.75,21752.75,2/28/2025 3:38:00 PM,2/28/2025 3:44:00 PM,Buy,Profit target,$994.84,$75201.64,$5.16,$0.00,$0.00,$0.00,$0.00,$1230.00,$1000.00,$5.16,7,
772,NQ 06-26,Backtest,NQPivots,Short,1,22157.75,22107.75,3/3/2025 3:39:00 PM,3/3/2025 3:39:00 PM,Sell short,Profit target,$994.84,$76196.48,$5.16,$0.00,$0.00,$0.00,$0.00,$0.00,$1000.00,$5.16,1,
773,NQ 06-26,Backtest,NQPivots,Long,1,21533.50,21433.00,3/4/2025 3:40:00 PM,3/4/2025 3:43:00 PM,Buy,Stop loss,($2015.16),$74181.32,$5.16,$0.00,$0.00,$0.00,$0.00,$2010.00,$30.00,$2045.16,4,
774,NQ 06-26,Backtest,NQPivots,Long,1,21497.50,21547.50,3/5/2025 3:41:00 PM,3/5/2025 3:41:00 PM,Buy,Profit target,$994.84,$75176.16,$5.16,$0.00,$0.00,$0.00,$0.00,$0.00,$1000.00,$5.16,1,
775,NQ 06-26,Backtest,NQPivots,Long,1,21466.25,21516.25,3/5/2025 3:57:00 PM,3/5/2025 4:01:00 PM,Buy,Profit target,$994.84,$76171.00,$5.16,$0.00,$0.00,$0.00,$0.00,$1505.00,$1000.00,$5.16,5,
776,NQ 06-26,Backtest,NQPivots,Long,1,21170.25,21220.25,3/7/2025 3:39:00 PM,3/7/2025 3:39:00 PM,Buy,Profit target,$994.84,$77165.84,$5.16,$0.00,$0.00,$0.00,$0.00,$0.00,$1000.00,$5.16,1,
777,NQ 06-26,Backtest,NQPivots,Long,1,20593.50,20643.50,3/11/2025 3:08:00 PM,3/11/2025 3:10:00 PM,Buy,Profit target,$994.84,$78160.68,$5.16,$0.00,$0.00,$0.00,$0.00,$530.00,$1000.00,$5.16,3,
778,NQ 06-26,Backtest,NQPivots,Long,1,20531.50,20431.00,3/11/2025 3:56:00 PM,3/11/2025 4:00:00 PM,Buy,Stop loss,($2015.16),$76145.52,$5.16,$0.00,$0.00,$0.00,$0.00,$2010.00,$25.00,$2040.16,5,
779,NQ 06-26,Backtest,NQPivots,Short,1,20644.75,20594.75,3/12/2025 3:43:00 PM,3/12/2025 4:00:00 PM,Sell short,Profit target,$994.84,$77140.36,$5.16,$0.00,$0.00,$0.00,$0.00,$910.00,$1000.00,$5.16,18,
780,NQ 06-26,Backtest,NQPivots,Short,1,20899.25,20849.25,3/17/2025 2:50:00 PM,3/17/2025 3:04:00 PM,Sell short,Profit target,$994.84,$78135.20,$5.16,$0.00,$0.00,$0.00,$0.00,$920.00,$1000.00,$5.16,15,
781,NQ 06-26,Backtest,NQPivots,Short,1,20906.50,20856.50,3/17/2025 3:18:00 PM,3/17/2025 3:29:00 PM,Sell short,Profit target,$994.84,$79130.04,$5.16,$0.00,$0.00,$0.00,$0.00,$475.00,$1000.00,$5.16,12,
782,NQ 06-26,Backtest,NQPivots,Short,1,20687.00,20637.00,3/19/2025 2:36:00 PM,3/19/2025 2:43:00 PM,Sell short,Profit target,$994.84,$80124.88,$5.16,$0.00,$0.00,$0.00,$0.00,$370.00,$1000.00,$5.16,8,
783,NQ 06-26,Backtest,NQPivots,Long,1,20832.25,20882.25,3/20/2025 2:47:00 PM,3/20/2025 3:01:00 PM,Buy,Profit target,$994.84,$81119.72,$5.16,$0.00,$0.00,$0.00,$0.00,$430.00,$1000.00,$5.16,15,
784,NQ 06-26,Backtest,NQPivots,Short,1,20981.50,20931.50,3/20/2025 3:30:00 PM,3/20/2025 4:03:00 PM,Sell short,Profit target,$994.84,$82114.56,$5.16,$0.00,$0.00,$0.00,$0.00,$815.00,$1000.00,$5.16,34,
785,NQ 06-26,Backtest,NQPivots,Short,1,21329.75,21279.75,3/25/2025 2:44:00 PM,3/25/2025 2:49:00 PM,Sell short,Profit target,$994.84,$83109.40,$5.16,$0.00,$0.00,$0.00,$0.00,$55.00,$1000.00,$5.16,6,
786,NQ 06-26,Backtest,NQPivots,Short,1,21330.50,21406.50,3/25/2025 3:13:00 PM,3/25/2025 9:00:00 PM,Sell short,Exit on session close,($1525.16),$81584.24,$5.16,$0.00,$0.00,$0.00,$0.00,$1640.00,$225.00,$1750.16,348,
787,NQ 06-26,Backtest,NQPivots,Long,1,20995.75,21045.75,3/27/2025 2:57:00 PM,3/27/2025 3:31:00 PM,Buy,Profit target,$994.84,$82579.08,$5.16,$0.00,$0.00,$0.00,$0.00,$1015.00,$1000.00,$5.16,35,
788,NQ 06-26,Backtest,NQPivots,Long,1,20324.25,20374.25,4/1/2025 3:34:00 PM,4/1/2025 3:49:00 PM,Buy,Profit target,$994.84,$83573.92,$5.16,$0.00,$0.00,$0.00,$0.00,$1375.00,$1000.00,$5.16,16,
789,NQ 06-26,Backtest,NQPivots,Long,1,20323.00,20222.50,4/1/2025 3:59:00 PM,4/1/2025 4:12:00 PM,Buy,Stop loss,($2015.16),$81558.76,$5.16,$0.00,$0.00,$0.00,$0.00,$2010.00,$555.00,$2570.16,14,
790,NQ 06-26,Backtest,NQPivots,Long,1,20488.75,20538.75,4/2/2025 3:54:00 PM,4/2/2025 4:33:00 PM,Buy,Profit target,$994.84,$82553.60,$5.16,$0.00,$0.00,$0.00,$0.00,$1605.00,$1000.00,$5.16,40,
791,NQ 06-26,Backtest,NQPivots,Long,1,19322.75,19372.75,4/11/2025 3:35:00 PM,4/11/2025 3:36:00 PM,Buy,Profit target,$994.84,$83548.44,$5.16,$0.00,$0.00,$0.00,$0.00,$935.00,$1000.00,$5.16,2,
792,NQ 06-26,Backtest,NQPivots,Long,1,19390.00,19440.00,4/11/2025 3:40:00 PM,4/11/2025 3:40:00 PM,Buy,Profit target,$994.84,$84543.28,$5.16,$0.00,$0.00,$0.00,$0.00,$0.00,$1000.00,$5.16,1,
793,NQ 06-26,Backtest,NQPivots,Long,1,20227.50,20277.50,4/25/2025 3:35:00 PM,4/25/2025 3:41:00 PM,Buy,Profit target,$994.84,$85538.12,$5.16,$0.00,$0.00,$0.00,$0.00,$110.00,$1000.00,$5.16,7,
794,NQ 06-26,Backtest,NQPivots,Long,1,20195.25,20245.25,4/25/2025 3:57:00 PM,4/25/2025 4:02:00 PM,Buy,Profit target,$994.84,$86532.96,$5.16,$0.00,$0.00,$0.00,$0.00,$425.00,$1000.00,$5.16,6,
795,NQ 06-26,Backtest,NQPivots,Long,1,20433.50,20483.50,4/28/2025 3:37:00 PM,4/28/2025 3:43:00 PM,Buy,Profit target,$994.84,$87527.80,$5.16,$0.00,$0.00,$0.00,$0.00,$670.00,$1000.00,$5.16,7,
796,NQ 06-26,Backtest,NQPivots,Short,1,20530.50,20480.50,4/28/2025 3:49:00 PM,4/28/2025 3:50:00 PM,Sell short,Profit target,$994.84,$88522.64,$5.16,$0.00,$0.00,$0.00,$0.00,$95.00,$1000.00,$5.16,2,
797,NQ 06-26,Backtest,NQPivots,Long,1,20411.75,20461.75,4/29/2025 3:47:00 PM,4/29/2025 3:51:00 PM,Buy,Profit target,$994.84,$89517.48,$5.16,$0.00,$0.00,$0.00,$0.00,$185.00,$1000.00,$5.16,5,
798,NQ 06-26,Backtest,NQPivots,Short,1,21165.00,21115.00,5/9/2025 3:42:00 PM,5/9/2025 4:21:00 PM,Sell short,Profit target,$994.84,$90512.32,$5.16,$0.00,$0.00,$0.00,$0.00,$545.00,$1000.00,$5.16,40,
799,NQ 06-26,Backtest,NQPivots,Short,1,22290.50,22240.50,5/14/2025 3:41:00 PM,5/14/2025 3:46:00 PM,Sell short,Profit target,$994.84,$91507.16,$5.16,$0.00,$0.00,$0.00,$0.00,$160.00,$1000.00,$5.16,6,
800,NQ 06-26,Backtest,NQPivots,Short,1,22459.25,22409.25,5/28/2025 3:46:00 PM,5/28/2025 3:49:00 PM,Sell short,Profit target,$994.84,$92502.00,$5.16,$0.00,$0.00,$0.00,$0.00,$60.00,$1000.00,$5.16,4,
801,NQ 06-26,Backtest,NQPivots,Long,1,22263.75,22313.75,6/2/2025 3:33:00 PM,6/2/2025 3:34:00 PM,Buy,Profit target,$994.84,$93496.84,$5.16,$0.00,$0.00,$0.00,$0.00,$25.00,$1000.00,$5.16,2,
802,NQ 06-26,Backtest,NQPivots,Long,1,22258.75,22158.75,6/2/2025 3:58:00 PM,6/2/2025 4:01:00 PM,Buy,Stop loss,($2005.16),$91491.68,$5.16,$0.00,$0.00,$0.00,$0.00,$2000.00,$155.00,$2160.16,4,
803,NQ 06-26,Backtest,NQPivots,Short,1,22674.50,22624.50,6/4/2025 3:45:00 PM,6/4/2025 4:01:00 PM,Sell short,Profit target,$994.84,$92486.52,$5.16,$0.00,$0.00,$0.00,$0.00,$585.00,$1000.00,$5.16,17,
804,NQ 06-26,Backtest,NQPivots,Short,1,22714.75,22664.75,6/5/2025 3:33:00 PM,6/5/2025 3:40:00 PM,Sell short,Profit target,$994.84,$93481.36,$5.16,$0.00,$0.00,$0.00,$0.00,$385.00,$1000.00,$5.16,8,
805,NQ 06-26,Backtest,NQPivots,Long,1,22664.50,22714.50,6/5/2025 3:52:00 PM,6/5/2025 4:27:00 PM,Buy,Profit target,$994.84,$94476.20,$5.16,$0.00,$0.00,$0.00,$0.00,$880.00,$1000.00,$5.16,36,
806,NQ 06-26,Backtest,NQPivots,Long,1,22694.25,22744.25,6/9/2025 3:39:00 PM,6/9/2025 4:10:00 PM,Buy,Profit target,$994.84,$95471.04,$5.16,$0.00,$0.00,$0.00,$0.00,$525.00,$1000.00,$5.16,32,
807,NQ 06-26,Backtest,NQPivots,Short,1,22761.75,22711.75,6/10/2025 3:45:00 PM,6/10/2025 5:33:00 PM,Sell short,Profit target,$994.84,$96465.88,$5.16,$0.00,$0.00,$0.00,$0.00,$975.00,$1000.00,$5.16,109,
808,NQ 06-26,Backtest,NQPivots,Long,1,22871.50,22921.50,6/11/2025 3:51:00 PM,6/11/2025 4:10:00 PM,Buy,Profit target,$994.84,$97460.72,$5.16,$0.00,$0.00,$0.00,$0.00,$40.00,$1000.00,$5.16,20,
809,NQ 06-26,Backtest,NQPivots,Long,1,22785.50,22835.50,6/12/2025 3:40:00 PM,6/12/2025 4:16:00 PM,Buy,Profit target,$994.84,$98455.56,$5.16,$0.00,$0.00,$0.00,$0.00,$555.00,$1000.00,$5.16,37,
810,NQ 06-26,Backtest,NQPivots,Long,1,22652.75,22702.75,6/18/2025 3:37:00 PM,6/18/2025 3:49:00 PM,Buy,Profit target,$994.84,$99450.40,$5.16,$0.00,$0.00,$0.00,$0.00,$430.00,$1000.00,$5.16,13,
811,NQ 06-26,Backtest,NQPivots,Short,1,22704.25,22654.25,6/18/2025 3:56:00 PM,6/18/2025 7:33:00 PM,Sell short,Profit target,$994.84,$100445.24,$5.16,$0.00,$0.00,$0.00,$0.00,$1925.00,$1000.00,$5.16,218,
812,NQ 06-26,Backtest,NQPivots,Long,1,22546.00,22596.00,6/23/2025 3:38:00 PM,6/23/2025 3:46:00 PM,Buy,Profit target,$994.84,$101440.08,$5.16,$0.00,$0.00,$0.00,$0.00,$20.00,$1000.00,$5.16,9,
813,NQ 06-26,Backtest,NQPivots,Short,1,23206.50,23307.00,6/26/2025 3:39:00 PM,6/26/2025 5:17:00 PM,Sell short,Stop loss,($2015.16),$99424.92,$5.16,$0.00,$0.00,$0.00,$0.00,$2010.00,$555.00,$2570.16,99,
814,NQ 06-26,Backtest,NQPivots,Short,1,23430.75,23380.75,6/27/2025 3:42:00 PM,6/27/2025 8:20:00 PM,Sell short,Profit target,$994.84,$100419.76,$5.16,$0.00,$0.00,$0.00,$0.00,$1950.00,$1000.00,$5.16,279,
815,NQ 06-26,Backtest,NQPivots,Short,1,23508.75,23609.25,6/30/2025 3:49:00 PM,6/30/2025 9:51:00 PM,Sell short,Stop loss,($2015.16),$98404.60,$5.16,$0.00,$0.00,$0.00,$0.00,$2010.00,$500.00,$2515.16,363,
816,NQ 06-26,Backtest,NQPivots,Long,1,23386.25,23436.25,7/2/2025 3:34:00 PM,7/2/2025 4:04:00 PM,Buy,Profit target,$994.84,$99399.44,$5.16,$0.00,$0.00,$0.00,$0.00,$440.00,$1000.00,$5.16,31,
817,NQ 06-26,Backtest,NQPivots,Long,1,23742.75,23642.25,7/10/2025 3:37:00 PM,7/10/2025 4:00:00 PM,Buy,Stop loss,($2015.16),$97384.28,$5.16,$0.00,$0.00,$0.00,$0.00,$2010.00,$60.00,$2075.16,24,
818,NQ 06-26,Backtest,NQPivots,Long,1,23658.50,23558.00,7/14/2025 3:38:00 PM,7/14/2025 3:44:00 PM,Buy,Stop loss,($2015.16),$95369.12,$5.16,$0.00,$0.00,$0.00,$0.00,$2010.00,$105.00,$2120.16,7,
819,NQ 06-26,Backtest,NQPivots,Long,1,23746.25,23645.75,7/16/2025 3:38:00 PM,7/16/2025 5:20:00 PM,Buy,Stop loss,($2015.16),$93353.96,$5.16,$0.00,$0.00,$0.00,$0.00,$2010.00,$105.00,$2120.16,103,
820,NQ 06-26,Backtest,NQPivots,Short,1,23846.75,23946.75,7/17/2025 3:57:00 PM,7/17/2025 5:07:00 PM,Sell short,Stop loss,($2005.16),$91348.80,$5.16,$0.00,$0.00,$0.00,$0.00,$2000.00,$580.00,$2585.16,71,
821,NQ 06-26,Backtest,NQPivots,Long,1,23905.75,23955.75,7/23/2025 3:34:00 PM,7/23/2025 5:55:00 PM,Buy,Profit target,$994.84,$92343.64,$5.16,$0.00,$0.00,$0.00,$0.00,$1125.00,$1000.00,$5.16,142,
822,NQ 06-26,Backtest,NQPivots,Short,1,24059.50,24009.50,7/24/2025 3:33:00 PM,7/24/2025 4:14:00 PM,Sell short,Profit target,$994.84,$93338.48,$5.16,$0.00,$0.00,$0.00,$0.00,$885.00,$1000.00,$5.16,42,
823,NQ 06-26,Backtest,NQPivots,Long,1,24071.50,24121.50,7/25/2025 3:35:00 PM,7/25/2025 4:35:00 PM,Buy,Profit target,$994.84,$94333.32,$5.16,$0.00,$0.00,$0.00,$0.00,$760.00,$1000.00,$5.16,61,
824,NQ 06-26,Backtest,NQPivots,Short,1,24053.50,24003.50,8/5/2025 3:41:00 PM,8/5/2025 4:18:00 PM,Sell short,Profit target,$994.84,$95328.16,$5.16,$0.00,$0.00,$0.00,$0.00,$930.00,$1000.00,$5.16,38,
825,NQ 06-26,Backtest,NQPivots,Short,1,23905.25,23855.25,8/6/2025 3:37:00 PM,8/6/2025 3:41:00 PM,Sell short,Profit target,$994.84,$96323.00,$5.16,$0.00,$0.00,$0.00,$0.00,$190.00,$1000.00,$5.16,5,
826,NQ 06-26,Backtest,NQPivots,Short,1,23897.50,23998.00,8/6/2025 3:52:00 PM,8/6/2025 5:11:00 PM,Sell short,Stop loss,($2015.16),$94307.84,$5.16,$0.00,$0.00,$0.00,$0.00,$2010.00,$610.00,$2625.16,80,
827,NQ 06-26,Backtest,NQPivots,Long,1,24400.00,24450.00,8/11/2025 3:34:00 PM,8/11/2025 4:03:00 PM,Buy,Profit target,$994.84,$95302.68,$5.16,$0.00,$0.00,$0.00,$0.00,$330.00,$1000.00,$5.16,30,
828,NQ 06-26,Backtest,NQPivots,Short,1,24378.25,24328.25,8/12/2025 3:52:00 PM,8/12/2025 4:01:00 PM,Sell short,Profit target,$994.84,$96297.52,$5.16,$0.00,$0.00,$0.00,$0.00,$990.00,$1000.00,$5.16,10,
829,NQ 06-26,Backtest,NQPivots,Short,1,24718.50,24668.50,8/13/2025 3:57:00 PM,8/13/2025 4:27:00 PM,Sell short,Profit target,$994.84,$97292.36,$5.16,$0.00,$0.00,$0.00,$0.00,$325.00,$1000.00,$5.16,31,
830,NQ 06-26,Backtest,NQPivots,Long,1,24632.50,24682.50,8/14/2025 3:49:00 PM,8/14/2025 4:33:00 PM,Buy,Profit target,$994.84,$98287.20,$5.16,$0.00,$0.00,$0.00,$0.00,$640.00,$1000.00,$5.16,45,
831,NQ 06-26,Backtest,NQPivots,Long,1,24505.00,24499.00,8/18/2025 3:35:00 PM,8/18/2025 10:00:00 PM,Buy,Exit on session close,($125.16),$98162.04,$5.16,$0.00,$0.00,$0.00,$0.00,$1665.00,$440.00,$565.16,386,
832,NQ 06-26,Backtest,NQPivots,Short,1,23959.75,24060.25,8/22/2025 3:59:00 PM,8/22/2025 4:01:00 PM,Sell short,Stop loss,($2015.16),$96146.88,$5.16,$0.00,$0.00,$0.00,$0.00,$2010.00,$215.00,$2230.16,3,
833,NQ 06-26,Backtest,NQPivots,Long,1,24199.50,24249.50,8/26/2025 3:33:00 PM,8/26/2025 4:27:00 PM,Buy,Profit target,$994.84,$97141.72,$5.16,$0.00,$0.00,$0.00,$0.00,$1395.00,$1000.00,$5.16,55,
834,NQ 06-26,Backtest,NQPivots,Short,1,24360.00,24310.00,8/28/2025 3:51:00 PM,8/28/2025 3:52:00 PM,Sell short,Profit target,$994.84,$98136.56,$5.16,$0.00,$0.00,$0.00,$0.00,$110.00,$1000.00,$5.16,2,
835,NQ 06-26,Backtest,NQPivots,Long,1,24318.50,24368.50,8/28/2025 3:56:00 PM,8/28/2025 4:09:00 PM,Buy,Profit target,$994.84,$99131.40,$5.16,$0.00,$0.00,$0.00,$0.00,$865.00,$1000.00,$5.16,14,
836,NQ 06-26,Backtest,NQPivots,Short,1,24203.75,24153.75,9/4/2025 3:39:00 PM,9/4/2025 4:03:00 PM,Sell short,Profit target,$994.84,$100126.24,$5.16,$0.00,$0.00,$0.00,$0.00,$230.00,$1000.00,$5.16,25,
837,NQ 06-26,Backtest,NQPivots,Short,1,24537.75,24487.75,9/9/2025 3:37:00 PM,9/9/2025 4:03:00 PM,Sell short,Profit target,$994.84,$101121.08,$5.16,$0.00,$0.00,$0.00,$0.00,$275.00,$1000.00,$5.16,27,
838,NQ 06-26,Backtest,NQPivots,Short,1,24625.50,24726.00,9/11/2025 3:43:00 PM,9/11/2025 5:17:00 PM,Sell short,Stop loss,($2015.16),$99105.92,$5.16,$0.00,$0.00,$0.00,$0.00,$2010.00,$260.00,$2275.16,95,
839,NQ 06-26,Backtest,NQPivots,Long,1,25006.50,24989.00,9/16/2025 4:00:00 PM,9/16/2025 10:00:00 PM,Buy,Exit on session close,($355.16),$98750.76,$5.16,$0.00,$0.00,$0.00,$0.00,$840.00,$435.00,$790.16,361,
840,NQ 06-26,Backtest,NQPivots,Long,1,24980.25,24879.75,9/17/2025 3:54:00 PM,9/17/2025 4:51:00 PM,Buy,Stop loss,($2015.16),$96735.60,$5.16,$0.00,$0.00,$0.00,$0.00,$2010.00,$110.00,$2125.16,58,
841,NQ 06-26,Backtest,NQPivots,Short,1,25218.50,25319.00,9/19/2025 3:35:00 PM,9/19/2025 9:29:00 PM,Sell short,Stop loss,($2015.16),$94720.44,$5.16,$0.00,$0.00,$0.00,$0.00,$2010.00,$905.00,$2920.16,355,
842,NQ 06-26,Backtest,NQPivots,Long,1,25315.75,25365.75,9/22/2025 3:34:00 PM,9/22/2025 4:30:00 PM,Buy,Profit target,$994.84,$95715.28,$5.16,$0.00,$0.00,$0.00,$0.00,$580.00,$1000.00,$5.16,57,
843,NQ 06-26,Backtest,NQPivots,Long,1,25453.25,25352.75,9/23/2025 3:40:00 PM,9/23/2025 7:26:00 PM,Buy,Stop loss,($2015.16),$93700.12,$5.16,$0.00,$0.00,$0.00,$0.00,$2010.00,$55.00,$2070.16,227,
844,NQ 06-26,Backtest,NQPivots,Long,1,25276.50,25176.00,9/24/2025 3:55:00 PM,9/24/2025 5:56:00 PM,Buy,Stop loss,($2015.16),$91684.96,$5.16,$0.00,$0.00,$0.00,$0.00,$2010.00,$595.00,$2610.16,122,
845,NQ 06-26,Backtest,NQPivots,Short,1,25558.50,25508.50,10/2/2025 3:39:00 PM,10/2/2025 3:43:00 PM,Sell short,Profit target,$994.84,$92679.80,$5.16,$0.00,$0.00,$0.00,$0.00,$130.00,$1000.00,$5.16,5,
846,NQ 06-26,Backtest,NQPivots,Short,1,25613.75,25563.75,10/3/2025 3:34:00 PM,10/3/2025 4:01:00 PM,Sell short,Profit target,$994.84,$93674.64,$5.16,$0.00,$0.00,$0.00,$0.00,$390.00,$1000.00,$5.16,28,
847,NQ 06-26,Backtest,NQPivots,Short,1,25581.50,25681.50,10/8/2025 3:37:00 PM,10/8/2025 4:09:00 PM,Sell short,Stop loss,($2005.16),$91669.48,$5.16,$0.00,$0.00,$0.00,$0.00,$2000.00,$80.00,$2085.16,33,
848,NQ 06-26,Backtest,NQPivots,Long,1,25773.00,25672.50,10/9/2025 3:36:00 PM,10/9/2025 4:43:00 PM,Buy,Stop loss,($2015.16),$89654.32,$5.16,$0.00,$0.00,$0.00,$0.00,$2010.00,$180.00,$2195.16,68,
849,NQ 06-26,Backtest,NQPivots,Short,1,25800.25,25750.25,10/10/2025 3:34:00 PM,10/10/2025 4:58:00 PM,Sell short,Profit target,$994.84,$90649.16,$5.16,$0.00,$0.00,$0.00,$0.00,$1060.00,$1000.00,$5.16,85,
850,NQ 06-26,Backtest,NQPivots,Short,1,25505.25,25605.75,10/16/2025 3:42:00 PM,10/16/2025 4:37:00 PM,Sell short,Stop loss,($2015.16),$88634.00,$5.16,$0.00,$0.00,$0.00,$0.00,$2010.00,$525.00,$2540.16,56,
851,NQ 06-26,Backtest,NQPivots,Long,1,25248.50,25148.00,10/17/2025 3:37:00 PM,10/17/2025 3:45:00 PM,Buy,Stop loss,($2015.16),$86618.84,$5.16,$0.00,$0.00,$0.00,$0.00,$2010.00,$705.00,$2720.16,9,
852,NQ 06-26,Backtest,NQPivots,Long,1,25249.25,25299.25,10/17/2025 3:50:00 PM,10/17/2025 3:54:00 PM,Buy,Profit target,$994.84,$87613.68,$5.16,$0.00,$0.00,$0.00,$0.00,$450.00,$1000.00,$5.16,5,
853,NQ 06-26,Backtest,NQPivots,Long,1,25746.75,25796.75,10/21/2025 3:36:00 PM,10/21/2025 6:02:00 PM,Buy,Profit target,$994.84,$88608.52,$5.16,$0.00,$0.00,$0.00,$0.00,$1565.00,$1000.00,$5.16,147,
854,NQ 06-26,Backtest,NQPivots,Long,1,25746.25,25645.75,10/22/2025 3:56:00 PM,10/22/2025 4:27:00 PM,Buy,Stop loss,($2015.16),$86593.36,$5.16,$0.00,$0.00,$0.00,$0.00,$2010.00,$30.00,$2045.16,32,
855,NQ 06-26,Backtest,NQPivots,Short,1,25620.00,25570.00,10/23/2025 3:59:00 PM,10/23/2025 4:12:00 PM,Sell short,Profit target,$994.84,$87588.20,$5.16,$0.00,$0.00,$0.00,$0.00,$435.00,$1000.00,$5.16,14,
856,NQ 06-26,Backtest,NQPivots,Short,1,26475.75,26576.25,10/28/2025 3:47:00 PM,10/28/2025 5:31:00 PM,Sell short,Stop loss,($2015.16),$85573.04,$5.16,$0.00,$0.00,$0.00,$0.00,$2010.00,$90.00,$2105.16,105,
857,NQ 06-26,Backtest,NQPivots,Long,1,26017.25,26067.25,11/5/2025 3:40:00 PM,11/5/2025 3:49:00 PM,Buy,Profit target,$994.84,$86567.88,$5.16,$0.00,$0.00,$0.00,$0.00,$870.00,$1000.00,$5.16,10,
858,NQ 06-26,Backtest,NQPivots,Short,1,26167.25,26117.25,11/12/2025 3:33:00 PM,11/12/2025 3:42:00 PM,Sell short,Profit target,$994.84,$87562.72,$5.16,$0.00,$0.00,$0.00,$0.00,$225.00,$1000.00,$5.16,10,
859,NQ 06-26,Backtest,NQPivots,Long,1,25533.75,25583.75,11/17/2025 3:34:00 PM,11/17/2025 3:37:00 PM,Buy,Profit target,$994.84,$88557.56,$5.16,$0.00,$0.00,$0.00,$0.00,$220.00,$1000.00,$5.16,4,
860,NQ 06-26,Backtest,NQPivots,Short,1,25684.75,25634.75,11/26/2025 3:39:00 PM,11/26/2025 4:00:00 PM,Sell short,Profit target,$994.84,$89552.40,$5.16,$0.00,$0.00,$0.00,$0.00,$1215.00,$1000.00,$5.16,22,
861,NQ 06-26,Backtest,NQPivots,Short,1,25817.50,25918.00,11/28/2025 3:42:00 PM,11/28/2025 6:56:00 PM,Sell short,Stop loss,($2015.16),$87537.24,$5.16,$0.00,$0.00,$0.00,$0.00,$2010.00,$425.00,$2440.16,195,
862,NQ 06-26,Backtest,NQPivots,Long,1,26102.50,26002.00,12/4/2025 3:42:00 PM,12/4/2025 4:26:00 PM,Buy,Stop loss,($2015.16),$85522.08,$5.16,$0.00,$0.00,$0.00,$0.00,$2010.00,$45.00,$2060.16,45,
863,NQ 06-26,Backtest,NQPivots,Short,1,26248.00,26198.00,12/8/2025 3:44:00 PM,12/8/2025 3:50:00 PM,Sell short,Profit target,$994.84,$86516.92,$5.16,$0.00,$0.00,$0.00,$0.00,$655.00,$1000.00,$5.16,7,
864,NQ 06-26,Backtest,NQPivots,Short,1,25808.25,25758.25,12/15/2025 3:35:00 PM,12/15/2025 3:41:00 PM,Sell short,Profit target,$994.84,$87511.76,$5.16,$0.00,$0.00,$0.00,$0.00,$540.00,$1000.00,$5.16,7,
865,NQ 06-26,Backtest,NQPivots,Long,1,25523.25,25422.75,12/16/2025 3:33:00 PM,12/16/2025 3:47:00 PM,Buy,Stop loss,($2015.16),$85496.60,$5.16,$0.00,$0.00,$0.00,$0.00,$2010.00,$720.00,$2735.16,15,
866,NQ 06-26,Backtest,NQPivots,Long,1,25529.00,25579.00,12/16/2025 3:49:00 PM,12/16/2025 3:51:00 PM,Buy,Profit target,$994.84,$86491.44,$5.16,$0.00,$0.00,$0.00,$0.00,$120.00,$1000.00,$5.16,3,
867,NQ 06-26,Backtest,NQPivots,Long,1,25568.25,25467.75,12/17/2025 3:40:00 PM,12/17/2025 3:47:00 PM,Buy,Stop loss,($2015.16),$84476.28,$5.16,$0.00,$0.00,$0.00,$0.00,$2010.00,$80.00,$2095.16,8,
868,NQ 06-26,Backtest,NQPivots,Short,1,25934.00,25884.00,12/23/2025 3:52:00 PM,12/23/2025 4:00:00 PM,Sell short,Profit target,$994.84,$85471.12,$5.16,$0.00,$0.00,$0.00,$0.00,$295.00,$1000.00,$5.16,9,
869,NQ 06-26,Backtest,NQPivots,Long,1,26004.50,26054.50,12/24/2025 3:42:00 PM,12/24/2025 5:11:00 PM,Buy,Profit target,$994.84,$86465.96,$5.16,$0.00,$0.00,$0.00,$0.00,$185.00,$1000.00,$5.16,90,
870,NQ 06-26,Backtest,NQPivots,Short,1,26107.25,26057.25,12/26/2025 3:36:00 PM,12/26/2025 4:02:00 PM,Sell short,Profit target,$994.84,$87460.80,$5.16,$0.00,$0.00,$0.00,$0.00,$735.00,$1000.00,$5.16,27,
871,NQ 06-26,Backtest,NQPivots,Long,1,25946.00,25996.00,12/30/2025 3:51:00 PM,12/30/2025 5:22:00 PM,Buy,Profit target,$994.84,$88455.64,$5.16,$0.00,$0.00,$0.00,$0.00,$1115.00,$1000.00,$5.16,92,
872,NQ 06-26,Backtest,NQPivots,Long,1,25877.00,25776.75,12/31/2025 3:37:00 PM,12/31/2025 4:19:00 PM,Buy,Stop loss,($2010.16),$86445.48,$5.16,$0.00,$0.00,$0.00,$0.00,$2005.00,$35.00,$2045.16,43,
873,NQ 06-26,Backtest,NQPivots,Short,1,25833.25,25933.75,1/6/2026 3:42:00 PM,1/6/2026 3:51:00 PM,Sell short,Stop loss,($2015.16),$84430.32,$5.16,$0.00,$0.00,$0.00,$0.00,$2010.00,$330.00,$2345.16,10,
874,NQ 06-26,Backtest,NQPivots,Long,1,26004.25,26054.25,1/7/2026 3:34:00 PM,1/7/2026 3:42:00 PM,Buy,Profit target,$994.84,$85425.16,$5.16,$0.00,$0.00,$0.00,$0.00,$20.00,$1000.00,$5.16,9,
875,NQ 06-26,Backtest,NQPivots,Short,1,25948.75,25898.75,1/9/2026 3:48:00 PM,1/9/2026 3:49:00 PM,Sell short,Profit target,$994.84,$86420.00,$5.16,$0.00,$0.00,$0.00,$0.00,$595.00,$1000.00,$5.16,2,
876,NQ 06-26,Backtest,NQPivots,Short,1,25896.25,25846.25,1/9/2026 3:50:00 PM,1/9/2026 4:09:00 PM,Sell short,Profit target,$994.84,$87414.84,$5.16,$0.00,$0.00,$0.00,$0.00,$1525.00,$1000.00,$5.16,20,
877,NQ 06-26,Backtest,NQPivots,Long,1,26114.00,26164.00,1/12/2026 3:52:00 PM,1/12/2026 5:17:00 PM,Buy,Profit target,$994.84,$88409.68,$5.16,$0.00,$0.00,$0.00,$0.00,$830.00,$1000.00,$5.16,86,
878,NQ 06-26,Backtest,NQPivots,Short,1,26229.75,26179.75,1/13/2026 3:44:00 PM,1/13/2026 3:44:00 PM,Sell short,Profit target,$994.84,$89404.52,$5.16,$0.00,$0.00,$0.00,$0.00,$0.00,$1000.00,$5.16,1,
879,NQ 06-26,Backtest,NQPivots,Short,1,25993.75,25943.75,1/16/2026 3:56:00 PM,1/16/2026 4:00:00 PM,Sell short,Profit target,$994.84,$90399.36,$5.16,$0.00,$0.00,$0.00,$0.00,$45.00,$1000.00,$5.16,5,
880,NQ 06-26,Backtest,NQPivots,Short,1,25423.25,25523.75,1/21/2026 3:50:00 PM,1/21/2026 3:58:00 PM,Sell short,Stop loss,($2015.16),$88384.20,$5.16,$0.00,$0.00,$0.00,$0.00,$2010.00,$125.00,$2140.16,9,
881,NQ 06-26,Backtest,NQPivots,Short,1,25820.25,25770.25,1/22/2026 3:48:00 PM,1/22/2026 3:50:00 PM,Sell short,Profit target,$994.84,$89379.04,$5.16,$0.00,$0.00,$0.00,$0.00,$220.00,$1000.00,$5.16,3,
882,NQ 06-26,Backtest,NQPivots,Short,1,25796.25,25746.25,1/22/2026 3:57:00 PM,1/22/2026 4:07:00 PM,Sell short,Profit target,$994.84,$90373.88,$5.16,$0.00,$0.00,$0.00,$0.00,$95.00,$1000.00,$5.16,11,
883,NQ 06-26,Backtest,NQPivots,Long,1,25855.50,25905.50,1/23/2026 3:33:00 PM,1/23/2026 4:03:00 PM,Buy,Profit target,$994.84,$91368.72,$5.16,$0.00,$0.00,$0.00,$0.00,$1685.00,$1000.00,$5.16,31,
884,NQ 06-26,Backtest,NQPivots,Short,1,26003.00,26103.50,1/26/2026 3:44:00 PM,1/26/2026 4:54:00 PM,Sell short,Stop loss,($2015.16),$89353.56,$5.16,$0.00,$0.00,$0.00,$0.00,$2010.00,$70.00,$2085.16,71,
885,NQ 06-26,Backtest,NQPivots,Long,1,25848.50,25898.50,2/2/2026 3:36:00 PM,2/2/2026 3:37:00 PM,Buy,Profit target,$994.84,$90348.40,$5.16,$0.00,$0.00,$0.00,$0.00,$405.00,$1000.00,$5.16,2,
886,NQ 06-26,Backtest,NQPivots,Short,1,25975.50,26076.00,2/2/2026 3:58:00 PM,2/2/2026 4:15:00 PM,Sell short,Stop loss,($2015.16),$88333.24,$5.16,$0.00,$0.00,$0.00,$0.00,$2010.00,$765.00,$2780.16,18,
887,NQ 06-26,Backtest,NQPivots,Long,1,25334.25,25384.25,2/9/2026 3:41:00 PM,2/9/2026 3:47:00 PM,Buy,Profit target,$994.84,$89328.08,$5.16,$0.00,$0.00,$0.00,$0.00,$385.00,$1000.00,$5.16,7,
888,NQ 06-26,Backtest,NQPivots,Long,1,25515.25,25565.25,2/10/2026 3:45:00 PM,2/10/2026 3:55:00 PM,Buy,Profit target,$994.84,$90322.92,$5.16,$0.00,$0.00,$0.00,$0.00,$1015.00,$1000.00,$5.16,11,
889,NQ 06-26,Backtest,NQPivots,Long,1,24921.00,24820.50,2/13/2026 3:40:00 PM,2/13/2026 3:42:00 PM,Buy,Stop loss,($2015.16),$88307.76,$5.16,$0.00,$0.00,$0.00,$0.00,$2010.00,$50.00,$2065.16,3,
890,NQ 06-26,Backtest,NQPivots,Long,1,24924.25,24974.25,2/13/2026 3:46:00 PM,2/13/2026 3:46:00 PM,Buy,Profit target,$994.84,$89302.60,$5.16,$0.00,$0.00,$0.00,$0.00,$0.00,$1000.00,$5.16,1,
891,NQ 06-26,Backtest,NQPivots,Long,1,24979.00,24878.50,2/17/2026 3:37:00 PM,2/17/2026 3:46:00 PM,Buy,Stop loss,($2015.16),$87287.44,$5.16,$0.00,$0.00,$0.00,$0.00,$2010.00,$910.00,$2925.16,10,
892,NQ 06-26,Backtest,NQPivots,Long,1,25059.75,25109.75,2/20/2026 3:37:00 PM,2/20/2026 3:43:00 PM,Buy,Profit target,$994.84,$88282.28,$5.16,$0.00,$0.00,$0.00,$0.00,$540.00,$1000.00,$5.16,7,
893,NQ 06-26,Backtest,NQPivots,Short,1,25116.75,25066.75,2/20/2026 3:45:00 PM,2/20/2026 3:52:00 PM,Sell short,Profit target,$994.84,$89277.12,$5.16,$0.00,$0.00,$0.00,$0.00,$990.00,$1000.00,$5.16,8,
894,NQ 06-26,Backtest,NQPivots,Long,1,24948.25,24998.25,2/24/2026 3:36:00 PM,2/24/2026 3:39:00 PM,Buy,Profit target,$994.84,$90271.96,$5.16,$0.00,$0.00,$0.00,$0.00,$900.00,$1000.00,$5.16,4,
895,NQ 06-26,Backtest,NQPivots,Long,1,25006.75,25056.75,2/24/2026 3:40:00 PM,2/24/2026 3:42:00 PM,Buy,Profit target,$994.84,$91266.80,$5.16,$0.00,$0.00,$0.00,$0.00,$95.00,$1000.00,$5.16,3,
896,NQ 06-26,Backtest,NQPivots,Short,1,25092.75,25042.75,3/4/2026 3:38:00 PM,3/4/2026 3:46:00 PM,Sell short,Profit target,$994.84,$92261.64,$5.16,$0.00,$0.00,$0.00,$0.00,$700.00,$1000.00,$5.16,9,
897,NQ 06-26,Backtest,NQPivots,Short,1,25081.25,25181.75,3/4/2026 3:52:00 PM,3/4/2026 4:01:00 PM,Sell short,Stop loss,($2015.16),$90246.48,$5.16,$0.00,$0.00,$0.00,$0.00,$2010.00,$30.00,$2045.16,10,
898,NQ 06-26,Backtest,NQPivots,Long,1,25302.50,25352.50,3/5/2026 3:36:00 PM,3/5/2026 3:52:00 PM,Buy,Profit target,$994.84,$91241.32,$5.16,$0.00,$0.00,$0.00,$0.00,$1155.00,$1000.00,$5.16,17,
899,NQ 06-26,Backtest,NQPivots,Long,1,25142.00,25192.00,3/10/2026 3:14:00 PM,3/10/2026 3:22:00 PM,Buy,Profit target,$994.84,$92236.16,$5.16,$0.00,$0.00,$0.00,$0.00,$820.00,$1000.00,$5.16,9,
900,NQ 06-26,Backtest,NQPivots,Short,1,25274.75,25224.75,3/11/2026 2:33:00 PM,3/11/2026 2:52:00 PM,Sell short,Profit target,$994.84,$93231.00,$5.16,$0.00,$0.00,$0.00,$0.00,$990.00,$1000.00,$5.16,20,
901,NQ 06-26,Backtest,NQPivots,Short,1,25279.50,25229.50,3/11/2026 3:18:00 PM,3/11/2026 3:24:00 PM,Sell short,Profit target,$994.84,$94225.84,$5.16,$0.00,$0.00,$0.00,$0.00,$790.00,$1000.00,$5.16,7,
902,NQ 06-26,Backtest,NQPivots,Short,1,24841.75,24942.25,3/13/2026 2:37:00 PM,3/13/2026 2:44:00 PM,Sell short,Stop loss,($2015.16),$92210.68,$5.16,$0.00,$0.00,$0.00,$0.00,$2010.00,$440.00,$2455.16,8,
903,NQ 06-26,Backtest,NQPivots,Short,1,24838.00,24788.00,3/13/2026 3:42:00 PM,3/13/2026 3:47:00 PM,Sell short,Profit target,$994.84,$93205.52,$5.16,$0.00,$0.00,$0.00,$0.00,$35.00,$1000.00,$5.16,6,
904,NQ 06-26,Backtest,NQPivots,Long,1,24996.25,24895.75,3/18/2026 2:48:00 PM,3/18/2026 3:15:00 PM,Buy,Stop loss,($2015.16),$91190.36,$5.16,$0.00,$0.00,$0.00,$0.00,$2010.00,$0.00,$2015.16,28,
905,NQ 06-26,Backtest,NQPivots,Short,1,23413.50,23363.50,3/30/2026 3:40:00 PM,3/30/2026 3:47:00 PM,Sell short,Profit target,$994.84,$92185.20,$5.16,$0.00,$0.00,$0.00,$0.00,$345.00,$1000.00,$5.16,8,
906,NQ 06-26,Backtest,NQPivots,Short,1,24070.50,24171.00,4/1/2026 3:33:00 PM,4/1/2026 3:37:00 PM,Sell short,Stop loss,($2015.16),$90170.04,$5.16,$0.00,$0.00,$0.00,$0.00,$2010.00,$25.00,$2040.16,5,
907,NQ 06-26,Backtest,NQPivots,Short,1,24069.00,24169.50,4/1/2026 3:45:00 PM,4/1/2026 4:09:00 PM,Sell short,Stop loss,($2015.16),$88154.88,$5.16,$0.00,$0.00,$0.00,$0.00,$2010.00,$205.00,$2220.16,25,
908,NQ 06-26,Backtest,NQPivots,Short,1,24381.00,24331.00,4/6/2026 3:56:00 PM,4/6/2026 4:05:00 PM,Sell short,Profit target,$994.84,$89149.72,$5.16,$0.00,$0.00,$0.00,$0.00,$1425.00,$1000.00,$5.16,10,
909,NQ 06-26,Backtest,NQPivots,Long,1,25056.50,25106.50,4/9/2026 3:38:00 PM,4/9/2026 3:44:00 PM,Buy,Profit target,$994.84,$90144.56,$5.16,$0.00,$0.00,$0.00,$0.00,$270.00,$1000.00,$5.16,7,
910,NQ 06-26,Backtest,NQPivots,Short,1,25313.25,25263.25,4/10/2026 3:37:00 PM,4/10/2026 5:57:00 PM,Sell short,Profit target,$994.84,$91139.40,$5.16,$0.00,$0.00,$0.00,$0.00,$1595.00,$1000.00,$5.16,141,
911,NQ 06-26,Backtest,NQPivots,Long,1,25272.00,25322.00,4/13/2026 3:51:00 PM,4/13/2026 4:01:00 PM,Buy,Profit target,$994.84,$92134.24,$5.16,$0.00,$0.00,$0.00,$0.00,$865.00,$1000.00,$5.16,11,
912,NQ 06-26,Backtest,NQPivots,Long,1,26811.00,26710.50,4/20/2026 3:36:00 PM,4/20/2026 4:35:00 PM,Buy,Stop loss,($2015.16),$90119.08,$5.16,$0.00,$0.00,$0.00,$0.00,$2010.00,$105.00,$2120.16,60,
913,NQ 06-26,Backtest,NQPivots,Short,1,26817.75,26767.75,4/21/2026 3:59:00 PM,4/21/2026 4:58:00 PM,Sell short,Profit target,$994.84,$91113.92,$5.16,$0.00,$0.00,$0.00,$0.00,$1350.00,$1000.00,$5.16,60,
914,NQ 06-26,Backtest,NQPivots,Long,1,27057.25,27107.25,4/23/2026 3:42:00 PM,4/23/2026 5:01:00 PM,Buy,Profit target,$994.84,$92108.76,$5.16,$0.00,$0.00,$0.00,$0.00,$1745.00,$1000.00,$5.16,80,
915,NQ 06-26,Backtest,NQPivots,Long,1,27146.25,27196.25,4/29/2026 3:35:00 PM,4/29/2026 3:42:00 PM,Buy,Profit target,$994.84,$93103.60,$5.16,$0.00,$0.00,$0.00,$0.00,$440.00,$1000.00,$5.16,8,
916,NQ 06-26,Backtest,NQPivots,Short,1,27386.75,27336.75,4/30/2026 3:33:00 PM,4/30/2026 3:36:00 PM,Sell short,Profit target,$994.84,$94098.44,$5.16,$0.00,$0.00,$0.00,$0.00,$640.00,$1000.00,$5.16,4,
917,NQ 06-26,Backtest,NQPivots,Long,1,27333.50,27233.00,4/30/2026 3:45:00 PM,4/30/2026 3:56:00 PM,Buy,Stop loss,($2015.16),$92083.28,$5.16,$0.00,$0.00,$0.00,$0.00,$2010.00,$635.00,$2650.16,12,
