Trade number,Instrument,Account,Strategy,Market pos.,Qty,Entry price,Exit price,Entry time,Exit time,Entry name,Exit name,Profit,Cum. net profit,Commission,Clearing Fee,Exchange Fee,IP Fee,NFA Fee,MAE,MFE,ETD,Bars,
1,NQ 06-26,Backtest,Tom3,Short,1,9464.75,9385.25,1/2/2019 5:14:00 PM,1/2/2019 10:58:00 PM,Sell short,ExitOnClose,$1590.00,$1590.00,$0.00,$0.00,$0.00,$0.00,$0.00,$1195.00,$1980.00,$390.00,330,
2,NQ 06-26,Backtest,Tom3,Long,1,9349.75,9286.25,1/3/2019 12:03:00 AM,1/3/2019 10:58:00 PM,Buy,ExitOnClose,($1270.00),$320.00,$0.00,$0.00,$0.00,$0.00,$0.00,$1720.00,$1395.00,$2665.00,1361,
3,NQ 06-26,Backtest,Tom3,Long,1,9511.50,9543.00,1/4/2019 5:04:00 PM,1/4/2019 10:58:00 PM,Buy,ExitOnClose,$630.00,$950.00,$0.00,$0.00,$0.00,$0.00,$0.00,$285.00,$1315.00,$685.00,340,
4,NQ 06-26,Backtest,Tom3,Long,1,10798.50,10895.25,5/6/2019 12:14:00 AM,5/6/2019 10:58:00 PM,Buy,ExitOnClose,$1935.00,$2885.00,$0.00,$0.00,$0.00,$0.00,$0.00,$895.00,$2105.00,$170.00,1350,
5,NQ 06-26,Backtest,Tom3,Long,1,10536.25,10510.50,6/7/2019 5:03:00 PM,6/7/2019 10:58:00 PM,Buy,ExitOnClose,($515.00),$2370.00,$0.00,$0.00,$0.00,$0.00,$0.00,$770.00,$60.00,$575.00,341,
6,NQ 06-26,Backtest,Tom3,Long,1,10877.25,10853.25,7/1/2019 12:11:00 AM,7/1/2019 10:58:00 PM,Buy,ExitOnClose,($480.00),$1890.00,$0.00,$0.00,$0.00,$0.00,$0.00,$1155.00,$660.00,$1140.00,1353,
7,NQ 06-26,Backtest,Tom3,Long,1,10853.00,10902.25,7/31/2019 8:55:00 PM,7/31/2019 10:58:00 PM,Buy,ExitOnClose,$985.00,$2875.00,$0.00,$0.00,$0.00,$0.00,$0.00,$25.00,$2540.00,$1555.00,109,
8,NQ 06-26,Backtest,Tom3,Short,1,10937.75,10852.25,8/1/2019 7:52:00 PM,8/1/2019 10:58:00 PM,Sell short,ExitOnClose,$1710.00,$4585.00,$0.00,$0.00,$0.00,$0.00,$0.00,$155.00,$2010.00,$300.00,172,
9,NQ 06-26,Backtest,Tom3,Long,1,10340.25,10578.00,8/6/2019 12:09:00 AM,8/6/2019 10:58:00 PM,Buy,ExitOnClose,$4755.00,$9340.00,$0.00,$0.00,$0.00,$0.00,$0.00,$1105.00,$5385.00,$630.00,1355,
10,NQ 06-26,Backtest,Tom3,Long,1,10794.25,10812.50,8/13/2019 3:51:00 PM,8/13/2019 10:58:00 PM,Buy,ExitOnClose,$365.00,$9705.00,$0.00,$0.00,$0.00,$0.00,$0.00,$795.00,$1115.00,$750.00,413,
11,NQ 06-26,Backtest,Tom3,Long,1,10630.50,10549.50,8/23/2019 5:27:00 PM,8/23/2019 10:58:00 PM,Buy,ExitOnClose,($1620.00),$8085.00,$0.00,$0.00,$0.00,$0.00,$0.00,$2445.00,$400.00,$2020.00,317,
12,NQ 06-26,Backtest,Tom3,Long,1,10451.25,10651.00,8/26/2019 12:14:00 AM,8/26/2019 10:58:00 PM,Buy,ExitOnClose,$3995.00,$12080.00,$0.00,$0.00,$0.00,$0.00,$0.00,$390.00,$4705.00,$710.00,1350,
13,NQ 06-26,Backtest,Tom3,Long,1,10766.25,10776.50,9/24/2019 6:44:00 PM,9/24/2019 10:58:00 PM,Buy,ExitOnClose,$205.00,$12285.00,$0.00,$0.00,$0.00,$0.00,$0.00,$500.00,$900.00,$695.00,240,
14,NQ 06-26,Backtest,Tom3,Long,1,10635.50,10828.75,10/10/2019 12:43:00 AM,10/10/2019 10:58:00 PM,Buy,ExitOnClose,$3865.00,$16150.00,$0.00,$0.00,$0.00,$0.00,$0.00,$255.00,$4055.00,$190.00,1321,
15,NQ 06-26,Backtest,Tom3,Long,1,11341.25,11349.75,12/2/2019 4:32:00 PM,12/2/2019 10:58:00 PM,Buy,ExitOnClose,$170.00,$16320.00,$0.00,$0.00,$0.00,$0.00,$0.00,$505.00,$685.00,$515.00,372,
16,NQ 06-26,Backtest,Tom3,Long,1,11749.50,11966.00,1/8/2020 12:43:00 AM,1/8/2020 10:58:00 PM,Buy,ExitOnClose,$4330.00,$20650.00,$0.00,$0.00,$0.00,$0.00,$0.00,$1135.00,$4750.00,$420.00,1321,
17,NQ 06-26,Backtest,Tom3,Long,1,12039.25,11976.75,1/27/2020 12:12:00 AM,1/27/2020 10:58:00 PM,Buy,ExitOnClose,($1250.00),$19400.00,$0.00,$0.00,$0.00,$0.00,$0.00,$1980.00,$590.00,$1840.00,1352,
18,NQ 06-26,Backtest,Tom3,Long,1,12233.75,12253.75,1/30/2020 10:08:00 PM,1/30/2020 10:58:00 PM,Buy,ExitOnClose,$400.00,$19800.00,$0.00,$0.00,$0.00,$0.00,$0.00,$155.00,$420.00,$20.00,36,
19,NQ 06-26,Backtest,Tom3,Long,1,12232.75,12028.50,1/31/2020 12:02:00 AM,1/31/2020 10:58:00 PM,Buy,ExitOnClose,($4085.00),$15715.00,$0.00,$0.00,$0.00,$0.00,$0.00,$5040.00,$615.00,$4700.00,1362,
20,NQ 06-26,Backtest,Tom3,Long,1,12556.50,12636.50,2/20/2020 5:35:00 PM,2/20/2020 10:58:00 PM,Buy,ExitOnClose,$1600.00,$17315.00,$0.00,$0.00,$0.00,$0.00,$0.00,$275.00,$2035.00,$435.00,309,
21,NQ 06-26,Backtest,Tom3,Long,1,12316.00,12114.00,2/24/2020 12:14:00 AM,2/24/2020 10:58:00 PM,Buy,ExitOnClose,($4040.00),$13275.00,$0.00,$0.00,$0.00,$0.00,$0.00,$5200.00,$745.00,$4785.00,1351,
22,NQ 06-26,Backtest,Tom3,Short,1,12016.00,11891.75,2/25/2020 4:54:00 PM,2/25/2020 10:58:00 PM,Sell short,ExitOnClose,$2485.00,$15760.00,$0.00,$0.00,$0.00,$0.00,$0.00,$950.00,$3825.00,$1340.00,350,
23,NQ 06-26,Backtest,Tom3,Long,1,11782.75,11829.75,2/26/2020 10:05:00 AM,2/26/2020 10:58:00 PM,Buy,ExitOnClose,$940.00,$16700.00,$0.00,$0.00,$0.00,$0.00,$0.00,$1170.00,$5390.00,$4450.00,759,
24,NQ 06-26,Backtest,Tom3,Short,1,11598.75,11373.75,2/27/2020 4:31:00 PM,2/27/2020 10:58:00 PM,Sell short,ExitOnClose,$4500.00,$21200.00,$0.00,$0.00,$0.00,$0.00,$0.00,$4180.00,$4650.00,$150.00,374,
25,NQ 06-26,Backtest,Tom3,Long,1,11384.25,11564.75,2/28/2020 12:02:00 AM,2/28/2020 10:58:00 PM,Buy,ExitOnClose,$3610.00,$24810.00,$0.00,$0.00,$0.00,$0.00,$0.00,$4865.00,$4105.00,$495.00,1362,
26,NQ 06-26,Backtest,Tom3,Long,1,11320.00,11821.50,3/2/2020 12:02:00 AM,3/2/2020 10:58:00 PM,Buy,ExitOnClose,$10030.00,$34840.00,$0.00,$0.00,$0.00,$0.00,$0.00,$1620.00,$11560.00,$1530.00,1362,
27,NQ 06-26,Backtest,Tom3,Long,1,11862.50,11583.00,3/3/2020 12:02:00 AM,3/3/2020 10:58:00 PM,Buy,ExitOnClose,($5590.00),$29250.00,$0.00,$0.00,$0.00,$0.00,$0.00,$6735.00,$3095.00,$8685.00,1362,
28,NQ 06-26,Backtest,Tom3,Long,1,11545.25,11899.75,3/4/2020 12:08:00 AM,3/4/2020 10:58:00 PM,Buy,ExitOnClose,$7090.00,$36340.00,$0.00,$0.00,$0.00,$0.00,$0.00,$445.00,$8390.00,$1300.00,1356,
29,NQ 06-26,Backtest,Tom3,Long,1,11450.50,11513.75,3/6/2020 11:24:00 AM,3/6/2020 10:58:00 PM,Buy,ExitOnClose,$1265.00,$37605.00,$0.00,$0.00,$0.00,$0.00,$0.00,$2505.00,$2700.00,$1435.00,680,
30,NQ 06-26,Backtest,Tom3,Long,1,11211.50,10933.75,3/8/2020 11:09:00 PM,3/9/2020 9:58:00 PM,Buy,ExitOnClose,($5555.00),$32050.00,$0.00,$0.00,$0.00,$0.00,$0.00,$7535.00,$870.00,$6425.00,1100,
31,NQ 06-26,Backtest,Tom3,Long,1,10886.50,11361.00,3/9/2020 11:02:00 PM,3/10/2020 9:58:00 PM,Buy,ExitOnClose,$9490.00,$41540.00,$0.00,$0.00,$0.00,$0.00,$0.00,$1150.00,$10140.00,$650.00,1362,
32,NQ 06-26,Backtest,Tom3,Long,1,11327.50,11019.50,3/10/2020 11:02:00 PM,3/11/2020 9:58:00 PM,Buy,ExitOnClose,($6160.00),$35380.00,$0.00,$0.00,$0.00,$0.00,$0.00,$8400.00,$190.00,$6350.00,1362,
33,NQ 06-26,Backtest,Tom3,Short,1,10839.00,10181.50,3/12/2020 2:17:00 AM,3/12/2020 9:58:00 PM,Sell short,ExitOnClose,$13150.00,$48530.00,$0.00,$0.00,$0.00,$0.00,$0.00,$520.00,$13955.00,$805.00,1030,
34,NQ 06-26,Backtest,Tom3,Long,1,10179.50,10856.50,3/12/2020 11:02:00 PM,3/13/2020 9:58:00 PM,Buy,ExitOnClose,$13540.00,$62070.00,$0.00,$0.00,$0.00,$0.00,$0.00,$4600.00,$16115.00,$2575.00,1260,
35,NQ 06-26,Backtest,Tom3,Long,1,10659.50,10095.75,3/15/2020 11:02:00 PM,3/16/2020 9:58:00 PM,Buy,ExitOnClose,($11275.00),$50795.00,$0.00,$0.00,$0.00,$0.00,$0.00,$14585.00,$2805.00,$14080.00,558,
36,NQ 06-26,Backtest,Tom3,Long,1,10080.25,10378.50,3/16/2020 11:02:00 PM,3/17/2020 9:58:00 PM,Buy,ExitOnClose,$5965.00,$56760.00,$0.00,$0.00,$0.00,$0.00,$0.00,$2495.00,$9620.00,$3655.00,1062,
37,NQ 06-26,Backtest,Tom3,Long,1,10256.50,10264.50,3/18/2020 12:10:00 AM,3/18/2020 9:58:00 PM,Buy,ExitOnClose,$160.00,$56920.00,$0.00,$0.00,$0.00,$0.00,$0.00,$8445.00,$1845.00,$1685.00,884,
38,NQ 06-26,Backtest,Tom3,Long,1,10237.75,10189.75,3/18/2020 11:02:00 PM,3/19/2020 9:58:00 PM,Buy,ExitOnClose,($960.00),$55960.00,$0.00,$0.00,$0.00,$0.00,$0.00,$6785.00,$5780.00,$6740.00,1362,
39,NQ 06-26,Backtest,Tom3,Long,1,10196.25,9938.25,3/19/2020 11:02:00 PM,3/20/2020 9:58:00 PM,Buy,ExitOnClose,($5160.00),$50800.00,$0.00,$0.00,$0.00,$0.00,$0.00,$5620.00,$9140.00,$14300.00,1344,
40,NQ 06-26,Backtest,Tom3,Long,1,9716.25,9997.50,3/22/2020 11:02:00 PM,3/23/2020 9:58:00 PM,Buy,ExitOnClose,$5625.00,$56425.00,$0.00,$0.00,$0.00,$0.00,$0.00,$1265.00,$12485.00,$6860.00,1311,
41,NQ 06-26,Backtest,Tom3,Long,1,10108.50,10587.50,3/23/2020 11:12:00 PM,3/24/2020 9:58:00 PM,Buy,ExitOnClose,$9580.00,$66005.00,$0.00,$0.00,$0.00,$0.00,$0.00,$985.00,$9760.00,$180.00,1332,
42,NQ 06-26,Backtest,Tom3,Long,1,10554.00,10492.75,3/24/2020 11:02:00 PM,3/25/2020 9:58:00 PM,Buy,ExitOnClose,($1225.00),$64780.00,$0.00,$0.00,$0.00,$0.00,$0.00,$3165.00,$4625.00,$5850.00,1362,
43,NQ 06-26,Backtest,Tom3,Long,1,10501.50,10884.00,3/25/2020 11:02:00 PM,3/26/2020 9:58:00 PM,Buy,ExitOnClose,$7650.00,$72430.00,$0.00,$0.00,$0.00,$0.00,$0.00,$3340.00,$8325.00,$675.00,1362,
44,NQ 06-26,Backtest,Tom3,Long,1,10894.00,10591.75,3/26/2020 11:02:00 PM,3/27/2020 9:58:00 PM,Buy,ExitOnClose,($6045.00),$66385.00,$0.00,$0.00,$0.00,$0.00,$0.00,$6370.00,$470.00,$6515.00,1362,
45,NQ 06-26,Backtest,Tom3,Long,1,10438.75,10881.50,3/30/2020 12:02:00 AM,3/30/2020 10:58:00 PM,Buy,ExitOnClose,$8855.00,$75240.00,$0.00,$0.00,$0.00,$0.00,$0.00,$90.00,$9390.00,$535.00,1362,
46,NQ 06-26,Backtest,Tom3,Long,1,10803.75,10806.50,3/31/2020 2:25:00 PM,3/31/2020 10:58:00 PM,Buy,ExitOnClose,$55.00,$75295.00,$0.00,$0.00,$0.00,$0.00,$0.00,$640.00,$4310.00,$4255.00,499,
47,NQ 06-26,Backtest,Tom3,Long,1,10613.75,10485.50,4/1/2020 7:56:00 AM,4/1/2020 10:58:00 PM,Buy,ExitOnClose,($2565.00),$72730.00,$0.00,$0.00,$0.00,$0.00,$0.00,$3705.00,$1870.00,$4435.00,888,
48,NQ 06-26,Backtest,Tom3,Long,1,10444.25,10652.25,4/2/2020 3:13:00 PM,4/2/2020 10:58:00 PM,Buy,ExitOnClose,$4160.00,$76890.00,$0.00,$0.00,$0.00,$0.00,$0.00,$880.00,$4725.00,$565.00,451,
49,NQ 06-26,Backtest,Tom3,Long,1,10650.00,11057.50,4/6/2020 12:09:00 AM,4/6/2020 10:58:00 PM,Buy,ExitOnClose,$8150.00,$85040.00,$0.00,$0.00,$0.00,$0.00,$0.00,$345.00,$9465.00,$1315.00,1355,
50,NQ 06-26,Backtest,Tom3,Long,1,11176.00,11026.50,4/7/2020 9:00:00 AM,4/7/2020 10:58:00 PM,Buy,ExitOnClose,($2990.00),$82050.00,$0.00,$0.00,$0.00,$0.00,$0.00,$3235.00,$3030.00,$6020.00,815,
51,NQ 06-26,Backtest,Tom3,Long,1,11042.00,11219.50,4/8/2020 12:02:00 AM,4/8/2020 10:58:00 PM,Buy,ExitOnClose,$3550.00,$85600.00,$0.00,$0.00,$0.00,$0.00,$0.00,$1290.00,$4485.00,$935.00,1362,
52,NQ 06-26,Backtest,Tom3,Long,1,11320.50,11259.25,4/9/2020 3:09:00 PM,4/9/2020 10:58:00 PM,Buy,ExitOnClose,($1225.00),$84375.00,$0.00,$0.00,$0.00,$0.00,$0.00,$2880.00,$600.00,$1825.00,455,
53,NQ 06-26,Backtest,Tom3,Long,1,11125.00,11358.50,4/13/2020 12:31:00 AM,4/13/2020 10:58:00 PM,Buy,ExitOnClose,$4670.00,$89045.00,$0.00,$0.00,$0.00,$0.00,$0.00,$310.00,$4675.00,$5.00,1333,
54,NQ 06-26,Backtest,Tom3,Long,1,11601.50,11723.75,4/14/2020 4:02:00 PM,4/14/2020 10:58:00 PM,Buy,ExitOnClose,$2445.00,$91490.00,$0.00,$0.00,$0.00,$0.00,$0.00,$670.00,$2655.00,$210.00,402,
55,NQ 06-26,Backtest,Tom3,Long,1,11707.75,11856.00,4/16/2020 8:46:00 AM,4/16/2020 10:58:00 PM,Buy,ExitOnClose,$2965.00,$94455.00,$0.00,$0.00,$0.00,$0.00,$0.00,$1835.00,$3180.00,$215.00,838,
56,NQ 06-26,Backtest,Tom3,Long,1,11935.00,11834.00,4/17/2020 12:02:00 AM,4/17/2020 10:58:00 PM,Buy,ExitOnClose,($2020.00),$92435.00,$0.00,$0.00,$0.00,$0.00,$0.00,$4425.00,$1120.00,$3140.00,1362,
57,NQ 06-26,Backtest,Tom3,Long,1,11520.50,11455.25,4/21/2020 4:43:00 PM,4/21/2020 10:58:00 PM,Buy,ExitOnClose,($1305.00),$91130.00,$0.00,$0.00,$0.00,$0.00,$0.00,$3085.00,$410.00,$1715.00,361,
58,NQ 06-26,Backtest,Tom3,Short,1,11784.00,11727.75,4/28/2020 4:24:00 PM,4/28/2020 10:58:00 PM,Sell short,ExitOnClose,$1125.00,$92255.00,$0.00,$0.00,$0.00,$0.00,$0.00,$695.00,$2105.00,$980.00,380,
59,NQ 06-26,Backtest,Tom3,Long,1,12119.75,12129.00,4/29/2020 10:40:00 PM,4/29/2020 10:58:00 PM,Buy,ExitOnClose,$185.00,$92440.00,$0.00,$0.00,$0.00,$0.00,$0.00,$45.00,$270.00,$85.00,19,
60,NQ 06-26,Backtest,Tom3,Long,1,12117.75,11887.50,4/30/2020 12:02:00 AM,4/30/2020 10:58:00 PM,Buy,ExitOnClose,($4605.00),$87835.00,$0.00,$0.00,$0.00,$0.00,$0.00,$4740.00,$1025.00,$5630.00,1362,
61,NQ 06-26,Backtest,Tom3,Long,1,11853.25,11728.75,5/1/2020 12:08:00 AM,5/1/2020 10:58:00 PM,Buy,ExitOnClose,($2490.00),$85345.00,$0.00,$0.00,$0.00,$0.00,$0.00,$3140.00,$1000.00,$3490.00,1356,
62,NQ 06-26,Backtest,Tom3,Long,1,11618.00,11835.00,5/4/2020 12:44:00 AM,5/4/2020 10:58:00 PM,Buy,ExitOnClose,$4340.00,$89685.00,$0.00,$0.00,$0.00,$0.00,$0.00,$750.00,$4685.00,$345.00,1320,
63,NQ 06-26,Backtest,Tom3,Long,1,12182.25,12068.00,5/12/2020 9:46:00 PM,5/12/2020 10:58:00 PM,Buy,ExitOnClose,($2285.00),$87400.00,$0.00,$0.00,$0.00,$0.00,$0.00,$2350.00,$150.00,$2435.00,58,
64,NQ 06-26,Backtest,Tom3,Long,1,12071.50,12036.50,5/13/2020 12:02:00 AM,5/13/2020 10:58:00 PM,Buy,ExitOnClose,($700.00),$86700.00,$0.00,$0.00,$0.00,$0.00,$0.00,$3380.00,$3110.00,$3810.00,1362,
65,NQ 06-26,Backtest,Tom3,Short,1,12116.00,12111.50,5/14/2020 10:04:00 PM,5/14/2020 10:58:00 PM,Sell short,ExitOnClose,$90.00,$86790.00,$0.00,$0.00,$0.00,$0.00,$0.00,$245.00,$370.00,$280.00,40,
66,NQ 06-26,Backtest,Tom3,Short,1,11996.00,12143.75,5/15/2020 1:43:00 PM,5/15/2020 10:58:00 PM,Sell short,ExitOnClose,($2955.00),$83835.00,$0.00,$0.00,$0.00,$0.00,$0.00,$3535.00,$925.00,$3880.00,541,
67,NQ 06-26,Backtest,Tom3,Long,1,12332.25,12463.00,5/27/2020 3:49:00 PM,5/27/2020 10:58:00 PM,Buy,ExitOnClose,$2615.00,$86450.00,$0.00,$0.00,$0.00,$0.00,$0.00,$2710.00,$2815.00,$200.00,415,
68,NQ 06-26,Backtest,Tom3,Long,1,12602.00,12612.00,5/29/2020 10:10:00 PM,5/29/2020 10:58:00 PM,Buy,ExitOnClose,$200.00,$86650.00,$0.00,$0.00,$0.00,$0.00,$0.00,$205.00,$255.00,$55.00,34,
69,NQ 06-26,Backtest,Tom3,Long,1,12796.25,12833.00,6/5/2020 3:55:00 PM,6/5/2020 10:58:00 PM,Buy,ExitOnClose,$735.00,$87385.00,$0.00,$0.00,$0.00,$0.00,$0.00,$715.00,$1485.00,$750.00,409,
70,NQ 06-26,Backtest,Tom3,Long,1,12831.25,12656.25,6/11/2020 6:23:00 PM,6/11/2020 10:58:00 PM,Buy,ExitOnClose,($3500.00),$83885.00,$0.00,$0.00,$0.00,$0.00,$0.00,$4360.00,$210.00,$3710.00,261,
71,NQ 06-26,Backtest,Tom3,Short,1,12676.75,12682.75,6/12/2020 5:03:00 PM,6/12/2020 10:58:00 PM,Sell short,ExitOnClose,($120.00),$83765.00,$0.00,$0.00,$0.00,$0.00,$0.00,$1785.00,$3075.00,$3195.00,341,
72,NQ 06-26,Backtest,Tom3,Long,1,12478.00,12840.50,6/15/2020 7:50:00 AM,6/15/2020 10:58:00 PM,Buy,ExitOnClose,$7250.00,$91015.00,$0.00,$0.00,$0.00,$0.00,$0.00,$1370.00,$7325.00,$75.00,894,
73,NQ 06-26,Backtest,Tom3,Long,1,12989.50,12968.25,6/19/2020 6:26:00 PM,6/19/2020 10:58:00 PM,Buy,ExitOnClose,($425.00),$90590.00,$0.00,$0.00,$0.00,$0.00,$0.00,$645.00,$1500.00,$1925.00,258,
74,NQ 06-26,Backtest,Tom3,Long,1,12901.00,13169.00,6/22/2020 12:11:00 AM,6/22/2020 10:58:00 PM,Buy,ExitOnClose,$5360.00,$95950.00,$0.00,$0.00,$0.00,$0.00,$0.00,$120.00,$5495.00,$135.00,1354,
75,NQ 06-26,Backtest,Tom3,Long,1,13045.50,13218.75,6/23/2020 3:30:00 AM,6/23/2020 10:58:00 PM,Buy,ExitOnClose,$3465.00,$99415.00,$0.00,$0.00,$0.00,$0.00,$0.00,$640.00,$5840.00,$2375.00,1154,
76,NQ 06-26,Backtest,Tom3,Long,1,13051.00,13051.00,6/24/2020 5:16:00 PM,6/24/2020 10:58:00 PM,Buy,ExitOnClose,$0.00,$99415.00,$0.00,$0.00,$0.00,$0.00,$0.00,$1650.00,$605.00,$605.00,328,
77,NQ 06-26,Backtest,Tom3,Short,1,12996.75,12885.50,6/26/2020 4:15:00 PM,6/26/2020 10:58:00 PM,Sell short,ExitOnClose,$2225.00,$101640.00,$0.00,$0.00,$0.00,$0.00,$0.00,$490.00,$2625.00,$400.00,389,
78,NQ 06-26,Backtest,Tom3,Short,1,13619.00,13765.75,7/9/2020 5:05:00 PM,7/9/2020 10:58:00 PM,Sell short,ExitOnClose,($2935.00),$98705.00,$0.00,$0.00,$0.00,$0.00,$0.00,$3930.00,$355.00,$3290.00,339,
79,NQ 06-26,Backtest,Tom3,Long,1,13942.25,13643.50,7/13/2020 12:28:00 AM,7/13/2020 10:58:00 PM,Buy,ExitOnClose,($5975.00),$92730.00,$0.00,$0.00,$0.00,$0.00,$0.00,$6790.00,$3150.00,$9125.00,1336,
80,NQ 06-26,Backtest,Tom3,Long,1,13667.00,13687.00,7/14/2020 12:02:00 AM,7/14/2020 10:58:00 PM,Buy,ExitOnClose,$400.00,$93130.00,$0.00,$0.00,$0.00,$0.00,$0.00,$5340.00,$1345.00,$945.00,1362,
81,NQ 06-26,Backtest,Tom3,Long,1,13758.75,13731.75,7/15/2020 12:16:00 AM,7/15/2020 10:58:00 PM,Buy,ExitOnClose,($540.00),$92590.00,$0.00,$0.00,$0.00,$0.00,$0.00,$3325.00,$980.00,$1520.00,1348,
82,NQ 06-26,Backtest,Tom3,Short,1,13807.50,13984.75,7/20/2020 4:30:00 PM,7/20/2020 10:58:00 PM,Sell short,ExitOnClose,($3545.00),$89045.00,$0.00,$0.00,$0.00,$0.00,$0.00,$3965.00,$400.00,$3945.00,374,
83,NQ 06-26,Backtest,Tom3,Short,1,13929.75,13889.25,7/21/2020 4:41:00 PM,7/21/2020 10:58:00 PM,Sell short,ExitOnClose,$810.00,$89855.00,$0.00,$0.00,$0.00,$0.00,$0.00,$925.00,$2075.00,$1265.00,363,
84,NQ 06-26,Backtest,Tom3,Short,1,13749.50,13599.25,7/23/2020 6:28:00 PM,7/23/2020 10:58:00 PM,Sell short,ExitOnClose,$3005.00,$92860.00,$0.00,$0.00,$0.00,$0.00,$0.00,$355.00,$3875.00,$870.00,256,
85,NQ 06-26,Backtest,Tom3,Long,1,13384.75,13505.25,7/24/2020 3:56:00 PM,7/24/2020 10:58:00 PM,Buy,ExitOnClose,$2410.00,$95270.00,$0.00,$0.00,$0.00,$0.00,$0.00,$165.00,$3750.00,$1340.00,408,
86,NQ 06-26,Backtest,Tom3,Short,1,13911.75,13934.75,7/30/2020 10:34:00 PM,7/30/2020 10:58:00 PM,Sell short,ExitOnClose,($460.00),$94810.00,$0.00,$0.00,$0.00,$0.00,$0.00,$535.00,$160.00,$620.00,25,
87,NQ 06-26,Backtest,Tom3,Long,1,13964.50,13959.75,7/31/2020 12:02:00 AM,7/31/2020 10:58:00 PM,Buy,ExitOnClose,($95.00),$94715.00,$0.00,$0.00,$0.00,$0.00,$0.00,$4645.00,$315.00,$410.00,1362,
88,NQ 06-26,Backtest,Tom3,Long,1,13947.00,14095.00,8/3/2020 12:02:00 AM,8/3/2020 10:58:00 PM,Buy,ExitOnClose,$2960.00,$97675.00,$0.00,$0.00,$0.00,$0.00,$0.00,$590.00,$3345.00,$385.00,1362,
89,NQ 06-26,Backtest,Tom3,Long,1,14128.50,14172.75,8/7/2020 7:16:00 PM,8/7/2020 10:58:00 PM,Buy,ExitOnClose,$885.00,$98560.00,$0.00,$0.00,$0.00,$0.00,$0.00,$1040.00,$1040.00,$155.00,208,
90,NQ 06-26,Backtest,Tom3,Long,1,14020.75,14123.50,8/10/2020 4:50:00 PM,8/10/2020 10:58:00 PM,Buy,ExitOnClose,$2055.00,$100615.00,$0.00,$0.00,$0.00,$0.00,$0.00,$1025.00,$2460.00,$405.00,354,
91,NQ 06-26,Backtest,Tom3,Long,1,13942.75,13945.00,8/11/2020 9:36:00 PM,8/11/2020 10:58:00 PM,Buy,ExitOnClose,$45.00,$100660.00,$0.00,$0.00,$0.00,$0.00,$0.00,$1120.00,$585.00,$540.00,68,
92,NQ 06-26,Backtest,Tom3,Short,1,14111.25,14158.75,8/12/2020 4:22:00 PM,8/12/2020 10:58:00 PM,Sell short,ExitOnClose,($950.00),$99710.00,$0.00,$0.00,$0.00,$0.00,$0.00,$2315.00,$115.00,$1065.00,382,
93,NQ 06-26,Backtest,Tom3,Long,1,14585.75,14676.25,8/24/2020 4:59:00 PM,8/24/2020 10:58:00 PM,Buy,ExitOnClose,$1810.00,$101520.00,$0.00,$0.00,$0.00,$0.00,$0.00,$325.00,$1945.00,$135.00,345,
94,NQ 06-26,Backtest,Tom3,Long,1,14966.75,15025.50,8/26/2020 6:16:00 PM,8/26/2020 10:58:00 PM,Buy,ExitOnClose,$1175.00,$102695.00,$0.00,$0.00,$0.00,$0.00,$0.00,$1150.00,$1520.00,$345.00,268,
95,NQ 06-26,Backtest,Tom3,Long,1,14902.50,14987.75,8/27/2020 6:56:00 PM,8/27/2020 10:58:00 PM,Buy,ExitOnClose,$1705.00,$104400.00,$0.00,$0.00,$0.00,$0.00,$0.00,$260.00,$2535.00,$830.00,228,
96,NQ 06-26,Backtest,Tom3,Short,1,15310.50,15450.25,9/2/2020 4:00:00 PM,9/2/2020 10:58:00 PM,Sell short,ExitOnClose,($2795.00),$101605.00,$0.00,$0.00,$0.00,$0.00,$0.00,$3335.00,$1940.00,$4735.00,404,
97,NQ 06-26,Backtest,Tom3,Long,1,15198.50,14845.25,9/3/2020 3:46:00 PM,9/3/2020 10:58:00 PM,Buy,ExitOnClose,($7065.00),$94540.00,$0.00,$0.00,$0.00,$0.00,$0.00,$9975.00,$1010.00,$8075.00,419,
98,NQ 06-26,Backtest,Tom3,Long,1,14688.00,14588.75,9/4/2020 12:55:00 AM,9/4/2020 10:58:00 PM,Buy,ExitOnClose,($1985.00),$92555.00,$0.00,$0.00,$0.00,$0.00,$0.00,$10095.00,$3925.00,$5910.00,1309,
99,NQ 06-26,Backtest,Tom3,Long,1,14455.75,14554.25,9/7/2020 12:10:00 AM,9/7/2020 6:58:00 PM,Buy,ExitOnClose,$1970.00,$94525.00,$0.00,$0.00,$0.00,$0.00,$0.00,$2145.00,$2270.00,$300.00,1129,
100,NQ 06-26,Backtest,Tom3,Short,1,14430.75,14088.00,9/8/2020 10:27:00 AM,9/8/2020 10:58:00 PM,Sell short,ExitOnClose,$6855.00,$101380.00,$0.00,$0.00,$0.00,$0.00,$0.00,$790.00,$6980.00,$125.00,737,
101,NQ 06-26,Backtest,Tom3,Long,1,14036.00,14413.00,9/9/2020 12:02:00 AM,9/9/2020 10:58:00 PM,Buy,ExitOnClose,$7540.00,$108920.00,$0.00,$0.00,$0.00,$0.00,$0.00,$1190.00,$9680.00,$2140.00,1362,
102,NQ 06-26,Backtest,Tom3,Long,1,14338.00,14217.75,9/10/2020 9:58:00 AM,9/10/2020 10:52:00 PM,Buy,Exit on session close,($2405.00),$106515.00,$0.00,$0.00,$0.00,$0.00,$0.00,$4195.00,$5370.00,$7775.00,749,
103,NQ 06-26,Backtest,Tom3,Long,1,14158.25,14112.00,9/11/2020 4:04:00 PM,9/11/2020 10:52:00 PM,Buy,Exit on session close,($925.00),$105590.00,$0.00,$0.00,$0.00,$0.00,$0.00,$3635.00,$2865.00,$3790.00,395,
104,NQ 06-26,Backtest,Tom3,Long,1,14227.00,14310.25,9/14/2020 12:49:00 AM,9/14/2020 10:58:00 PM,Buy,ExitOnClose,$1665.00,$107255.00,$0.00,$0.00,$0.00,$0.00,$0.00,$645.00,$3495.00,$1830.00,1315,
105,NQ 06-26,Backtest,Tom3,Long,1,14407.25,14307.25,9/16/2020 4:51:00 PM,9/16/2020 10:58:00 PM,Buy,ExitOnClose,($2000.00),$105255.00,$0.00,$0.00,$0.00,$0.00,$0.00,$2620.00,$1575.00,$3575.00,353,
106,NQ 06-26,Backtest,Tom3,Long,1,14232.25,14118.25,9/17/2020 2:42:00 AM,9/17/2020 10:58:00 PM,Buy,ExitOnClose,($2280.00),$102975.00,$0.00,$0.00,$0.00,$0.00,$0.00,$5510.00,$870.00,$3150.00,1202,
107,NQ 06-26,Backtest,Tom3,Short,1,14041.50,13980.25,9/18/2020 4:49:00 PM,9/18/2020 10:58:00 PM,Sell short,ExitOnClose,$1225.00,$104200.00,$0.00,$0.00,$0.00,$0.00,$0.00,$295.00,$4940.00,$3715.00,355,
108,NQ 06-26,Backtest,Tom3,Long,1,13786.00,14057.25,9/21/2020 10:48:00 AM,9/21/2020 10:58:00 PM,Buy,ExitOnClose,$5425.00,$109625.00,$0.00,$0.00,$0.00,$0.00,$0.00,$1540.00,$5525.00,$100.00,716,
109,NQ 06-26,Backtest,Tom3,Long,1,14013.25,14203.25,9/22/2020 12:02:00 AM,9/22/2020 10:58:00 PM,Buy,ExitOnClose,$3800.00,$113425.00,$0.00,$0.00,$0.00,$0.00,$0.00,$1265.00,$4605.00,$805.00,1362,
110,NQ 06-26,Backtest,Tom3,Short,1,14042.75,13869.00,9/23/2020 6:07:00 PM,9/23/2020 10:58:00 PM,Sell short,ExitOnClose,$3475.00,$116900.00,$0.00,$0.00,$0.00,$0.00,$0.00,$1100.00,$4085.00,$610.00,276,
111,NQ 06-26,Backtest,Tom3,Long,1,13785.50,13967.75,9/24/2020 1:39:00 AM,9/24/2020 10:58:00 PM,Buy,ExitOnClose,$3645.00,$120545.00,$0.00,$0.00,$0.00,$0.00,$0.00,$1455.00,$5575.00,$1930.00,1265,
112,NQ 06-26,Backtest,Tom3,Long,1,14068.50,14182.75,9/25/2020 5:25:00 PM,9/25/2020 10:58:00 PM,Buy,ExitOnClose,$2285.00,$122830.00,$0.00,$0.00,$0.00,$0.00,$0.00,$1045.00,$3005.00,$720.00,319,
113,NQ 06-26,Backtest,Tom3,Short,1,14230.75,14409.50,9/30/2020 8:13:00 AM,9/30/2020 10:58:00 PM,Sell short,ExitOnClose,($3575.00),$119255.00,$0.00,$0.00,$0.00,$0.00,$0.00,$6955.00,$35.00,$3610.00,871,
114,NQ 06-26,Backtest,Tom3,Long,1,14451.50,14308.25,10/2/2020 7:09:00 AM,10/2/2020 10:58:00 PM,Buy,ExitOnClose,($2865.00),$116390.00,$0.00,$0.00,$0.00,$0.00,$0.00,$3890.00,$1395.00,$4260.00,935,
115,NQ 06-26,Backtest,Tom3,Short,1,14361.50,14253.00,10/6/2020 9:06:00 PM,10/6/2020 10:58:00 PM,Sell short,ExitOnClose,$2170.00,$118560.00,$0.00,$0.00,$0.00,$0.00,$0.00,$805.00,$2200.00,$30.00,98,
116,NQ 06-26,Backtest,Tom3,Long,1,14273.50,14524.25,10/7/2020 12:02:00 AM,10/7/2020 10:58:00 PM,Buy,ExitOnClose,$5015.00,$123575.00,$0.00,$0.00,$0.00,$0.00,$0.00,$215.00,$5710.00,$695.00,1362,
117,NQ 06-26,Backtest,Tom3,Long,1,15076.00,15146.75,10/12/2020 5:35:00 PM,10/12/2020 10:58:00 PM,Buy,ExitOnClose,$1415.00,$124990.00,$0.00,$0.00,$0.00,$0.00,$0.00,$400.00,$3470.00,$2055.00,309,
118,NQ 06-26,Backtest,Tom3,Long,1,15294.50,15134.25,10/13/2020 12:30:00 PM,10/13/2020 10:58:00 PM,Buy,ExitOnClose,($3205.00),$121785.00,$0.00,$0.00,$0.00,$0.00,$0.00,$4460.00,$140.00,$3345.00,614,
119,NQ 06-26,Backtest,Tom3,Long,1,15023.00,15000.25,10/14/2020 6:02:00 PM,10/14/2020 10:58:00 PM,Buy,ExitOnClose,($455.00),$121330.00,$0.00,$0.00,$0.00,$0.00,$0.00,$1375.00,$1245.00,$1700.00,282,
120,NQ 06-26,Backtest,Tom3,Long,1,14814.75,14939.00,10/15/2020 10:52:00 AM,10/15/2020 10:58:00 PM,Buy,ExitOnClose,$2485.00,$123815.00,$0.00,$0.00,$0.00,$0.00,$0.00,$515.00,$3125.00,$640.00,712,
121,NQ 06-26,Backtest,Tom3,Short,1,14856.00,14847.50,10/16/2020 10:09:00 PM,10/16/2020 10:58:00 PM,Sell short,ExitOnClose,$170.00,$123985.00,$0.00,$0.00,$0.00,$0.00,$0.00,$110.00,$230.00,$60.00,35,
122,NQ 06-26,Backtest,Tom3,Short,1,14833.25,14776.75,10/19/2020 5:34:00 AM,10/19/2020 10:58:00 PM,Sell short,ExitOnClose,$1130.00,$125115.00,$0.00,$0.00,$0.00,$0.00,$0.00,$1175.00,$3790.00,$2660.00,972,
123,NQ 06-26,Backtest,Tom3,Long,1,14615.50,14722.00,10/22/2020 5:29:00 AM,10/22/2020 10:58:00 PM,Buy,ExitOnClose,$2130.00,$127245.00,$0.00,$0.00,$0.00,$0.00,$0.00,$1040.00,$2440.00,$310.00,977,
124,NQ 06-26,Backtest,Tom3,Long,1,14737.50,14546.75,10/26/2020 3:07:00 PM,10/26/2020 9:58:00 PM,Buy,ExitOnClose,($3815.00),$123430.00,$0.00,$0.00,$0.00,$0.00,$0.00,$6835.00,$40.00,$3855.00,397,
125,NQ 06-26,Backtest,Tom3,Long,1,14355.25,14234.75,10/28/2020 2:53:00 PM,10/28/2020 9:58:00 PM,Buy,ExitOnClose,($2410.00),$121020.00,$0.00,$0.00,$0.00,$0.00,$0.00,$3580.00,$115.00,$2525.00,411,
126,NQ 06-26,Backtest,Tom3,Short,1,14479.00,14303.50,10/29/2020 7:20:00 PM,10/29/2020 9:58:00 PM,Sell short,ExitOnClose,$3510.00,$124530.00,$0.00,$0.00,$0.00,$0.00,$0.00,$625.00,$4130.00,$620.00,144,
127,NQ 06-26,Backtest,Tom3,Long,1,14273.50,14140.50,10/29/2020 11:02:00 PM,10/30/2020 9:58:00 PM,Buy,ExitOnClose,($2660.00),$121870.00,$0.00,$0.00,$0.00,$0.00,$0.00,$5530.00,$1205.00,$3865.00,1362,
128,NQ 06-26,Backtest,Tom3,Short,1,14047.25,14119.00,11/2/2020 7:16:00 PM,11/2/2020 10:58:00 PM,Sell short,ExitOnClose,($1435.00),$120435.00,$0.00,$0.00,$0.00,$0.00,$0.00,$1895.00,$1050.00,$2485.00,208,
129,NQ 06-26,Backtest,Tom3,Long,1,14313.50,14302.50,11/3/2020 4:16:00 PM,11/3/2020 10:58:00 PM,Buy,ExitOnClose,($220.00),$120215.00,$0.00,$0.00,$0.00,$0.00,$0.00,$945.00,$1720.00,$1940.00,388,
130,NQ 06-26,Backtest,Tom3,Long,1,14512.75,14871.25,11/4/2020 3:56:00 AM,11/4/2020 10:58:00 PM,Buy,ExitOnClose,$7170.00,$127385.00,$0.00,$0.00,$0.00,$0.00,$0.00,$3125.00,$7670.00,$500.00,1127,
131,NQ 06-26,Backtest,Tom3,Long,1,15006.75,15151.00,11/5/2020 4:44:00 AM,11/5/2020 10:58:00 PM,Buy,ExitOnClose,$2885.00,$130270.00,$0.00,$0.00,$0.00,$0.00,$0.00,$1005.00,$3305.00,$420.00,1080,
132,NQ 06-26,Backtest,Tom3,Long,1,15266.00,14888.25,11/9/2020 12:17:00 AM,11/9/2020 10:58:00 PM,Buy,ExitOnClose,($7555.00),$122715.00,$0.00,$0.00,$0.00,$0.00,$0.00,$8025.00,$3905.00,$11460.00,1346,
133,NQ 06-26,Backtest,Tom3,Long,1,14920.75,14671.75,11/10/2020 12:02:00 AM,11/10/2020 10:58:00 PM,Buy,ExitOnClose,($4980.00),$117735.00,$0.00,$0.00,$0.00,$0.00,$0.00,$7300.00,$665.00,$5645.00,1362,
134,NQ 06-26,Backtest,Tom3,Long,1,15105.00,15093.50,11/16/2020 12:16:00 AM,11/16/2020 10:58:00 PM,Buy,ExitOnClose,($230.00),$117505.00,$0.00,$0.00,$0.00,$0.00,$0.00,$4015.00,$250.00,$480.00,1348,
135,NQ 06-26,Backtest,Tom3,Long,1,14880.25,14966.50,11/23/2020 5:22:00 PM,11/23/2020 10:58:00 PM,Buy,ExitOnClose,$1725.00,$119230.00,$0.00,$0.00,$0.00,$0.00,$0.00,$390.00,$2330.00,$605.00,313,
136,NQ 06-26,Backtest,Tom3,Short,1,15178.25,15368.00,11/30/2020 4:45:00 PM,11/30/2020 10:58:00 PM,Sell short,ExitOnClose,($3795.00),$115435.00,$0.00,$0.00,$0.00,$0.00,$0.00,$3860.00,$795.00,$4590.00,359,
137,NQ 06-26,Backtest,Tom3,Long,1,15520.50,15401.75,12/9/2020 6:51:00 PM,12/9/2020 10:58:00 PM,Buy,ExitOnClose,($2375.00),$113060.00,$0.00,$0.00,$0.00,$0.00,$0.00,$3225.00,$690.00,$3065.00,233,
138,NQ 06-26,Backtest,Tom3,Short,1,15483.00,15442.75,12/10/2020 5:00:00 PM,12/10/2020 10:57:00 PM,Sell short,Exit on session close,$805.00,$113865.00,$0.00,$0.00,$0.00,$0.00,$0.00,$360.00,$1575.00,$770.00,339,
139,NQ 06-26,Backtest,Tom3,Short,1,15619.25,15742.25,12/21/2020 11:09:00 AM,12/21/2020 10:58:00 PM,Sell short,ExitOnClose,($2460.00),$111405.00,$0.00,$0.00,$0.00,$0.00,$0.00,$2740.00,$2100.00,$4560.00,695,
140,NQ 06-26,Backtest,Tom3,Long,1,15848.00,15741.50,1/4/2021 4:58:00 PM,1/4/2021 10:58:00 PM,Buy,ExitOnClose,($2130.00),$109275.00,$0.00,$0.00,$0.00,$0.00,$0.00,$5445.00,$115.00,$2245.00,346,
141,NQ 06-26,Backtest,Tom3,Long,1,15739.25,15708.25,1/6/2021 2:39:00 AM,1/6/2021 10:58:00 PM,Buy,ExitOnClose,($620.00),$108655.00,$0.00,$0.00,$0.00,$0.00,$0.00,$3895.00,$2200.00,$2820.00,1205,
142,NQ 06-26,Backtest,Tom3,Long,1,15891.50,15976.25,1/7/2021 4:01:00 PM,1/7/2021 10:58:00 PM,Buy,ExitOnClose,$1695.00,$110350.00,$0.00,$0.00,$0.00,$0.00,$0.00,$115.00,$2415.00,$720.00,403,
143,NQ 06-26,Backtest,Tom3,Long,1,15823.00,15933.00,1/12/2021 6:17:00 PM,1/12/2021 10:58:00 PM,Buy,ExitOnClose,$2200.00,$112550.00,$0.00,$0.00,$0.00,$0.00,$0.00,$15.00,$2845.00,$645.00,267,
144,NQ 06-26,Backtest,Tom3,Long,1,15818.25,15814.25,1/15/2021 4:26:00 PM,1/15/2021 10:58:00 PM,Buy,ExitOnClose,($80.00),$112470.00,$0.00,$0.00,$0.00,$0.00,$0.00,$430.00,$2440.00,$2520.00,378,
145,NQ 06-26,Backtest,Tom3,Long,1,16282.00,16340.50,1/20/2021 4:18:00 PM,1/20/2021 10:58:00 PM,Buy,ExitOnClose,$1170.00,$113640.00,$0.00,$0.00,$0.00,$0.00,$0.00,$470.00,$1965.00,$795.00,386,
146,NQ 06-26,Backtest,Tom3,Long,1,16425.75,16516.75,1/25/2021 5:04:00 PM,1/25/2021 10:58:00 PM,Buy,ExitOnClose,$1820.00,$115460.00,$0.00,$0.00,$0.00,$0.00,$0.00,$3670.00,$2225.00,$405.00,340,
147,NQ 06-26,Backtest,Tom3,Short,1,16434.00,16117.25,1/27/2021 1:29:00 PM,1/27/2021 10:58:00 PM,Sell short,ExitOnClose,$6335.00,$121795.00,$0.00,$0.00,$0.00,$0.00,$0.00,$735.00,$9920.00,$3585.00,555,
148,NQ 06-26,Backtest,Tom3,Long,1,16096.50,16216.50,1/28/2021 12:02:00 AM,1/28/2021 10:58:00 PM,Buy,ExitOnClose,$2400.00,$124195.00,$0.00,$0.00,$0.00,$0.00,$0.00,$2740.00,$7015.00,$4615.00,1362,
149,NQ 06-26,Backtest,Tom3,Long,1,16198.00,15933.25,1/29/2021 12:02:00 AM,1/29/2021 10:58:00 PM,Buy,ExitOnClose,($5295.00),$118900.00,$0.00,$0.00,$0.00,$0.00,$0.00,$6315.00,$865.00,$6160.00,1362,
150,NQ 06-26,Backtest,Tom3,Long,1,15824.00,16282.25,2/1/2021 12:06:00 AM,2/1/2021 10:58:00 PM,Buy,ExitOnClose,$9165.00,$128065.00,$0.00,$0.00,$0.00,$0.00,$0.00,$870.00,$10015.00,$850.00,1358,
151,NQ 06-26,Backtest,Tom3,Long,1,16463.25,16464.75,2/3/2021 4:32:00 PM,2/3/2021 10:58:00 PM,Buy,ExitOnClose,$30.00,$128095.00,$0.00,$0.00,$0.00,$0.00,$0.00,$465.00,$1740.00,$1710.00,372,
152,NQ 06-26,Backtest,Tom3,Long,1,16655.50,16712.00,2/10/2021 4:32:00 PM,2/10/2021 10:58:00 PM,Buy,ExitOnClose,$1130.00,$129225.00,$0.00,$0.00,$0.00,$0.00,$0.00,$1710.00,$1845.00,$715.00,372,
153,NQ 06-26,Backtest,Tom3,Long,1,16611.25,16627.50,2/19/2021 7:12:00 PM,2/19/2021 10:58:00 PM,Buy,ExitOnClose,$325.00,$129550.00,$0.00,$0.00,$0.00,$0.00,$0.00,$255.00,$1050.00,$725.00,212,
154,NQ 06-26,Backtest,Tom3,Long,1,16466.25,16271.75,2/22/2021 8:53:00 AM,2/22/2021 10:58:00 PM,Buy,ExitOnClose,($3890.00),$125660.00,$0.00,$0.00,$0.00,$0.00,$0.00,$3960.00,$660.00,$4550.00,831,
155,NQ 06-26,Backtest,Tom3,Long,1,16231.50,16210.50,2/23/2021 10:10:00 AM,2/23/2021 10:58:00 PM,Buy,ExitOnClose,($420.00),$125240.00,$0.00,$0.00,$0.00,$0.00,$0.00,$8420.00,$1580.00,$2000.00,754,
156,NQ 06-26,Backtest,Tom3,Short,1,16091.50,16370.00,2/24/2021 7:23:00 AM,2/24/2021 10:58:00 PM,Sell short,ExitOnClose,($5570.00),$119670.00,$0.00,$0.00,$0.00,$0.00,$0.00,$5915.00,$1605.00,$7175.00,921,
157,NQ 06-26,Backtest,Tom3,Short,1,16132.50,15843.50,2/25/2021 4:51:00 PM,2/25/2021 10:58:00 PM,Sell short,ExitOnClose,$5780.00,$125450.00,$0.00,$0.00,$0.00,$0.00,$0.00,$1790.00,$6305.00,$525.00,353,
158,NQ 06-26,Backtest,Tom3,Long,1,15838.00,15949.75,2/26/2021 12:02:00 AM,2/26/2021 10:58:00 PM,Buy,ExitOnClose,$2235.00,$127685.00,$0.00,$0.00,$0.00,$0.00,$0.00,$2450.00,$6095.00,$3860.00,1362,
159,NQ 06-26,Backtest,Tom3,Long,1,16253.75,16366.25,3/1/2021 5:21:00 PM,3/1/2021 10:58:00 PM,Buy,ExitOnClose,$2250.00,$129935.00,$0.00,$0.00,$0.00,$0.00,$0.00,$470.00,$2350.00,$100.00,323,
160,NQ 06-26,Backtest,Tom3,Short,1,16106.50,16110.00,3/2/2021 10:07:00 PM,3/2/2021 10:58:00 PM,Sell short,ExitOnClose,($70.00),$129865.00,$0.00,$0.00,$0.00,$0.00,$0.00,$595.00,$15.00,$85.00,37,
161,NQ 06-26,Backtest,Tom3,Long,1,16049.00,15727.00,3/3/2021 2:45:00 PM,3/3/2021 10:58:00 PM,Buy,ExitOnClose,($6440.00),$123425.00,$0.00,$0.00,$0.00,$0.00,$0.00,$6650.00,$1125.00,$7565.00,479,
162,NQ 06-26,Backtest,Tom3,Long,1,15683.25,15490.25,3/4/2021 12:34:00 AM,3/4/2021 10:58:00 PM,Buy,ExitOnClose,($3860.00),$119565.00,$0.00,$0.00,$0.00,$0.00,$0.00,$6470.00,$3340.00,$7200.00,1330,
163,NQ 06-26,Backtest,Tom3,Long,1,15373.75,15704.50,3/5/2021 2:09:00 AM,3/5/2021 10:58:00 PM,Buy,ExitOnClose,$6615.00,$126180.00,$0.00,$0.00,$0.00,$0.00,$0.00,$2265.00,$7545.00,$930.00,1235,
164,NQ 06-26,Backtest,Tom3,Long,1,15801.50,15392.25,3/8/2021 12:07:00 AM,3/8/2021 10:58:00 PM,Buy,ExitOnClose,($8185.00),$117995.00,$0.00,$0.00,$0.00,$0.00,$0.00,$9330.00,$25.00,$8210.00,1357,
165,NQ 06-26,Backtest,Tom3,Short,1,15758.00,15839.25,3/9/2021 4:01:00 PM,3/9/2021 10:58:00 PM,Sell short,ExitOnClose,($1625.00),$116370.00,$0.00,$0.00,$0.00,$0.00,$0.00,$3255.00,$415.00,$2040.00,403,
166,NQ 06-26,Backtest,Tom3,Short,1,15926.25,15839.50,3/10/2021 2:59:00 PM,3/10/2021 10:58:00 PM,Sell short,ExitOnClose,$1735.00,$118105.00,$0.00,$0.00,$0.00,$0.00,$0.00,$2405.00,$3060.00,$1325.00,465,
167,NQ 06-26,Backtest,Tom3,Long,1,15941.25,15989.00,3/12/2021 8:39:00 AM,3/12/2021 10:58:00 PM,Buy,ExitOnClose,$955.00,$119060.00,$0.00,$0.00,$0.00,$0.00,$0.00,$2415.00,$1140.00,$185.00,845,
168,NQ 06-26,Backtest,Tom3,Long,1,16330.00,16214.25,3/16/2021 3:33:00 PM,3/16/2021 9:58:00 PM,Buy,ExitOnClose,($2315.00),$116745.00,$0.00,$0.00,$0.00,$0.00,$0.00,$3845.00,$355.00,$2670.00,371,
169,NQ 06-26,Backtest,Tom3,Long,1,16055.50,16227.75,3/17/2021 12:48:00 PM,3/17/2021 9:58:00 PM,Buy,ExitOnClose,$3445.00,$120190.00,$0.00,$0.00,$0.00,$0.00,$0.00,$1215.00,$5520.00,$2075.00,536,
170,NQ 06-26,Backtest,Tom3,Short,1,16132.50,15855.00,3/18/2021 8:38:00 AM,3/18/2021 9:58:00 PM,Sell short,ExitOnClose,$5550.00,$125740.00,$0.00,$0.00,$0.00,$0.00,$0.00,$355.00,$6200.00,$650.00,786,
171,NQ 06-26,Backtest,Tom3,Short,1,15755.00,15888.00,3/19/2021 3:10:00 PM,3/19/2021 9:58:00 PM,Sell short,ExitOnClose,($2660.00),$123080.00,$0.00,$0.00,$0.00,$0.00,$0.00,$3935.00,$70.00,$2730.00,394,
172,NQ 06-26,Backtest,Tom3,Long,1,16191.50,16124.25,3/22/2021 5:32:00 PM,3/22/2021 9:58:00 PM,Buy,ExitOnClose,($1345.00),$121735.00,$0.00,$0.00,$0.00,$0.00,$0.00,$1380.00,$520.00,$1865.00,252,
173,NQ 06-26,Backtest,Tom3,Short,1,16009.00,15854.25,3/24/2021 2:54:00 PM,3/24/2021 9:58:00 PM,Sell short,ExitOnClose,$3095.00,$124830.00,$0.00,$0.00,$0.00,$0.00,$0.00,$2000.00,$3290.00,$195.00,410,
174,NQ 06-26,Backtest,Tom3,Long,1,15727.25,15850.75,3/25/2021 4:01:00 PM,3/25/2021 9:58:00 PM,Buy,ExitOnClose,$2470.00,$127300.00,$0.00,$0.00,$0.00,$0.00,$0.00,$1140.00,$3095.00,$625.00,343,
175,NQ 06-26,Backtest,Tom3,Short,1,15997.75,16022.00,3/26/2021 8:59:00 PM,3/26/2021 9:58:00 PM,Sell short,ExitOnClose,($485.00),$126815.00,$0.00,$0.00,$0.00,$0.00,$0.00,$1025.00,$135.00,$620.00,45,
176,NQ 06-26,Backtest,Tom3,Long,1,16024.00,16023.50,3/29/2021 12:02:00 AM,3/29/2021 10:58:00 PM,Buy,ExitOnClose,($10.00),$126805.00,$0.00,$0.00,$0.00,$0.00,$0.00,$3120.00,$790.00,$800.00,1362,
177,NQ 06-26,Backtest,Tom3,Long,1,16127.75,16144.50,3/31/2021 4:06:00 PM,3/31/2021 10:58:00 PM,Buy,ExitOnClose,$335.00,$127140.00,$0.00,$0.00,$0.00,$0.00,$0.00,$50.00,$1815.00,$1480.00,398,
178,NQ 06-26,Backtest,Tom3,Long,1,16567.25,16658.50,4/5/2021 4:25:00 PM,4/5/2021 10:58:00 PM,Buy,ExitOnClose,$1825.00,$128965.00,$0.00,$0.00,$0.00,$0.00,$0.00,$20.00,$2165.00,$340.00,379,
179,NQ 06-26,Backtest,Tom3,Long,1,17001.00,17035.00,4/13/2021 4:00:00 PM,4/13/2021 10:58:00 PM,Buy,ExitOnClose,$680.00,$129645.00,$0.00,$0.00,$0.00,$0.00,$0.00,$1130.00,$1070.00,$390.00,404,
180,NQ 06-26,Backtest,Tom3,Long,1,16798.00,16794.75,4/20/2021 5:26:00 PM,4/20/2021 10:58:00 PM,Buy,ExitOnClose,($65.00),$129580.00,$0.00,$0.00,$0.00,$0.00,$0.00,$365.00,$1590.00,$1655.00,318,
181,NQ 06-26,Backtest,Tom3,Long,1,16826.00,16823.25,4/22/2021 7:46:00 PM,4/22/2021 10:58:00 PM,Buy,ExitOnClose,($55.00),$129525.00,$0.00,$0.00,$0.00,$0.00,$0.00,$1275.00,$525.00,$580.00,178,
182,NQ 06-26,Backtest,Tom3,Long,1,16992.75,16965.75,4/23/2021 5:52:00 PM,4/23/2021 10:58:00 PM,Buy,ExitOnClose,($540.00),$128985.00,$0.00,$0.00,$0.00,$0.00,$0.00,$565.00,$975.00,$1515.00,292,
183,NQ 06-26,Backtest,Tom3,Long,1,16953.75,17006.50,4/29/2021 4:38:00 PM,4/29/2021 10:58:00 PM,Buy,ExitOnClose,$1055.00,$130040.00,$0.00,$0.00,$0.00,$0.00,$0.00,$1495.00,$1750.00,$695.00,366,
184,NQ 06-26,Backtest,Tom3,Long,1,16842.75,16844.25,5/3/2021 5:31:00 PM,5/3/2021 10:58:00 PM,Buy,ExitOnClose,$30.00,$130070.00,$0.00,$0.00,$0.00,$0.00,$0.00,$205.00,$835.00,$805.00,313,
185,NQ 06-26,Backtest,Tom3,Long,1,16638.50,16582.00,5/4/2021 3:53:00 PM,5/4/2021 10:58:00 PM,Buy,ExitOnClose,($1130.00),$128940.00,$0.00,$0.00,$0.00,$0.00,$0.00,$3945.00,$155.00,$1285.00,411,
186,NQ 06-26,Backtest,Tom3,Long,1,16841.00,16781.50,5/7/2021 2:41:00 PM,5/7/2021 10:58:00 PM,Buy,ExitOnClose,($1190.00),$127750.00,$0.00,$0.00,$0.00,$0.00,$0.00,$2380.00,$750.00,$1940.00,483,
187,NQ 06-26,Backtest,Tom3,Long,1,16618.00,16373.50,5/10/2021 3:47:00 PM,5/10/2021 10:58:00 PM,Buy,ExitOnClose,($4890.00),$122860.00,$0.00,$0.00,$0.00,$0.00,$0.00,$5040.00,$240.00,$5130.00,417,
188,NQ 06-26,Backtest,Tom3,Long,1,16382.75,16375.75,5/11/2021 12:02:00 AM,5/11/2021 10:58:00 PM,Buy,ExitOnClose,($140.00),$122720.00,$0.00,$0.00,$0.00,$0.00,$0.00,$5140.00,$1070.00,$1210.00,1362,
189,NQ 06-26,Backtest,Tom3,Long,1,16221.00,16026.50,5/12/2021 2:56:00 PM,5/12/2021 10:58:00 PM,Buy,ExitOnClose,($3890.00),$118830.00,$0.00,$0.00,$0.00,$0.00,$0.00,$4015.00,$1420.00,$5310.00,468,
190,NQ 06-26,Backtest,Tom3,Short,1,16224.25,16149.50,5/13/2021 3:39:00 PM,5/13/2021 10:58:00 PM,Sell short,ExitOnClose,$1495.00,$120325.00,$0.00,$0.00,$0.00,$0.00,$0.00,$1200.00,$3330.00,$1835.00,425,
191,NQ 06-26,Backtest,Tom3,Long,1,16249.00,16249.50,5/18/2021 10:37:00 PM,5/18/2021 10:58:00 PM,Buy,ExitOnClose,$10.00,$120335.00,$0.00,$0.00,$0.00,$0.00,$0.00,$200.00,$115.00,$105.00,22,
192,NQ 06-26,Backtest,Tom3,Long,1,16256.00,16274.50,5/19/2021 12:02:00 AM,5/19/2021 10:58:00 PM,Buy,ExitOnClose,$370.00,$120705.00,$0.00,$0.00,$0.00,$0.00,$0.00,$4825.00,$950.00,$580.00,1362,
193,NQ 06-26,Backtest,Tom3,Long,1,16418.50,16552.00,5/20/2021 3:41:00 PM,5/20/2021 10:58:00 PM,Buy,ExitOnClose,$2670.00,$123375.00,$0.00,$0.00,$0.00,$0.00,$0.00,$0.00,$3295.00,$625.00,423,
194,NQ 06-26,Backtest,Tom3,Short,1,16689.75,16711.00,5/24/2021 4:19:00 PM,5/24/2021 10:58:00 PM,Sell short,ExitOnClose,($425.00),$122950.00,$0.00,$0.00,$0.00,$0.00,$0.00,$1135.00,$95.00,$520.00,385,
195,NQ 06-26,Backtest,Tom3,Long,1,16668.00,16707.50,6/1/2021 4:59:00 PM,6/1/2021 10:58:00 PM,Buy,ExitOnClose,$790.00,$123740.00,$0.00,$0.00,$0.00,$0.00,$0.00,$130.00,$1715.00,$925.00,345,
196,NQ 06-26,Backtest,Tom3,Long,1,16735.50,16823.25,6/4/2021 3:45:00 PM,6/4/2021 10:58:00 PM,Buy,ExitOnClose,$1755.00,$125495.00,$0.00,$0.00,$0.00,$0.00,$0.00,$40.00,$2175.00,$420.00,419,
197,NQ 06-26,Backtest,Tom3,Long,1,16972.25,17033.00,6/10/2021 3:45:00 PM,6/10/2021 10:58:00 PM,Buy,ExitOnClose,$1215.00,$126710.00,$0.00,$0.00,$0.00,$0.00,$0.00,$1675.00,$1310.00,$95.00,412,
198,NQ 06-26,Backtest,Tom3,Long,1,16953.75,17008.25,6/16/2021 8:17:00 PM,6/16/2021 10:58:00 PM,Buy,ExitOnClose,$1090.00,$127800.00,$0.00,$0.00,$0.00,$0.00,$0.00,$1040.00,$2970.00,$1880.00,147,
199,NQ 06-26,Backtest,Tom3,Short,1,17101.00,17246.00,6/17/2021 4:00:00 PM,6/17/2021 10:58:00 PM,Sell short,ExitOnClose,($2900.00),$124900.00,$0.00,$0.00,$0.00,$0.00,$0.00,$3390.00,$285.00,$3185.00,404,
200,NQ 06-26,Backtest,Tom3,Long,1,17826.75,17847.25,7/15/2021 5:05:00 PM,7/15/2021 10:58:00 PM,Buy,ExitOnClose,$410.00,$125310.00,$0.00,$0.00,$0.00,$0.00,$0.00,$940.00,$1495.00,$1085.00,354,
201,NQ 06-26,Backtest,Tom3,Long,1,18034.25,17955.75,7/27/2021 4:17:00 PM,7/27/2021 10:58:00 PM,Buy,ExitOnClose,($1570.00),$123740.00,$0.00,$0.00,$0.00,$0.00,$0.00,$3770.00,$575.00,$2145.00,402,
202,NQ 06-26,Backtest,Tom3,Short,1,18006.00,17990.25,7/29/2021 10:41:00 PM,7/29/2021 10:58:00 PM,Sell short,ExitOnClose,$315.00,$124055.00,$0.00,$0.00,$0.00,$0.00,$0.00,$5.00,$465.00,$150.00,18,
203,NQ 06-26,Backtest,Tom3,Long,1,17980.50,18035.50,7/30/2021 12:02:00 AM,7/30/2021 10:58:00 PM,Buy,ExitOnClose,$1100.00,$125155.00,$0.00,$0.00,$0.00,$0.00,$0.00,$1955.00,$1420.00,$320.00,1377,
204,NQ 06-26,Backtest,Tom3,Long,1,18090.75,18116.00,8/10/2021 4:55:00 PM,8/10/2021 10:58:00 PM,Buy,ExitOnClose,$505.00,$125660.00,$0.00,$0.00,$0.00,$0.00,$0.00,$495.00,$1335.00,$830.00,364,
205,NQ 06-26,Backtest,Tom3,Long,1,18027.75,18204.75,8/16/2021 4:22:00 PM,8/16/2021 10:58:00 PM,Buy,ExitOnClose,$3540.00,$129200.00,$0.00,$0.00,$0.00,$0.00,$0.00,$780.00,$3655.00,$115.00,397,
206,NQ 06-26,Backtest,Tom3,Long,1,17929.25,17905.00,8/18/2021 10:01:00 PM,8/18/2021 10:58:00 PM,Buy,ExitOnClose,($485.00),$128715.00,$0.00,$0.00,$0.00,$0.00,$0.00,$1025.00,$50.00,$535.00,58,
207,NQ 06-26,Backtest,Tom3,Short,1,17981.00,18016.75,8/19/2021 5:14:00 PM,8/19/2021 10:58:00 PM,Sell short,ExitOnClose,($715.00),$128000.00,$0.00,$0.00,$0.00,$0.00,$0.00,$1790.00,$1045.00,$1760.00,345,
208,NQ 06-26,Backtest,Tom3,Long,1,18103.75,18167.00,8/20/2021 4:00:00 PM,8/20/2021 10:58:00 PM,Buy,ExitOnClose,$1265.00,$129265.00,$0.00,$0.00,$0.00,$0.00,$0.00,$615.00,$1355.00,$90.00,419,
209,NQ 06-26,Backtest,Tom3,Long,1,18320.75,18398.75,8/23/2021 4:26:00 PM,8/23/2021 10:58:00 PM,Buy,ExitOnClose,$1560.00,$130825.00,$0.00,$0.00,$0.00,$0.00,$0.00,$225.00,$1765.00,$205.00,393,
210,NQ 06-26,Backtest,Tom3,Long,1,18640.75,18677.50,8/30/2021 4:28:00 PM,8/30/2021 10:58:00 PM,Buy,ExitOnClose,$735.00,$131560.00,$0.00,$0.00,$0.00,$0.00,$0.00,$190.00,$970.00,$235.00,391,
211,NQ 06-26,Backtest,Tom3,Long,1,18532.25,18523.50,9/10/2021 9:50:00 PM,9/10/2021 10:58:00 PM,Buy,ExitOnClose,($175.00),$131385.00,$0.00,$0.00,$0.00,$0.00,$0.00,$475.00,$60.00,$235.00,69,
212,NQ 06-26,Backtest,Tom3,Long,1,18481.75,18528.50,9/13/2021 4:11:00 PM,9/13/2021 10:58:00 PM,Buy,ExitOnClose,$935.00,$132320.00,$0.00,$0.00,$0.00,$0.00,$0.00,$1125.00,$1045.00,$110.00,408,
213,NQ 06-26,Backtest,Tom3,Long,1,18452.25,18370.00,9/17/2021 4:19:00 PM,9/17/2021 10:58:00 PM,Buy,ExitOnClose,($1645.00),$130675.00,$0.00,$0.00,$0.00,$0.00,$0.00,$1865.00,$360.00,$2005.00,400,
214,NQ 06-26,Backtest,Tom3,Long,1,18016.00,18073.25,9/20/2021 6:08:00 PM,9/20/2021 10:58:00 PM,Buy,ExitOnClose,$1145.00,$131820.00,$0.00,$0.00,$0.00,$0.00,$0.00,$2515.00,$1650.00,$505.00,291,
215,NQ 06-26,Backtest,Tom3,Long,1,18190.25,18256.50,9/27/2021 3:45:00 PM,9/27/2021 10:58:00 PM,Buy,ExitOnClose,$1325.00,$133145.00,$0.00,$0.00,$0.00,$0.00,$0.00,$410.00,$2465.00,$1140.00,434,
216,NQ 06-26,Backtest,Tom3,Long,1,18110.00,17853.25,9/28/2021 9:27:00 AM,9/28/2021 10:58:00 PM,Buy,ExitOnClose,($5135.00),$128010.00,$0.00,$0.00,$0.00,$0.00,$0.00,$5730.00,$140.00,$5275.00,812,
217,NQ 06-26,Backtest,Tom3,Long,1,17771.25,17770.50,9/30/2021 6:15:00 PM,9/30/2021 10:58:00 PM,Buy,ExitOnClose,($15.00),$127995.00,$0.00,$0.00,$0.00,$0.00,$0.00,$365.00,$2810.00,$2825.00,284,
218,NQ 06-26,Backtest,Tom3,Long,1,17677.25,17854.00,10/1/2021 3:17:00 AM,10/1/2021 10:58:00 PM,Buy,ExitOnClose,$3535.00,$131530.00,$0.00,$0.00,$0.00,$0.00,$0.00,$1150.00,$4470.00,$935.00,1182,
219,NQ 06-26,Backtest,Tom3,Long,1,17662.75,17571.25,10/4/2021 3:55:00 PM,10/4/2021 10:58:00 PM,Buy,ExitOnClose,($1830.00),$129700.00,$0.00,$0.00,$0.00,$0.00,$0.00,$4245.00,$600.00,$2430.00,424,
220,NQ 06-26,Backtest,Tom3,Long,1,17720.75,17743.75,10/5/2021 4:32:00 PM,10/5/2021 10:58:00 PM,Buy,ExitOnClose,$460.00,$130160.00,$0.00,$0.00,$0.00,$0.00,$0.00,$540.00,$2335.00,$1875.00,387,
221,NQ 06-26,Backtest,Tom3,Short,1,17713.25,17848.75,10/6/2021 3:46:00 PM,10/6/2021 10:58:00 PM,Sell short,ExitOnClose,($2710.00),$127450.00,$0.00,$0.00,$0.00,$0.00,$0.00,$2790.00,$2935.00,$5645.00,433,
222,NQ 06-26,Backtest,Tom3,Short,1,17933.50,17768.75,10/11/2021 3:52:00 PM,10/11/2021 10:58:00 PM,Sell short,ExitOnClose,$3295.00,$130745.00,$0.00,$0.00,$0.00,$0.00,$0.00,$930.00,$3475.00,$180.00,427,
223,NQ 06-26,Backtest,Tom3,Long,1,18381.25,18406.75,10/22/2021 5:39:00 PM,10/22/2021 10:58:00 PM,Buy,ExitOnClose,$510.00,$131255.00,$0.00,$0.00,$0.00,$0.00,$0.00,$495.00,$1700.00,$1190.00,320,
224,NQ 06-26,Backtest,Tom3,Short,1,18587.25,18603.50,10/26/2021 6:56:00 PM,10/26/2021 10:58:00 PM,Sell short,ExitOnClose,($325.00),$130930.00,$0.00,$0.00,$0.00,$0.00,$0.00,$1795.00,$0.00,$325.00,243,
225,NQ 06-26,Backtest,Tom3,Long,1,19179.00,19214.25,11/3/2021 8:05:00 PM,11/3/2021 9:58:00 PM,Buy,ExitOnClose,$705.00,$131635.00,$0.00,$0.00,$0.00,$0.00,$0.00,$260.00,$990.00,$285.00,114,
226,NQ 06-26,Backtest,Tom3,Long,1,19393.00,19420.25,11/4/2021 3:34:00 PM,11/4/2021 9:58:00 PM,Buy,ExitOnClose,$545.00,$132180.00,$0.00,$0.00,$0.00,$0.00,$0.00,$1340.00,$1315.00,$770.00,385,
227,NQ 06-26,Backtest,Tom3,Long,1,19297.00,19280.25,11/9/2021 4:05:00 PM,11/9/2021 10:58:00 PM,Buy,ExitOnClose,($335.00),$131845.00,$0.00,$0.00,$0.00,$0.00,$0.00,$1085.00,$1445.00,$1780.00,414,
228,NQ 06-26,Backtest,Tom3,Short,1,19097.25,19070.50,11/10/2021 7:56:00 PM,11/10/2021 10:58:00 PM,Sell short,ExitOnClose,$535.00,$132380.00,$0.00,$0.00,$0.00,$0.00,$0.00,$365.00,$2360.00,$1825.00,183,
229,NQ 06-26,Backtest,Tom3,Long,1,19259.00,19284.75,11/12/2021 5:24:00 PM,11/12/2021 10:58:00 PM,Buy,ExitOnClose,$515.00,$132895.00,$0.00,$0.00,$0.00,$0.00,$0.00,$405.00,$740.00,$225.00,335,
230,NQ 06-26,Backtest,Tom3,Long,1,19839.00,19477.25,11/22/2021 4:18:00 PM,11/22/2021 10:58:00 PM,Buy,ExitOnClose,($7235.00),$125660.00,$0.00,$0.00,$0.00,$0.00,$0.00,$7835.00,$30.00,$7265.00,401,
231,NQ 06-26,Backtest,Tom3,Long,1,19485.25,19379.50,11/23/2021 12:02:00 AM,11/23/2021 10:58:00 PM,Buy,ExitOnClose,($2115.00),$123545.00,$0.00,$0.00,$0.00,$0.00,$0.00,$5680.00,$325.00,$2440.00,1377,
232,NQ 06-26,Backtest,Tom3,Long,1,19200.25,19437.75,11/24/2021 3:49:00 PM,11/24/2021 10:58:00 PM,Buy,ExitOnClose,$4750.00,$128295.00,$0.00,$0.00,$0.00,$0.00,$0.00,$25.00,$5020.00,$270.00,430,
233,NQ 06-26,Backtest,Tom3,Short,1,19161.75,19130.75,11/26/2021 5:14:00 PM,11/26/2021 7:13:00 PM,Sell short,ExitOnClose,$620.00,$128915.00,$0.00,$0.00,$0.00,$0.00,$0.00,$1165.00,$1820.00,$1200.00,120,
234,NQ 06-26,Backtest,Tom3,Short,1,19456.25,19495.75,11/29/2021 6:10:00 PM,11/29/2021 10:58:00 PM,Sell short,ExitOnClose,($790.00),$128125.00,$0.00,$0.00,$0.00,$0.00,$0.00,$1285.00,$195.00,$985.00,289,
235,NQ 06-26,Backtest,Tom3,Long,1,19349.75,19316.00,11/30/2021 7:07:00 AM,11/30/2021 10:58:00 PM,Buy,ExitOnClose,($675.00),$127450.00,$0.00,$0.00,$0.00,$0.00,$0.00,$3965.00,$3785.00,$4460.00,952,
236,NQ 06-26,Backtest,Tom3,Short,1,19307.00,18953.75,12/1/2021 7:10:00 PM,12/1/2021 10:58:00 PM,Sell short,ExitOnClose,$7065.00,$134515.00,$0.00,$0.00,$0.00,$0.00,$0.00,$615.00,$7980.00,$915.00,229,
237,NQ 06-26,Backtest,Tom3,Long,1,18992.25,19097.50,12/2/2021 12:02:00 AM,12/2/2021 10:58:00 PM,Buy,ExitOnClose,$2105.00,$136620.00,$0.00,$0.00,$0.00,$0.00,$0.00,$2935.00,$3135.00,$1030.00,1377,
238,NQ 06-26,Backtest,Tom3,Short,1,18952.25,18758.00,12/3/2021 3:57:00 PM,12/3/2021 10:58:00 PM,Sell short,ExitOnClose,$3885.00,$140505.00,$0.00,$0.00,$0.00,$0.00,$0.00,$265.00,$6630.00,$2745.00,422,
239,NQ 06-26,Backtest,Tom3,Short,1,18727.25,18929.75,12/6/2021 11:39:00 AM,12/6/2021 10:58:00 PM,Sell short,ExitOnClose,($4050.00),$136455.00,$0.00,$0.00,$0.00,$0.00,$0.00,$5055.00,$1705.00,$5755.00,680,
240,NQ 06-26,Backtest,Tom3,Long,1,19140.75,19449.75,12/7/2021 9:25:00 AM,12/7/2021 10:58:00 PM,Buy,ExitOnClose,$6180.00,$142635.00,$0.00,$0.00,$0.00,$0.00,$0.00,$140.00,$6330.00,$150.00,814,
241,NQ 06-26,Backtest,Tom3,Short,1,19234.75,19240.75,12/9/2021 9:26:00 PM,12/9/2021 10:59:00 PM,Sell short,ExitOnClose,($120.00),$142515.00,$0.00,$0.00,$0.00,$0.00,$0.00,$1325.00,$580.00,$700.00,88,
242,NQ 06-26,Backtest,Tom3,Short,1,19344.50,19175.25,12/13/2021 3:56:00 PM,12/13/2021 10:58:00 PM,Sell short,ExitOnClose,$3385.00,$145900.00,$0.00,$0.00,$0.00,$0.00,$0.00,$1025.00,$3970.00,$585.00,423,
243,NQ 06-26,Backtest,Tom3,Long,1,19056.75,19011.25,12/14/2021 11:00:00 AM,12/14/2021 10:58:00 PM,Buy,ExitOnClose,($910.00),$144990.00,$0.00,$0.00,$0.00,$0.00,$0.00,$4810.00,$985.00,$1895.00,719,
244,NQ 06-26,Backtest,Tom3,Short,1,19065.75,19367.00,12/15/2021 8:15:00 PM,12/15/2021 10:58:00 PM,Sell short,ExitOnClose,($6025.00),$138965.00,$0.00,$0.00,$0.00,$0.00,$0.00,$6330.00,$2045.00,$8070.00,164,
245,NQ 06-26,Backtest,Tom3,Long,1,19372.75,18960.00,12/16/2021 12:02:00 AM,12/16/2021 10:58:00 PM,Buy,ExitOnClose,($8255.00),$130710.00,$0.00,$0.00,$0.00,$0.00,$0.00,$9950.00,$3330.00,$11585.00,1377,
246,NQ 06-26,Backtest,Tom3,Long,1,18796.25,18909.00,12/17/2021 10:19:00 AM,12/17/2021 10:58:00 PM,Buy,ExitOnClose,$2255.00,$132965.00,$0.00,$0.00,$0.00,$0.00,$0.00,$1245.00,$4850.00,$2595.00,760,
247,NQ 06-26,Backtest,Tom3,Long,1,18778.50,18756.00,12/20/2021 1:04:00 AM,12/20/2021 10:58:00 PM,Buy,ExitOnClose,($450.00),$132515.00,$0.00,$0.00,$0.00,$0.00,$0.00,$4085.00,$735.00,$1185.00,1315,
248,NQ 06-26,Backtest,Tom3,Short,1,18768.00,19058.25,12/21/2021 4:02:00 PM,12/21/2021 10:58:00 PM,Sell short,ExitOnClose,($5805.00),$126710.00,$0.00,$0.00,$0.00,$0.00,$0.00,$6030.00,$1615.00,$7420.00,417,
249,NQ 06-26,Backtest,Tom3,Long,1,19171.50,19261.50,12/22/2021 4:54:00 PM,12/22/2021 10:58:00 PM,Buy,ExitOnClose,$1800.00,$128510.00,$0.00,$0.00,$0.00,$0.00,$0.00,$1030.00,$1875.00,$75.00,365,
250,NQ 06-26,Backtest,Tom3,Long,1,19569.75,19658.25,12/27/2021 4:24:00 PM,12/27/2021 10:58:00 PM,Buy,ExitOnClose,$1770.00,$130280.00,$0.00,$0.00,$0.00,$0.00,$0.00,$95.00,$1865.00,$95.00,395,
251,NQ 06-26,Backtest,Tom3,Long,1,19465.00,19340.25,1/4/2022 4:15:00 PM,1/4/2022 10:58:00 PM,Buy,ExitOnClose,($2495.00),$127785.00,$0.00,$0.00,$0.00,$0.00,$0.00,$4865.00,$490.00,$2985.00,404,
252,NQ 06-26,Backtest,Tom3,Long,1,19133.50,18835.75,1/5/2022 7:02:00 PM,1/5/2022 10:58:00 PM,Buy,ExitOnClose,($5955.00),$121830.00,$0.00,$0.00,$0.00,$0.00,$0.00,$5970.00,$1555.00,$7510.00,237,
253,NQ 06-26,Backtest,Tom3,Long,1,18847.25,18872.75,1/6/2022 12:02:00 AM,1/6/2022 10:58:00 PM,Buy,ExitOnClose,$510.00,$122340.00,$0.00,$0.00,$0.00,$0.00,$0.00,$3330.00,$2615.00,$2105.00,1377,
254,NQ 06-26,Backtest,Tom3,Long,1,18718.50,18657.00,1/7/2022 2:45:00 PM,1/7/2022 10:58:00 PM,Buy,ExitOnClose,($1230.00),$121110.00,$0.00,$0.00,$0.00,$0.00,$0.00,$2525.00,$3830.00,$5060.00,494,
255,NQ 06-26,Backtest,Tom3,Long,1,18505.00,18688.00,1/10/2022 1:37:00 PM,1/10/2022 10:58:00 PM,Buy,ExitOnClose,$3660.00,$124770.00,$0.00,$0.00,$0.00,$0.00,$0.00,$5405.00,$4015.00,$355.00,562,
256,NQ 06-26,Backtest,Tom3,Long,1,18698.25,18905.75,1/11/2022 12:02:00 AM,1/11/2022 10:58:00 PM,Buy,ExitOnClose,$4150.00,$128920.00,$0.00,$0.00,$0.00,$0.00,$0.00,$2820.00,$4470.00,$320.00,1377,
257,NQ 06-26,Backtest,Tom3,Long,1,18890.00,18576.00,1/13/2022 4:46:00 PM,1/13/2022 10:58:00 PM,Buy,ExitOnClose,($6280.00),$122640.00,$0.00,$0.00,$0.00,$0.00,$0.00,$6990.00,$460.00,$6740.00,373,
258,NQ 06-26,Backtest,Tom3,Long,1,18443.00,18695.50,1/14/2022 1:58:00 PM,1/14/2022 10:58:00 PM,Buy,ExitOnClose,$5050.00,$127690.00,$0.00,$0.00,$0.00,$0.00,$0.00,$965.00,$5105.00,$55.00,541,
259,NQ 06-26,Backtest,Tom3,Long,1,18543.75,18320.00,1/18/2022 4:56:00 AM,1/18/2022 10:58:00 PM,Buy,ExitOnClose,($4475.00),$123215.00,$0.00,$0.00,$0.00,$0.00,$0.00,$5815.00,$285.00,$4760.00,1083,
260,NQ 06-26,Backtest,Tom3,Short,1,18282.00,18118.25,1/19/2022 10:11:00 AM,1/19/2022 10:58:00 PM,Sell short,ExitOnClose,$3275.00,$126490.00,$0.00,$0.00,$0.00,$0.00,$0.00,$3445.00,$3770.00,$495.00,768,
261,NQ 06-26,Backtest,Tom3,Long,1,18129.75,17810.25,1/20/2022 12:02:00 AM,1/20/2022 10:58:00 PM,Buy,ExitOnClose,($6390.00),$120100.00,$0.00,$0.00,$0.00,$0.00,$0.00,$8015.00,$5855.00,$12245.00,1377,
262,NQ 06-26,Backtest,Tom3,Long,1,17812.25,17499.50,1/21/2022 12:02:00 AM,1/21/2022 10:58:00 PM,Buy,ExitOnClose,($6255.00),$113845.00,$0.00,$0.00,$0.00,$0.00,$0.00,$6430.00,$2570.00,$8825.00,1377,
263,NQ 06-26,Backtest,Tom3,Long,1,17488.50,17602.25,1/24/2022 12:02:00 AM,1/24/2022 10:58:00 PM,Buy,ExitOnClose,$2275.00,$116120.00,$0.00,$0.00,$0.00,$0.00,$0.00,$14005.00,$3515.00,$1240.00,1377,
264,NQ 06-26,Backtest,Tom3,Long,1,17566.25,17010.25,1/25/2022 12:02:00 AM,1/25/2022 10:58:00 PM,Buy,ExitOnClose,($11120.00),$105000.00,$0.00,$0.00,$0.00,$0.00,$0.00,$11880.00,$300.00,$11420.00,1377,
265,NQ 06-26,Backtest,Tom3,Long,1,17052.50,17234.00,1/26/2022 12:02:00 AM,1/26/2022 10:58:00 PM,Buy,ExitOnClose,$3630.00,$108630.00,$0.00,$0.00,$0.00,$0.00,$0.00,$25.00,$13390.00,$9760.00,1377,
266,NQ 06-26,Backtest,Tom3,Short,1,17170.75,17192.25,1/27/2022 2:11:00 AM,1/27/2022 10:58:00 PM,Sell short,ExitOnClose,($430.00),$108200.00,$0.00,$0.00,$0.00,$0.00,$0.00,$6415.00,$4880.00,$5310.00,1248,
267,NQ 06-26,Backtest,Tom3,Long,1,17243.75,17510.00,1/28/2022 12:11:00 AM,1/28/2022 10:58:00 PM,Buy,ExitOnClose,$5325.00,$113525.00,$0.00,$0.00,$0.00,$0.00,$0.00,$6610.00,$5610.00,$285.00,1368,
268,NQ 06-26,Backtest,Tom3,Long,1,17534.75,17942.75,1/31/2022 12:02:00 AM,1/31/2022 10:58:00 PM,Buy,ExitOnClose,$8160.00,$121685.00,$0.00,$0.00,$0.00,$0.00,$0.00,$1985.00,$9245.00,$1085.00,1377,
269,NQ 06-26,Backtest,Tom3,Short,1,17864.50,18197.50,2/1/2022 4:02:00 PM,2/1/2022 10:58:00 PM,Sell short,ExitOnClose,($6660.00),$115025.00,$0.00,$0.00,$0.00,$0.00,$0.00,$7095.00,$1060.00,$7720.00,417,
270,NQ 06-26,Backtest,Tom3,Long,1,18202.25,17935.25,2/2/2022 12:02:00 AM,2/2/2022 10:58:00 PM,Buy,ExitOnClose,($5340.00),$109685.00,$0.00,$0.00,$0.00,$0.00,$0.00,$5900.00,$2800.00,$8140.00,1377,
271,NQ 06-26,Backtest,Tom3,Long,1,17930.00,17893.50,2/3/2022 12:02:00 AM,2/3/2022 10:58:00 PM,Buy,ExitOnClose,($730.00),$108955.00,$0.00,$0.00,$0.00,$0.00,$0.00,$7830.00,$445.00,$1175.00,1377,
272,NQ 06-26,Backtest,Tom3,Long,1,17837.25,17724.75,2/4/2022 12:02:00 AM,2/4/2022 10:58:00 PM,Buy,ExitOnClose,($2250.00),$106705.00,$0.00,$0.00,$0.00,$0.00,$0.00,$7845.00,$1415.00,$3665.00,1377,
273,NQ 06-26,Backtest,Tom3,Short,1,17659.75,17688.75,2/7/2022 5:46:00 PM,2/7/2022 10:58:00 PM,Sell short,ExitOnClose,($580.00),$106125.00,$0.00,$0.00,$0.00,$0.00,$0.00,$2990.00,$1320.00,$1900.00,313,
274,NQ 06-26,Backtest,Tom3,Short,1,17717.25,17826.25,2/8/2022 5:09:00 PM,2/8/2022 10:58:00 PM,Sell short,ExitOnClose,($2180.00),$103945.00,$0.00,$0.00,$0.00,$0.00,$0.00,$2820.00,$385.00,$2565.00,350,
275,NQ 06-26,Backtest,Tom3,Long,1,17938.75,17775.00,2/10/2022 2:40:00 PM,2/10/2022 10:58:00 PM,Buy,ExitOnClose,($3275.00),$100670.00,$0.00,$0.00,$0.00,$0.00,$0.00,$4690.00,$3455.00,$6730.00,499,
276,NQ 06-26,Backtest,Tom3,Short,1,17621.25,17345.25,2/11/2022 5:40:00 PM,2/11/2022 10:58:00 PM,Sell short,ExitOnClose,$5520.00,$106190.00,$0.00,$0.00,$0.00,$0.00,$0.00,$1200.00,$7160.00,$1640.00,319,
277,NQ 06-26,Backtest,Tom3,Long,1,17271.25,17338.25,2/14/2022 12:16:00 AM,2/14/2022 10:58:00 PM,Buy,ExitOnClose,$1340.00,$107530.00,$0.00,$0.00,$0.00,$0.00,$0.00,$3160.00,$4100.00,$2760.00,1363,
278,NQ 06-26,Backtest,Tom3,Long,1,17495.25,17663.25,2/15/2022 9:26:00 AM,2/15/2022 10:58:00 PM,Buy,ExitOnClose,$3360.00,$110890.00,$0.00,$0.00,$0.00,$0.00,$0.00,$270.00,$4035.00,$675.00,813,
279,NQ 06-26,Backtest,Tom3,Short,1,17532.25,17672.25,2/16/2022 3:42:00 PM,2/16/2022 10:58:00 PM,Sell short,ExitOnClose,($2800.00),$108090.00,$0.00,$0.00,$0.00,$0.00,$0.00,$3900.00,$1380.00,$4180.00,437,
280,NQ 06-26,Backtest,Tom3,Long,1,17554.75,17242.50,2/17/2022 5:11:00 AM,2/17/2022 10:58:00 PM,Buy,ExitOnClose,($6245.00),$101845.00,$0.00,$0.00,$0.00,$0.00,$0.00,$6820.00,$2235.00,$8480.00,1068,
281,NQ 06-26,Backtest,Tom3,Short,1,17138.00,17078.00,2/18/2022 4:34:00 PM,2/18/2022 10:58:00 PM,Sell short,ExitOnClose,$1200.00,$103045.00,$0.00,$0.00,$0.00,$0.00,$0.00,$1760.00,$2990.00,$1790.00,385,
282,NQ 06-26,Backtest,Tom3,Long,1,16963.50,16819.50,2/21/2022 12:08:00 AM,2/21/2022 6:58:00 PM,Buy,ExitOnClose,($2880.00),$100165.00,$0.00,$0.00,$0.00,$0.00,$0.00,$2890.00,$5525.00,$8405.00,1131,
283,NQ 06-26,Backtest,Tom3,Long,1,16715.00,17005.50,2/22/2022 12:04:00 AM,2/22/2022 10:58:00 PM,Buy,ExitOnClose,$5810.00,$105975.00,$0.00,$0.00,$0.00,$0.00,$0.00,$720.00,$9510.00,$3700.00,1375,
284,NQ 06-26,Backtest,Tom3,Short,1,16937.75,16565.00,2/23/2022 4:04:00 PM,2/23/2022 10:58:00 PM,Sell short,ExitOnClose,$7455.00,$113430.00,$0.00,$0.00,$0.00,$0.00,$0.00,$630.00,$7685.00,$230.00,415,
285,NQ 06-26,Backtest,Tom3,Long,1,16589.75,17027.75,2/24/2022 12:02:00 AM,2/24/2022 10:58:00 PM,Buy,ExitOnClose,$8760.00,$122190.00,$0.00,$0.00,$0.00,$0.00,$0.00,$9635.00,$9515.00,$755.00,1377,
286,NQ 06-26,Backtest,Tom3,Long,1,16983.50,17270.25,2/25/2022 12:02:00 AM,2/25/2022 10:58:00 PM,Buy,ExitOnClose,$5735.00,$127925.00,$0.00,$0.00,$0.00,$0.00,$0.00,$2820.00,$5900.00,$165.00,1377,
287,NQ 06-26,Backtest,Tom3,Long,1,16801.75,17300.75,2/28/2022 12:05:00 AM,2/28/2022 10:58:00 PM,Buy,ExitOnClose,$9980.00,$137905.00,$0.00,$0.00,$0.00,$0.00,$0.00,$0.00,$11455.00,$1475.00,1374,
288,NQ 06-26,Backtest,Tom3,Short,1,17215.00,17111.25,3/1/2022 10:40:00 AM,3/1/2022 10:58:00 PM,Sell short,ExitOnClose,$2075.00,$139980.00,$0.00,$0.00,$0.00,$0.00,$0.00,$2805.00,$4655.00,$2580.00,739,
289,NQ 06-26,Backtest,Tom3,Long,1,17009.00,17275.75,3/2/2022 8:20:00 AM,3/2/2022 10:58:00 PM,Buy,ExitOnClose,$5335.00,$145315.00,$0.00,$0.00,$0.00,$0.00,$0.00,$305.00,$7265.00,$1930.00,879,
290,NQ 06-26,Backtest,Tom3,Long,1,17449.00,17144.50,3/3/2022 3:04:00 PM,3/3/2022 10:58:00 PM,Buy,ExitOnClose,($6090.00),$139225.00,$0.00,$0.00,$0.00,$0.00,$0.00,$8235.00,$485.00,$6575.00,475,
291,NQ 06-26,Backtest,Tom3,Long,1,17012.75,16884.50,3/4/2022 1:34:00 AM,3/4/2022 10:58:00 PM,Buy,ExitOnClose,($2565.00),$136660.00,$0.00,$0.00,$0.00,$0.00,$0.00,$3935.00,$2595.00,$5160.00,1285,
292,NQ 06-26,Backtest,Tom3,Long,1,16746.75,16359.25,3/7/2022 12:10:00 AM,3/7/2022 10:58:00 PM,Buy,ExitOnClose,($7750.00),$128910.00,$0.00,$0.00,$0.00,$0.00,$0.00,$7990.00,$4305.00,$12055.00,1369,
293,NQ 06-26,Backtest,Tom3,Long,1,16355.75,16277.50,3/8/2022 12:02:00 AM,3/8/2022 10:58:00 PM,Buy,ExitOnClose,($1565.00),$127345.00,$0.00,$0.00,$0.00,$0.00,$0.00,$3405.00,$7850.00,$9415.00,1377,
294,NQ 06-26,Backtest,Tom3,Long,1,16299.25,16858.25,3/9/2022 12:02:00 AM,3/9/2022 10:58:00 PM,Buy,ExitOnClose,$11180.00,$138525.00,$0.00,$0.00,$0.00,$0.00,$0.00,$220.00,$12095.00,$915.00,1377,
295,NQ 06-26,Backtest,Tom3,Long,1,16515.75,16654.50,3/10/2022 5:06:00 PM,3/10/2022 10:58:00 PM,Buy,ExitOnClose,$2775.00,$141300.00,$0.00,$0.00,$0.00,$0.00,$0.00,$780.00,$4065.00,$1290.00,341,
296,NQ 06-26,Backtest,Tom3,Short,1,16737.50,16392.25,3/11/2022 8:14:00 AM,3/11/2022 10:58:00 PM,Sell short,ExitOnClose,$6905.00,$148205.00,$0.00,$0.00,$0.00,$0.00,$0.00,$4135.00,$7475.00,$570.00,885,
297,NQ 06-26,Backtest,Tom3,Short,1,16332.75,16164.00,3/14/2022 12:51:00 PM,3/14/2022 9:58:00 PM,Sell short,ExitOnClose,$3375.00,$151580.00,$0.00,$0.00,$0.00,$0.00,$0.00,$2855.00,$4620.00,$1245.00,548,
298,NQ 06-26,Backtest,Tom3,Long,1,16065.25,16531.75,3/15/2022 8:22:00 AM,3/15/2022 9:58:00 PM,Buy,ExitOnClose,$9330.00,$160910.00,$0.00,$0.00,$0.00,$0.00,$0.00,$730.00,$10150.00,$820.00,817,
299,NQ 06-26,Backtest,Tom3,Long,1,16643.75,17085.50,3/16/2022 6:54:00 AM,3/16/2022 9:58:00 PM,Buy,ExitOnClose,$8835.00,$169745.00,$0.00,$0.00,$0.00,$0.00,$0.00,$1890.00,$9365.00,$530.00,905,
300,NQ 06-26,Backtest,Tom3,Long,1,17070.75,17134.50,3/16/2022 11:02:00 PM,3/17/2022 9:58:00 PM,Buy,ExitOnClose,$1275.00,$171020.00,$0.00,$0.00,$0.00,$0.00,$0.00,$3310.00,$2960.00,$1685.00,1377,
301,NQ 06-26,Backtest,Tom3,Long,1,17237.75,17522.00,3/18/2022 3:01:00 PM,3/18/2022 9:58:00 PM,Buy,ExitOnClose,$5685.00,$176705.00,$0.00,$0.00,$0.00,$0.00,$0.00,$255.00,$5825.00,$140.00,418,
302,NQ 06-26,Backtest,Tom3,Short,1,17344.25,17477.25,3/21/2022 3:17:00 PM,3/21/2022 9:58:00 PM,Sell short,ExitOnClose,($2660.00),$174045.00,$0.00,$0.00,$0.00,$0.00,$0.00,$3935.00,$1485.00,$4145.00,402,
303,NQ 06-26,Backtest,Tom3,Long,1,17609.25,17742.00,3/22/2022 3:08:00 PM,3/22/2022 9:58:00 PM,Buy,ExitOnClose,$2655.00,$176700.00,$0.00,$0.00,$0.00,$0.00,$0.00,$90.00,$3355.00,$700.00,411,
304,NQ 06-26,Backtest,Tom3,Short,1,17716.00,17848.75,3/24/2022 4:37:00 PM,3/24/2022 9:58:00 PM,Sell short,ExitOnClose,($2655.00),$174045.00,$0.00,$0.00,$0.00,$0.00,$0.00,$2800.00,$935.00,$3590.00,322,
305,NQ 06-26,Backtest,Tom3,Short,1,17739.00,17836.25,3/25/2022 4:18:00 PM,3/25/2022 9:58:00 PM,Sell short,ExitOnClose,($1945.00),$172100.00,$0.00,$0.00,$0.00,$0.00,$0.00,$2130.00,$1605.00,$3550.00,341,
306,NQ 06-26,Backtest,Tom3,Long,1,17966.00,18068.25,3/28/2022 3:56:00 PM,3/28/2022 10:58:00 PM,Buy,ExitOnClose,$2045.00,$174145.00,$0.00,$0.00,$0.00,$0.00,$0.00,$3575.00,$2345.00,$300.00,423,
307,NQ 06-26,Backtest,Tom3,Long,1,18239.50,18316.75,3/29/2022 2:34:00 PM,3/29/2022 10:58:00 PM,Buy,ExitOnClose,$1545.00,$175690.00,$0.00,$0.00,$0.00,$0.00,$0.00,$2415.00,$2310.00,$765.00,505,
308,NQ 06-26,Backtest,Tom3,Long,1,18104.25,18195.00,3/30/2022 9:25:00 PM,3/30/2022 10:58:00 PM,Buy,ExitOnClose,$1815.00,$177505.00,$0.00,$0.00,$0.00,$0.00,$0.00,$115.00,$1920.00,$105.00,94,
309,NQ 06-26,Backtest,Tom3,Long,1,18078.50,18001.00,3/31/2022 3:49:00 PM,3/31/2022 10:58:00 PM,Buy,ExitOnClose,($1550.00),$175955.00,$0.00,$0.00,$0.00,$0.00,$0.00,$2735.00,$2060.00,$3610.00,430,
310,NQ 06-26,Backtest,Tom3,Long,1,17843.75,17930.25,4/1/2022 6:00:00 PM,4/1/2022 10:58:00 PM,Buy,ExitOnClose,$1730.00,$177685.00,$0.00,$0.00,$0.00,$0.00,$0.00,$650.00,$2290.00,$560.00,299,
311,NQ 06-26,Backtest,Tom3,Long,1,18136.25,18249.75,4/4/2022 3:57:00 PM,4/4/2022 10:58:00 PM,Buy,ExitOnClose,$2270.00,$179955.00,$0.00,$0.00,$0.00,$0.00,$0.00,$850.00,$2490.00,$220.00,422,
312,NQ 06-26,Backtest,Tom3,Long,1,18065.25,17944.75,4/5/2022 4:13:00 PM,4/5/2022 10:58:00 PM,Buy,ExitOnClose,($2410.00),$177545.00,$0.00,$0.00,$0.00,$0.00,$0.00,$3975.00,$135.00,$2545.00,406,
313,NQ 06-26,Backtest,Tom3,Long,1,17690.25,17581.00,4/6/2022 1:32:00 PM,4/6/2022 10:58:00 PM,Buy,ExitOnClose,($2185.00),$175360.00,$0.00,$0.00,$0.00,$0.00,$0.00,$4185.00,$975.00,$3160.00,567,
314,NQ 06-26,Backtest,Tom3,Short,1,17493.25,17623.50,4/7/2022 5:40:00 PM,4/7/2022 10:58:00 PM,Sell short,ExitOnClose,($2605.00),$172755.00,$0.00,$0.00,$0.00,$0.00,$0.00,$4535.00,$1800.00,$4405.00,319,
315,NQ 06-26,Backtest,Tom3,Short,1,17500.00,17415.50,4/8/2022 3:35:00 PM,4/8/2022 10:58:00 PM,Sell short,ExitOnClose,$1690.00,$174445.00,$0.00,$0.00,$0.00,$0.00,$0.00,$1690.00,$2065.00,$375.00,444,
316,NQ 06-26,Backtest,Tom3,Long,1,17135.25,17090.25,4/11/2022 4:47:00 PM,4/11/2022 10:58:00 PM,Buy,ExitOnClose,($900.00),$173545.00,$0.00,$0.00,$0.00,$0.00,$0.00,$1285.00,$1645.00,$2545.00,372,
317,NQ 06-26,Backtest,Tom3,Short,1,17285.00,17037.25,4/12/2022 2:36:00 PM,4/12/2022 10:58:00 PM,Sell short,ExitOnClose,$4955.00,$178500.00,$0.00,$0.00,$0.00,$0.00,$0.00,$1710.00,$6350.00,$1395.00,503,
318,NQ 06-26,Backtest,Tom3,Short,1,17232.75,17301.50,4/13/2022 5:16:00 PM,4/13/2022 10:58:00 PM,Sell short,ExitOnClose,($1375.00),$177125.00,$0.00,$0.00,$0.00,$0.00,$0.00,$2400.00,$400.00,$1775.00,343,
319,NQ 06-26,Backtest,Tom3,Long,1,17151.00,16981.50,4/14/2022 4:08:00 PM,4/14/2022 10:58:00 PM,Buy,ExitOnClose,($3390.00),$173735.00,$0.00,$0.00,$0.00,$0.00,$0.00,$3765.00,$440.00,$3830.00,411,
320,NQ 06-26,Backtest,Tom3,Long,1,16913.50,17046.25,4/18/2022 12:09:00 AM,4/18/2022 10:58:00 PM,Buy,ExitOnClose,$2655.00,$176390.00,$0.00,$0.00,$0.00,$0.00,$0.00,$1955.00,$3505.00,$850.00,1370,
321,NQ 06-26,Backtest,Tom3,Long,1,16928.50,17178.00,4/19/2022 11:30:00 AM,4/19/2022 10:58:00 PM,Buy,ExitOnClose,$4990.00,$181380.00,$0.00,$0.00,$0.00,$0.00,$0.00,$285.00,$7995.00,$3005.00,689,
322,NQ 06-26,Backtest,Tom3,Short,1,17366.25,17157.25,4/20/2022 2:08:00 PM,4/20/2022 10:58:00 PM,Sell short,ExitOnClose,$4180.00,$185560.00,$0.00,$0.00,$0.00,$0.00,$0.00,$265.00,$6470.00,$2290.00,531,
323,NQ 06-26,Backtest,Tom3,Short,1,17125.50,16805.75,4/21/2022 5:42:00 PM,4/21/2022 10:58:00 PM,Sell short,ExitOnClose,$6395.00,$191955.00,$0.00,$0.00,$0.00,$0.00,$0.00,$60.00,$7435.00,$1040.00,317,
324,NQ 06-26,Backtest,Tom3,Short,1,16677.25,16403.25,4/22/2022 4:31:00 PM,4/22/2022 10:58:00 PM,Sell short,ExitOnClose,$5480.00,$197435.00,$0.00,$0.00,$0.00,$0.00,$0.00,$1650.00,$5880.00,$400.00,388,
325,NQ 06-26,Backtest,Tom3,Long,1,16414.50,16613.25,4/25/2022 12:02:00 AM,4/25/2022 10:58:00 PM,Buy,ExitOnClose,$3975.00,$201410.00,$0.00,$0.00,$0.00,$0.00,$0.00,$2885.00,$4430.00,$455.00,1377,
326,NQ 06-26,Backtest,Tom3,Short,1,16421.75,15911.50,4/26/2022 3:42:00 PM,4/26/2022 10:58:00 PM,Sell short,ExitOnClose,$10205.00,$211615.00,$0.00,$0.00,$0.00,$0.00,$0.00,$380.00,$10680.00,$475.00,437,
327,NQ 06-26,Backtest,Tom3,Long,1,15968.50,16256.50,4/27/2022 12:02:00 AM,4/27/2022 10:58:00 PM,Buy,ExitOnClose,$5760.00,$217375.00,$0.00,$0.00,$0.00,$0.00,$0.00,$80.00,$7460.00,$1700.00,1377,
328,NQ 06-26,Backtest,Tom3,Long,1,16413.00,16416.00,4/28/2022 9:38:00 AM,4/28/2022 10:58:00 PM,Buy,ExitOnClose,$60.00,$217435.00,$0.00,$0.00,$0.00,$0.00,$0.00,$5875.00,$4305.00,$4245.00,801,
329,NQ 06-26,Backtest,Tom3,Long,1,16288.25,15975.50,4/29/2022 12:03:00 AM,4/29/2022 10:58:00 PM,Buy,ExitOnClose,($6255.00),$211180.00,$0.00,$0.00,$0.00,$0.00,$0.00,$7405.00,$4620.00,$10875.00,1376,
330,NQ 06-26,Backtest,Tom3,Long,1,15906.75,16136.75,5/2/2022 12:30:00 AM,5/2/2022 10:58:00 PM,Buy,ExitOnClose,$4600.00,$215780.00,$0.00,$0.00,$0.00,$0.00,$0.00,$2215.00,$5280.00,$680.00,1349,
331,NQ 06-26,Backtest,Tom3,Long,1,16134.50,16202.50,5/3/2022 12:02:00 AM,5/3/2022 10:58:00 PM,Buy,ExitOnClose,$1360.00,$217140.00,$0.00,$0.00,$0.00,$0.00,$0.00,$1595.00,$2710.00,$1350.00,1377,
332,NQ 06-26,Backtest,Tom3,Long,1,16062.00,16577.75,5/4/2022 4:08:00 PM,5/4/2022 10:58:00 PM,Buy,ExitOnClose,$10315.00,$227455.00,$0.00,$0.00,$0.00,$0.00,$0.00,$1855.00,$11590.00,$1275.00,411,
333,NQ 06-26,Backtest,Tom3,Long,1,16592.75,15993.25,5/5/2022 12:02:00 AM,5/5/2022 10:58:00 PM,Buy,ExitOnClose,($11990.00),$215465.00,$0.00,$0.00,$0.00,$0.00,$0.00,$16025.00,$830.00,$12820.00,1377,
334,NQ 06-26,Backtest,Tom3,Short,1,15679.50,15756.75,5/6/2022 3:41:00 PM,5/6/2022 10:58:00 PM,Sell short,ExitOnClose,($1545.00),$213920.00,$0.00,$0.00,$0.00,$0.00,$0.00,$6710.00,$1485.00,$3030.00,438,
335,NQ 06-26,Backtest,Tom3,Long,1,15472.50,15291.25,5/9/2022 12:45:00 PM,5/9/2022 10:58:00 PM,Buy,ExitOnClose,($3625.00),$210295.00,$0.00,$0.00,$0.00,$0.00,$0.00,$5020.00,$3390.00,$7015.00,614,
336,NQ 06-26,Backtest,Tom3,Long,1,15212.00,15416.75,5/10/2022 2:28:00 AM,5/10/2022 10:58:00 PM,Buy,ExitOnClose,$4095.00,$214390.00,$0.00,$0.00,$0.00,$0.00,$0.00,$55.00,$8425.00,$4330.00,1231,
337,NQ 06-26,Backtest,Tom3,Short,1,15361.25,15097.25,5/11/2022 2:37:00 PM,5/11/2022 10:58:00 PM,Sell short,ExitOnClose,$5280.00,$219670.00,$0.00,$0.00,$0.00,$0.00,$0.00,$4070.00,$6730.00,$1450.00,502,
338,NQ 06-26,Backtest,Tom3,Short,1,15040.75,14952.00,5/12/2022 4:21:00 PM,5/12/2022 10:58:00 PM,Sell short,ExitOnClose,$1775.00,$221445.00,$0.00,$0.00,$0.00,$0.00,$0.00,$3565.00,$5310.00,$3535.00,398,
339,NQ 06-26,Backtest,Tom3,Long,1,15104.50,15448.00,5/13/2022 1:48:00 AM,5/13/2022 10:58:00 PM,Buy,ExitOnClose,$6870.00,$228315.00,$0.00,$0.00,$0.00,$0.00,$0.00,$230.00,$8275.00,$1405.00,1271,
340,NQ 06-26,Backtest,Tom3,Long,1,15561.75,15320.25,5/16/2022 12:16:00 AM,5/16/2022 10:58:00 PM,Buy,ExitOnClose,($4830.00),$223485.00,$0.00,$0.00,$0.00,$0.00,$0.00,$5705.00,$465.00,$5295.00,1363,
341,NQ 06-26,Backtest,Tom3,Long,1,15546.75,15662.00,5/17/2022 10:22:00 AM,5/17/2022 10:58:00 PM,Buy,ExitOnClose,$2305.00,$225790.00,$0.00,$0.00,$0.00,$0.00,$0.00,$2640.00,$2350.00,$45.00,757,
342,NQ 06-26,Backtest,Tom3,Short,1,15379.75,14982.50,5/18/2022 3:59:00 PM,5/18/2022 10:58:00 PM,Sell short,ExitOnClose,$7945.00,$233735.00,$0.00,$0.00,$0.00,$0.00,$0.00,$1335.00,$8615.00,$670.00,420,
343,NQ 06-26,Backtest,Tom3,Short,1,14842.00,14988.50,5/19/2022 9:38:00 AM,5/19/2022 10:58:00 PM,Sell short,ExitOnClose,($2930.00),$230805.00,$0.00,$0.00,$0.00,$0.00,$0.00,$6420.00,$1035.00,$3965.00,801,
344,NQ 06-26,Backtest,Tom3,Short,1,14990.00,14922.25,5/20/2022 4:15:00 PM,5/20/2022 10:58:00 PM,Sell short,ExitOnClose,$1355.00,$232160.00,$0.00,$0.00,$0.00,$0.00,$0.00,$1000.00,$8250.00,$6895.00,404,
345,NQ 06-26,Backtest,Tom3,Long,1,14984.25,15142.50,5/23/2022 12:02:00 AM,5/23/2022 10:58:00 PM,Buy,ExitOnClose,$3165.00,$235325.00,$0.00,$0.00,$0.00,$0.00,$0.00,$2285.00,$3550.00,$385.00,1376,
346,NQ 06-26,Backtest,Tom3,Long,1,14920.00,14894.75,5/24/2022 12:09:00 AM,5/24/2022 10:58:00 PM,Buy,ExitOnClose,($505.00),$234820.00,$0.00,$0.00,$0.00,$0.00,$0.00,$5150.00,$1285.00,$1790.00,1370,
347,NQ 06-26,Backtest,Tom3,Short,1,14968.75,14972.00,5/25/2022 4:30:00 PM,5/25/2022 10:58:00 PM,Sell short,ExitOnClose,($65.00),$234755.00,$0.00,$0.00,$0.00,$0.00,$0.00,$3070.00,$2240.00,$2305.00,389,
348,NQ 06-26,Backtest,Tom3,Long,1,15196.25,15346.75,5/26/2022 3:55:00 PM,5/26/2022 10:58:00 PM,Buy,ExitOnClose,$3010.00,$237765.00,$0.00,$0.00,$0.00,$0.00,$0.00,$385.00,$4660.00,$1650.00,424,
349,NQ 06-26,Backtest,Tom3,Long,1,15581.50,15803.75,5/27/2022 3:40:00 PM,5/27/2022 10:58:00 PM,Buy,ExitOnClose,$4445.00,$242210.00,$0.00,$0.00,$0.00,$0.00,$0.00,$925.00,$4500.00,$55.00,439,
350,NQ 06-26,Backtest,Tom3,Long,1,15623.75,15739.50,5/31/2022 4:04:00 PM,5/31/2022 10:58:00 PM,Buy,ExitOnClose,$2315.00,$244525.00,$0.00,$0.00,$0.00,$0.00,$0.00,$1150.00,$4620.00,$2305.00,415,
351,NQ 06-26,Backtest,Tom3,Short,1,15894.75,15620.50,6/1/2022 3:39:00 PM,6/1/2022 10:58:00 PM,Sell short,ExitOnClose,$5485.00,$250010.00,$0.00,$0.00,$0.00,$0.00,$0.00,$300.00,$7075.00,$1590.00,440,
352,NQ 06-26,Backtest,Tom3,Short,1,15596.00,15986.50,6/2/2022 3:26:00 PM,6/2/2022 10:58:00 PM,Sell short,ExitOnClose,($7810.00),$242200.00,$0.00,$0.00,$0.00,$0.00,$0.00,$7880.00,$1345.00,$9155.00,453,
353,NQ 06-26,Backtest,Tom3,Short,1,15710.25,15635.75,6/3/2022 3:46:00 PM,6/3/2022 10:58:00 PM,Sell short,ExitOnClose,$1490.00,$243690.00,$0.00,$0.00,$0.00,$0.00,$0.00,$2145.00,$2420.00,$930.00,433,
354,NQ 06-26,Backtest,Tom3,Short,1,15730.00,15694.50,6/6/2022 5:36:00 PM,6/6/2022 10:58:00 PM,Sell short,ExitOnClose,$710.00,$244400.00,$0.00,$0.00,$0.00,$0.00,$0.00,$855.00,$2220.00,$1510.00,323,
355,NQ 06-26,Backtest,Tom3,Short,1,15714.75,15767.00,6/7/2022 4:36:00 PM,6/7/2022 10:58:00 PM,Sell short,ExitOnClose,($1045.00),$243355.00,$0.00,$0.00,$0.00,$0.00,$0.00,$2235.00,$1330.00,$2375.00,383,
356,NQ 06-26,Backtest,Tom3,Short,1,15500.00,15382.75,6/9/2022 9:05:00 PM,6/9/2022 10:58:00 PM,Sell short,ExitOnClose,$2345.00,$245700.00,$0.00,$0.00,$0.00,$0.00,$0.00,$30.00,$3270.00,$925.00,113,
357,NQ 06-26,Backtest,Tom3,Long,1,15383.50,14939.25,6/10/2022 12:02:00 AM,6/10/2022 10:58:00 PM,Buy,ExitOnClose,($8885.00),$236815.00,$0.00,$0.00,$0.00,$0.00,$0.00,$9655.00,$735.00,$9620.00,1374,
358,NQ 06-26,Backtest,Tom3,Long,1,14790.50,14408.00,6/13/2022 12:06:00 AM,6/13/2022 10:58:00 PM,Buy,ExitOnClose,($7650.00),$229165.00,$0.00,$0.00,$0.00,$0.00,$0.00,$9075.00,$265.00,$7915.00,1373,
359,NQ 06-26,Backtest,Tom3,Short,1,14727.00,14685.00,6/15/2022 8:49:00 PM,6/15/2022 10:58:00 PM,Sell short,ExitOnClose,$840.00,$230005.00,$0.00,$0.00,$0.00,$0.00,$0.00,$2375.00,$2310.00,$1470.00,130,
360,NQ 06-26,Backtest,Tom3,Short,1,14566.25,14251.50,6/16/2022 8:36:00 AM,6/16/2022 10:58:00 PM,Sell short,ExitOnClose,$6295.00,$236300.00,$0.00,$0.00,$0.00,$0.00,$0.00,$50.00,$8925.00,$2630.00,863,
361,NQ 06-26,Backtest,Tom3,Short,1,14202.50,14358.25,6/17/2022 4:43:00 PM,6/17/2022 10:58:00 PM,Sell short,ExitOnClose,($3115.00),$233185.00,$0.00,$0.00,$0.00,$0.00,$0.00,$4900.00,$640.00,$3755.00,376,
362,NQ 06-26,Backtest,Tom3,Long,1,14652.25,14639.00,6/21/2022 3:58:00 PM,6/21/2022 10:58:00 PM,Buy,ExitOnClose,($265.00),$232920.00,$0.00,$0.00,$0.00,$0.00,$0.00,$775.00,$1550.00,$1815.00,421,
363,NQ 06-26,Backtest,Tom3,Long,1,14388.50,14594.00,6/22/2022 9:25:00 AM,6/22/2022 10:58:00 PM,Buy,ExitOnClose,$4110.00,$237030.00,$0.00,$0.00,$0.00,$0.00,$0.00,$330.00,$8175.00,$4065.00,814,
364,NQ 06-26,Backtest,Tom3,Short,1,14817.75,14738.25,6/23/2022 9:53:00 PM,6/23/2022 10:58:00 PM,Sell short,ExitOnClose,$1590.00,$238620.00,$0.00,$0.00,$0.00,$0.00,$0.00,$10.00,$1700.00,$110.00,66,
365,NQ 06-26,Backtest,Tom3,Long,1,15022.25,15169.25,6/24/2022 3:51:00 PM,6/24/2022 10:58:00 PM,Buy,ExitOnClose,$2940.00,$241560.00,$0.00,$0.00,$0.00,$0.00,$0.00,$605.00,$3555.00,$615.00,428,
366,NQ 06-26,Backtest,Tom3,Short,1,15094.00,15124.25,6/27/2022 3:48:00 PM,6/27/2022 10:58:00 PM,Sell short,ExitOnClose,($605.00),$240955.00,$0.00,$0.00,$0.00,$0.00,$0.00,$2180.00,$965.00,$1570.00,431,
367,NQ 06-26,Backtest,Tom3,Short,1,15026.50,14731.25,6/28/2022 4:38:00 PM,6/28/2022 10:58:00 PM,Sell short,ExitOnClose,$5905.00,$246860.00,$0.00,$0.00,$0.00,$0.00,$0.00,$325.00,$6270.00,$365.00,381,
368,NQ 06-26,Backtest,Tom3,Long,1,14563.50,14572.00,6/30/2022 8:39:00 AM,6/30/2022 10:58:00 PM,Buy,ExitOnClose,$170.00,$247030.00,$0.00,$0.00,$0.00,$0.00,$0.00,$3220.00,$3460.00,$3290.00,860,
369,NQ 06-26,Backtest,Tom3,Long,1,14792.00,14865.50,7/5/2022 1:08:00 AM,7/5/2022 10:58:00 PM,Buy,ExitOnClose,$1470.00,$248500.00,$0.00,$0.00,$0.00,$0.00,$0.00,$7025.00,$1505.00,$35.00,1311,
370,NQ 06-26,Backtest,Tom3,Long,1,15004.75,14954.25,7/6/2022 9:19:00 PM,7/6/2022 10:58:00 PM,Buy,ExitOnClose,($1010.00),$247490.00,$0.00,$0.00,$0.00,$0.00,$0.00,$2105.00,$420.00,$1430.00,100,
371,NQ 06-26,Backtest,Tom3,Long,1,15091.25,15171.50,7/7/2022 3:59:00 PM,7/7/2022 10:58:00 PM,Buy,ExitOnClose,$1605.00,$249095.00,$0.00,$0.00,$0.00,$0.00,$0.00,$990.00,$2575.00,$970.00,420,
372,NQ 06-26,Backtest,Tom3,Short,1,15235.00,15212.25,7/8/2022 5:11:00 PM,7/8/2022 10:58:00 PM,Sell short,ExitOnClose,$455.00,$249550.00,$0.00,$0.00,$0.00,$0.00,$0.00,$550.00,$2900.00,$2445.00,348,
373,NQ 06-26,Backtest,Tom3,Long,1,14963.75,14957.25,7/11/2022 3:45:00 PM,7/11/2022 10:58:00 PM,Buy,ExitOnClose,($130.00),$249420.00,$0.00,$0.00,$0.00,$0.00,$0.00,$1185.00,$1850.00,$1980.00,434,
374,NQ 06-26,Backtest,Tom3,Short,1,15062.00,14830.50,7/12/2022 3:41:00 PM,7/12/2022 10:58:00 PM,Sell short,ExitOnClose,$4630.00,$254050.00,$0.00,$0.00,$0.00,$0.00,$0.00,$200.00,$5970.00,$1340.00,438,
375,NQ 06-26,Backtest,Tom3,Long,1,14582.75,14784.50,7/13/2022 2:36:00 PM,7/13/2022 10:58:00 PM,Buy,ExitOnClose,$4035.00,$258085.00,$0.00,$0.00,$0.00,$0.00,$0.00,$1040.00,$6465.00,$2430.00,503,
376,NQ 06-26,Backtest,Tom3,Long,1,14575.00,14859.75,7/14/2022 4:09:00 PM,7/14/2022 10:58:00 PM,Buy,ExitOnClose,$5695.00,$263780.00,$0.00,$0.00,$0.00,$0.00,$0.00,$245.00,$6230.00,$535.00,410,
377,NQ 06-26,Backtest,Tom3,Long,1,15024.50,15071.00,7/15/2022 3:34:00 PM,7/15/2022 10:58:00 PM,Buy,ExitOnClose,$930.00,$264710.00,$0.00,$0.00,$0.00,$0.00,$0.00,$2390.00,$970.00,$40.00,445,
378,NQ 06-26,Backtest,Tom3,Short,1,15084.75,14964.75,7/18/2022 7:52:00 PM,7/18/2022 10:58:00 PM,Sell short,ExitOnClose,$2400.00,$267110.00,$0.00,$0.00,$0.00,$0.00,$0.00,$105.00,$3525.00,$1125.00,187,
379,NQ 06-26,Backtest,Tom3,Short,1,15195.50,15372.00,7/19/2022 4:55:00 PM,7/19/2022 10:58:00 PM,Sell short,ExitOnClose,($3530.00),$263580.00,$0.00,$0.00,$0.00,$0.00,$0.00,$3690.00,$275.00,$3805.00,364,
380,NQ 06-26,Backtest,Tom3,Long,1,15470.25,15480.25,7/20/2022 4:36:00 PM,7/20/2022 10:58:00 PM,Buy,ExitOnClose,$200.00,$263780.00,$0.00,$0.00,$0.00,$0.00,$0.00,$1215.00,$1975.00,$1775.00,383,
381,NQ 06-26,Backtest,Tom3,Short,1,15639.00,15614.25,7/21/2022 6:26:00 PM,7/21/2022 10:58:00 PM,Sell short,ExitOnClose,$495.00,$264275.00,$0.00,$0.00,$0.00,$0.00,$0.00,$1355.00,$840.00,$345.00,273,
382,NQ 06-26,Backtest,Tom3,Long,1,15509.25,15477.50,7/22/2022 5:36:00 PM,7/22/2022 10:58:00 PM,Buy,ExitOnClose,($635.00),$263640.00,$0.00,$0.00,$0.00,$0.00,$0.00,$2280.00,$350.00,$985.00,323,
383,NQ 06-26,Backtest,Tom3,Long,1,15376.00,15381.50,7/25/2022 4:21:00 PM,7/25/2022 10:58:00 PM,Buy,ExitOnClose,$110.00,$263750.00,$0.00,$0.00,$0.00,$0.00,$0.00,$1160.00,$1650.00,$1540.00,398,
384,NQ 06-26,Backtest,Tom3,Long,1,15210.25,15244.50,7/26/2022 4:39:00 PM,7/26/2022 10:58:00 PM,Buy,ExitOnClose,$685.00,$264435.00,$0.00,$0.00,$0.00,$0.00,$0.00,$1735.00,$900.00,$215.00,380,
385,NQ 06-26,Backtest,Tom3,Long,1,15330.50,15628.25,7/27/2022 12:10:00 AM,7/27/2022 10:58:00 PM,Buy,ExitOnClose,$5955.00,$270390.00,$0.00,$0.00,$0.00,$0.00,$0.00,$830.00,$8220.00,$2265.00,1368,
386,NQ 06-26,Backtest,Tom3,Short,1,15712.75,15972.50,7/28/2022 5:29:00 PM,7/28/2022 10:58:00 PM,Sell short,ExitOnClose,($5195.00),$265195.00,$0.00,$0.00,$0.00,$0.00,$0.00,$5735.00,$745.00,$5940.00,330,
387,NQ 06-26,Backtest,Tom3,Long,1,15949.50,16026.50,7/29/2022 12:02:00 AM,7/29/2022 10:58:00 PM,Buy,ExitOnClose,$1540.00,$266735.00,$0.00,$0.00,$0.00,$0.00,$0.00,$3075.00,$2280.00,$740.00,1377,
388,NQ 06-26,Backtest,Tom3,Long,1,16113.25,16030.75,8/1/2022 4:14:00 PM,8/1/2022 10:58:00 PM,Buy,ExitOnClose,($1650.00),$265085.00,$0.00,$0.00,$0.00,$0.00,$0.00,$3285.00,$940.00,$2590.00,405,
389,NQ 06-26,Backtest,Tom3,Long,1,16093.00,15967.25,8/2/2022 6:19:00 PM,8/2/2022 10:58:00 PM,Buy,ExitOnClose,($2515.00),$262570.00,$0.00,$0.00,$0.00,$0.00,$0.00,$3100.00,$1110.00,$3625.00,280,
390,NQ 06-26,Backtest,Tom3,Long,1,16168.25,16302.00,8/3/2022 3:59:00 PM,8/3/2022 10:58:00 PM,Buy,ExitOnClose,$2675.00,$265245.00,$0.00,$0.00,$0.00,$0.00,$0.00,$1120.00,$3870.00,$1195.00,419,
391,NQ 06-26,Backtest,Tom3,Long,1,16252.50,16268.00,8/5/2022 2:44:00 PM,8/5/2022 10:58:00 PM,Buy,ExitOnClose,$310.00,$265555.00,$0.00,$0.00,$0.00,$0.00,$0.00,$2320.00,$2180.00,$1870.00,495,
392,NQ 06-26,Backtest,Tom3,Short,1,16272.50,16257.25,8/8/2022 5:50:00 PM,8/8/2022 10:58:00 PM,Sell short,ExitOnClose,$305.00,$265860.00,$0.00,$0.00,$0.00,$0.00,$0.00,$795.00,$2010.00,$1705.00,309,
393,NQ 06-26,Backtest,Tom3,Long,1,16050.00,16102.25,8/9/2022 4:05:00 PM,8/9/2022 10:58:00 PM,Buy,ExitOnClose,$1045.00,$266905.00,$0.00,$0.00,$0.00,$0.00,$0.00,$705.00,$1375.00,$330.00,414,
394,NQ 06-26,Backtest,Tom3,Long,1,16388.25,16435.00,8/10/2022 2:34:00 PM,8/10/2022 10:58:00 PM,Buy,ExitOnClose,$935.00,$267840.00,$0.00,$0.00,$0.00,$0.00,$0.00,$1980.00,$1425.00,$490.00,505,
395,NQ 06-26,Backtest,Tom3,Short,1,16661.00,16560.50,8/17/2022 8:40:00 PM,8/17/2022 10:58:00 PM,Sell short,ExitOnClose,$2010.00,$269850.00,$0.00,$0.00,$0.00,$0.00,$0.00,$130.00,$2665.00,$655.00,139,
396,NQ 06-26,Backtest,Tom3,Short,1,15976.75,15619.25,8/26/2022 4:33:00 PM,8/26/2022 10:58:00 PM,Sell short,ExitOnClose,$7150.00,$277000.00,$0.00,$0.00,$0.00,$0.00,$0.00,$570.00,$7355.00,$205.00,386,
397,NQ 06-26,Backtest,Tom3,Long,1,15546.00,15554.25,8/29/2022 12:02:00 AM,8/29/2022 10:58:00 PM,Buy,ExitOnClose,$165.00,$277165.00,$0.00,$0.00,$0.00,$0.00,$0.00,$1860.00,$2315.00,$2150.00,1377,
398,NQ 06-26,Backtest,Tom3,Short,1,15532.50,15412.75,8/30/2022 4:01:00 PM,8/30/2022 10:58:00 PM,Sell short,ExitOnClose,$2395.00,$279560.00,$0.00,$0.00,$0.00,$0.00,$0.00,$315.00,$4670.00,$2275.00,418,
399,NQ 06-26,Backtest,Tom3,Long,1,15356.00,15354.00,8/31/2022 5:09:00 PM,8/31/2022 10:58:00 PM,Buy,ExitOnClose,($40.00),$279520.00,$0.00,$0.00,$0.00,$0.00,$0.00,$565.00,$2010.00,$2050.00,350,
400,NQ 06-26,Backtest,Tom3,Long,1,15264.75,15345.75,9/1/2022 12:42:00 AM,9/1/2022 10:58:00 PM,Buy,ExitOnClose,$1620.00,$281140.00,$0.00,$0.00,$0.00,$0.00,$0.00,$3910.00,$1725.00,$105.00,1337,
401,NQ 06-26,Backtest,Tom3,Long,1,15352.75,15181.00,9/2/2022 12:02:00 AM,9/2/2022 10:58:00 PM,Buy,ExitOnClose,($3435.00),$277705.00,$0.00,$0.00,$0.00,$0.00,$0.00,$5220.00,$3205.00,$6640.00,1377,
402,NQ 06-26,Backtest,Tom3,Short,1,15108.00,15066.00,9/6/2022 3:54:00 PM,9/6/2022 10:58:00 PM,Sell short,ExitOnClose,$840.00,$278545.00,$0.00,$0.00,$0.00,$0.00,$0.00,$1740.00,$2530.00,$1690.00,425,
403,NQ 06-26,Backtest,Tom3,Short,1,15293.00,15316.00,9/7/2022 8:08:00 PM,9/7/2022 10:58:00 PM,Sell short,ExitOnClose,($460.00),$278085.00,$0.00,$0.00,$0.00,$0.00,$0.00,$1295.00,$665.00,$1125.00,171,
404,NQ 06-26,Backtest,Tom3,Short,1,15412.50,15395.75,9/8/2022 5:02:00 PM,9/8/2022 10:58:00 PM,Sell short,ExitOnClose,$335.00,$278420.00,$0.00,$0.00,$0.00,$0.00,$0.00,$320.00,$4495.00,$4160.00,355,
405,NQ 06-26,Backtest,Tom3,Long,1,15534.75,15103.75,9/13/2022 2:35:00 PM,9/13/2022 10:58:00 PM,Buy,ExitOnClose,($8620.00),$269800.00,$0.00,$0.00,$0.00,$0.00,$0.00,$9550.00,$905.00,$9525.00,504,
406,NQ 06-26,Backtest,Tom3,Short,1,15012.00,14937.00,9/15/2022 4:56:00 PM,9/15/2022 10:58:00 PM,Sell short,ExitOnClose,$1500.00,$271300.00,$0.00,$0.00,$0.00,$0.00,$0.00,$2275.00,$1990.00,$490.00,363,
407,NQ 06-26,Backtest,Tom3,Long,1,14888.50,14926.00,9/16/2022 12:11:00 AM,9/16/2022 10:58:00 PM,Buy,ExitOnClose,$750.00,$272050.00,$0.00,$0.00,$0.00,$0.00,$0.00,$2700.00,$775.00,$25.00,1368,
408,NQ 06-26,Backtest,Tom3,Short,1,14811.25,14919.50,9/20/2022 8:01:00 PM,9/20/2022 10:58:00 PM,Sell short,ExitOnClose,($2165.00),$269885.00,$0.00,$0.00,$0.00,$0.00,$0.00,$2665.00,$75.00,$2240.00,178,
409,NQ 06-26,Backtest,Tom3,Long,1,14813.00,14646.00,9/21/2022 8:14:00 PM,9/21/2022 10:58:00 PM,Buy,ExitOnClose,($3340.00),$266545.00,$0.00,$0.00,$0.00,$0.00,$0.00,$3810.00,$6050.00,$9390.00,165,
410,NQ 06-26,Backtest,Tom3,Long,1,14648.50,14546.50,9/22/2022 12:02:00 AM,9/22/2022 10:58:00 PM,Buy,ExitOnClose,($2040.00),$264505.00,$0.00,$0.00,$0.00,$0.00,$0.00,$3270.00,$2450.00,$4490.00,1377,
411,NQ 06-26,Backtest,Tom3,Long,1,14382.50,14290.75,9/26/2022 9:36:00 AM,9/26/2022 10:58:00 PM,Buy,ExitOnClose,($1835.00),$262670.00,$0.00,$0.00,$0.00,$0.00,$0.00,$2570.00,$2605.00,$4440.00,803,
412,NQ 06-26,Backtest,Tom3,Short,1,14332.00,14324.50,9/27/2022 6:00:00 PM,9/27/2022 10:58:00 PM,Sell short,ExitOnClose,$150.00,$262820.00,$0.00,$0.00,$0.00,$0.00,$0.00,$135.00,$2470.00,$2320.00,299,
413,NQ 06-26,Backtest,Tom3,Long,1,14185.25,14519.25,9/28/2022 4:14:00 AM,9/28/2022 10:58:00 PM,Buy,ExitOnClose,$6680.00,$269500.00,$0.00,$0.00,$0.00,$0.00,$0.00,$1375.00,$8065.00,$1385.00,1125,
414,NQ 06-26,Backtest,Tom3,Long,1,14360.00,14206.00,9/29/2022 9:29:00 AM,9/29/2022 10:58:00 PM,Buy,ExitOnClose,($3080.00),$266420.00,$0.00,$0.00,$0.00,$0.00,$0.00,$5870.00,$1675.00,$4755.00,810,
415,NQ 06-26,Backtest,Tom3,Short,1,14019.75,14030.25,9/30/2022 9:57:00 PM,9/30/2022 10:58:00 PM,Sell short,ExitOnClose,($210.00),$266210.00,$0.00,$0.00,$0.00,$0.00,$0.00,$775.00,$410.00,$620.00,62,
416,NQ 06-26,Backtest,Tom3,Long,1,13970.25,14283.00,10/3/2022 12:06:00 AM,10/3/2022 10:58:00 PM,Buy,ExitOnClose,$6255.00,$272465.00,$0.00,$0.00,$0.00,$0.00,$0.00,$2090.00,$7260.00,$1005.00,1373,
417,NQ 06-26,Backtest,Tom3,Long,1,14623.75,14622.00,10/4/2022 4:04:00 PM,10/4/2022 10:58:00 PM,Buy,ExitOnClose,($35.00),$272430.00,$0.00,$0.00,$0.00,$0.00,$0.00,$2490.00,$525.00,$560.00,415,
418,NQ 06-26,Backtest,Tom3,Long,1,14375.25,14605.00,10/5/2022 4:21:00 PM,10/5/2022 10:58:00 PM,Buy,ExitOnClose,$4595.00,$277025.00,$0.00,$0.00,$0.00,$0.00,$0.00,$675.00,$6215.00,$1620.00,398,
419,NQ 06-26,Backtest,Tom3,Long,1,14337.25,14071.25,10/7/2022 2:46:00 PM,10/7/2022 10:58:00 PM,Buy,ExitOnClose,($5320.00),$271705.00,$0.00,$0.00,$0.00,$0.00,$0.00,$6380.00,$330.00,$5650.00,493,
420,NQ 06-26,Backtest,Tom3,Short,1,13917.25,13969.75,10/10/2022 4:56:00 PM,10/10/2022 10:58:00 PM,Sell short,ExitOnClose,($1050.00),$270655.00,$0.00,$0.00,$0.00,$0.00,$0.00,$2520.00,$1310.00,$2360.00,363,
421,NQ 06-26,Backtest,Tom3,Short,1,13769.25,13850.50,10/11/2022 4:05:00 PM,10/11/2022 10:58:00 PM,Sell short,ExitOnClose,($1625.00),$269030.00,$0.00,$0.00,$0.00,$0.00,$0.00,$4905.00,$540.00,$2165.00,414,
422,NQ 06-26,Backtest,Tom3,Short,1,13513.75,14039.50,10/13/2022 2:36:00 PM,10/13/2022 10:58:00 PM,Sell short,ExitOnClose,($10515.00),$258515.00,$0.00,$0.00,$0.00,$0.00,$0.00,$12080.00,$1080.00,$11595.00,503,
423,NQ 06-26,Backtest,Tom3,Short,1,13980.50,13725.00,10/14/2022 11:04:00 AM,10/14/2022 10:58:00 PM,Sell short,ExitOnClose,$5110.00,$263625.00,$0.00,$0.00,$0.00,$0.00,$0.00,$4960.00,$5575.00,$465.00,715,
424,NQ 06-26,Backtest,Tom3,Long,1,14016.25,14113.25,10/17/2022 3:35:00 PM,10/17/2022 10:58:00 PM,Buy,ExitOnClose,$1940.00,$265565.00,$0.00,$0.00,$0.00,$0.00,$0.00,$375.00,$2100.00,$160.00,444,
425,NQ 06-26,Backtest,Tom3,Long,1,14286.25,14297.00,10/18/2022 5:55:00 AM,10/18/2022 10:58:00 PM,Buy,ExitOnClose,$215.00,$265780.00,$0.00,$0.00,$0.00,$0.00,$0.00,$4595.00,$2410.00,$2195.00,1024,
426,NQ 06-26,Backtest,Tom3,Long,1,14308.75,14125.75,10/19/2022 12:02:00 AM,10/19/2022 10:58:00 PM,Buy,ExitOnClose,($3660.00),$262120.00,$0.00,$0.00,$0.00,$0.00,$0.00,$5695.00,$980.00,$4640.00,1377,
427,NQ 06-26,Backtest,Tom3,Short,1,14248.50,14034.00,10/20/2022 4:08:00 PM,10/20/2022 10:58:00 PM,Sell short,ExitOnClose,$4290.00,$266410.00,$0.00,$0.00,$0.00,$0.00,$0.00,$1105.00,$4645.00,$355.00,411,
428,NQ 06-26,Backtest,Tom3,Short,1,14086.25,14353.25,10/21/2022 3:57:00 PM,10/21/2022 10:58:00 PM,Sell short,ExitOnClose,($5340.00),$261070.00,$0.00,$0.00,$0.00,$0.00,$0.00,$5500.00,$1205.00,$6545.00,422,
429,NQ 06-26,Backtest,Tom3,Long,1,14452.50,14434.25,10/24/2022 12:04:00 AM,10/24/2022 10:58:00 PM,Buy,ExitOnClose,($365.00),$260705.00,$0.00,$0.00,$0.00,$0.00,$0.00,$5395.00,$1055.00,$1420.00,1375,
430,NQ 06-26,Backtest,Tom3,Long,1,14597.25,14554.50,10/25/2022 3:50:00 PM,10/25/2022 10:58:00 PM,Buy,ExitOnClose,($855.00),$259850.00,$0.00,$0.00,$0.00,$0.00,$0.00,$1650.00,$2235.00,$3090.00,429,
431,NQ 06-26,Backtest,Tom3,Long,1,14459.25,14440.00,10/26/2022 12:05:00 AM,10/26/2022 10:58:00 PM,Buy,ExitOnClose,($385.00),$259465.00,$0.00,$0.00,$0.00,$0.00,$0.00,$1385.00,$4385.00,$4770.00,1374,
432,NQ 06-26,Backtest,Tom3,Long,1,14267.00,14073.00,10/27/2022 4:01:00 PM,10/27/2022 10:58:00 PM,Buy,ExitOnClose,($3880.00),$255585.00,$0.00,$0.00,$0.00,$0.00,$0.00,$7410.00,$3220.00,$7100.00,418,
433,NQ 06-26,Backtest,Tom3,Long,1,14108.00,14596.25,10/28/2022 12:02:00 AM,10/28/2022 10:58:00 PM,Buy,ExitOnClose,$9765.00,$265350.00,$0.00,$0.00,$0.00,$0.00,$0.00,$1420.00,$9805.00,$40.00,1377,
434,NQ 06-26,Backtest,Tom3,Short,1,14350.25,14433.75,10/31/2022 3:37:00 PM,10/31/2022 9:58:00 PM,Sell short,ExitOnClose,($1670.00),$263680.00,$0.00,$0.00,$0.00,$0.00,$0.00,$2760.00,$160.00,$1830.00,382,
435,NQ 06-26,Backtest,Tom3,Long,1,14420.75,14292.75,11/1/2022 3:08:00 PM,11/1/2022 9:58:00 PM,Buy,ExitOnClose,($2560.00),$261120.00,$0.00,$0.00,$0.00,$0.00,$0.00,$3140.00,$115.00,$2675.00,411,
436,NQ 06-26,Backtest,Tom3,Short,1,14390.25,13917.25,11/2/2022 7:08:00 PM,11/2/2022 9:58:00 PM,Sell short,ExitOnClose,$9460.00,$270580.00,$0.00,$0.00,$0.00,$0.00,$0.00,$895.00,$10125.00,$665.00,171,
437,NQ 06-26,Backtest,Tom3,Long,1,13913.00,13705.00,11/2/2022 11:02:00 PM,11/3/2022 9:58:00 PM,Buy,ExitOnClose,($4160.00),$266420.00,$0.00,$0.00,$0.00,$0.00,$0.00,$4600.00,$1160.00,$5320.00,1377,
438,NQ 06-26,Backtest,Tom3,Short,1,13894.25,13845.50,11/4/2022 2:28:00 PM,11/4/2022 9:58:00 PM,Sell short,ExitOnClose,$975.00,$267395.00,$0.00,$0.00,$0.00,$0.00,$0.00,$1100.00,$5130.00,$4155.00,451,
439,NQ 06-26,Backtest,Tom3,Long,1,13921.00,13988.00,11/7/2022 11:49:00 AM,11/7/2022 10:58:00 PM,Buy,ExitOnClose,$1340.00,$268735.00,$0.00,$0.00,$0.00,$0.00,$0.00,$1975.00,$1850.00,$510.00,670,
440,NQ 06-26,Backtest,Tom3,Long,1,14183.75,14067.00,11/8/2022 5:34:00 PM,11/8/2022 10:58:00 PM,Buy,ExitOnClose,($2335.00),$266400.00,$0.00,$0.00,$0.00,$0.00,$0.00,$5600.00,$450.00,$2785.00,325,
441,NQ 06-26,Backtest,Tom3,Long,1,13839.75,13818.25,11/9/2022 7:43:00 PM,11/9/2022 10:58:00 PM,Buy,ExitOnClose,($430.00),$265970.00,$0.00,$0.00,$0.00,$0.00,$0.00,$850.00,$845.00,$1275.00,196,
442,NQ 06-26,Backtest,Tom3,Long,1,14158.75,14642.25,11/10/2022 2:34:00 PM,11/10/2022 10:58:00 PM,Buy,ExitOnClose,$9670.00,$275640.00,$0.00,$0.00,$0.00,$0.00,$0.00,$60.00,$9795.00,$125.00,505,
443,NQ 06-26,Backtest,Tom3,Long,1,14630.50,14812.00,11/11/2022 12:02:00 AM,11/11/2022 10:58:00 PM,Buy,ExitOnClose,$3630.00,$279270.00,$0.00,$0.00,$0.00,$0.00,$0.00,$1725.00,$4425.00,$795.00,1377,
444,NQ 06-26,Backtest,Tom3,Long,1,15082.50,14865.25,11/15/2022 2:35:00 PM,11/15/2022 10:58:00 PM,Buy,ExitOnClose,($4345.00),$274925.00,$0.00,$0.00,$0.00,$0.00,$0.00,$6860.00,$225.00,$4570.00,504,
445,NQ 06-26,Backtest,Tom3,Long,1,14732.00,14745.00,11/16/2022 3:53:00 PM,11/16/2022 10:58:00 PM,Buy,ExitOnClose,$260.00,$275185.00,$0.00,$0.00,$0.00,$0.00,$0.00,$1010.00,$1460.00,$1200.00,426,
446,NQ 06-26,Backtest,Tom3,Long,1,14539.00,14718.75,11/17/2022 2:54:00 PM,11/17/2022 10:58:00 PM,Buy,ExitOnClose,$3595.00,$278780.00,$0.00,$0.00,$0.00,$0.00,$0.00,$715.00,$4220.00,$625.00,485,
447,NQ 06-26,Backtest,Tom3,Short,1,14676.75,14684.75,11/18/2022 4:13:00 PM,11/18/2022 10:58:00 PM,Sell short,ExitOnClose,($160.00),$278620.00,$0.00,$0.00,$0.00,$0.00,$0.00,$790.00,$1895.00,$2055.00,406,
448,NQ 06-26,Backtest,Tom3,Long,1,14464.75,14493.75,11/29/2022 5:19:00 PM,11/29/2022 10:58:00 PM,Buy,ExitOnClose,$580.00,$279200.00,$0.00,$0.00,$0.00,$0.00,$0.00,$495.00,$1295.00,$715.00,340,
449,NQ 06-26,Backtest,Tom3,Long,1,14669.25,15045.50,11/30/2022 7:43:00 PM,11/30/2022 10:58:00 PM,Buy,ExitOnClose,$7525.00,$286725.00,$0.00,$0.00,$0.00,$0.00,$0.00,$1295.00,$7640.00,$115.00,196,
450,NQ 06-26,Backtest,Tom3,Long,1,15050.00,15014.25,12/1/2022 12:02:00 AM,12/1/2022 10:58:00 PM,Buy,ExitOnClose,($715.00),$286010.00,$0.00,$0.00,$0.00,$0.00,$0.00,$2635.00,$1400.00,$2115.00,1377,
451,NQ 06-26,Backtest,Tom3,Long,1,14744.50,14955.25,12/2/2022 2:35:00 PM,12/2/2022 10:58:00 PM,Buy,ExitOnClose,$4215.00,$290225.00,$0.00,$0.00,$0.00,$0.00,$0.00,$185.00,$5560.00,$1345.00,504,
452,NQ 06-26,Backtest,Tom3,Long,1,14661.25,14543.25,12/6/2022 3:58:00 PM,12/6/2022 10:58:00 PM,Buy,ExitOnClose,($2360.00),$287865.00,$0.00,$0.00,$0.00,$0.00,$0.00,$3685.00,$60.00,$2420.00,421,
453,NQ 06-26,Backtest,Tom3,Long,1,14556.50,14528.75,12/9/2022 2:44:00 PM,12/9/2022 10:58:00 PM,Buy,ExitOnClose,($555.00),$287310.00,$0.00,$0.00,$0.00,$0.00,$0.00,$630.00,$2735.00,$3290.00,495,
454,NQ 06-26,Backtest,Tom3,Long,1,15184.00,14817.50,12/13/2022 2:33:00 PM,12/13/2022 10:58:00 PM,Buy,ExitOnClose,($7330.00),$279980.00,$0.00,$0.00,$0.00,$0.00,$0.00,$9465.00,$375.00,$7705.00,506,
455,NQ 06-26,Backtest,Tom3,Short,1,14709.25,14757.75,12/14/2022 8:12:00 PM,12/14/2022 10:58:00 PM,Sell short,ExitOnClose,($970.00),$279010.00,$0.00,$0.00,$0.00,$0.00,$0.00,$3335.00,$2330.00,$3300.00,167,
456,NQ 06-26,Backtest,Tom3,Long,1,14437.25,14319.50,12/15/2022 4:01:00 PM,12/15/2022 10:58:00 PM,Buy,ExitOnClose,($2355.00),$276655.00,$0.00,$0.00,$0.00,$0.00,$0.00,$3390.00,$70.00,$2425.00,418,
457,NQ 06-26,Backtest,Tom3,Long,1,14206.25,14185.75,12/16/2022 9:39:00 AM,12/16/2022 10:58:00 PM,Buy,ExitOnClose,($410.00),$276245.00,$0.00,$0.00,$0.00,$0.00,$0.00,$1340.00,$2980.00,$3390.00,800,
458,NQ 06-26,Backtest,Tom3,Long,1,14121.75,14044.25,12/19/2022 3:58:00 PM,12/19/2022 10:58:00 PM,Buy,ExitOnClose,($1550.00),$274695.00,$0.00,$0.00,$0.00,$0.00,$0.00,$2525.00,$1035.00,$2585.00,421,
459,NQ 06-26,Backtest,Tom3,Long,1,13965.00,14051.00,12/20/2022 4:34:00 AM,12/20/2022 10:58:00 PM,Buy,ExitOnClose,$1720.00,$276415.00,$0.00,$0.00,$0.00,$0.00,$0.00,$1155.00,$2915.00,$1195.00,1105,
460,NQ 06-26,Backtest,Tom3,Long,1,14205.75,14219.00,12/21/2022 4:48:00 PM,12/21/2022 10:58:00 PM,Buy,ExitOnClose,$265.00,$276680.00,$0.00,$0.00,$0.00,$0.00,$0.00,$770.00,$955.00,$690.00,371,
461,NQ 06-26,Backtest,Tom3,Long,1,14058.00,13902.25,12/22/2022 2:58:00 PM,12/22/2022 10:58:00 PM,Buy,ExitOnClose,($3115.00),$273565.00,$0.00,$0.00,$0.00,$0.00,$0.00,$6475.00,$280.00,$3395.00,481,
462,NQ 06-26,Backtest,Tom3,Long,1,13813.50,13935.50,12/23/2022 3:42:00 PM,12/23/2022 10:58:00 PM,Buy,ExitOnClose,$2440.00,$276005.00,$0.00,$0.00,$0.00,$0.00,$0.00,$670.00,$3070.00,$630.00,437,
463,NQ 06-26,Backtest,Tom3,Short,1,13822.75,13775.75,12/27/2022 3:43:00 PM,12/27/2022 10:58:00 PM,Sell short,ExitOnClose,$940.00,$276945.00,$0.00,$0.00,$0.00,$0.00,$0.00,$1175.00,$1260.00,$320.00,436,
464,NQ 06-26,Backtest,Tom3,Long,1,13682.50,13647.75,12/28/2022 5:10:00 PM,12/28/2022 10:58:00 PM,Buy,ExitOnClose,($695.00),$276250.00,$0.00,$0.00,$0.00,$0.00,$0.00,$1200.00,$1450.00,$2145.00,349,
465,NQ 06-26,Backtest,Tom3,Long,1,13841.50,13892.25,12/29/2022 4:02:00 PM,12/29/2022 10:58:00 PM,Buy,ExitOnClose,$1015.00,$277265.00,$0.00,$0.00,$0.00,$0.00,$0.00,$685.00,$1875.00,$860.00,417,
466,NQ 06-26,Backtest,Tom3,Short,1,13900.50,13903.50,12/30/2022 10:09:00 PM,12/30/2022 10:58:00 PM,Sell short,ExitOnClose,($60.00),$277205.00,$0.00,$0.00,$0.00,$0.00,$0.00,$295.00,$90.00,$150.00,50,
467,NQ 06-26,Backtest,Tom3,Long,1,13976.75,13809.75,1/3/2023 12:04:00 AM,1/3/2023 10:58:00 PM,Buy,ExitOnClose,($3340.00),$273865.00,$0.00,$0.00,$0.00,$0.00,$0.00,$5365.00,$1380.00,$4720.00,1375,
468,NQ 06-26,Backtest,Tom3,Short,1,13753.75,13844.75,1/4/2023 4:15:00 PM,1/4/2023 10:58:00 PM,Sell short,ExitOnClose,($1820.00),$272045.00,$0.00,$0.00,$0.00,$0.00,$0.00,$3570.00,$280.00,$2100.00,404,
469,NQ 06-26,Backtest,Tom3,Long,1,13714.75,13699.25,1/5/2023 3:40:00 PM,1/5/2023 10:58:00 PM,Buy,ExitOnClose,($310.00),$271735.00,$0.00,$0.00,$0.00,$0.00,$0.00,$920.00,$1525.00,$1835.00,439,
470,NQ 06-26,Backtest,Tom3,Long,1,13831.75,13969.25,1/6/2023 2:54:00 PM,1/6/2023 10:58:00 PM,Buy,ExitOnClose,$2750.00,$274485.00,$0.00,$0.00,$0.00,$0.00,$0.00,$4035.00,$3955.00,$1205.00,485,
471,NQ 06-26,Backtest,Tom3,Long,1,14158.00,14047.50,1/9/2023 3:57:00 PM,1/9/2023 10:58:00 PM,Buy,ExitOnClose,($2210.00),$272275.00,$0.00,$0.00,$0.00,$0.00,$0.00,$2690.00,$1825.00,$4035.00,422,
472,NQ 06-26,Backtest,Tom3,Short,1,14112.00,14145.00,1/10/2023 4:21:00 PM,1/10/2023 10:58:00 PM,Sell short,ExitOnClose,($660.00),$271615.00,$0.00,$0.00,$0.00,$0.00,$0.00,$810.00,$2550.00,$3210.00,398,
473,NQ 06-26,Backtest,Tom3,Short,1,14192.25,14385.25,1/12/2023 3:52:00 PM,1/12/2023 10:58:00 PM,Sell short,ExitOnClose,($3860.00),$267755.00,$0.00,$0.00,$0.00,$0.00,$0.00,$4925.00,$345.00,$4205.00,427,
474,NQ 06-26,Backtest,Tom3,Short,1,14426.50,14348.25,1/18/2023 5:23:00 PM,1/18/2023 10:58:00 PM,Sell short,ExitOnClose,$1565.00,$269320.00,$0.00,$0.00,$0.00,$0.00,$0.00,$300.00,$1895.00,$330.00,336,
475,NQ 06-26,Backtest,Tom3,Long,1,14547.00,14537.25,1/20/2023 9:17:00 PM,1/20/2023 10:58:00 PM,Buy,ExitOnClose,($195.00),$269125.00,$0.00,$0.00,$0.00,$0.00,$0.00,$720.00,$70.00,$265.00,102,
476,NQ 06-26,Backtest,Tom3,Long,1,14672.25,14797.00,1/23/2023 3:58:00 PM,1/23/2023 10:58:00 PM,Buy,ExitOnClose,$2495.00,$271620.00,$0.00,$0.00,$0.00,$0.00,$0.00,$335.00,$3490.00,$995.00,421,
477,NQ 06-26,Backtest,Tom3,Long,1,14492.00,14741.25,1/25/2023 4:05:00 PM,1/25/2023 10:58:00 PM,Buy,ExitOnClose,$4985.00,$276605.00,$0.00,$0.00,$0.00,$0.00,$0.00,$475.00,$5775.00,$790.00,414,
478,NQ 06-26,Backtest,Tom3,Long,1,15041.25,15085.00,1/27/2023 4:10:00 PM,1/27/2023 10:58:00 PM,Buy,ExitOnClose,$875.00,$277480.00,$0.00,$0.00,$0.00,$0.00,$0.00,$1705.00,$2620.00,$1745.00,409,
479,NQ 06-26,Backtest,Tom3,Long,1,15206.75,15362.50,2/1/2023 8:48:00 PM,2/1/2023 10:58:00 PM,Buy,ExitOnClose,$3115.00,$280595.00,$0.00,$0.00,$0.00,$0.00,$0.00,$455.00,$3630.00,$515.00,131,
480,NQ 06-26,Backtest,Tom3,Long,1,15391.00,15534.50,2/2/2023 12:02:00 AM,2/2/2023 10:58:00 PM,Buy,ExitOnClose,$2870.00,$283465.00,$0.00,$0.00,$0.00,$0.00,$0.00,$510.00,$8450.00,$5580.00,1377,
481,NQ 06-26,Backtest,Tom3,Long,1,15602.50,15480.00,2/3/2023 12:02:00 AM,2/3/2023 10:58:00 PM,Buy,ExitOnClose,($2450.00),$281015.00,$0.00,$0.00,$0.00,$0.00,$0.00,$3750.00,$2785.00,$5235.00,1377,
482,NQ 06-26,Backtest,Tom3,Long,1,15578.25,15603.50,2/7/2023 6:54:00 PM,2/7/2023 10:58:00 PM,Buy,ExitOnClose,$505.00,$281520.00,$0.00,$0.00,$0.00,$0.00,$0.00,$5105.00,$2080.00,$1575.00,245,
483,NQ 06-26,Backtest,Tom3,Short,1,15459.50,15420.50,2/8/2023 5:03:00 PM,2/8/2023 10:58:00 PM,Sell short,ExitOnClose,$780.00,$282300.00,$0.00,$0.00,$0.00,$0.00,$0.00,$545.00,$1660.00,$880.00,356,
484,NQ 06-26,Backtest,Tom3,Short,1,15372.75,15310.50,2/9/2023 6:50:00 PM,2/9/2023 10:58:00 PM,Sell short,ExitOnClose,$1245.00,$283545.00,$0.00,$0.00,$0.00,$0.00,$0.00,$1055.00,$2850.00,$1605.00,249,
485,NQ 06-26,Backtest,Tom3,Long,1,15394.00,15407.50,2/13/2023 5:22:00 PM,2/13/2023 10:58:00 PM,Buy,ExitOnClose,$270.00,$283815.00,$0.00,$0.00,$0.00,$0.00,$0.00,$965.00,$735.00,$465.00,337,
486,NQ 06-26,Backtest,Tom3,Long,1,15263.75,15484.25,2/14/2023 3:33:00 PM,2/14/2023 10:58:00 PM,Buy,ExitOnClose,$4410.00,$288225.00,$0.00,$0.00,$0.00,$0.00,$0.00,$190.00,$5470.00,$1060.00,446,
487,NQ 06-26,Backtest,Tom3,Long,1,15450.50,15330.75,2/16/2023 2:43:00 PM,2/16/2023 10:58:00 PM,Buy,ExitOnClose,($2395.00),$285830.00,$0.00,$0.00,$0.00,$0.00,$0.00,$2630.00,$2150.00,$4545.00,496,
488,NQ 06-26,Backtest,Tom3,Long,1,15312.75,15248.75,2/17/2023 12:02:00 AM,2/17/2023 10:58:00 PM,Buy,ExitOnClose,($1280.00),$284550.00,$0.00,$0.00,$0.00,$0.00,$0.00,$3665.00,$80.00,$1360.00,1377,
489,NQ 06-26,Backtest,Tom3,Long,1,14960.75,15057.00,2/23/2023 5:15:00 PM,2/23/2023 10:58:00 PM,Buy,ExitOnClose,$1925.00,$286475.00,$0.00,$0.00,$0.00,$0.00,$0.00,$1370.00,$3035.00,$1110.00,344,
490,NQ 06-26,Backtest,Tom3,Long,1,14847.75,14864.25,2/24/2023 2:47:00 PM,2/24/2023 10:58:00 PM,Buy,ExitOnClose,$330.00,$286805.00,$0.00,$0.00,$0.00,$0.00,$0.00,$1220.00,$1180.00,$850.00,492,
491,NQ 06-26,Backtest,Tom3,Long,1,14835.25,14846.75,3/1/2023 4:20:00 PM,3/1/2023 10:58:00 PM,Buy,ExitOnClose,$230.00,$287035.00,$0.00,$0.00,$0.00,$0.00,$0.00,$935.00,$1325.00,$1095.00,399,
492,NQ 06-26,Backtest,Tom3,Short,1,14880.75,14917.25,3/2/2023 8:10:00 PM,3/2/2023 10:58:00 PM,Sell short,ExitOnClose,($730.00),$286305.00,$0.00,$0.00,$0.00,$0.00,$0.00,$1585.00,$285.00,$1015.00,169,
493,NQ 06-26,Backtest,Tom3,Long,1,15325.25,15186.25,3/6/2023 4:51:00 PM,3/6/2023 10:58:00 PM,Buy,ExitOnClose,($2780.00),$283525.00,$0.00,$0.00,$0.00,$0.00,$0.00,$2945.00,$495.00,$3275.00,368,
494,NQ 06-26,Backtest,Tom3,Long,1,15058.75,15035.75,3/7/2023 4:12:00 PM,3/7/2023 10:58:00 PM,Buy,ExitOnClose,($460.00),$283065.00,$0.00,$0.00,$0.00,$0.00,$0.00,$1055.00,$2475.00,$2935.00,407,
495,NQ 06-26,Backtest,Tom3,Long,1,15185.25,14873.50,3/9/2023 3:51:00 PM,3/9/2023 10:58:00 PM,Buy,ExitOnClose,($6235.00),$276830.00,$0.00,$0.00,$0.00,$0.00,$0.00,$6880.00,$640.00,$6875.00,428,
496,NQ 06-26,Backtest,Tom3,Short,1,14746.50,14750.50,3/10/2023 3:48:00 PM,3/10/2023 10:58:00 PM,Sell short,ExitOnClose,($80.00),$276750.00,$0.00,$0.00,$0.00,$0.00,$0.00,$3935.00,$1755.00,$1835.00,431,
497,NQ 06-26,Backtest,Tom3,Long,1,14845.25,14813.25,3/12/2023 11:25:00 PM,3/13/2023 9:58:00 PM,Buy,ExitOnClose,($640.00),$276110.00,$0.00,$0.00,$0.00,$0.00,$0.00,$6110.00,$2220.00,$2860.00,1354,
498,NQ 06-26,Backtest,Tom3,Long,1,15008.50,15065.00,3/14/2023 2:43:00 PM,3/14/2023 9:58:00 PM,Buy,ExitOnClose,$1130.00,$277240.00,$0.00,$0.00,$0.00,$0.00,$0.00,$2130.00,$1630.00,$500.00,436,
499,NQ 06-26,Backtest,Tom3,Short,1,14957.00,15129.50,3/15/2023 11:21:00 AM,3/15/2023 9:58:00 PM,Sell short,ExitOnClose,($3450.00),$273790.00,$0.00,$0.00,$0.00,$0.00,$0.00,$3680.00,$2535.00,$5985.00,638,
500,NQ 06-26,Backtest,Tom3,Short,1,15247.50,15444.25,3/16/2023 3:58:00 PM,3/16/2023 9:58:00 PM,Sell short,ExitOnClose,($3935.00),$269855.00,$0.00,$0.00,$0.00,$0.00,$0.00,$4435.00,$275.00,$4210.00,361,
501,NQ 06-26,Backtest,Tom3,Short,1,15270.00,15436.00,3/20/2023 7:53:00 AM,3/20/2023 9:58:00 PM,Sell short,ExitOnClose,($3320.00),$266535.00,$0.00,$0.00,$0.00,$0.00,$0.00,$3430.00,$225.00,$3545.00,846,
502,NQ 06-26,Backtest,Tom3,Short,1,15802.50,15436.00,3/22/2023 7:50:00 PM,3/22/2023 9:58:00 PM,Sell short,ExitOnClose,$7330.00,$273865.00,$0.00,$0.00,$0.00,$0.00,$0.00,$125.00,$7820.00,$490.00,129,
503,NQ 06-26,Backtest,Tom3,Long,1,15437.50,15610.00,3/22/2023 11:02:00 PM,3/23/2023 9:58:00 PM,Buy,ExitOnClose,$3450.00,$277315.00,$0.00,$0.00,$0.00,$0.00,$0.00,$20.00,$6540.00,$3090.00,1377,
504,NQ 06-26,Backtest,Tom3,Short,1,15520.00,15546.75,3/27/2023 6:02:00 PM,3/27/2023 10:58:00 PM,Sell short,ExitOnClose,($535.00),$276780.00,$0.00,$0.00,$0.00,$0.00,$0.00,$1645.00,$420.00,$955.00,297,
505,NQ 06-26,Backtest,Tom3,Long,1,15800.75,15794.25,4/5/2023 4:44:00 PM,4/5/2023 8:03:00 PM,Buy,Exit on session close,($130.00),$276650.00,$0.00,$0.00,$0.00,$0.00,$0.00,$1225.00,$55.00,$185.00,200,
506,NQ 06-26,Backtest,Tom3,Short,1,15878.50,15897.75,4/6/2023 6:07:00 PM,4/6/2023 10:58:00 PM,Sell short,ExitOnClose,($385.00),$276265.00,$0.00,$0.00,$0.00,$0.00,$0.00,$920.00,$475.00,$860.00,292,
507,NQ 06-26,Backtest,Tom3,Long,1,15716.75,15900.25,4/10/2023 3:51:00 PM,4/10/2023 10:58:00 PM,Buy,ExitOnClose,$3670.00,$279935.00,$0.00,$0.00,$0.00,$0.00,$0.00,$315.00,$3800.00,$130.00,428,
508,NQ 06-26,Backtest,Tom3,Long,1,15939.25,15688.50,4/12/2023 2:41:00 PM,4/12/2023 10:58:00 PM,Buy,ExitOnClose,($5015.00),$274920.00,$0.00,$0.00,$0.00,$0.00,$0.00,$5360.00,$175.00,$5190.00,498,
509,NQ 06-26,Backtest,Tom3,Long,1,15870.50,15918.00,4/13/2023 4:19:00 PM,4/13/2023 10:58:00 PM,Buy,ExitOnClose,$950.00,$275870.00,$0.00,$0.00,$0.00,$0.00,$0.00,$690.00,$1820.00,$870.00,400,
510,NQ 06-26,Backtest,Tom3,Short,1,15759.75,15823.50,4/20/2023 9:31:00 PM,4/20/2023 10:58:00 PM,Sell short,ExitOnClose,($1275.00),$274595.00,$0.00,$0.00,$0.00,$0.00,$0.00,$1430.00,$5.00,$1280.00,88,
511,NQ 06-26,Backtest,Tom3,Long,1,15904.75,15902.00,5/2/2023 4:38:00 PM,5/2/2023 10:58:00 PM,Buy,ExitOnClose,($55.00),$274540.00,$0.00,$0.00,$0.00,$0.00,$0.00,$1220.00,$1005.00,$1060.00,381,
512,NQ 06-26,Backtest,Tom3,Long,1,15830.25,15822.50,5/3/2023 9:42:00 PM,5/3/2023 10:58:00 PM,Buy,ExitOnClose,($155.00),$274385.00,$0.00,$0.00,$0.00,$0.00,$0.00,$260.00,$715.00,$870.00,77,
513,NQ 06-26,Backtest,Tom3,Long,1,15795.00,15785.00,5/4/2023 12:11:00 AM,5/4/2023 10:58:00 PM,Buy,ExitOnClose,($200.00),$274185.00,$0.00,$0.00,$0.00,$0.00,$0.00,$1195.00,$2230.00,$2430.00,1368,
514,NQ 06-26,Backtest,Tom3,Long,1,15968.50,16043.75,5/5/2023 4:23:00 PM,5/5/2023 10:58:00 PM,Buy,ExitOnClose,$1505.00,$275690.00,$0.00,$0.00,$0.00,$0.00,$0.00,$255.00,$2480.00,$975.00,396,
515,NQ 06-26,Backtest,Tom3,Long,1,16103.75,16143.50,5/10/2023 2:50:00 PM,5/10/2023 10:58:00 PM,Buy,ExitOnClose,$795.00,$276485.00,$0.00,$0.00,$0.00,$0.00,$0.00,$2160.00,$1530.00,$735.00,489,
516,NQ 06-26,Backtest,Tom3,Long,1,16519.25,16643.75,5/18/2023 4:35:00 PM,5/18/2023 10:58:00 PM,Buy,ExitOnClose,$2490.00,$278975.00,$0.00,$0.00,$0.00,$0.00,$0.00,$590.00,$2545.00,$55.00,384,
517,NQ 06-26,Backtest,Tom3,Short,1,16520.25,16573.00,5/24/2023 10:29:00 PM,5/24/2023 10:58:00 PM,Sell short,ExitOnClose,($1055.00),$277920.00,$0.00,$0.00,$0.00,$0.00,$0.00,$1060.00,$430.00,$1485.00,30,
518,NQ 06-26,Backtest,Tom3,Long,1,16607.25,16714.00,5/25/2023 12:02:00 AM,5/25/2023 10:58:00 PM,Buy,ExitOnClose,$2135.00,$280055.00,$0.00,$0.00,$0.00,$0.00,$0.00,$1415.00,$3150.00,$1015.00,1377,
519,NQ 06-26,Backtest,Tom3,Long,1,16869.25,17096.00,5/26/2023 4:03:00 PM,5/26/2023 10:58:00 PM,Buy,ExitOnClose,$4535.00,$284590.00,$0.00,$0.00,$0.00,$0.00,$0.00,$245.00,$4665.00,$130.00,416,
520,NQ 06-26,Backtest,Tom3,Long,1,17177.75,17230.25,6/1/2023 6:17:00 PM,6/1/2023 10:58:00 PM,Buy,ExitOnClose,$1050.00,$285640.00,$0.00,$0.00,$0.00,$0.00,$0.00,$215.00,$1680.00,$630.00,282,
521,NQ 06-26,Backtest,Tom3,Short,1,17223.25,17053.75,6/7/2023 4:50:00 PM,6/7/2023 10:58:00 PM,Sell short,ExitOnClose,$3390.00,$289030.00,$0.00,$0.00,$0.00,$0.00,$0.00,$390.00,$3685.00,$295.00,369,
522,NQ 06-26,Backtest,Tom3,Long,1,17208.75,17251.50,6/8/2023 5:07:00 PM,6/8/2023 10:58:00 PM,Buy,ExitOnClose,$855.00,$289885.00,$0.00,$0.00,$0.00,$0.00,$0.00,$1085.00,$1030.00,$175.00,352,
523,NQ 06-26,Backtest,Tom3,Long,1,17387.00,17299.50,6/9/2023 3:53:00 PM,6/9/2023 10:58:00 PM,Buy,ExitOnClose,($1750.00),$288135.00,$0.00,$0.00,$0.00,$0.00,$0.00,$3145.00,$680.00,$2430.00,426,
524,NQ 06-26,Backtest,Tom3,Short,1,17585.25,17791.00,6/14/2023 8:11:00 PM,6/14/2023 10:58:00 PM,Sell short,ExitOnClose,($4115.00),$284020.00,$0.00,$0.00,$0.00,$0.00,$0.00,$4305.00,$720.00,$4835.00,168,
525,NQ 06-26,Backtest,Tom3,Long,1,17795.00,17926.25,6/15/2023 4:09:00 PM,6/15/2023 10:58:00 PM,Buy,ExitOnClose,$2625.00,$286645.00,$0.00,$0.00,$0.00,$0.00,$0.00,$445.00,$4060.00,$1435.00,410,
526,NQ 06-26,Backtest,Tom3,Long,1,17657.25,17594.50,6/21/2023 4:08:00 PM,6/21/2023 10:58:00 PM,Buy,ExitOnClose,($1255.00),$285390.00,$0.00,$0.00,$0.00,$0.00,$0.00,$1960.00,$990.00,$2245.00,411,
527,NQ 06-26,Backtest,Tom3,Long,1,17689.25,17792.00,6/22/2023 4:16:00 PM,6/22/2023 10:58:00 PM,Buy,ExitOnClose,$2055.00,$287445.00,$0.00,$0.00,$0.00,$0.00,$0.00,$1525.00,$2115.00,$60.00,403,
528,NQ 06-26,Backtest,Tom3,Short,1,17485.00,17430.00,6/26/2023 6:14:00 PM,6/26/2023 10:58:00 PM,Sell short,ExitOnClose,$1100.00,$288545.00,$0.00,$0.00,$0.00,$0.00,$0.00,$420.00,$1490.00,$390.00,285,
529,NQ 06-26,Backtest,Tom3,Long,1,17622.00,17648.75,6/27/2023 6:54:00 PM,6/27/2023 10:58:00 PM,Buy,ExitOnClose,$535.00,$289080.00,$0.00,$0.00,$0.00,$0.00,$0.00,$585.00,$1485.00,$950.00,245,
530,NQ 06-26,Backtest,Tom3,Long,1,17744.00,17713.25,6/28/2023 4:40:00 PM,6/28/2023 10:58:00 PM,Buy,ExitOnClose,($615.00),$288465.00,$0.00,$0.00,$0.00,$0.00,$0.00,$2565.00,$640.00,$1255.00,379,
531,NQ 06-26,Backtest,Tom3,Long,1,17875.25,17873.50,6/30/2023 3:53:00 PM,6/30/2023 10:58:00 PM,Buy,ExitOnClose,($35.00),$288430.00,$0.00,$0.00,$0.00,$0.00,$0.00,$685.00,$1170.00,$1205.00,426,
532,NQ 06-26,Backtest,Tom3,Long,1,17964.50,17913.25,7/5/2023 4:22:00 PM,7/5/2023 10:58:00 PM,Buy,ExitOnClose,($1025.00),$287405.00,$0.00,$0.00,$0.00,$0.00,$0.00,$1665.00,$490.00,$1515.00,397,
533,NQ 06-26,Backtest,Tom3,Long,1,17685.25,17780.00,7/6/2023 4:06:00 PM,7/6/2023 10:58:00 PM,Buy,ExitOnClose,$1895.00,$289300.00,$0.00,$0.00,$0.00,$0.00,$0.00,$335.00,$2475.00,$580.00,413,
534,NQ 06-26,Backtest,Tom3,Short,1,17738.25,17750.00,7/7/2023 9:58:00 PM,7/7/2023 10:58:00 PM,Sell short,ExitOnClose,($235.00),$289065.00,$0.00,$0.00,$0.00,$0.00,$0.00,$470.00,$90.00,$325.00,61,
535,NQ 06-26,Backtest,Tom3,Long,1,17958.00,18014.50,7/12/2023 2:52:00 PM,7/12/2023 10:58:00 PM,Buy,ExitOnClose,$1130.00,$290195.00,$0.00,$0.00,$0.00,$0.00,$0.00,$1140.00,$2135.00,$1005.00,487,
536,NQ 06-26,Backtest,Tom3,Long,1,18392.25,18255.75,7/14/2023 4:17:00 PM,7/14/2023 10:58:00 PM,Buy,ExitOnClose,($2730.00),$287465.00,$0.00,$0.00,$0.00,$0.00,$0.00,$3445.00,$440.00,$3170.00,402,
537,NQ 06-26,Backtest,Tom3,Short,1,18476.75,18507.50,7/18/2023 6:41:00 PM,7/18/2023 10:58:00 PM,Sell short,ExitOnClose,($615.00),$286850.00,$0.00,$0.00,$0.00,$0.00,$0.00,$2200.00,$500.00,$1115.00,258,
538,NQ 06-26,Backtest,Tom3,Long,1,18280.00,18157.25,7/20/2023 4:37:00 PM,7/20/2023 10:58:00 PM,Buy,ExitOnClose,($2455.00),$284395.00,$0.00,$0.00,$0.00,$0.00,$0.00,$3520.00,$1240.00,$3695.00,382,
539,NQ 06-26,Backtest,Tom3,Short,1,18239.50,18143.50,7/27/2023 8:10:00 PM,7/27/2023 10:58:00 PM,Sell short,ExitOnClose,$1920.00,$286315.00,$0.00,$0.00,$0.00,$0.00,$0.00,$125.00,$3425.00,$1505.00,169,
540,NQ 06-26,Backtest,Tom3,Long,1,18442.50,18401.50,7/28/2023 5:46:00 PM,7/28/2023 10:58:00 PM,Buy,ExitOnClose,($820.00),$285495.00,$0.00,$0.00,$0.00,$0.00,$0.00,$2220.00,$210.00,$1030.00,313,
541,NQ 06-26,Backtest,Tom3,Long,1,18098.75,18008.75,8/2/2023 4:14:00 PM,8/2/2023 10:58:00 PM,Buy,ExitOnClose,($1800.00),$283695.00,$0.00,$0.00,$0.00,$0.00,$0.00,$2555.00,$520.00,$2320.00,405,
542,NQ 06-26,Backtest,Tom3,Short,1,17979.75,17921.75,8/4/2023 8:26:00 PM,8/4/2023 10:58:00 PM,Sell short,ExitOnClose,$1160.00,$284855.00,$0.00,$0.00,$0.00,$0.00,$0.00,$375.00,$1725.00,$565.00,153,
543,NQ 06-26,Backtest,Tom3,Long,1,17811.25,17908.25,8/8/2023 4:17:00 PM,8/8/2023 10:58:00 PM,Buy,ExitOnClose,$1940.00,$286795.00,$0.00,$0.00,$0.00,$0.00,$0.00,$725.00,$2315.00,$375.00,402,
544,NQ 06-26,Backtest,Tom3,Long,1,17768.25,17758.50,8/9/2023 4:58:00 PM,8/9/2023 10:58:00 PM,Buy,ExitOnClose,($195.00),$286600.00,$0.00,$0.00,$0.00,$0.00,$0.00,$1295.00,$1905.00,$2100.00,361,
545,NQ 06-26,Backtest,Tom3,Long,1,17987.75,17774.25,8/10/2023 4:02:00 PM,8/10/2023 10:58:00 PM,Buy,ExitOnClose,($4270.00),$282330.00,$0.00,$0.00,$0.00,$0.00,$0.00,$5895.00,$230.00,$4500.00,417,
546,NQ 06-26,Backtest,Tom3,Short,1,17789.50,17836.50,8/14/2023 4:53:00 PM,8/14/2023 10:58:00 PM,Sell short,ExitOnClose,($940.00),$281390.00,$0.00,$0.00,$0.00,$0.00,$0.00,$965.00,$1205.00,$2145.00,366,
547,NQ 06-26,Backtest,Tom3,Long,1,17330.75,17300.75,8/17/2023 9:16:00 PM,8/17/2023 10:58:00 PM,Buy,ExitOnClose,($600.00),$280790.00,$0.00,$0.00,$0.00,$0.00,$0.00,$710.00,$710.00,$1310.00,103,
548,NQ 06-26,Backtest,Tom3,Short,1,17680.50,17900.75,8/23/2023 4:16:00 PM,8/23/2023 10:58:00 PM,Sell short,ExitOnClose,($4405.00),$276385.00,$0.00,$0.00,$0.00,$0.00,$0.00,$4490.00,$345.00,$4750.00,403,
549,NQ 06-26,Backtest,Tom3,Long,1,17887.75,17388.75,8/24/2023 12:02:00 AM,8/24/2023 10:58:00 PM,Buy,ExitOnClose,($9980.00),$266405.00,$0.00,$0.00,$0.00,$0.00,$0.00,$10275.00,$1745.00,$11725.00,1377,
550,NQ 06-26,Backtest,Tom3,Long,1,17400.00,17528.75,8/25/2023 12:02:00 AM,8/25/2023 10:58:00 PM,Buy,ExitOnClose,$2575.00,$268980.00,$0.00,$0.00,$0.00,$0.00,$0.00,$1825.00,$4115.00,$1540.00,1376,
551,NQ 06-26,Backtest,Tom3,Long,1,17786.50,17982.00,8/29/2023 4:06:00 PM,8/29/2023 10:58:00 PM,Buy,ExitOnClose,$3910.00,$272890.00,$0.00,$0.00,$0.00,$0.00,$0.00,$210.00,$4020.00,$110.00,413,
552,NQ 06-26,Backtest,Tom3,Long,1,17909.75,17943.75,9/6/2023 5:15:00 PM,9/6/2023 10:58:00 PM,Buy,ExitOnClose,$680.00,$273570.00,$0.00,$0.00,$0.00,$0.00,$0.00,$845.00,$1040.00,$360.00,344,
553,NQ 06-26,Backtest,Tom3,Long,1,17880.00,17747.25,9/15/2023 3:49:00 PM,9/15/2023 10:58:00 PM,Buy,ExitOnClose,($2655.00),$270915.00,$0.00,$0.00,$0.00,$0.00,$0.00,$3270.00,$380.00,$3035.00,430,
554,NQ 06-26,Backtest,Tom3,Long,1,17638.75,17741.50,9/19/2023 4:07:00 PM,9/19/2023 10:58:00 PM,Buy,ExitOnClose,$2055.00,$272970.00,$0.00,$0.00,$0.00,$0.00,$0.00,$610.00,$2580.00,$525.00,412,
555,NQ 06-26,Backtest,Tom3,Long,1,17596.25,17492.25,9/20/2023 9:22:00 PM,9/20/2023 10:58:00 PM,Buy,ExitOnClose,($2080.00),$270890.00,$0.00,$0.00,$0.00,$0.00,$0.00,$2190.00,$565.00,$2645.00,97,
556,NQ 06-26,Backtest,Tom3,Long,1,17505.25,17206.00,9/21/2023 12:02:00 AM,9/21/2023 10:58:00 PM,Buy,ExitOnClose,($5985.00),$264905.00,$0.00,$0.00,$0.00,$0.00,$0.00,$6090.00,$35.00,$6020.00,1377,
557,NQ 06-26,Backtest,Tom3,Long,1,17162.50,17313.00,9/25/2023 10:49:00 AM,9/25/2023 10:58:00 PM,Buy,ExitOnClose,$3010.00,$267915.00,$0.00,$0.00,$0.00,$0.00,$0.00,$410.00,$3060.00,$50.00,730,
558,NQ 06-26,Backtest,Tom3,Long,1,17090.00,17085.75,9/26/2023 4:21:00 PM,9/26/2023 10:58:00 PM,Buy,ExitOnClose,($85.00),$267830.00,$0.00,$0.00,$0.00,$0.00,$0.00,$1280.00,$1510.00,$1595.00,398,
559,NQ 06-26,Backtest,Tom3,Short,1,17162.00,17134.75,9/27/2023 9:09:00 PM,9/27/2023 10:58:00 PM,Sell short,ExitOnClose,$545.00,$268375.00,$0.00,$0.00,$0.00,$0.00,$0.00,$385.00,$2015.00,$1470.00,110,
560,NQ 06-26,Backtest,Tom3,Long,1,17214.25,17240.00,9/28/2023 5:37:00 PM,9/28/2023 10:58:00 PM,Buy,ExitOnClose,$515.00,$268890.00,$0.00,$0.00,$0.00,$0.00,$0.00,$865.00,$1860.00,$1345.00,322,
561,NQ 06-26,Backtest,Tom3,Short,1,17209.00,17256.75,9/29/2023 7:11:00 PM,9/29/2023 10:58:00 PM,Sell short,ExitOnClose,($955.00),$267935.00,$0.00,$0.00,$0.00,$0.00,$0.00,$1595.00,$765.00,$1720.00,228,
562,NQ 06-26,Backtest,Tom3,Short,1,17393.75,17358.50,10/2/2023 5:27:00 PM,10/2/2023 10:58:00 PM,Sell short,ExitOnClose,$705.00,$268640.00,$0.00,$0.00,$0.00,$0.00,$0.00,$225.00,$3395.00,$2690.00,332,
563,NQ 06-26,Backtest,Tom3,Short,1,17146.25,17072.00,10/3/2023 4:24:00 PM,10/3/2023 10:58:00 PM,Sell short,ExitOnClose,$1485.00,$270125.00,$0.00,$0.00,$0.00,$0.00,$0.00,$490.00,$2700.00,$1215.00,395,
564,NQ 06-26,Backtest,Tom3,Long,1,17130.50,17219.25,10/5/2023 4:10:00 PM,10/5/2023 10:58:00 PM,Buy,ExitOnClose,$1775.00,$271900.00,$0.00,$0.00,$0.00,$0.00,$0.00,$1090.00,$2725.00,$950.00,409,
565,NQ 06-26,Backtest,Tom3,Long,1,17060.75,17496.50,10/6/2023 2:37:00 PM,10/6/2023 10:58:00 PM,Buy,ExitOnClose,$8715.00,$280615.00,$0.00,$0.00,$0.00,$0.00,$0.00,$820.00,$9185.00,$470.00,502,
566,NQ 06-26,Backtest,Tom3,Short,1,17527.50,17552.50,10/9/2023 7:47:00 PM,10/9/2023 10:58:00 PM,Sell short,ExitOnClose,($500.00),$280115.00,$0.00,$0.00,$0.00,$0.00,$0.00,$900.00,$225.00,$725.00,192,
567,NQ 06-26,Backtest,Tom3,Long,1,17672.50,17640.75,10/10/2023 4:46:00 PM,10/10/2023 10:58:00 PM,Buy,ExitOnClose,($635.00),$279480.00,$0.00,$0.00,$0.00,$0.00,$0.00,$1150.00,$1415.00,$2050.00,373,
568,NQ 06-26,Backtest,Tom3,Short,1,17676.00,17679.75,10/12/2023 7:26:00 PM,10/12/2023 10:58:00 PM,Sell short,ExitOnClose,($75.00),$279405.00,$0.00,$0.00,$0.00,$0.00,$0.00,$370.00,$2000.00,$2075.00,213,
569,NQ 06-26,Backtest,Tom3,Short,1,17541.00,17469.00,10/13/2023 5:07:00 PM,10/13/2023 10:58:00 PM,Sell short,ExitOnClose,$1440.00,$280845.00,$0.00,$0.00,$0.00,$0.00,$0.00,$565.00,$2380.00,$940.00,352,
570,NQ 06-26,Backtest,Tom3,Short,1,17642.50,17664.25,10/16/2023 4:24:00 PM,10/16/2023 10:58:00 PM,Sell short,ExitOnClose,($435.00),$280410.00,$0.00,$0.00,$0.00,$0.00,$0.00,$1080.00,$1415.00,$1850.00,395,
571,NQ 06-26,Backtest,Tom3,Long,1,17467.25,17601.50,10/17/2023 3:45:00 PM,10/17/2023 10:58:00 PM,Buy,ExitOnClose,$2685.00,$283095.00,$0.00,$0.00,$0.00,$0.00,$0.00,$1145.00,$4035.00,$1350.00,434,
572,NQ 06-26,Backtest,Tom3,Short,1,17265.25,17207.00,10/19/2023 8:43:00 PM,10/19/2023 10:58:00 PM,Sell short,ExitOnClose,$1165.00,$284260.00,$0.00,$0.00,$0.00,$0.00,$0.00,$470.00,$1320.00,$155.00,136,
573,NQ 06-26,Backtest,Tom3,Long,1,17076.50,17013.00,10/20/2023 4:49:00 PM,10/20/2023 10:58:00 PM,Buy,ExitOnClose,($1270.00),$282990.00,$0.00,$0.00,$0.00,$0.00,$0.00,$1435.00,$1730.00,$3000.00,370,
574,NQ 06-26,Backtest,Tom3,Long,1,16904.00,17107.50,10/23/2023 11:40:00 AM,10/23/2023 10:58:00 PM,Buy,ExitOnClose,$4070.00,$287060.00,$0.00,$0.00,$0.00,$0.00,$0.00,$600.00,$6190.00,$2120.00,679,
575,NQ 06-26,Backtest,Tom3,Long,1,16991.00,16826.25,10/25/2023 3:46:00 PM,10/25/2023 10:58:00 PM,Buy,ExitOnClose,($3295.00),$283765.00,$0.00,$0.00,$0.00,$0.00,$0.00,$3745.00,$1070.00,$4365.00,433,
576,NQ 06-26,Backtest,Tom3,Long,1,16737.50,16574.25,10/26/2023 12:14:00 AM,10/26/2023 10:58:00 PM,Buy,ExitOnClose,($3265.00),$280500.00,$0.00,$0.00,$0.00,$0.00,$0.00,$4750.00,$1625.00,$4890.00,1365,
577,NQ 06-26,Backtest,Tom3,Long,1,16935.00,17113.75,11/1/2023 2:51:00 PM,11/1/2023 9:58:00 PM,Buy,ExitOnClose,$3575.00,$284075.00,$0.00,$0.00,$0.00,$0.00,$0.00,$905.00,$3735.00,$160.00,428,
578,NQ 06-26,Backtest,Tom3,Long,1,17481.00,17547.25,11/3/2023 2:50:00 PM,11/3/2023 9:58:00 PM,Buy,ExitOnClose,$1325.00,$285400.00,$0.00,$0.00,$0.00,$0.00,$0.00,$1395.00,$2145.00,$820.00,429,
579,NQ 06-26,Backtest,Tom3,Long,1,17716.00,17736.50,11/7/2023 4:39:00 PM,11/7/2023 10:58:00 PM,Buy,ExitOnClose,$410.00,$285810.00,$0.00,$0.00,$0.00,$0.00,$0.00,$540.00,$1120.00,$710.00,380,
580,NQ 06-26,Backtest,Tom3,Long,1,17602.50,17615.25,11/9/2023 9:02:00 PM,11/9/2023 10:58:00 PM,Buy,ExitOnClose,$255.00,$286065.00,$0.00,$0.00,$0.00,$0.00,$0.00,$120.00,$620.00,$365.00,117,
581,NQ 06-26,Backtest,Tom3,Long,1,17744.50,17940.00,11/10/2023 3:56:00 PM,11/10/2023 10:58:00 PM,Buy,ExitOnClose,$3910.00,$289975.00,$0.00,$0.00,$0.00,$0.00,$0.00,$1255.00,$4560.00,$650.00,423,
582,NQ 06-26,Backtest,Tom3,Long,1,18144.75,18255.25,11/14/2023 2:36:00 PM,11/14/2023 10:58:00 PM,Buy,ExitOnClose,$2210.00,$292185.00,$0.00,$0.00,$0.00,$0.00,$0.00,$225.00,$2675.00,$465.00,503,
583,NQ 06-26,Backtest,Tom3,Long,1,18289.00,18319.25,11/30/2023 4:05:00 PM,11/30/2023 10:58:00 PM,Buy,ExitOnClose,$605.00,$292790.00,$0.00,$0.00,$0.00,$0.00,$0.00,$1465.00,$1395.00,$790.00,414,
584,NQ 06-26,Backtest,Tom3,Long,1,18146.50,18216.75,12/4/2023 4:24:00 PM,12/4/2023 10:58:00 PM,Buy,ExitOnClose,$1405.00,$294195.00,$0.00,$0.00,$0.00,$0.00,$0.00,$1310.00,$1980.00,$575.00,395,
585,NQ 06-26,Backtest,Tom3,Long,1,18267.00,18258.50,12/5/2023 4:10:00 PM,12/5/2023 10:58:00 PM,Buy,ExitOnClose,($170.00),$294025.00,$0.00,$0.00,$0.00,$0.00,$0.00,$1595.00,$1075.00,$1245.00,409,
586,NQ 06-26,Backtest,Tom3,Long,1,18361.00,18375.25,12/7/2023 4:40:00 PM,12/7/2023 10:58:00 PM,Buy,ExitOnClose,$285.00,$294310.00,$0.00,$0.00,$0.00,$0.00,$0.00,$1410.00,$1295.00,$1010.00,379,
587,NQ 06-26,Backtest,Tom3,Long,1,18457.75,18451.50,12/8/2023 4:21:00 PM,12/8/2023 10:58:00 PM,Buy,ExitOnClose,($125.00),$294185.00,$0.00,$0.00,$0.00,$0.00,$0.00,$2170.00,$415.00,$540.00,398,
588,NQ 06-26,Backtest,Tom3,Long,1,18889.75,18914.00,12/13/2023 8:37:00 PM,12/13/2023 10:58:00 PM,Buy,ExitOnClose,$485.00,$294670.00,$0.00,$0.00,$0.00,$0.00,$0.00,$1160.00,$1335.00,$850.00,142,
589,NQ 06-26,Backtest,Tom3,Short,1,18843.75,18893.75,12/14/2023 7:26:00 PM,12/14/2023 10:58:00 PM,Sell short,ExitOnClose,($1000.00),$293670.00,$0.00,$0.00,$0.00,$0.00,$0.00,$1445.00,$1315.00,$2315.00,213,
590,NQ 06-26,Backtest,Tom3,Short,1,19036.00,18940.25,12/20/2023 8:53:00 PM,12/20/2023 10:58:00 PM,Sell short,ExitOnClose,$1915.00,$295585.00,$0.00,$0.00,$0.00,$0.00,$0.00,$295.00,$2550.00,$635.00,126,
591,NQ 06-26,Backtest,Tom3,Long,1,18949.25,19100.00,12/21/2023 12:02:00 AM,12/21/2023 10:58:00 PM,Buy,ExitOnClose,$3015.00,$298600.00,$0.00,$0.00,$0.00,$0.00,$0.00,$95.00,$3420.00,$405.00,1377,
592,NQ 06-26,Backtest,Tom3,Long,1,19112.00,19158.25,12/29/2023 5:19:00 PM,12/29/2023 10:58:00 PM,Buy,ExitOnClose,$925.00,$299525.00,$0.00,$0.00,$0.00,$0.00,$0.00,$475.00,$1755.00,$830.00,340,
593,NQ 06-26,Backtest,Tom3,Long,1,19027.75,18880.25,1/2/2024 12:31:00 PM,1/2/2024 10:58:00 PM,Buy,ExitOnClose,($2950.00),$296575.00,$0.00,$0.00,$0.00,$0.00,$0.00,$5105.00,$85.00,$3035.00,628,
594,NQ 06-26,Backtest,Tom3,Long,1,18690.25,18615.75,1/5/2024 4:06:00 PM,1/5/2024 10:58:00 PM,Buy,ExitOnClose,($1490.00),$295085.00,$0.00,$0.00,$0.00,$0.00,$0.00,$2730.00,$740.00,$2230.00,413,
595,NQ 06-26,Backtest,Tom3,Long,1,18732.00,18938.75,1/8/2024 3:50:00 PM,1/8/2024 10:58:00 PM,Buy,ExitOnClose,$4135.00,$299220.00,$0.00,$0.00,$0.00,$0.00,$0.00,$100.00,$4585.00,$450.00,429,
596,NQ 06-26,Backtest,Tom3,Long,1,19002.50,19106.75,1/11/2024 4:13:00 PM,1/11/2024 10:58:00 PM,Buy,ExitOnClose,$2085.00,$301305.00,$0.00,$0.00,$0.00,$0.00,$0.00,$1990.00,$2625.00,$540.00,406,
597,NQ 06-26,Backtest,Tom3,Long,1,19150.50,19129.75,1/16/2024 4:36:00 PM,1/16/2024 10:58:00 PM,Buy,ExitOnClose,($415.00),$300890.00,$0.00,$0.00,$0.00,$0.00,$0.00,$2770.00,$665.00,$1080.00,383,
598,NQ 06-26,Backtest,Tom3,Long,1,18880.50,19011.25,1/17/2024 3:48:00 PM,1/17/2024 10:58:00 PM,Buy,ExitOnClose,$2615.00,$303505.00,$0.00,$0.00,$0.00,$0.00,$0.00,$825.00,$3090.00,$475.00,431,
599,NQ 06-26,Backtest,Tom3,Long,1,19520.75,19617.50,1/19/2024 7:39:00 PM,1/19/2024 10:58:00 PM,Buy,ExitOnClose,$1935.00,$305440.00,$0.00,$0.00,$0.00,$0.00,$0.00,$110.00,$2010.00,$75.00,200,
600,NQ 06-26,Backtest,Tom3,Short,1,19698.50,19741.00,1/25/2024 8:10:00 PM,1/25/2024 10:58:00 PM,Sell short,ExitOnClose,($850.00),$304590.00,$0.00,$0.00,$0.00,$0.00,$0.00,$2045.00,$70.00,$920.00,169,
601,NQ 06-26,Backtest,Tom3,Short,1,19860.50,19853.75,1/29/2024 9:28:00 PM,1/29/2024 10:58:00 PM,Sell short,ExitOnClose,$135.00,$304725.00,$0.00,$0.00,$0.00,$0.00,$0.00,$70.00,$600.00,$465.00,91,
602,NQ 06-26,Backtest,Tom3,Short,1,19619.00,19627.50,1/30/2024 10:54:00 PM,1/30/2024 10:58:00 PM,Sell short,ExitOnClose,($170.00),$304555.00,$0.00,$0.00,$0.00,$0.00,$0.00,$345.00,$15.00,$185.00,5,
603,NQ 06-26,Backtest,Tom3,Long,1,19590.50,19414.50,1/31/2024 12:02:00 AM,1/31/2024 10:58:00 PM,Buy,ExitOnClose,($3520.00),$301035.00,$0.00,$0.00,$0.00,$0.00,$0.00,$4380.00,$870.00,$4390.00,1377,
604,NQ 06-26,Backtest,Tom3,Long,1,19690.25,19776.00,2/1/2024 10:14:00 PM,2/1/2024 10:58:00 PM,Buy,ExitOnClose,$1715.00,$302750.00,$0.00,$0.00,$0.00,$0.00,$0.00,$170.00,$2130.00,$415.00,45,
605,NQ 06-26,Backtest,Tom3,Long,1,19746.50,19840.25,2/2/2024 12:02:00 AM,2/2/2024 10:58:00 PM,Buy,ExitOnClose,$1875.00,$304625.00,$0.00,$0.00,$0.00,$0.00,$0.00,$2620.00,$3580.00,$1705.00,1368,
606,NQ 06-26,Backtest,Tom3,Long,1,19724.50,19851.00,2/5/2024 4:43:00 PM,2/5/2024 10:58:00 PM,Buy,ExitOnClose,$2530.00,$307155.00,$0.00,$0.00,$0.00,$0.00,$0.00,$405.00,$3420.00,$890.00,376,
607,NQ 06-26,Backtest,Tom3,Long,1,20005.50,20005.25,2/7/2024 4:30:00 PM,2/7/2024 10:58:00 PM,Buy,ExitOnClose,($5.00),$307150.00,$0.00,$0.00,$0.00,$0.00,$0.00,$1525.00,$400.00,$405.00,389,
608,NQ 06-26,Backtest,Tom3,Long,1,19820.75,19850.50,2/13/2024 2:38:00 PM,2/13/2024 10:58:00 PM,Buy,ExitOnClose,$595.00,$307745.00,$0.00,$0.00,$0.00,$0.00,$0.00,$2575.00,$2420.00,$1825.00,501,
609,NQ 06-26,Backtest,Tom3,Long,1,19982.75,19869.75,2/16/2024 3:53:00 PM,2/16/2024 10:58:00 PM,Buy,ExitOnClose,($2260.00),$305485.00,$0.00,$0.00,$0.00,$0.00,$0.00,$2355.00,$1415.00,$3675.00,426,
610,NQ 06-26,Backtest,Tom3,Long,1,19686.75,19736.00,2/20/2024 4:03:00 PM,2/20/2024 10:58:00 PM,Buy,ExitOnClose,$985.00,$306470.00,$0.00,$0.00,$0.00,$0.00,$0.00,$1685.00,$1555.00,$570.00,416,
611,NQ 06-26,Backtest,Tom3,Short,1,19791.25,19830.75,2/21/2024 10:31:00 PM,2/21/2024 10:58:00 PM,Sell short,ExitOnClose,($790.00),$305680.00,$0.00,$0.00,$0.00,$0.00,$0.00,$980.00,$480.00,$1270.00,28,
612,NQ 06-26,Backtest,Tom3,Long,1,19843.25,20176.25,2/22/2024 12:02:00 AM,2/22/2024 10:58:00 PM,Buy,ExitOnClose,$6660.00,$312340.00,$0.00,$0.00,$0.00,$0.00,$0.00,$345.00,$7875.00,$1215.00,1377,
613,NQ 06-26,Backtest,Tom3,Long,1,20162.25,20221.25,2/29/2024 2:46:00 PM,2/29/2024 10:58:00 PM,Buy,ExitOnClose,$1180.00,$313520.00,$0.00,$0.00,$0.00,$0.00,$0.00,$2280.00,$1945.00,$765.00,493,
614,NQ 06-26,Backtest,Tom3,Short,1,20389.75,20471.25,3/1/2024 5:22:00 PM,3/1/2024 10:58:00 PM,Sell short,ExitOnClose,($1630.00),$311890.00,$0.00,$0.00,$0.00,$0.00,$0.00,$2660.00,$620.00,$2250.00,337,
615,NQ 06-26,Backtest,Tom3,Long,1,20191.00,20136.25,3/5/2024 3:57:00 PM,3/5/2024 10:58:00 PM,Buy,ExitOnClose,($1095.00),$310795.00,$0.00,$0.00,$0.00,$0.00,$0.00,$4170.00,$855.00,$1950.00,422,
616,NQ 06-26,Backtest,Tom3,Short,1,20414.75,20408.00,3/7/2024 4:46:00 PM,3/7/2024 10:58:00 PM,Sell short,ExitOnClose,$135.00,$310930.00,$0.00,$0.00,$0.00,$0.00,$0.00,$1905.00,$2115.00,$1980.00,373,
617,NQ 06-26,Backtest,Tom3,Short,1,20381.75,20204.50,3/8/2024 5:29:00 PM,3/8/2024 10:58:00 PM,Sell short,ExitOnClose,$3545.00,$314475.00,$0.00,$0.00,$0.00,$0.00,$0.00,$0.00,$4385.00,$840.00,330,
618,NQ 06-26,Backtest,Tom3,Short,1,20308.75,20378.25,3/12/2024 3:43:00 PM,3/12/2024 9:58:00 PM,Sell short,ExitOnClose,($1390.00),$313085.00,$0.00,$0.00,$0.00,$0.00,$0.00,$1695.00,$1660.00,$3050.00,376,
619,NQ 06-26,Backtest,Tom3,Long,1,20225.25,20257.75,3/13/2024 3:02:00 PM,3/13/2024 9:58:00 PM,Buy,ExitOnClose,$650.00,$313735.00,$0.00,$0.00,$0.00,$0.00,$0.00,$820.00,$1630.00,$980.00,417,
620,NQ 06-26,Backtest,Tom3,Long,1,20134.75,20168.25,3/14/2024 2:56:00 PM,3/14/2024 9:58:00 PM,Buy,ExitOnClose,$670.00,$314405.00,$0.00,$0.00,$0.00,$0.00,$0.00,$1420.00,$2195.00,$1525.00,423,
621,NQ 06-26,Backtest,Tom3,Short,1,20048.25,19965.75,3/15/2024 2:34:00 PM,3/15/2024 9:58:00 PM,Sell short,ExitOnClose,$1650.00,$316055.00,$0.00,$0.00,$0.00,$0.00,$0.00,$525.00,$2790.00,$1140.00,445,
622,NQ 06-26,Backtest,Tom3,Short,1,20146.75,20174.50,3/19/2024 5:49:00 PM,3/19/2024 9:58:00 PM,Sell short,ExitOnClose,($555.00),$315500.00,$0.00,$0.00,$0.00,$0.00,$0.00,$900.00,$555.00,$1110.00,250,
623,NQ 06-26,Backtest,Tom3,Long,1,20345.50,20441.50,3/20/2024 7:49:00 PM,3/20/2024 9:58:00 PM,Buy,ExitOnClose,$1920.00,$317420.00,$0.00,$0.00,$0.00,$0.00,$0.00,$750.00,$2040.00,$120.00,130,
624,NQ 06-26,Backtest,Tom3,Long,1,20434.50,20480.75,3/20/2024 11:02:00 PM,3/21/2024 9:58:00 PM,Buy,ExitOnClose,$925.00,$318345.00,$0.00,$0.00,$0.00,$0.00,$0.00,$105.00,$3540.00,$2615.00,1377,
625,NQ 06-26,Backtest,Tom3,Long,1,20319.50,20410.50,3/27/2024 3:10:00 PM,3/27/2024 9:58:00 PM,Buy,ExitOnClose,$1820.00,$320165.00,$0.00,$0.00,$0.00,$0.00,$0.00,$770.00,$2185.00,$365.00,409,
626,NQ 06-26,Backtest,Tom3,Long,1,20226.00,20245.25,4/2/2024 3:05:00 PM,4/2/2024 10:58:00 PM,Buy,ExitOnClose,$385.00,$320550.00,$0.00,$0.00,$0.00,$0.00,$0.00,$2440.00,$505.00,$120.00,474,
627,NQ 06-26,Backtest,Tom3,Long,1,20295.00,20295.00,4/3/2024 4:24:00 PM,4/3/2024 10:58:00 PM,Buy,ExitOnClose,$0.00,$320550.00,$0.00,$0.00,$0.00,$0.00,$0.00,$1790.00,$1185.00,$1185.00,395,
628,NQ 06-26,Backtest,Tom3,Short,1,20290.25,19974.25,4/4/2024 8:20:00 PM,4/4/2024 10:58:00 PM,Sell short,ExitOnClose,$6320.00,$326870.00,$0.00,$0.00,$0.00,$0.00,$0.00,$320.00,$6650.00,$330.00,159,
629,NQ 06-26,Backtest,Tom3,Long,1,20011.00,20208.75,4/5/2024 12:02:00 AM,4/5/2024 10:58:00 PM,Buy,ExitOnClose,$3955.00,$330825.00,$0.00,$0.00,$0.00,$0.00,$0.00,$1140.00,$5995.00,$2040.00,1377,
630,NQ 06-26,Backtest,Tom3,Long,1,20121.00,20286.50,4/9/2024 4:42:00 PM,4/9/2024 10:58:00 PM,Buy,ExitOnClose,$3310.00,$334135.00,$0.00,$0.00,$0.00,$0.00,$0.00,$1155.00,$3775.00,$465.00,377,
631,NQ 06-26,Backtest,Tom3,Short,1,20031.50,20085.75,4/10/2024 2:36:00 PM,4/10/2024 10:58:00 PM,Sell short,ExitOnClose,($1085.00),$333050.00,$0.00,$0.00,$0.00,$0.00,$0.00,$2100.00,$1510.00,$2595.00,503,
632,NQ 06-26,Backtest,Tom3,Long,1,20170.50,20384.75,4/11/2024 3:11:00 PM,4/11/2024 10:58:00 PM,Buy,ExitOnClose,$4285.00,$337335.00,$0.00,$0.00,$0.00,$0.00,$0.00,$1970.00,$5015.00,$730.00,468,
633,NQ 06-26,Backtest,Tom3,Long,1,20198.25,20072.25,4/12/2024 3:07:00 PM,4/12/2024 10:58:00 PM,Buy,ExitOnClose,($2520.00),$334815.00,$0.00,$0.00,$0.00,$0.00,$0.00,$3510.00,$950.00,$3470.00,472,
634,NQ 06-26,Backtest,Tom3,Long,1,20074.50,19776.00,4/15/2024 5:01:00 PM,4/15/2024 10:58:00 PM,Buy,ExitOnClose,($5970.00),$328845.00,$0.00,$0.00,$0.00,$0.00,$0.00,$6610.00,$1095.00,$7065.00,358,
635,NQ 06-26,Backtest,Tom3,Long,1,19708.75,19565.25,4/17/2024 8:13:00 AM,4/17/2024 10:58:00 PM,Buy,ExitOnClose,($2870.00),$325975.00,$0.00,$0.00,$0.00,$0.00,$0.00,$3820.00,$3245.00,$6115.00,886,
636,NQ 06-26,Backtest,Tom3,Long,1,19497.25,19429.75,4/18/2024 3:46:00 PM,4/18/2024 10:58:00 PM,Buy,ExitOnClose,($1350.00),$324625.00,$0.00,$0.00,$0.00,$0.00,$0.00,$1770.00,$3025.00,$4375.00,433,
637,NQ 06-26,Backtest,Tom3,Long,1,19290.25,19081.75,4/19/2024 3:16:00 AM,4/19/2024 10:58:00 PM,Buy,ExitOnClose,($4170.00),$320455.00,$0.00,$0.00,$0.00,$0.00,$0.00,$5490.00,$3310.00,$7480.00,1183,
638,NQ 06-26,Backtest,Tom3,Long,1,19070.50,19245.25,4/22/2024 5:14:00 PM,4/22/2024 10:58:00 PM,Buy,ExitOnClose,$3495.00,$323950.00,$0.00,$0.00,$0.00,$0.00,$0.00,$390.00,$5600.00,$2105.00,345,
639,NQ 06-26,Backtest,Tom3,Long,1,19416.50,19564.50,4/23/2024 4:13:00 PM,4/23/2024 10:58:00 PM,Buy,ExitOnClose,$2960.00,$326910.00,$0.00,$0.00,$0.00,$0.00,$0.00,$225.00,$3040.00,$80.00,406,
640,NQ 06-26,Backtest,Tom3,Short,1,19494.00,19412.25,4/24/2024 6:16:00 PM,4/24/2024 10:58:00 PM,Sell short,ExitOnClose,$1635.00,$328545.00,$0.00,$0.00,$0.00,$0.00,$0.00,$2275.00,$2195.00,$560.00,283,
641,NQ 06-26,Backtest,Tom3,Long,1,19361.75,19711.25,4/25/2024 12:02:00 AM,4/25/2024 10:58:00 PM,Buy,ExitOnClose,$6990.00,$335535.00,$0.00,$0.00,$0.00,$0.00,$0.00,$3020.00,$7365.00,$375.00,1377,
642,NQ 06-26,Backtest,Tom3,Long,1,19683.00,19741.50,4/26/2024 12:02:00 AM,4/26/2024 10:58:00 PM,Buy,ExitOnClose,$1170.00,$336705.00,$0.00,$0.00,$0.00,$0.00,$0.00,$2245.00,$2420.00,$1250.00,1377,
643,NQ 06-26,Backtest,Tom3,Long,1,19589.25,19418.25,4/30/2024 6:47:00 PM,4/30/2024 10:58:00 PM,Buy,ExitOnClose,($3420.00),$333285.00,$0.00,$0.00,$0.00,$0.00,$0.00,$4265.00,$1170.00,$4590.00,252,
644,NQ 06-26,Backtest,Tom3,Long,1,19392.00,19380.50,5/1/2024 12:02:00 AM,5/1/2024 10:58:00 PM,Buy,ExitOnClose,($230.00),$333055.00,$0.00,$0.00,$0.00,$0.00,$0.00,$1805.00,$6075.00,$6305.00,1377,
645,NQ 06-26,Backtest,Tom3,Long,1,19347.50,19646.50,5/2/2024 4:08:00 PM,5/2/2024 10:58:00 PM,Buy,ExitOnClose,$5980.00,$339035.00,$0.00,$0.00,$0.00,$0.00,$0.00,$1175.00,$6205.00,$225.00,411,
646,NQ 06-26,Backtest,Tom3,Long,1,19636.75,19926.00,5/3/2024 12:02:00 AM,5/3/2024 10:58:00 PM,Buy,ExitOnClose,$5785.00,$344820.00,$0.00,$0.00,$0.00,$0.00,$0.00,$295.00,$6320.00,$535.00,1377,
647,NQ 06-26,Backtest,Tom3,Long,1,20501.25,20594.50,5/15/2024 5:17:00 PM,5/15/2024 10:58:00 PM,Buy,ExitOnClose,$1865.00,$346685.00,$0.00,$0.00,$0.00,$0.00,$0.00,$430.00,$2165.00,$300.00,342,
648,NQ 06-26,Backtest,Tom3,Long,1,20598.00,20724.75,5/22/2024 8:44:00 PM,5/22/2024 10:58:00 PM,Buy,ExitOnClose,$2535.00,$349220.00,$0.00,$0.00,$0.00,$0.00,$0.00,$85.00,$3910.00,$1375.00,135,
649,NQ 06-26,Backtest,Tom3,Short,1,20750.50,20587.25,5/23/2024 3:58:00 PM,5/23/2024 10:58:00 PM,Sell short,ExitOnClose,$3265.00,$352485.00,$0.00,$0.00,$0.00,$0.00,$0.00,$1710.00,$4530.00,$1265.00,421,
650,NQ 06-26,Backtest,Tom3,Long,1,20787.00,20774.50,5/24/2024 5:07:00 PM,5/24/2024 10:58:00 PM,Buy,ExitOnClose,($250.00),$352235.00,$0.00,$0.00,$0.00,$0.00,$0.00,$980.00,$830.00,$1080.00,352,
651,NQ 06-26,Backtest,Tom3,Long,1,20463.00,20486.50,5/30/2024 10:17:00 PM,5/30/2024 10:58:00 PM,Buy,ExitOnClose,$470.00,$352705.00,$0.00,$0.00,$0.00,$0.00,$0.00,$125.00,$740.00,$270.00,42,
652,NQ 06-26,Backtest,Tom3,Short,1,20556.75,20479.00,5/31/2024 2:47:00 PM,5/31/2024 10:58:00 PM,Sell short,ExitOnClose,$1555.00,$354260.00,$0.00,$0.00,$0.00,$0.00,$0.00,$280.00,$8260.00,$6705.00,492,
653,NQ 06-26,Backtest,Tom3,Long,1,20496.75,20565.00,6/3/2024 12:02:00 AM,6/3/2024 10:58:00 PM,Buy,ExitOnClose,$1365.00,$355625.00,$0.00,$0.00,$0.00,$0.00,$0.00,$3170.00,$3225.00,$1860.00,1377,
654,NQ 06-26,Backtest,Tom3,Short,1,20627.75,20613.00,6/4/2024 8:35:00 PM,6/4/2024 10:58:00 PM,Sell short,ExitOnClose,$295.00,$355920.00,$0.00,$0.00,$0.00,$0.00,$0.00,$560.00,$1865.00,$1570.00,144,
655,NQ 06-26,Backtest,Tom3,Long,1,20828.25,20989.50,6/5/2024 4:42:00 PM,6/5/2024 10:58:00 PM,Buy,ExitOnClose,$3225.00,$359145.00,$0.00,$0.00,$0.00,$0.00,$0.00,$365.00,$3295.00,$70.00,377,
656,NQ 06-26,Backtest,Tom3,Long,1,20866.50,20935.50,6/7/2024 2:49:00 PM,6/7/2024 10:58:00 PM,Buy,ExitOnClose,$1380.00,$360525.00,$0.00,$0.00,$0.00,$0.00,$0.00,$115.00,$3820.00,$2440.00,490,
657,NQ 06-26,Backtest,Tom3,Long,1,21123.00,21147.00,6/11/2024 8:37:00 PM,6/11/2024 10:58:00 PM,Buy,ExitOnClose,$480.00,$361005.00,$0.00,$0.00,$0.00,$0.00,$0.00,$665.00,$740.00,$260.00,142,
658,NQ 06-26,Backtest,Tom3,Long,1,21328.00,21502.50,6/12/2024 2:38:00 PM,6/12/2024 10:58:00 PM,Buy,ExitOnClose,$3490.00,$364495.00,$0.00,$0.00,$0.00,$0.00,$0.00,$1015.00,$3735.00,$245.00,501,
659,NQ 06-26,Backtest,Tom3,Long,1,21756.00,21825.00,6/17/2024 6:49:00 PM,6/17/2024 10:58:00 PM,Buy,ExitOnClose,$1380.00,$365875.00,$0.00,$0.00,$0.00,$0.00,$0.00,$400.00,$3140.00,$1760.00,250,
660,NQ 06-26,Backtest,Tom3,Long,1,21790.00,21694.50,6/20/2024 4:18:00 PM,6/20/2024 10:58:00 PM,Buy,ExitOnClose,($1910.00),$363965.00,$0.00,$0.00,$0.00,$0.00,$0.00,$3800.00,$1610.00,$3520.00,401,
661,NQ 06-26,Backtest,Tom3,Short,1,21882.75,21613.00,6/28/2024 4:12:00 PM,6/28/2024 10:58:00 PM,Sell short,ExitOnClose,$5395.00,$369360.00,$0.00,$0.00,$0.00,$0.00,$0.00,$645.00,$6695.00,$1300.00,407,
662,NQ 06-26,Backtest,Tom3,Long,1,21733.50,21879.75,7/2/2024 3:48:00 PM,7/2/2024 10:58:00 PM,Buy,ExitOnClose,$2925.00,$372285.00,$0.00,$0.00,$0.00,$0.00,$0.00,$1480.00,$3350.00,$425.00,431,
663,NQ 06-26,Backtest,Tom3,Long,1,22030.50,22057.25,7/3/2024 6:07:00 PM,7/3/2024 7:13:00 PM,Buy,ExitOnClose,$535.00,$372820.00,$0.00,$0.00,$0.00,$0.00,$0.00,$380.00,$930.00,$395.00,67,
664,NQ 06-26,Backtest,Tom3,Long,1,22240.00,22242.50,7/5/2024 5:51:00 PM,7/5/2024 10:58:00 PM,Buy,ExitOnClose,$50.00,$372870.00,$0.00,$0.00,$0.00,$0.00,$0.00,$450.00,$825.00,$775.00,308,
665,NQ 06-26,Backtest,Tom3,Short,1,22372.50,22077.25,7/11/2024 4:18:00 PM,7/11/2024 10:58:00 PM,Sell short,ExitOnClose,$5905.00,$378775.00,$0.00,$0.00,$0.00,$0.00,$0.00,$45.00,$7070.00,$1165.00,401,
666,NQ 06-26,Backtest,Tom3,Long,1,22198.75,22182.00,7/12/2024 4:06:00 PM,7/12/2024 10:58:00 PM,Buy,ExitOnClose,($335.00),$378440.00,$0.00,$0.00,$0.00,$0.00,$0.00,$935.00,$3680.00,$4015.00,413,
667,NQ 06-26,Backtest,Tom3,Short,1,22389.25,22265.75,7/15/2024 5:04:00 PM,7/15/2024 10:58:00 PM,Sell short,ExitOnClose,$2470.00,$380910.00,$0.00,$0.00,$0.00,$0.00,$0.00,$990.00,$4825.00,$2355.00,355,
668,NQ 06-26,Backtest,Tom3,Long,1,22158.00,22233.50,7/16/2024 4:14:00 PM,7/16/2024 10:58:00 PM,Buy,ExitOnClose,$1510.00,$382420.00,$0.00,$0.00,$0.00,$0.00,$0.00,$1035.00,$1960.00,$450.00,405,
669,NQ 06-26,Backtest,Tom3,Long,1,22012.00,21651.00,7/17/2024 9:56:00 AM,7/17/2024 10:58:00 PM,Buy,ExitOnClose,($7220.00),$375200.00,$0.00,$0.00,$0.00,$0.00,$0.00,$8090.00,$135.00,$7355.00,783,
670,NQ 06-26,Backtest,Tom3,Short,1,21593.75,21594.00,7/18/2024 4:40:00 PM,7/18/2024 10:58:00 PM,Sell short,ExitOnClose,($5.00),$375195.00,$0.00,$0.00,$0.00,$0.00,$0.00,$1410.00,$3865.00,$3870.00,379,
671,NQ 06-26,Backtest,Tom3,Short,1,21493.00,21341.00,7/19/2024 9:24:00 AM,7/19/2024 10:58:00 PM,Sell short,ExitOnClose,$3040.00,$378235.00,$0.00,$0.00,$0.00,$0.00,$0.00,$2505.00,$3945.00,$905.00,805,
672,NQ 06-26,Backtest,Tom3,Long,1,21642.00,21616.50,7/22/2024 3:58:00 PM,7/22/2024 10:58:00 PM,Buy,ExitOnClose,($510.00),$377725.00,$0.00,$0.00,$0.00,$0.00,$0.00,$3810.00,$890.00,$1400.00,421,
673,NQ 06-26,Backtest,Tom3,Long,1,21485.00,20900.25,7/24/2024 12:12:00 AM,7/24/2024 10:58:00 PM,Buy,ExitOnClose,($11695.00),$366030.00,$0.00,$0.00,$0.00,$0.00,$0.00,$13490.00,$15.00,$11710.00,1367,
674,NQ 06-26,Backtest,Tom3,Long,1,20753.25,20624.25,7/25/2024 10:13:00 AM,7/25/2024 10:58:00 PM,Buy,ExitOnClose,($2580.00),$363450.00,$0.00,$0.00,$0.00,$0.00,$0.00,$4565.00,$5580.00,$8160.00,761,
675,NQ 06-26,Backtest,Tom3,Long,1,20659.00,20816.50,7/26/2024 12:02:00 AM,7/26/2024 10:58:00 PM,Buy,ExitOnClose,$3150.00,$366600.00,$0.00,$0.00,$0.00,$0.00,$0.00,$445.00,$5610.00,$2460.00,1377,
676,NQ 06-26,Backtest,Tom3,Short,1,20806.00,20853.00,7/29/2024 5:14:00 PM,7/29/2024 10:58:00 PM,Sell short,ExitOnClose,($940.00),$365660.00,$0.00,$0.00,$0.00,$0.00,$0.00,$3690.00,$1020.00,$1960.00,345,
677,NQ 06-26,Backtest,Tom3,Long,1,20755.75,20502.25,7/30/2024 4:39:00 PM,7/30/2024 10:58:00 PM,Buy,ExitOnClose,($5070.00),$360590.00,$0.00,$0.00,$0.00,$0.00,$0.00,$7780.00,$925.00,$5995.00,380,
678,NQ 06-26,Backtest,Tom3,Long,1,20702.25,21223.50,7/31/2024 1:57:00 AM,7/31/2024 10:58:00 PM,Buy,ExitOnClose,$10425.00,$371015.00,$0.00,$0.00,$0.00,$0.00,$0.00,$900.00,$11750.00,$1325.00,1262,
679,NQ 06-26,Backtest,Tom3,Long,1,21277.50,20599.75,8/1/2024 12:08:00 AM,8/1/2024 10:58:00 PM,Buy,ExitOnClose,($13555.00),$357460.00,$0.00,$0.00,$0.00,$0.00,$0.00,$15635.00,$1625.00,$15180.00,1371,
680,NQ 06-26,Backtest,Tom3,Long,1,20348.50,20155.50,8/2/2024 4:26:00 AM,8/2/2024 10:58:00 PM,Buy,ExitOnClose,($3860.00),$353600.00,$0.00,$0.00,$0.00,$0.00,$0.00,$6420.00,$1945.00,$5805.00,1105,
681,NQ 06-26,Backtest,Tom3,Long,1,19950.50,19762.25,8/5/2024 12:06:00 AM,8/5/2024 10:58:00 PM,Buy,ExitOnClose,($3765.00),$349835.00,$0.00,$0.00,$0.00,$0.00,$0.00,$19155.00,$1555.00,$5320.00,1371,
682,NQ 06-26,Backtest,Tom3,Long,1,19846.25,19728.75,8/6/2024 12:02:00 AM,8/6/2024 10:58:00 PM,Buy,ExitOnClose,($2350.00),$347485.00,$0.00,$0.00,$0.00,$0.00,$0.00,$4770.00,$5575.00,$7925.00,1377,
683,NQ 06-26,Backtest,Tom3,Long,1,19706.75,19496.00,8/7/2024 12:02:00 AM,8/7/2024 10:58:00 PM,Buy,ExitOnClose,($4215.00),$343270.00,$0.00,$0.00,$0.00,$0.00,$0.00,$4255.00,$9870.00,$14085.00,1377,
684,NQ 06-26,Backtest,Tom3,Long,1,19538.75,20207.25,8/8/2024 12:02:00 AM,8/8/2024 10:58:00 PM,Buy,ExitOnClose,$13370.00,$356640.00,$0.00,$0.00,$0.00,$0.00,$0.00,$3105.00,$13930.00,$560.00,1377,
685,NQ 06-26,Backtest,Tom3,Short,1,20289.00,20235.75,8/9/2024 10:46:00 AM,8/9/2024 10:58:00 PM,Sell short,ExitOnClose,$1065.00,$357705.00,$0.00,$0.00,$0.00,$0.00,$0.00,$545.00,$5285.00,$4220.00,733,
686,NQ 06-26,Backtest,Tom3,Long,1,20182.50,20268.75,8/12/2024 4:01:00 PM,8/12/2024 10:58:00 PM,Buy,ExitOnClose,$1725.00,$359430.00,$0.00,$0.00,$0.00,$0.00,$0.00,$195.00,$4490.00,$2765.00,418,
687,NQ 06-26,Backtest,Tom3,Long,1,20454.00,20736.00,8/13/2024 9:25:00 AM,8/13/2024 10:58:00 PM,Buy,ExitOnClose,$5640.00,$365070.00,$0.00,$0.00,$0.00,$0.00,$0.00,$3295.00,$6205.00,$565.00,814,
688,NQ 06-26,Backtest,Tom3,Long,1,20612.25,20783.75,8/14/2024 4:14:00 PM,8/14/2024 10:58:00 PM,Buy,ExitOnClose,$3430.00,$368500.00,$0.00,$0.00,$0.00,$0.00,$0.00,$900.00,$4660.00,$1230.00,405,
689,NQ 06-26,Backtest,Tom3,Long,1,20936.50,21211.75,8/15/2024 2:43:00 PM,8/15/2024 10:58:00 PM,Buy,ExitOnClose,$5505.00,$374005.00,$0.00,$0.00,$0.00,$0.00,$0.00,$160.00,$6170.00,$665.00,496,
690,NQ 06-26,Backtest,Tom3,Long,1,21105.50,21254.75,8/16/2024 2:36:00 PM,8/16/2024 10:58:00 PM,Buy,ExitOnClose,$2985.00,$376990.00,$0.00,$0.00,$0.00,$0.00,$0.00,$325.00,$3940.00,$955.00,503,
691,NQ 06-26,Backtest,Tom3,Long,1,21500.75,21495.00,8/19/2024 10:01:00 PM,8/19/2024 10:58:00 PM,Buy,ExitOnClose,($115.00),$376875.00,$0.00,$0.00,$0.00,$0.00,$0.00,$525.00,$255.00,$370.00,58,
692,NQ 06-26,Backtest,Tom3,Long,1,21462.00,21269.00,8/22/2024 5:26:00 PM,8/22/2024 10:58:00 PM,Buy,ExitOnClose,($3860.00),$373015.00,$0.00,$0.00,$0.00,$0.00,$0.00,$5565.00,$230.00,$4090.00,333,
693,NQ 06-26,Backtest,Tom3,Long,1,21523.50,21418.00,8/23/2024 4:14:00 PM,8/23/2024 10:58:00 PM,Buy,ExitOnClose,($2110.00),$370905.00,$0.00,$0.00,$0.00,$0.00,$0.00,$5800.00,$450.00,$2560.00,405,
694,NQ 06-26,Backtest,Tom3,Long,1,21298.50,21205.50,8/26/2024 4:15:00 PM,8/26/2024 10:58:00 PM,Buy,ExitOnClose,($1860.00),$369045.00,$0.00,$0.00,$0.00,$0.00,$0.00,$3025.00,$100.00,$1960.00,404,
695,NQ 06-26,Backtest,Tom3,Short,1,21326.25,21274.25,8/27/2024 5:02:00 PM,8/27/2024 10:58:00 PM,Sell short,ExitOnClose,$1040.00,$370085.00,$0.00,$0.00,$0.00,$0.00,$0.00,$165.00,$2135.00,$1095.00,357,
696,NQ 06-26,Backtest,Tom3,Long,1,21112.75,20951.00,8/28/2024 4:52:00 PM,8/28/2024 10:58:00 PM,Buy,ExitOnClose,($3235.00),$366850.00,$0.00,$0.00,$0.00,$0.00,$0.00,$4875.00,$485.00,$3720.00,367,
697,NQ 06-26,Backtest,Tom3,Long,1,20849.75,21090.50,8/29/2024 12:02:00 AM,8/29/2024 10:58:00 PM,Buy,ExitOnClose,$4815.00,$371665.00,$0.00,$0.00,$0.00,$0.00,$0.00,$1355.00,$9710.00,$4895.00,1377,
698,NQ 06-26,Backtest,Tom3,Short,1,21030.50,21238.00,8/30/2024 6:39:00 PM,8/30/2024 10:58:00 PM,Sell short,ExitOnClose,($4150.00),$367515.00,$0.00,$0.00,$0.00,$0.00,$0.00,$4880.00,$110.00,$4260.00,260,
699,NQ 06-26,Backtest,Tom3,Short,1,21106.25,20630.25,9/3/2024 11:17:00 AM,9/3/2024 10:58:00 PM,Sell short,ExitOnClose,$9520.00,$377035.00,$0.00,$0.00,$0.00,$0.00,$0.00,$1155.00,$11070.00,$1550.00,702,
700,NQ 06-26,Backtest,Tom3,Long,1,20489.25,20604.50,9/4/2024 3:02:00 AM,9/4/2024 10:58:00 PM,Buy,ExitOnClose,$2305.00,$379340.00,$0.00,$0.00,$0.00,$0.00,$0.00,$435.00,$5345.00,$3040.00,1197,
701,NQ 06-26,Backtest,Tom3,Short,1,20683.75,20561.00,9/5/2024 3:59:00 PM,9/5/2024 10:58:00 PM,Sell short,ExitOnClose,$2455.00,$381795.00,$0.00,$0.00,$0.00,$0.00,$0.00,$2170.00,$4000.00,$1545.00,420,
702,NQ 06-26,Backtest,Tom3,Long,1,20383.25,20003.25,9/6/2024 9:23:00 AM,9/6/2024 10:58:00 PM,Buy,ExitOnClose,($7600.00),$374195.00,$0.00,$0.00,$0.00,$0.00,$0.00,$8035.00,$4615.00,$12215.00,816,
703,NQ 06-26,Backtest,Tom3,Long,1,20056.00,20356.25,9/9/2024 12:02:00 AM,9/9/2024 10:58:00 PM,Buy,ExitOnClose,$6005.00,$380200.00,$0.00,$0.00,$0.00,$0.00,$0.00,$565.00,$6405.00,$400.00,1377,
704,NQ 06-26,Backtest,Tom3,Short,1,20268.75,20472.50,9/10/2024 6:08:00 PM,9/10/2024 10:58:00 PM,Sell short,ExitOnClose,($4075.00),$376125.00,$0.00,$0.00,$0.00,$0.00,$0.00,$5030.00,$595.00,$4670.00,291,
705,NQ 06-26,Backtest,Tom3,Long,1,20563.50,20885.00,9/11/2024 3:27:00 PM,9/11/2024 10:58:00 PM,Buy,ExitOnClose,$6430.00,$382555.00,$0.00,$0.00,$0.00,$0.00,$0.00,$7495.00,$7435.00,$1005.00,452,
706,NQ 06-26,Backtest,Tom3,Long,1,20874.00,21062.50,9/12/2024 12:02:00 AM,9/12/2024 10:58:00 PM,Buy,ExitOnClose,$3770.00,$386325.00,$0.00,$0.00,$0.00,$0.00,$0.00,$945.00,$5025.00,$1255.00,1377,
707,NQ 06-26,Backtest,Tom3,Long,1,20965.00,21058.50,9/16/2024 4:48:00 PM,9/16/2024 10:58:00 PM,Buy,ExitOnClose,$1870.00,$388195.00,$0.00,$0.00,$0.00,$0.00,$0.00,$470.00,$2525.00,$655.00,371,
708,NQ 06-26,Backtest,Tom3,Long,1,21072.25,21093.50,9/17/2024 6:44:00 PM,9/17/2024 10:58:00 PM,Buy,ExitOnClose,$425.00,$388620.00,$0.00,$0.00,$0.00,$0.00,$0.00,$1820.00,$725.00,$300.00,255,
709,NQ 06-26,Backtest,Tom3,Short,1,21213.75,21039.75,9/18/2024 8:09:00 PM,9/18/2024 10:58:00 PM,Sell short,ExitOnClose,$3480.00,$392100.00,$0.00,$0.00,$0.00,$0.00,$0.00,$1190.00,$4980.00,$1500.00,170,
710,NQ 06-26,Backtest,Tom3,Long,1,21182.25,21465.50,9/19/2024 2:13:00 AM,9/19/2024 10:58:00 PM,Buy,ExitOnClose,$5665.00,$397765.00,$0.00,$0.00,$0.00,$0.00,$0.00,$1950.00,$8525.00,$2860.00,1243,
711,NQ 06-26,Backtest,Tom3,Long,1,21298.25,21422.00,9/20/2024 5:15:00 PM,9/20/2024 10:58:00 PM,Buy,ExitOnClose,$2475.00,$400240.00,$0.00,$0.00,$0.00,$0.00,$0.00,$630.00,$3850.00,$1375.00,344,
712,NQ 06-26,Backtest,Tom3,Short,1,21383.00,21467.00,9/23/2024 9:20:00 AM,9/23/2024 10:58:00 PM,Sell short,ExitOnClose,($1680.00),$398560.00,$0.00,$0.00,$0.00,$0.00,$0.00,$3010.00,$295.00,$1975.00,819,
713,NQ 06-26,Backtest,Tom3,Short,1,21383.00,21593.50,9/24/2024 4:25:00 PM,9/24/2024 10:58:00 PM,Sell short,ExitOnClose,($4210.00),$394350.00,$0.00,$0.00,$0.00,$0.00,$0.00,$4770.00,$465.00,$4675.00,394,
714,NQ 06-26,Backtest,Tom3,Long,1,21659.25,21649.25,9/25/2024 4:14:00 PM,9/25/2024 10:58:00 PM,Buy,ExitOnClose,($200.00),$394150.00,$0.00,$0.00,$0.00,$0.00,$0.00,$2340.00,$370.00,$570.00,405,
715,NQ 06-26,Backtest,Tom3,Short,1,21752.50,21753.75,9/26/2024 4:31:00 PM,9/26/2024 10:58:00 PM,Sell short,ExitOnClose,($25.00),$394125.00,$0.00,$0.00,$0.00,$0.00,$0.00,$410.00,$3155.00,$3180.00,388,
716,NQ 06-26,Backtest,Tom3,Short,1,21496.00,21653.75,9/30/2024 8:30:00 PM,9/30/2024 10:58:00 PM,Sell short,ExitOnClose,($3155.00),$390970.00,$0.00,$0.00,$0.00,$0.00,$0.00,$3950.00,$315.00,$3470.00,149,
717,NQ 06-26,Backtest,Tom3,Short,1,21511.00,21368.25,10/1/2024 3:41:00 PM,10/1/2024 10:58:00 PM,Sell short,ExitOnClose,$2855.00,$393825.00,$0.00,$0.00,$0.00,$0.00,$0.00,$110.00,$5725.00,$2870.00,438,
718,NQ 06-26,Backtest,Tom3,Short,1,21485.00,21474.00,10/2/2024 5:22:00 PM,10/2/2024 10:58:00 PM,Sell short,ExitOnClose,$220.00,$394045.00,$0.00,$0.00,$0.00,$0.00,$0.00,$130.00,$2195.00,$1975.00,337,
719,NQ 06-26,Backtest,Tom3,Short,1,21497.25,21378.00,10/3/2024 4:06:00 PM,10/3/2024 10:58:00 PM,Sell short,ExitOnClose,$2385.00,$396430.00,$0.00,$0.00,$0.00,$0.00,$0.00,$465.00,$4230.00,$1845.00,413,
720,NQ 06-26,Backtest,Tom3,Long,1,21597.00,21610.00,10/4/2024 2:44:00 PM,10/4/2024 10:58:00 PM,Buy,ExitOnClose,$260.00,$396690.00,$0.00,$0.00,$0.00,$0.00,$0.00,$3540.00,$1470.00,$1210.00,495,
721,NQ 06-26,Backtest,Tom3,Short,1,21403.75,21423.25,10/7/2024 8:51:00 PM,10/7/2024 10:58:00 PM,Sell short,ExitOnClose,($390.00),$396300.00,$0.00,$0.00,$0.00,$0.00,$0.00,$740.00,$980.00,$1370.00,128,
722,NQ 06-26,Backtest,Tom3,Short,1,21593.50,21687.50,10/8/2024 4:10:00 PM,10/8/2024 10:58:00 PM,Sell short,ExitOnClose,($1880.00),$394420.00,$0.00,$0.00,$0.00,$0.00,$0.00,$2855.00,$630.00,$2510.00,409,
723,NQ 06-26,Backtest,Tom3,Long,1,21823.25,21851.75,10/9/2024 5:39:00 PM,10/9/2024 10:58:00 PM,Buy,ExitOnClose,$570.00,$394990.00,$0.00,$0.00,$0.00,$0.00,$0.00,$1230.00,$1325.00,$755.00,320,
724,NQ 06-26,Backtest,Tom3,Long,1,22052.00,22044.50,10/14/2024 3:53:00 PM,10/14/2024 10:58:00 PM,Buy,ExitOnClose,($150.00),$394840.00,$0.00,$0.00,$0.00,$0.00,$0.00,$2405.00,$695.00,$845.00,426,
725,NQ 06-26,Backtest,Tom3,Long,1,21848.50,21739.75,10/15/2024 4:36:00 PM,10/15/2024 10:58:00 PM,Buy,ExitOnClose,($2175.00),$392665.00,$0.00,$0.00,$0.00,$0.00,$0.00,$3755.00,$155.00,$2330.00,383,
726,NQ 06-26,Backtest,Tom3,Long,1,21638.25,21734.00,10/16/2024 3:52:00 PM,10/16/2024 10:58:00 PM,Buy,ExitOnClose,$1915.00,$394580.00,$0.00,$0.00,$0.00,$0.00,$0.00,$505.00,$2955.00,$1040.00,427,
727,NQ 06-26,Backtest,Tom3,Long,1,21841.75,21794.50,10/17/2024 8:34:00 AM,10/17/2024 10:58:00 PM,Buy,ExitOnClose,($945.00),$393635.00,$0.00,$0.00,$0.00,$0.00,$0.00,$1625.00,$3195.00,$4140.00,865,
728,NQ 06-26,Backtest,Tom3,Short,1,21935.50,21945.00,10/21/2024 4:09:00 PM,10/21/2024 10:58:00 PM,Sell short,ExitOnClose,($190.00),$393445.00,$0.00,$0.00,$0.00,$0.00,$0.00,$515.00,$3675.00,$3865.00,410,
729,NQ 06-26,Backtest,Tom3,Short,1,22004.00,21931.50,10/22/2024 8:05:00 PM,10/22/2024 10:58:00 PM,Sell short,ExitOnClose,$1450.00,$394895.00,$0.00,$0.00,$0.00,$0.00,$0.00,$95.00,$1790.00,$340.00,174,
730,NQ 06-26,Backtest,Tom3,Long,1,21717.50,21683.25,10/23/2024 5:30:00 PM,10/23/2024 10:58:00 PM,Buy,ExitOnClose,($685.00),$394210.00,$0.00,$0.00,$0.00,$0.00,$0.00,$4635.00,$1025.00,$1710.00,329,
731,NQ 06-26,Backtest,Tom3,Long,1,21993.50,21882.75,10/25/2024 3:46:00 PM,10/25/2024 10:58:00 PM,Buy,ExitOnClose,($2215.00),$391995.00,$0.00,$0.00,$0.00,$0.00,$0.00,$2535.00,$2410.00,$4625.00,433,
732,NQ 06-26,Backtest,Tom3,Long,1,21968.00,21904.50,10/30/2024 2:44:00 PM,10/30/2024 9:58:00 PM,Buy,ExitOnClose,($1270.00),$390725.00,$0.00,$0.00,$0.00,$0.00,$0.00,$1775.00,$2765.00,$4035.00,435,
733,NQ 06-26,Backtest,Tom3,Long,1,21853.25,21431.75,10/30/2024 11:08:00 PM,10/31/2024 9:58:00 PM,Buy,ExitOnClose,($8430.00),$382295.00,$0.00,$0.00,$0.00,$0.00,$0.00,$8760.00,$370.00,$8800.00,1371,
734,NQ 06-26,Backtest,Tom3,Long,1,21640.25,21572.25,11/1/2024 3:21:00 PM,11/1/2024 9:58:00 PM,Buy,ExitOnClose,($1360.00),$380935.00,$0.00,$0.00,$0.00,$0.00,$0.00,$2215.00,$1090.00,$2450.00,398,
735,NQ 06-26,Backtest,Tom3,Short,1,21439.75,21512.25,11/4/2024 6:12:00 PM,11/4/2024 10:58:00 PM,Sell short,ExitOnClose,($1450.00),$379485.00,$0.00,$0.00,$0.00,$0.00,$0.00,$2855.00,$25.00,$1475.00,287,
736,NQ 06-26,Backtest,Tom3,Long,1,21699.25,21761.00,11/5/2024 3:57:00 PM,11/5/2024 10:58:00 PM,Buy,ExitOnClose,$1235.00,$380720.00,$0.00,$0.00,$0.00,$0.00,$0.00,$1200.00,$1860.00,$625.00,422,
737,NQ 06-26,Backtest,Tom3,Long,1,21903.25,22337.25,11/6/2024 3:35:00 AM,11/6/2024 10:58:00 PM,Buy,ExitOnClose,$8680.00,$389400.00,$0.00,$0.00,$0.00,$0.00,$0.00,$775.00,$8690.00,$10.00,1164,
738,NQ 06-26,Backtest,Tom3,Long,1,22504.25,22632.25,11/7/2024 3:58:00 PM,11/7/2024 10:58:00 PM,Buy,ExitOnClose,$2560.00,$391960.00,$0.00,$0.00,$0.00,$0.00,$0.00,$220.00,$3110.00,$550.00,421,
739,NQ 06-26,Backtest,Tom3,Short,1,22576.25,22620.00,11/11/2024 3:59:00 PM,11/11/2024 10:58:00 PM,Sell short,ExitOnClose,($875.00),$391085.00,$0.00,$0.00,$0.00,$0.00,$0.00,$1495.00,$1425.00,$2300.00,420,
740,NQ 06-26,Backtest,Tom3,Long,1,22472.75,22586.00,11/12/2024 7:09:00 PM,11/12/2024 10:58:00 PM,Buy,ExitOnClose,$2265.00,$393350.00,$0.00,$0.00,$0.00,$0.00,$0.00,$15.00,$2890.00,$625.00,230,
741,NQ 06-26,Backtest,Tom3,Long,1,22106.25,21909.75,11/15/2024 3:41:00 PM,11/15/2024 10:58:00 PM,Buy,ExitOnClose,($3930.00),$389420.00,$0.00,$0.00,$0.00,$0.00,$0.00,$5885.00,$925.00,$4855.00,438,
742,NQ 06-26,Backtest,Tom3,Short,1,22091.50,22037.50,11/18/2024 4:37:00 PM,11/18/2024 10:58:00 PM,Sell short,ExitOnClose,$1080.00,$390500.00,$0.00,$0.00,$0.00,$0.00,$0.00,$790.00,$1905.00,$825.00,382,
743,NQ 06-26,Backtest,Tom3,Long,1,21906.00,22167.00,11/19/2024 10:34:00 AM,11/19/2024 10:58:00 PM,Buy,ExitOnClose,$5220.00,$395720.00,$0.00,$0.00,$0.00,$0.00,$0.00,$2335.00,$5865.00,$645.00,745,
744,NQ 06-26,Backtest,Tom3,Short,1,22057.25,22138.00,11/20/2024 3:43:00 PM,11/20/2024 10:58:00 PM,Sell short,ExitOnClose,($1615.00),$394105.00,$0.00,$0.00,$0.00,$0.00,$0.00,$2715.00,$3470.00,$5085.00,436,
745,NQ 06-26,Backtest,Tom3,Long,1,22211.75,22209.25,11/21/2024 1:21:00 PM,11/21/2024 10:58:00 PM,Buy,ExitOnClose,($50.00),$394055.00,$0.00,$0.00,$0.00,$0.00,$0.00,$5815.00,$2015.00,$2065.00,578,
746,NQ 06-26,Backtest,Tom3,Long,1,22357.00,22310.50,11/25/2024 12:15:00 AM,11/25/2024 10:58:00 PM,Buy,ExitOnClose,($930.00),$393125.00,$0.00,$0.00,$0.00,$0.00,$0.00,$3400.00,$2615.00,$3545.00,1363,
747,NQ 06-26,Backtest,Tom3,Long,1,22217.50,22214.50,11/27/2024 4:16:00 PM,11/27/2024 10:58:00 PM,Buy,ExitOnClose,($60.00),$393065.00,$0.00,$0.00,$0.00,$0.00,$0.00,$2715.00,$380.00,$440.00,403,
748,NQ 06-26,Backtest,Tom3,Long,1,22543.25,22627.75,12/2/2024 3:42:00 PM,12/2/2024 10:58:00 PM,Buy,ExitOnClose,$1690.00,$394755.00,$0.00,$0.00,$0.00,$0.00,$0.00,$805.00,$2465.00,$775.00,437,
749,NQ 06-26,Backtest,Tom3,Long,1,23008.50,23039.50,12/6/2024 3:57:00 PM,12/6/2024 10:58:00 PM,Buy,ExitOnClose,$620.00,$395375.00,$0.00,$0.00,$0.00,$0.00,$0.00,$575.00,$1350.00,$730.00,422,
750,NQ 06-26,Backtest,Tom3,Long,1,22917.25,22887.75,12/9/2024 5:03:00 PM,12/9/2024 10:58:00 PM,Buy,ExitOnClose,($590.00),$394785.00,$0.00,$0.00,$0.00,$0.00,$0.00,$1490.00,$785.00,$1375.00,356,
751,NQ 06-26,Backtest,Tom3,Long,1,22981.50,23162.25,12/11/2024 3:11:00 PM,12/11/2024 10:58:00 PM,Buy,ExitOnClose,$3615.00,$398400.00,$0.00,$0.00,$0.00,$0.00,$0.00,$150.00,$4905.00,$1290.00,468,
752,NQ 06-26,Backtest,Tom3,Short,1,23094.75,23170.25,12/13/2024 5:01:00 PM,12/13/2024 10:58:00 PM,Sell short,ExitOnClose,($1510.00),$396890.00,$0.00,$0.00,$0.00,$0.00,$0.00,$2720.00,$430.00,$1940.00,358,
753,NQ 06-26,Backtest,Tom3,Long,1,23428.75,23527.75,12/16/2024 4:40:00 PM,12/16/2024 10:58:00 PM,Buy,ExitOnClose,$1980.00,$398870.00,$0.00,$0.00,$0.00,$0.00,$0.00,$580.00,$2840.00,$860.00,379,
754,NQ 06-26,Backtest,Tom3,Long,1,23353.00,22589.00,12/18/2024 3:40:00 PM,12/18/2024 10:58:00 PM,Buy,ExitOnClose,($15280.00),$383590.00,$0.00,$0.00,$0.00,$0.00,$0.00,$18425.00,$2390.00,$17670.00,439,
755,NQ 06-26,Backtest,Tom3,Long,1,22608.25,22527.00,12/19/2024 12:02:00 AM,12/19/2024 10:58:00 PM,Buy,ExitOnClose,($1625.00),$381965.00,$0.00,$0.00,$0.00,$0.00,$0.00,$2835.00,$4205.00,$5830.00,1377,
756,NQ 06-26,Backtest,Tom3,Long,1,22434.00,22664.50,12/20/2024 1:21:00 AM,12/20/2024 10:58:00 PM,Buy,ExitOnClose,$4610.00,$386575.00,$0.00,$0.00,$0.00,$0.00,$0.00,$6135.00,$9980.00,$5370.00,1298,
757,NQ 06-26,Backtest,Tom3,Long,1,23045.25,23165.00,12/24/2024 4:08:00 PM,12/24/2024 7:13:00 PM,Buy,ExitOnClose,$2395.00,$388970.00,$0.00,$0.00,$0.00,$0.00,$0.00,$545.00,$2480.00,$85.00,186,
758,NQ 06-26,Backtest,Tom3,Long,1,23177.50,23105.75,12/26/2024 12:02:00 AM,12/26/2024 10:58:00 PM,Buy,ExitOnClose,($1435.00),$387535.00,$0.00,$0.00,$0.00,$0.00,$0.00,$3730.00,$1090.00,$2525.00,1376,
759,NQ 06-26,Backtest,Tom3,Long,1,22868.25,22842.00,12/27/2024 3:38:00 PM,12/27/2024 10:58:00 PM,Buy,ExitOnClose,($525.00),$387010.00,$0.00,$0.00,$0.00,$0.00,$0.00,$4975.00,$395.00,$920.00,441,
760,NQ 06-26,Backtest,Tom3,Short,1,22630.00,22509.50,12/30/2024 1:46:00 PM,12/30/2024 10:58:00 PM,Sell short,ExitOnClose,$2410.00,$389420.00,$0.00,$0.00,$0.00,$0.00,$0.00,$1235.00,$5125.00,$2715.00,553,
761,NQ 06-26,Backtest,Tom3,Short,1,22622.50,22356.50,12/31/2024 10:45:00 AM,12/31/2024 10:58:00 PM,Sell short,ExitOnClose,$5320.00,$394740.00,$0.00,$0.00,$0.00,$0.00,$0.00,$460.00,$6395.00,$1075.00,734,
762,NQ 06-26,Backtest,Tom3,Long,1,22264.25,22300.50,1/2/2025 1:30:00 AM,1/2/2025 10:58:00 PM,Buy,ExitOnClose,$725.00,$395465.00,$0.00,$0.00,$0.00,$0.00,$0.00,$3195.00,$6940.00,$6215.00,1289,
763,NQ 06-26,Backtest,Tom3,Long,1,22531.75,22609.50,1/3/2025 3:42:00 PM,1/3/2025 10:58:00 PM,Buy,ExitOnClose,$1555.00,$397020.00,$0.00,$0.00,$0.00,$0.00,$0.00,$2990.00,$2965.00,$1410.00,437,
764,NQ 06-26,Backtest,Tom3,Long,1,22958.25,22897.75,1/6/2025 3:57:00 PM,1/6/2025 10:58:00 PM,Buy,ExitOnClose,($1210.00),$395810.00,$0.00,$0.00,$0.00,$0.00,$0.00,$3795.00,$1185.00,$2395.00,422,
765,NQ 06-26,Backtest,Tom3,Long,1,22716.50,22494.75,1/7/2025 4:10:00 PM,1/7/2025 10:58:00 PM,Buy,ExitOnClose,($4435.00),$391375.00,$0.00,$0.00,$0.00,$0.00,$0.00,$6325.00,$815.00,$5250.00,409,
766,NQ 06-26,Backtest,Tom3,Long,1,22437.50,22452.50,1/8/2025 12:46:00 PM,1/8/2025 10:58:00 PM,Buy,ExitOnClose,$300.00,$391675.00,$0.00,$0.00,$0.00,$0.00,$0.00,$3010.00,$2300.00,$2000.00,613,
767,NQ 06-26,Backtest,Tom3,Short,1,22188.50,22115.50,1/10/2025 2:36:00 PM,1/10/2025 10:58:00 PM,Sell short,ExitOnClose,$1460.00,$393135.00,$0.00,$0.00,$0.00,$0.00,$0.00,$2590.00,$3860.00,$2400.00,503,
768,NQ 06-26,Backtest,Tom3,Long,1,21856.00,22102.75,1/13/2025 10:06:00 AM,1/13/2025 10:58:00 PM,Buy,ExitOnClose,$4935.00,$398070.00,$0.00,$0.00,$0.00,$0.00,$0.00,$825.00,$5165.00,$230.00,773,
769,NQ 06-26,Backtest,Tom3,Long,1,22152.75,22099.00,1/14/2025 12:07:00 AM,1/14/2025 10:58:00 PM,Buy,ExitOnClose,($1075.00),$396995.00,$0.00,$0.00,$0.00,$0.00,$0.00,$5170.00,$2235.00,$3310.00,1372,
770,NQ 06-26,Backtest,Tom3,Long,1,22371.75,22495.75,1/15/2025 2:35:00 PM,1/15/2025 10:58:00 PM,Buy,ExitOnClose,$2480.00,$399475.00,$0.00,$0.00,$0.00,$0.00,$0.00,$1285.00,$4035.00,$1555.00,504,
771,NQ 06-26,Backtest,Tom3,Long,1,22642.75,22334.25,1/16/2025 8:36:00 AM,1/16/2025 10:58:00 PM,Buy,ExitOnClose,($6170.00),$393305.00,$0.00,$0.00,$0.00,$0.00,$0.00,$6995.00,$905.00,$7075.00,863,
772,NQ 06-26,Backtest,Tom3,Long,1,22340.50,22703.00,1/17/2025 12:02:00 AM,1/17/2025 10:58:00 PM,Buy,ExitOnClose,$7250.00,$400555.00,$0.00,$0.00,$0.00,$0.00,$0.00,$210.00,$9255.00,$2005.00,1377,
773,NQ 06-26,Backtest,Tom3,Short,1,22852.00,22815.00,1/20/2025 3:34:00 PM,1/20/2025 6:58:00 PM,Sell short,ExitOnClose,$740.00,$401295.00,$0.00,$0.00,$0.00,$0.00,$0.00,$950.00,$2225.00,$1485.00,205,
774,NQ 06-26,Backtest,Tom3,Long,1,22671.50,22891.00,1/21/2025 1:59:00 AM,1/21/2025 10:58:00 PM,Buy,ExitOnClose,$4390.00,$405685.00,$0.00,$0.00,$0.00,$0.00,$0.00,$3460.00,$4655.00,$265.00,1260,
775,NQ 06-26,Backtest,Tom3,Long,1,23136.00,23097.25,1/22/2025 4:11:00 PM,1/22/2025 10:58:00 PM,Buy,ExitOnClose,($775.00),$404910.00,$0.00,$0.00,$0.00,$0.00,$0.00,$955.00,$1565.00,$2340.00,408,
776,NQ 06-26,Backtest,Tom3,Long,1,22983.75,23025.25,1/24/2025 8:06:00 PM,1/24/2025 10:58:00 PM,Buy,ExitOnClose,$830.00,$405740.00,$0.00,$0.00,$0.00,$0.00,$0.00,$380.00,$1125.00,$295.00,173,
777,NQ 06-26,Backtest,Tom3,Long,1,22811.50,22421.75,1/27/2025 12:07:00 AM,1/27/2025 10:58:00 PM,Buy,ExitOnClose,($7795.00),$397945.00,$0.00,$0.00,$0.00,$0.00,$0.00,$18540.00,$365.00,$8160.00,1372,
778,NQ 06-26,Backtest,Tom3,Long,1,22471.50,22678.75,1/28/2025 12:11:00 AM,1/28/2025 10:58:00 PM,Buy,ExitOnClose,$4145.00,$402090.00,$0.00,$0.00,$0.00,$0.00,$0.00,$3825.00,$5505.00,$1360.00,1368,
779,NQ 06-26,Backtest,Tom3,Short,1,22622.50,22702.75,1/29/2025 3:51:00 PM,1/29/2025 10:58:00 PM,Sell short,ExitOnClose,($1605.00),$400485.00,$0.00,$0.00,$0.00,$0.00,$0.00,$2165.00,$2695.00,$4300.00,428,
780,NQ 06-26,Backtest,Tom3,Short,1,22612.75,22717.50,1/30/2025 4:58:00 PM,1/30/2025 10:58:00 PM,Sell short,ExitOnClose,($2095.00),$398390.00,$0.00,$0.00,$0.00,$0.00,$0.00,$4160.00,$1450.00,$3545.00,361,
781,NQ 06-26,Backtest,Tom3,Long,1,23029.00,22674.25,1/31/2025 4:13:00 PM,1/31/2025 10:58:00 PM,Buy,ExitOnClose,($7095.00),$391295.00,$0.00,$0.00,$0.00,$0.00,$0.00,$7490.00,$1155.00,$8250.00,406,
782,NQ 06-26,Backtest,Tom3,Long,1,22109.25,22671.75,2/3/2025 12:02:00 AM,2/3/2025 10:58:00 PM,Buy,ExitOnClose,$11250.00,$402545.00,$0.00,$0.00,$0.00,$0.00,$0.00,$340.00,$11825.00,$575.00,1377,
783,NQ 06-26,Backtest,Tom3,Long,1,22704.50,22709.25,2/4/2025 12:02:00 AM,2/4/2025 10:58:00 PM,Buy,ExitOnClose,$95.00,$402640.00,$0.00,$0.00,$0.00,$0.00,$0.00,$6825.00,$2205.00,$2110.00,1377,
784,NQ 06-26,Backtest,Tom3,Short,1,22789.75,22889.75,2/5/2025 5:50:00 PM,2/5/2025 10:58:00 PM,Sell short,ExitOnClose,($2000.00),$400640.00,$0.00,$0.00,$0.00,$0.00,$0.00,$2520.00,$0.00,$2000.00,309,
785,NQ 06-26,Backtest,Tom3,Short,1,22840.50,22696.75,2/7/2025 4:16:00 PM,2/7/2025 10:58:00 PM,Sell short,ExitOnClose,$2875.00,$403515.00,$0.00,$0.00,$0.00,$0.00,$0.00,$1685.00,$3340.00,$465.00,403,
786,NQ 06-26,Backtest,Tom3,Short,1,22991.50,22955.25,2/10/2025 4:32:00 PM,2/10/2025 10:58:00 PM,Sell short,ExitOnClose,$725.00,$404240.00,$0.00,$0.00,$0.00,$0.00,$0.00,$465.00,$1070.00,$345.00,387,
787,NQ 06-26,Backtest,Tom3,Short,1,22984.50,22916.25,2/11/2025 4:52:00 PM,2/11/2025 10:58:00 PM,Sell short,ExitOnClose,$1365.00,$405605.00,$0.00,$0.00,$0.00,$0.00,$0.00,$155.00,$2960.00,$1595.00,367,
788,NQ 06-26,Backtest,Tom3,Long,1,22674.25,22978.25,2/12/2025 2:37:00 PM,2/12/2025 10:58:00 PM,Buy,ExitOnClose,$6080.00,$411685.00,$0.00,$0.00,$0.00,$0.00,$0.00,$855.00,$6180.00,$100.00,502,
789,NQ 06-26,Backtest,Tom3,Short,1,22896.50,23201.50,2/13/2025 9:36:00 AM,2/13/2025 10:58:00 PM,Sell short,ExitOnClose,($6100.00),$405585.00,$0.00,$0.00,$0.00,$0.00,$0.00,$6965.00,$455.00,$6555.00,803,
790,NQ 06-26,Backtest,Tom3,Long,1,23293.75,23341.50,2/18/2025 4:05:00 PM,2/18/2025 10:58:00 PM,Buy,ExitOnClose,$955.00,$406540.00,$0.00,$0.00,$0.00,$0.00,$0.00,$1405.00,$1540.00,$585.00,414,
791,NQ 06-26,Backtest,Tom3,Long,1,23154.00,23257.50,2/20/2025 4:00:00 PM,2/20/2025 10:58:00 PM,Buy,ExitOnClose,$2070.00,$408610.00,$0.00,$0.00,$0.00,$0.00,$0.00,$1645.00,$2335.00,$265.00,419,
792,NQ 06-26,Backtest,Tom3,Long,1,23210.25,22779.75,2/21/2025 4:05:00 PM,2/21/2025 10:58:00 PM,Buy,ExitOnClose,($8610.00),$400000.00,$0.00,$0.00,$0.00,$0.00,$0.00,$8735.00,$425.00,$9035.00,414,
793,NQ 06-26,Backtest,Tom3,Long,1,22733.00,22544.00,2/24/2025 3:56:00 PM,2/24/2025 10:58:00 PM,Buy,ExitOnClose,($3780.00),$396220.00,$0.00,$0.00,$0.00,$0.00,$0.00,$4095.00,$965.00,$4745.00,423,
794,NQ 06-26,Backtest,Tom3,Long,1,22562.75,22311.75,2/25/2025 12:02:00 AM,2/25/2025 10:58:00 PM,Buy,ExitOnClose,($5020.00),$391200.00,$0.00,$0.00,$0.00,$0.00,$0.00,$9040.00,$235.00,$5255.00,1377,
795,NQ 06-26,Backtest,Tom3,Short,1,22343.25,22399.25,2/26/2025 7:08:00 PM,2/26/2025 10:58:00 PM,Sell short,ExitOnClose,($1120.00),$390080.00,$0.00,$0.00,$0.00,$0.00,$0.00,$2090.00,$3350.00,$4470.00,231,
796,NQ 06-26,Backtest,Tom3,Short,1,22303.25,21751.00,2/27/2025 3:51:00 PM,2/27/2025 10:58:00 PM,Sell short,ExitOnClose,$11045.00,$401125.00,$0.00,$0.00,$0.00,$0.00,$0.00,$275.00,$11985.00,$940.00,428,
797,NQ 06-26,Backtest,Tom3,Long,1,21785.75,22035.25,2/28/2025 12:02:00 AM,2/28/2025 10:58:00 PM,Buy,ExitOnClose,$4990.00,$406115.00,$0.00,$0.00,$0.00,$0.00,$0.00,$4090.00,$5585.00,$595.00,1377,
798,NQ 06-26,Backtest,Tom3,Long,1,22110.25,21641.25,3/3/2025 12:02:00 AM,3/3/2025 10:58:00 PM,Buy,ExitOnClose,($9380.00),$396735.00,$0.00,$0.00,$0.00,$0.00,$0.00,$13455.00,$2630.00,$12010.00,1377,
799,NQ 06-26,Backtest,Tom3,Long,1,21469.00,21657.25,3/4/2025 1:27:00 PM,3/4/2025 10:58:00 PM,Buy,ExitOnClose,$3765.00,$400500.00,$0.00,$0.00,$0.00,$0.00,$0.00,$5460.00,$7685.00,$3920.00,572,
800,NQ 06-26,Backtest,Tom3,Short,1,21523.00,21728.00,3/5/2025 3:08:00 PM,3/5/2025 10:58:00 PM,Sell short,ExitOnClose,($4100.00),$396400.00,$0.00,$0.00,$0.00,$0.00,$0.00,$6455.00,$3745.00,$7845.00,471,
801,NQ 06-26,Backtest,Tom3,Long,1,21621.50,21308.25,3/6/2025 9:16:00 AM,3/6/2025 10:58:00 PM,Buy,ExitOnClose,($6265.00),$390135.00,$0.00,$0.00,$0.00,$0.00,$0.00,$9955.00,$655.00,$6920.00,823,
802,NQ 06-26,Backtest,Tom3,Short,1,21072.25,21327.50,3/7/2025 4:36:00 PM,3/7/2025 10:58:00 PM,Sell short,ExitOnClose,($5105.00),$385030.00,$0.00,$0.00,$0.00,$0.00,$0.00,$6695.00,$3720.00,$8825.00,383,
803,NQ 06-26,Backtest,Tom3,Long,1,21164.25,20592.25,3/9/2025 11:17:00 PM,3/10/2025 9:58:00 PM,Buy,ExitOnClose,($11440.00),$373590.00,$0.00,$0.00,$0.00,$0.00,$0.00,$15425.00,$2260.00,$13700.00,1362,
804,NQ 06-26,Backtest,Tom3,Long,1,20439.25,20512.25,3/11/2025 12:19:00 AM,3/11/2025 9:58:00 PM,Buy,ExitOnClose,$1460.00,$375050.00,$0.00,$0.00,$0.00,$0.00,$0.00,$3585.00,$7365.00,$5905.00,1300,
805,NQ 06-26,Backtest,Tom3,Short,1,20818.25,20692.00,3/12/2025 1:36:00 PM,3/12/2025 9:58:00 PM,Sell short,ExitOnClose,$2525.00,$377575.00,$0.00,$0.00,$0.00,$0.00,$0.00,$1605.00,$6045.00,$3520.00,503,
806,NQ 06-26,Backtest,Tom3,Short,1,20527.25,20419.25,3/13/2025 7:26:00 AM,3/13/2025 9:58:00 PM,Sell short,ExitOnClose,$2160.00,$379735.00,$0.00,$0.00,$0.00,$0.00,$0.00,$4490.00,$4730.00,$2570.00,873,
807,NQ 06-26,Backtest,Tom3,Long,1,20718.00,20788.50,3/14/2025 2:51:00 PM,3/14/2025 9:58:00 PM,Buy,ExitOnClose,$1410.00,$381145.00,$0.00,$0.00,$0.00,$0.00,$0.00,$3210.00,$2905.00,$1495.00,428,
808,NQ 06-26,Backtest,Tom3,Short,1,20963.75,20955.00,3/17/2025 2:44:00 PM,3/17/2025 9:58:00 PM,Sell short,ExitOnClose,$175.00,$381320.00,$0.00,$0.00,$0.00,$0.00,$0.00,$2425.00,$4270.00,$4095.00,435,
809,NQ 06-26,Backtest,Tom3,Short,1,20698.00,20620.50,3/18/2025 2:39:00 PM,3/18/2025 9:58:00 PM,Sell short,ExitOnClose,$1550.00,$382870.00,$0.00,$0.00,$0.00,$0.00,$0.00,$550.00,$3530.00,$1980.00,440,
810,NQ 06-26,Backtest,Tom3,Short,1,20810.00,20863.25,3/19/2025 3:12:00 PM,3/19/2025 9:58:00 PM,Sell short,ExitOnClose,($1065.00),$381805.00,$0.00,$0.00,$0.00,$0.00,$0.00,$5005.00,$2475.00,$3540.00,407,
811,NQ 06-26,Backtest,Tom3,Short,1,20855.25,20817.25,3/20/2025 10:59:00 AM,3/20/2025 9:58:00 PM,Sell short,ExitOnClose,$760.00,$382565.00,$0.00,$0.00,$0.00,$0.00,$0.00,$3340.00,$4055.00,$3295.00,660,
812,NQ 06-26,Backtest,Tom3,Long,1,20617.25,20887.75,3/21/2025 1:56:00 PM,3/21/2025 9:58:00 PM,Buy,ExitOnClose,$5410.00,$387975.00,$0.00,$0.00,$0.00,$0.00,$0.00,$1955.00,$5550.00,$140.00,483,
813,NQ 06-26,Backtest,Tom3,Long,1,20985.25,21275.25,3/23/2025 11:02:00 PM,3/24/2025 9:58:00 PM,Buy,ExitOnClose,$5800.00,$393775.00,$0.00,$0.00,$0.00,$0.00,$0.00,$230.00,$6830.00,$1030.00,1377,
814,NQ 06-26,Backtest,Tom3,Long,1,21233.75,20999.75,3/26/2025 3:01:00 PM,3/26/2025 9:58:00 PM,Buy,ExitOnClose,($4680.00),$389095.00,$0.00,$0.00,$0.00,$0.00,$0.00,$5430.00,$795.00,$5475.00,418,
815,NQ 06-26,Backtest,Tom3,Long,1,20864.75,20921.75,3/27/2025 2:44:00 PM,3/27/2025 9:58:00 PM,Buy,ExitOnClose,$1140.00,$390235.00,$0.00,$0.00,$0.00,$0.00,$0.00,$95.00,$5040.00,$3900.00,435,
816,NQ 06-26,Backtest,Tom3,Long,1,20667.00,20290.50,3/28/2025 3:12:00 PM,3/28/2025 9:58:00 PM,Buy,ExitOnClose,($7530.00),$382705.00,$0.00,$0.00,$0.00,$0.00,$0.00,$7655.00,$45.00,$7575.00,407,
817,NQ 06-26,Backtest,Tom3,Long,1,20215.50,20330.50,3/31/2025 12:02:00 AM,3/31/2025 10:58:00 PM,Buy,ExitOnClose,$2300.00,$385005.00,$0.00,$0.00,$0.00,$0.00,$0.00,$6430.00,$3830.00,$1530.00,1377,
818,NQ 06-26,Backtest,Tom3,Short,1,20433.00,20514.75,4/1/2025 5:01:00 PM,4/1/2025 10:58:00 PM,Sell short,ExitOnClose,($1635.00),$383370.00,$0.00,$0.00,$0.00,$0.00,$0.00,$2565.00,$2615.00,$4250.00,358,
819,NQ 06-26,Backtest,Tom3,Long,1,20582.25,20132.00,4/2/2025 12:13:00 AM,4/2/2025 10:58:00 PM,Buy,ExitOnClose,($9005.00),$374365.00,$0.00,$0.00,$0.00,$0.00,$0.00,$11765.00,$7585.00,$16590.00,1365,
820,NQ 06-26,Backtest,Tom3,Long,1,19881.75,19567.00,4/3/2025 12:04:00 AM,4/3/2025 10:58:00 PM,Buy,ExitOnClose,($6295.00),$368070.00,$0.00,$0.00,$0.00,$0.00,$0.00,$7010.00,$4250.00,$10545.00,1375,
821,NQ 06-26,Backtest,Tom3,Long,1,19588.00,18421.75,4/4/2025 12:02:00 AM,4/4/2025 10:58:00 PM,Buy,ExitOnClose,($23325.00),$344745.00,$0.00,$0.00,$0.00,$0.00,$0.00,$25665.00,$845.00,$24170.00,1377,
822,NQ 06-26,Backtest,Tom3,Long,1,17617.25,18551.25,4/7/2025 12:02:00 AM,4/7/2025 10:58:00 PM,Buy,ExitOnClose,$18680.00,$363425.00,$0.00,$0.00,$0.00,$0.00,$0.00,$4800.00,$33230.00,$14550.00,1377,
823,NQ 06-26,Backtest,Tom3,Long,1,18619.50,18141.50,4/8/2025 12:14:00 AM,4/8/2025 10:58:00 PM,Buy,ExitOnClose,($9560.00),$353865.00,$0.00,$0.00,$0.00,$0.00,$0.00,$14575.00,$13100.00,$22660.00,1365,
824,NQ 06-26,Backtest,Tom3,Long,1,18125.50,20267.00,4/9/2025 12:02:00 AM,4/9/2025 10:58:00 PM,Buy,ExitOnClose,$42830.00,$396695.00,$0.00,$0.00,$0.00,$0.00,$0.00,$9465.00,$43570.00,$740.00,1377,
825,NQ 06-26,Backtest,Tom3,Long,1,20188.25,19410.50,4/10/2025 12:02:00 AM,4/10/2025 10:58:00 PM,Buy,ExitOnClose,($15555.00),$381140.00,$0.00,$0.00,$0.00,$0.00,$0.00,$27040.00,$2250.00,$17805.00,1377,
826,NQ 06-26,Backtest,Tom3,Short,1,19266.25,19736.75,4/11/2025 1:53:00 AM,4/11/2025 10:58:00 PM,Sell short,ExitOnClose,($9410.00),$371730.00,$0.00,$0.00,$0.00,$0.00,$0.00,$10490.00,$5640.00,$15050.00,1266,
827,NQ 06-26,Backtest,Tom3,Long,1,19923.25,19821.25,4/14/2025 12:03:00 AM,4/14/2025 10:58:00 PM,Buy,ExitOnClose,($2040.00),$369690.00,$0.00,$0.00,$0.00,$0.00,$0.00,$5370.00,$5000.00,$7040.00,1376,
828,NQ 06-26,Backtest,Tom3,Short,1,19932.75,19854.75,4/15/2025 9:35:00 AM,4/15/2025 10:58:00 PM,Sell short,ExitOnClose,$1560.00,$371250.00,$0.00,$0.00,$0.00,$0.00,$0.00,$2585.00,$3595.00,$2035.00,804,
829,NQ 06-26,Backtest,Tom3,Long,1,19620.75,19278.75,4/16/2025 12:04:00 AM,4/16/2025 10:58:00 PM,Buy,ExitOnClose,($6840.00),$364410.00,$0.00,$0.00,$0.00,$0.00,$0.00,$11745.00,$3155.00,$9995.00,1375,
830,NQ 06-26,Backtest,Tom3,Short,1,19342.00,19347.25,4/17/2025 3:45:00 PM,4/17/2025 10:58:00 PM,Sell short,ExitOnClose,($105.00),$364305.00,$0.00,$0.00,$0.00,$0.00,$0.00,$2025.00,$3265.00,$3370.00,434,
831,NQ 06-26,Backtest,Tom3,Long,1,19171.25,18832.50,4/21/2025 12:12:00 AM,4/21/2025 10:58:00 PM,Buy,ExitOnClose,($6775.00),$357530.00,$0.00,$0.00,$0.00,$0.00,$0.00,$11080.00,$2485.00,$9260.00,1367,
832,NQ 06-26,Backtest,Tom3,Long,1,18917.00,19273.25,4/22/2025 2:02:00 AM,4/22/2025 10:58:00 PM,Buy,ExitOnClose,$7125.00,$364655.00,$0.00,$0.00,$0.00,$0.00,$0.00,$1070.00,$10285.00,$3160.00,1257,
833,NQ 06-26,Backtest,Tom3,Long,1,19681.75,19782.00,4/23/2025 12:04:00 AM,4/23/2025 10:58:00 PM,Buy,ExitOnClose,$2005.00,$366660.00,$0.00,$0.00,$0.00,$0.00,$0.00,$2815.00,$8020.00,$6015.00,1375,
834,NQ 06-26,Backtest,Tom3,Long,1,19536.50,20254.50,4/24/2025 10:47:00 AM,4/24/2025 10:58:00 PM,Buy,ExitOnClose,$14360.00,$381020.00,$0.00,$0.00,$0.00,$0.00,$0.00,$490.00,$15975.00,$1615.00,732,
835,NQ 06-26,Backtest,Tom3,Long,1,20319.50,20469.25,4/25/2025 12:30:00 AM,4/25/2025 10:58:00 PM,Buy,ExitOnClose,$2995.00,$384015.00,$0.00,$0.00,$0.00,$0.00,$0.00,$3720.00,$3735.00,$740.00,1349,
836,NQ 06-26,Backtest,Tom3,Short,1,20289.00,20399.25,4/28/2025 5:23:00 PM,4/28/2025 10:58:00 PM,Sell short,ExitOnClose,($2205.00),$381810.00,$0.00,$0.00,$0.00,$0.00,$0.00,$4140.00,$2290.00,$4495.00,336,
837,NQ 06-26,Backtest,Tom3,Short,1,20300.25,20534.50,4/29/2025 3:12:00 PM,4/29/2025 10:58:00 PM,Sell short,ExitOnClose,($4685.00),$377125.00,$0.00,$0.00,$0.00,$0.00,$0.00,$6110.00,$100.00,$4785.00,467,
838,NQ 06-26,Backtest,Tom3,Long,1,20337.00,20778.25,4/30/2025 2:25:00 PM,4/30/2025 10:58:00 PM,Buy,ExitOnClose,$8825.00,$385950.00,$0.00,$0.00,$0.00,$0.00,$0.00,$6320.00,$9205.00,$380.00,514,
839,NQ 06-26,Backtest,Tom3,Long,1,20767.00,20710.25,5/1/2025 12:02:00 AM,5/1/2025 10:58:00 PM,Buy,ExitOnClose,($1135.00),$384815.00,$0.00,$0.00,$0.00,$0.00,$0.00,$1850.00,$5520.00,$6655.00,1377,
840,NQ 06-26,Backtest,Tom3,Long,1,20709.00,21116.50,5/2/2025 12:02:00 AM,5/2/2025 10:58:00 PM,Buy,ExitOnClose,$8150.00,$392965.00,$0.00,$0.00,$0.00,$0.00,$0.00,$845.00,$9700.00,$1550.00,1377,
841,NQ 06-26,Backtest,Tom3,Short,1,20938.00,20951.50,5/5/2025 10:24:00 PM,5/5/2025 10:58:00 PM,Sell short,ExitOnClose,($270.00),$392695.00,$0.00,$0.00,$0.00,$0.00,$0.00,$440.00,$370.00,$640.00,35,
842,NQ 06-26,Backtest,Tom3,Long,1,21020.00,20873.75,5/7/2025 12:10:00 AM,5/7/2025 10:58:00 PM,Buy,ExitOnClose,($2925.00),$389770.00,$0.00,$0.00,$0.00,$0.00,$0.00,$8480.00,$200.00,$3125.00,1369,
843,NQ 06-26,Backtest,Tom3,Long,1,21011.50,21076.25,5/8/2025 3:13:00 AM,5/8/2025 10:58:00 PM,Buy,ExitOnClose,$1295.00,$391065.00,$0.00,$0.00,$0.00,$0.00,$0.00,$2305.00,$4860.00,$3565.00,1186,
844,NQ 06-26,Backtest,Tom3,Long,1,20981.00,21056.50,5/9/2025 4:40:00 PM,5/9/2025 10:58:00 PM,Buy,ExitOnClose,$1510.00,$392575.00,$0.00,$0.00,$0.00,$0.00,$0.00,$115.00,$2435.00,$925.00,379,
845,NQ 06-26,Backtest,Tom3,Long,1,21355.75,21876.00,5/12/2025 12:05:00 AM,5/12/2025 10:58:00 PM,Buy,ExitOnClose,$10405.00,$402980.00,$0.00,$0.00,$0.00,$0.00,$0.00,$1235.00,$11150.00,$745.00,1374,
846,NQ 06-26,Backtest,Tom3,Long,1,21930.50,22174.00,5/13/2025 2:36:00 PM,5/13/2025 10:58:00 PM,Buy,ExitOnClose,$4870.00,$407850.00,$0.00,$0.00,$0.00,$0.00,$0.00,$810.00,$6665.00,$1795.00,503,
847,NQ 06-26,Backtest,Tom3,Long,1,22122.25,22318.50,5/15/2025 11:08:00 AM,5/15/2025 10:58:00 PM,Buy,ExitOnClose,$3925.00,$411775.00,$0.00,$0.00,$0.00,$0.00,$0.00,$260.00,$6495.00,$2570.00,711,
848,NQ 06-26,Backtest,Tom3,Long,1,22252.25,22432.00,5/19/2025 12:06:00 AM,5/19/2025 10:58:00 PM,Buy,ExitOnClose,$3595.00,$415370.00,$0.00,$0.00,$0.00,$0.00,$0.00,$4450.00,$4190.00,$595.00,1373,
849,NQ 06-26,Backtest,Tom3,Short,1,22383.75,22062.50,5/21/2025 5:05:00 PM,5/21/2025 10:58:00 PM,Sell short,ExitOnClose,$6425.00,$421795.00,$0.00,$0.00,$0.00,$0.00,$0.00,$1840.00,$7875.00,$1450.00,354,
850,NQ 06-26,Backtest,Tom3,Long,1,21986.25,22126.50,5/22/2025 2:15:00 PM,5/22/2025 10:58:00 PM,Buy,ExitOnClose,$2805.00,$424600.00,$0.00,$0.00,$0.00,$0.00,$0.00,$580.00,$5370.00,$2565.00,524,
851,NQ 06-26,Backtest,Tom3,Short,1,21862.25,21861.75,5/23/2025 1:46:00 PM,5/23/2025 10:58:00 PM,Sell short,ExitOnClose,$10.00,$424610.00,$0.00,$0.00,$0.00,$0.00,$0.00,$2760.00,$4360.00,$4350.00,553,
852,NQ 06-26,Backtest,Tom3,Long,1,22048.50,22211.25,5/26/2025 12:22:00 AM,5/26/2025 6:58:00 PM,Buy,ExitOnClose,$3255.00,$427865.00,$0.00,$0.00,$0.00,$0.00,$0.00,$10.00,$3530.00,$275.00,1117,
853,NQ 06-26,Backtest,Tom3,Long,1,22238.25,22393.25,5/27/2025 9:42:00 AM,5/27/2025 10:58:00 PM,Buy,ExitOnClose,$3100.00,$430965.00,$0.00,$0.00,$0.00,$0.00,$0.00,$2565.00,$3350.00,$250.00,797,
854,NQ 06-26,Backtest,Tom3,Short,1,22272.00,22427.50,5/28/2025 10:04:00 PM,5/28/2025 10:58:00 PM,Sell short,ExitOnClose,($3110.00),$427855.00,$0.00,$0.00,$0.00,$0.00,$0.00,$3140.00,$670.00,$3780.00,55,
855,NQ 06-26,Backtest,Tom3,Long,1,22512.75,22299.50,5/29/2025 12:58:00 AM,5/29/2025 10:58:00 PM,Buy,ExitOnClose,($4265.00),$423590.00,$0.00,$0.00,$0.00,$0.00,$0.00,$5890.00,$5265.00,$9530.00,1321,
856,NQ 06-26,Backtest,Tom3,Long,1,22075.25,22279.25,5/30/2025 6:32:00 PM,5/30/2025 10:58:00 PM,Buy,ExitOnClose,$4080.00,$427670.00,$0.00,$0.00,$0.00,$0.00,$0.00,$1730.00,$5510.00,$1430.00,267,
857,NQ 06-26,Backtest,Tom3,Long,1,22366.75,22468.50,6/2/2025 3:40:00 PM,6/2/2025 10:58:00 PM,Buy,ExitOnClose,$2035.00,$429705.00,$0.00,$0.00,$0.00,$0.00,$0.00,$4295.00,$2535.00,$500.00,439,
858,NQ 06-26,Backtest,Tom3,Long,1,22582.50,22609.00,6/3/2025 5:02:00 PM,6/3/2025 10:58:00 PM,Buy,ExitOnClose,$530.00,$430235.00,$0.00,$0.00,$0.00,$0.00,$0.00,$590.00,$1890.00,$1360.00,357,
859,NQ 06-26,Backtest,Tom3,Short,1,22826.25,22446.75,6/5/2025 5:20:00 PM,6/5/2025 10:58:00 PM,Sell short,ExitOnClose,$7590.00,$437825.00,$0.00,$0.00,$0.00,$0.00,$0.00,$520.00,$8110.00,$520.00,339,
860,NQ 06-26,Backtest,Tom3,Long,1,22406.75,22727.75,6/6/2025 12:02:00 AM,6/6/2025 10:58:00 PM,Buy,ExitOnClose,$6420.00,$444245.00,$0.00,$0.00,$0.00,$0.00,$0.00,$100.00,$7680.00,$1260.00,1377,
861,NQ 06-26,Backtest,Tom3,Long,1,22883.75,22869.00,6/10/2025 3:36:00 AM,6/10/2025 10:58:00 PM,Buy,ExitOnClose,($295.00),$443950.00,$0.00,$0.00,$0.00,$0.00,$0.00,$4690.00,$515.00,$810.00,1163,
862,NQ 06-26,Backtest,Tom3,Long,1,22983.00,22798.50,6/11/2025 2:39:00 PM,6/11/2025 10:58:00 PM,Buy,ExitOnClose,($3690.00),$440260.00,$0.00,$0.00,$0.00,$0.00,$0.00,$5500.00,$570.00,$4260.00,500,
863,NQ 06-26,Backtest,Tom3,Short,1,22842.25,22828.50,6/12/2025 4:30:00 PM,6/12/2025 10:58:00 PM,Sell short,ExitOnClose,$275.00,$440535.00,$0.00,$0.00,$0.00,$0.00,$0.00,$1045.00,$880.00,$605.00,389,
864,NQ 06-26,Backtest,Tom3,Long,1,22576.00,22568.25,6/13/2025 2:06:00 AM,6/13/2025 10:58:00 PM,Buy,ExitOnClose,($155.00),$440380.00,$0.00,$0.00,$0.00,$0.00,$0.00,$3755.00,$3920.00,$4075.00,1253,
865,NQ 06-26,Backtest,Tom3,Short,1,22860.25,22868.25,6/16/2025 3:59:00 PM,6/16/2025 10:58:00 PM,Sell short,ExitOnClose,($160.00),$440220.00,$0.00,$0.00,$0.00,$0.00,$0.00,$1290.00,$410.00,$570.00,420,
866,NQ 06-26,Backtest,Tom3,Long,1,22719.75,22659.75,6/17/2025 2:01:00 AM,6/17/2025 10:58:00 PM,Buy,ExitOnClose,($1200.00),$439020.00,$0.00,$0.00,$0.00,$0.00,$0.00,$2150.00,$2360.00,$3560.00,1258,
867,NQ 06-26,Backtest,Tom3,Long,1,22385.50,22418.25,6/19/2025 3:54:00 PM,6/19/2025 6:58:00 PM,Buy,ExitOnClose,$655.00,$439675.00,$0.00,$0.00,$0.00,$0.00,$0.00,$225.00,$1180.00,$525.00,185,
868,NQ 06-26,Backtest,Tom3,Long,1,22539.75,22580.25,6/20/2025 12:20:00 AM,6/20/2025 10:58:00 PM,Buy,ExitOnClose,$810.00,$440485.00,$0.00,$0.00,$0.00,$0.00,$0.00,$1440.00,$5870.00,$5060.00,1359,
869,NQ 06-26,Backtest,Tom3,Long,1,22431.50,22771.75,6/23/2025 12:10:00 AM,6/23/2025 10:58:00 PM,Buy,ExitOnClose,$6805.00,$447290.00,$0.00,$0.00,$0.00,$0.00,$0.00,$570.00,$7285.00,$480.00,1369,
870,NQ 06-26,Backtest,Tom3,Long,1,22877.50,23112.25,6/24/2025 12:16:00 AM,6/24/2025 10:58:00 PM,Buy,ExitOnClose,$4695.00,$451985.00,$0.00,$0.00,$0.00,$0.00,$0.00,$135.00,$5470.00,$775.00,1363,
871,NQ 06-26,Backtest,Tom3,Short,1,23355.75,23444.25,6/27/2025 8:39:00 PM,6/27/2025 10:58:00 PM,Sell short,ExitOnClose,($1770.00),$450215.00,$0.00,$0.00,$0.00,$0.00,$0.00,$2135.00,$1060.00,$2830.00,140,
872,NQ 06-26,Backtest,Tom3,Long,1,23408.25,23393.00,7/1/2025 4:55:00 PM,7/1/2025 10:58:00 PM,Buy,ExitOnClose,($305.00),$449910.00,$0.00,$0.00,$0.00,$0.00,$0.00,$2220.00,$1135.00,$1440.00,364,
873,NQ 06-26,Backtest,Tom3,Short,1,23492.75,23556.00,7/2/2025 4:30:00 PM,7/2/2025 10:58:00 PM,Sell short,ExitOnClose,($1265.00),$448645.00,$0.00,$0.00,$0.00,$0.00,$0.00,$1375.00,$380.00,$1645.00,389,
874,NQ 06-26,Backtest,Tom3,Long,1,23702.00,23743.75,7/3/2025 3:59:00 PM,7/3/2025 7:13:00 PM,Buy,ExitOnClose,$835.00,$449480.00,$0.00,$0.00,$0.00,$0.00,$0.00,$170.00,$2065.00,$1230.00,195,
875,NQ 06-26,Backtest,Tom3,Long,1,23758.00,23744.25,7/9/2025 3:45:00 PM,7/9/2025 10:58:00 PM,Buy,ExitOnClose,($275.00),$449205.00,$0.00,$0.00,$0.00,$0.00,$0.00,$2710.00,$1135.00,$1410.00,434,
876,NQ 06-26,Backtest,Tom3,Long,1,23617.25,23711.00,7/10/2025 4:07:00 PM,7/10/2025 10:58:00 PM,Buy,ExitOnClose,$1875.00,$451080.00,$0.00,$0.00,$0.00,$0.00,$0.00,$265.00,$2710.00,$835.00,412,
877,NQ 06-26,Backtest,Tom3,Long,1,23579.00,23643.50,7/11/2025 2:30:00 AM,7/11/2025 10:58:00 PM,Buy,ExitOnClose,$1290.00,$452370.00,$0.00,$0.00,$0.00,$0.00,$0.00,$845.00,$2905.00,$1615.00,1229,
878,NQ 06-26,Backtest,Tom3,Long,1,23549.75,23739.00,7/14/2025 12:10:00 AM,7/14/2025 10:58:00 PM,Buy,ExitOnClose,$3785.00,$456155.00,$0.00,$0.00,$0.00,$0.00,$0.00,$855.00,$4390.00,$605.00,1369,
879,NQ 06-26,Backtest,Tom3,Long,1,23856.25,23720.50,7/15/2025 3:57:00 AM,7/15/2025 10:58:00 PM,Buy,ExitOnClose,($2715.00),$453440.00,$0.00,$0.00,$0.00,$0.00,$0.00,$2880.00,$1385.00,$4100.00,1142,
880,NQ 06-26,Backtest,Tom3,Short,1,23563.25,23762.75,7/16/2025 5:39:00 PM,7/16/2025 10:58:00 PM,Sell short,ExitOnClose,($3990.00),$449450.00,$0.00,$0.00,$0.00,$0.00,$0.00,$4790.00,$370.00,$4360.00,320,
881,NQ 06-26,Backtest,Tom3,Long,1,23938.75,23969.25,7/17/2025 5:17:00 PM,7/17/2025 10:58:00 PM,Buy,ExitOnClose,$610.00,$450060.00,$0.00,$0.00,$0.00,$0.00,$0.00,$395.00,$875.00,$265.00,342,
882,NQ 06-26,Backtest,Tom3,Long,1,24080.75,24048.50,7/21/2025 3:59:00 PM,7/21/2025 10:58:00 PM,Buy,ExitOnClose,($645.00),$449415.00,$0.00,$0.00,$0.00,$0.00,$0.00,$990.00,$935.00,$1580.00,420,
883,NQ 06-26,Backtest,Tom3,Long,1,23833.25,23897.25,7/22/2025 3:56:00 PM,7/22/2025 10:58:00 PM,Buy,ExitOnClose,$1280.00,$450695.00,$0.00,$0.00,$0.00,$0.00,$0.00,$450.00,$2545.00,$1265.00,423,
884,NQ 06-26,Backtest,Tom3,Short,1,24088.50,24111.50,7/23/2025 10:19:00 PM,7/23/2025 10:58:00 PM,Sell short,ExitOnClose,($460.00),$450235.00,$0.00,$0.00,$0.00,$0.00,$0.00,$645.00,$470.00,$930.00,40,
885,NQ 06-26,Backtest,Tom3,Long,1,24096.25,24097.75,7/24/2025 12:02:00 AM,7/24/2025 10:58:00 PM,Buy,ExitOnClose,$30.00,$450265.00,$0.00,$0.00,$0.00,$0.00,$0.00,$1905.00,$620.00,$590.00,1377,
886,NQ 06-26,Backtest,Tom3,Long,1,24152.75,24155.25,7/29/2025 5:43:00 PM,7/29/2025 10:58:00 PM,Buy,ExitOnClose,$50.00,$450315.00,$0.00,$0.00,$0.00,$0.00,$0.00,$575.00,$1515.00,$1465.00,316,
887,NQ 06-26,Backtest,Tom3,Long,1,24073.25,24365.50,7/30/2025 9:07:00 PM,7/30/2025 10:58:00 PM,Buy,ExitOnClose,$5845.00,$456160.00,$0.00,$0.00,$0.00,$0.00,$0.00,$245.00,$6370.00,$525.00,112,
888,NQ 06-26,Backtest,Tom3,Long,1,24395.75,24031.25,7/31/2025 12:02:00 AM,7/31/2025 10:58:00 PM,Buy,ExitOnClose,($7290.00),$448870.00,$0.00,$0.00,$0.00,$0.00,$0.00,$8050.00,$3040.00,$10330.00,1377,
889,NQ 06-26,Backtest,Tom3,Long,1,23959.75,23574.00,8/1/2025 12:42:00 AM,8/1/2025 10:58:00 PM,Buy,ExitOnClose,($7715.00),$441155.00,$0.00,$0.00,$0.00,$0.00,$0.00,$9640.00,$1710.00,$9425.00,1337,
890,NQ 06-26,Backtest,Tom3,Long,1,23916.25,24051.25,8/4/2025 3:47:00 PM,8/4/2025 10:58:00 PM,Buy,ExitOnClose,$2700.00,$443855.00,$0.00,$0.00,$0.00,$0.00,$0.00,$515.00,$2780.00,$80.00,432,
891,NQ 06-26,Backtest,Tom3,Short,1,23930.75,23789.25,8/5/2025 4:40:00 PM,8/5/2025 10:58:00 PM,Sell short,ExitOnClose,$2830.00,$446685.00,$0.00,$0.00,$0.00,$0.00,$0.00,$480.00,$2870.00,$40.00,379,
892,NQ 06-26,Backtest,Tom3,Short,1,24023.25,24111.25,8/6/2025 5:23:00 PM,8/6/2025 10:58:00 PM,Sell short,ExitOnClose,($1760.00),$444925.00,$0.00,$0.00,$0.00,$0.00,$0.00,$2495.00,$440.00,$2200.00,336,
893,NQ 06-26,Backtest,Tom3,Short,1,24094.50,24217.00,8/7/2025 6:48:00 PM,8/7/2025 10:58:00 PM,Sell short,ExitOnClose,($2450.00),$442475.00,$0.00,$0.00,$0.00,$0.00,$0.00,$2845.00,$1255.00,$3705.00,251,
894,NQ 06-26,Backtest,Tom3,Long,1,24375.50,24460.50,8/8/2025 4:12:00 PM,8/8/2025 10:58:00 PM,Buy,ExitOnClose,$1700.00,$444175.00,$0.00,$0.00,$0.00,$0.00,$0.00,$1215.00,$1845.00,$145.00,407,
895,NQ 06-26,Backtest,Tom3,Long,1,24494.75,24653.50,8/12/2025 2:40:00 PM,8/12/2025 10:58:00 PM,Buy,ExitOnClose,$3175.00,$447350.00,$0.00,$0.00,$0.00,$0.00,$0.00,$3400.00,$3185.00,$10.00,499,
896,NQ 06-26,Backtest,Tom3,Long,1,24525.75,24586.75,8/14/2025 3:05:00 PM,8/14/2025 10:58:00 PM,Buy,ExitOnClose,$1220.00,$448570.00,$0.00,$0.00,$0.00,$0.00,$0.00,$130.00,$3695.00,$2475.00,474,
897,NQ 06-26,Backtest,Tom3,Long,1,24488.50,24496.75,8/15/2025 3:56:00 PM,8/15/2025 10:58:00 PM,Buy,ExitOnClose,$165.00,$448735.00,$0.00,$0.00,$0.00,$0.00,$0.00,$1025.00,$1905.00,$1740.00,423,
898,NQ 06-26,Backtest,Tom3,Long,1,24306.75,24172.75,8/19/2025 4:40:00 PM,8/19/2025 10:58:00 PM,Buy,ExitOnClose,($2680.00),$446055.00,$0.00,$0.00,$0.00,$0.00,$0.00,$3560.00,$350.00,$3030.00,379,
899,NQ 06-26,Backtest,Tom3,Long,1,23948.50,24019.75,8/20/2025 3:52:00 PM,8/20/2025 10:58:00 PM,Buy,ExitOnClose,$1425.00,$447480.00,$0.00,$0.00,$0.00,$0.00,$0.00,$4215.00,$2460.00,$1035.00,427,
900,NQ 06-26,Backtest,Tom3,Short,1,24204.25,24283.75,8/22/2025 4:04:00 PM,8/22/2025 10:58:00 PM,Sell short,ExitOnClose,($1590.00),$445890.00,$0.00,$0.00,$0.00,$0.00,$0.00,$2970.00,$390.00,$1980.00,415,
901,NQ 06-26,Backtest,Tom3,Long,1,24084.75,24308.25,8/26/2025 2:48:00 AM,8/26/2025 10:58:00 PM,Buy,ExitOnClose,$4470.00,$450360.00,$0.00,$0.00,$0.00,$0.00,$0.00,$210.00,$4580.00,$110.00,1211,
902,NQ 06-26,Backtest,Tom3,Long,1,24219.00,24162.50,8/29/2025 3:59:00 PM,8/29/2025 10:58:00 PM,Buy,ExitOnClose,($1130.00),$449230.00,$0.00,$0.00,$0.00,$0.00,$0.00,$2375.00,$700.00,$1830.00,420,
903,NQ 06-26,Backtest,Tom3,Long,1,23982.25,24083.75,9/2/2025 9:55:00 AM,9/2/2025 10:58:00 PM,Buy,ExitOnClose,$2030.00,$451260.00,$0.00,$0.00,$0.00,$0.00,$0.00,$5085.00,$2130.00,$100.00,784,
904,NQ 06-26,Backtest,Tom3,Long,1,24079.00,24155.50,9/3/2025 12:02:00 AM,9/3/2025 10:58:00 PM,Buy,ExitOnClose,$1530.00,$452790.00,$0.00,$0.00,$0.00,$0.00,$0.00,$1560.00,$2980.00,$1450.00,1377,
905,NQ 06-26,Backtest,Tom3,Short,1,24366.25,24377.75,9/5/2025 4:26:00 PM,9/5/2025 10:58:00 PM,Sell short,ExitOnClose,($230.00),$452560.00,$0.00,$0.00,$0.00,$0.00,$0.00,$655.00,$3170.00,$3400.00,393,
906,NQ 06-26,Backtest,Tom3,Long,1,24963.50,25006.25,9/15/2025 4:03:00 PM,9/15/2025 10:58:00 PM,Buy,ExitOnClose,$855.00,$453415.00,$0.00,$0.00,$0.00,$0.00,$0.00,$515.00,$1170.00,$315.00,416,
907,NQ 06-26,Backtest,Tom3,Long,1,24737.75,24952.75,9/17/2025 8:54:00 PM,9/17/2025 10:58:00 PM,Buy,ExitOnClose,$4300.00,$457715.00,$0.00,$0.00,$0.00,$0.00,$0.00,$610.00,$5565.00,$1265.00,125,
908,NQ 06-26,Backtest,Tom3,Short,1,25396.50,25465.00,9/22/2025 5:02:00 PM,9/22/2025 10:58:00 PM,Sell short,ExitOnClose,($1370.00),$456345.00,$0.00,$0.00,$0.00,$0.00,$0.00,$1920.00,$680.00,$2050.00,357,
909,NQ 06-26,Backtest,Tom3,Long,1,25273.00,25301.75,9/23/2025 7:42:00 PM,9/23/2025 10:58:00 PM,Buy,ExitOnClose,$575.00,$456920.00,$0.00,$0.00,$0.00,$0.00,$0.00,$545.00,$970.00,$395.00,197,
910,NQ 06-26,Backtest,Tom3,Long,1,25176.50,25213.00,9/24/2025 5:57:00 PM,9/24/2025 10:58:00 PM,Buy,ExitOnClose,$730.00,$457650.00,$0.00,$0.00,$0.00,$0.00,$0.00,$1685.00,$955.00,$225.00,302,
911,NQ 06-26,Backtest,Tom3,Long,1,25017.25,25103.75,9/25/2025 2:56:00 PM,9/25/2025 10:58:00 PM,Buy,ExitOnClose,$1730.00,$459380.00,$0.00,$0.00,$0.00,$0.00,$0.00,$2590.00,$2895.00,$1165.00,483,
912,NQ 06-26,Backtest,Tom3,Long,1,25191.50,25191.00,9/26/2025 2:46:00 PM,9/26/2025 10:58:00 PM,Buy,ExitOnClose,($10.00),$459370.00,$0.00,$0.00,$0.00,$0.00,$0.00,$4125.00,$405.00,$415.00,493,
913,NQ 06-26,Backtest,Tom3,Long,1,25109.75,25471.00,10/1/2025 9:00:00 AM,10/1/2025 10:58:00 PM,Buy,ExitOnClose,$7225.00,$466595.00,$0.00,$0.00,$0.00,$0.00,$0.00,$140.00,$7845.00,$620.00,839,
914,NQ 06-26,Backtest,Tom3,Long,1,25453.25,25449.25,10/3/2025 7:48:00 PM,10/3/2025 10:58:00 PM,Buy,ExitOnClose,($80.00),$466515.00,$0.00,$0.00,$0.00,$0.00,$0.00,$1295.00,$1130.00,$1210.00,191,
915,NQ 06-26,Backtest,Tom3,Short,1,25565.75,25527.50,10/7/2025 5:13:00 PM,10/7/2025 10:58:00 PM,Sell short,ExitOnClose,$765.00,$467280.00,$0.00,$0.00,$0.00,$0.00,$0.00,$510.00,$2315.00,$1550.00,346,
916,NQ 06-26,Backtest,Tom3,Long,1,25673.50,25818.00,10/8/2025 4:04:00 PM,10/8/2025 10:58:00 PM,Buy,ExitOnClose,$2890.00,$470170.00,$0.00,$0.00,$0.00,$0.00,$0.00,$710.00,$3130.00,$240.00,415,
917,NQ 06-26,Backtest,Tom3,Long,1,25485.75,24673.25,10/10/2025 5:04:00 PM,10/10/2025 10:58:00 PM,Buy,ExitOnClose,($16250.00),$453920.00,$0.00,$0.00,$0.00,$0.00,$0.00,$17240.00,$1620.00,$17870.00,355,
918,NQ 06-26,Backtest,Tom3,Long,1,25201.00,25370.00,10/13/2025 12:02:00 AM,10/13/2025 10:58:00 PM,Buy,ExitOnClose,$3380.00,$457300.00,$0.00,$0.00,$0.00,$0.00,$0.00,$2420.00,$4585.00,$1205.00,1377,
919,NQ 06-26,Backtest,Tom3,Long,1,25483.50,25220.25,10/14/2025 2:43:00 AM,10/14/2025 10:58:00 PM,Buy,ExitOnClose,($5265.00),$452035.00,$0.00,$0.00,$0.00,$0.00,$0.00,$11945.00,$45.00,$5310.00,1216,
920,NQ 06-26,Backtest,Tom3,Short,1,25558.25,25409.00,10/15/2025 4:19:00 PM,10/15/2025 10:58:00 PM,Sell short,ExitOnClose,$2985.00,$455020.00,$0.00,$0.00,$0.00,$0.00,$0.00,$440.00,$8595.00,$5610.00,400,
921,NQ 06-26,Backtest,Tom3,Short,1,25438.25,25248.75,10/16/2025 5:59:00 PM,10/16/2025 10:58:00 PM,Sell short,ExitOnClose,$3790.00,$458810.00,$0.00,$0.00,$0.00,$0.00,$0.00,$470.00,$6590.00,$2800.00,300,
922,NQ 06-26,Backtest,Tom3,Long,1,25093.25,25496.25,10/17/2025 7:47:00 AM,10/17/2025 10:58:00 PM,Buy,ExitOnClose,$8060.00,$466870.00,$0.00,$0.00,$0.00,$0.00,$0.00,$4360.00,$8555.00,$495.00,912,
923,NQ 06-26,Backtest,Tom3,Long,1,25674.75,25784.50,10/20/2025 3:43:00 PM,10/20/2025 10:58:00 PM,Buy,ExitOnClose,$2195.00,$469065.00,$0.00,$0.00,$0.00,$0.00,$0.00,$555.00,$2900.00,$705.00,436,
924,NQ 06-26,Backtest,Tom3,Short,1,25578.25,25502.00,10/22/2025 4:35:00 PM,10/22/2025 10:58:00 PM,Sell short,ExitOnClose,$1525.00,$470590.00,$0.00,$0.00,$0.00,$0.00,$0.00,$1585.00,$6165.00,$4640.00,384,
925,NQ 06-26,Backtest,Tom3,Short,1,25625.50,25737.00,10/23/2025 3:53:00 PM,10/23/2025 10:58:00 PM,Sell short,ExitOnClose,($2230.00),$468360.00,$0.00,$0.00,$0.00,$0.00,$0.00,$2715.00,$1525.00,$3755.00,426,
926,NQ 06-26,Backtest,Tom3,Long,1,25947.25,25980.00,10/24/2025 2:48:00 PM,10/24/2025 10:58:00 PM,Buy,ExitOnClose,$655.00,$469015.00,$0.00,$0.00,$0.00,$0.00,$0.00,$1045.00,$1775.00,$1120.00,491,
927,NQ 06-26,Backtest,Tom3,Long,1,26191.75,26469.75,10/26/2025 11:07:00 PM,10/27/2025 9:58:00 PM,Buy,ExitOnClose,$5560.00,$474575.00,$0.00,$0.00,$0.00,$0.00,$0.00,$530.00,$5740.00,$180.00,1372,
928,NQ 06-26,Backtest,Tom3,Short,1,26570.75,26719.00,10/29/2025 7:45:00 PM,10/29/2025 9:58:00 PM,Sell short,ExitOnClose,($2965.00),$471610.00,$0.00,$0.00,$0.00,$0.00,$0.00,$5485.00,$890.00,$3855.00,134,
929,NQ 06-26,Backtest,Tom3,Short,1,26633.25,26610.25,10/30/2025 5:25:00 AM,10/30/2025 9:58:00 PM,Sell short,ExitOnClose,$460.00,$472070.00,$0.00,$0.00,$0.00,$0.00,$0.00,$3205.00,$6300.00,$5840.00,994,
930,NQ 06-26,Backtest,Tom3,Long,1,26643.25,26454.25,10/30/2025 11:02:00 PM,10/31/2025 9:58:00 PM,Buy,ExitOnClose,($3780.00),$468290.00,$0.00,$0.00,$0.00,$0.00,$0.00,$5785.00,$1920.00,$5700.00,1377,
931,NQ 06-26,Backtest,Tom3,Short,1,26491.75,26578.00,11/3/2025 4:32:00 PM,11/3/2025 10:58:00 PM,Sell short,ExitOnClose,($1725.00),$466565.00,$0.00,$0.00,$0.00,$0.00,$0.00,$3070.00,$220.00,$1945.00,387,
932,NQ 06-26,Backtest,Tom3,Long,1,26287.75,26046.00,11/4/2025 6:50:00 AM,11/4/2025 10:58:00 PM,Buy,ExitOnClose,($4835.00),$461730.00,$0.00,$0.00,$0.00,$0.00,$0.00,$5995.00,$1420.00,$6255.00,969,
933,NQ 06-26,Backtest,Tom3,Long,1,25934.50,26200.25,11/5/2025 1:12:00 AM,11/5/2025 10:58:00 PM,Buy,ExitOnClose,$5315.00,$467045.00,$0.00,$0.00,$0.00,$0.00,$0.00,$3745.00,$8215.00,$2900.00,1307,
934,NQ 06-26,Backtest,Tom3,Short,1,26112.00,25773.00,11/6/2025 3:36:00 PM,11/6/2025 10:58:00 PM,Sell short,ExitOnClose,$6780.00,$473825.00,$0.00,$0.00,$0.00,$0.00,$0.00,$530.00,$8980.00,$2200.00,443,
935,NQ 06-26,Backtest,Tom3,Short,1,25573.50,25684.00,11/7/2025 12:17:00 PM,11/7/2025 10:58:00 PM,Sell short,ExitOnClose,($2210.00),$471615.00,$0.00,$0.00,$0.00,$0.00,$0.00,$2265.00,$7980.00,$10190.00,642,
936,NQ 06-26,Backtest,Tom3,Long,1,25821.25,26185.75,11/10/2025 12:02:00 AM,11/10/2025 10:58:00 PM,Buy,ExitOnClose,$7290.00,$478905.00,$0.00,$0.00,$0.00,$0.00,$0.00,$1740.00,$8090.00,$800.00,1377,
937,NQ 06-26,Backtest,Tom3,Short,1,26118.75,26093.75,11/12/2025 3:45:00 PM,11/12/2025 10:58:00 PM,Sell short,ExitOnClose,$500.00,$479405.00,$0.00,$0.00,$0.00,$0.00,$0.00,$130.00,$3295.00,$2795.00,434,
938,NQ 06-26,Backtest,Tom3,Short,1,26163.75,25550.50,11/13/2025 2:20:00 AM,11/13/2025 10:58:00 PM,Sell short,ExitOnClose,$12265.00,$491670.00,$0.00,$0.00,$0.00,$0.00,$0.00,$460.00,$13920.00,$1655.00,1239,
939,NQ 06-26,Backtest,Tom3,Long,1,25415.00,25601.50,11/14/2025 8:22:00 AM,11/14/2025 10:58:00 PM,Buy,ExitOnClose,$3730.00,$495400.00,$0.00,$0.00,$0.00,$0.00,$0.00,$6475.00,$6870.00,$3140.00,877,
940,NQ 06-26,Backtest,Tom3,Short,1,25644.75,25362.75,11/17/2025 12:03:00 PM,11/17/2025 10:58:00 PM,Sell short,ExitOnClose,$5640.00,$501040.00,$0.00,$0.00,$0.00,$0.00,$0.00,$1490.00,$8955.00,$3315.00,656,
941,NQ 06-26,Backtest,Tom3,Long,1,25234.75,25000.50,11/18/2025 4:53:00 AM,11/18/2025 10:58:00 PM,Buy,ExitOnClose,($4685.00),$496355.00,$0.00,$0.00,$0.00,$0.00,$0.00,$7865.00,$1800.00,$6485.00,1086,
942,NQ 06-26,Backtest,Tom3,Long,1,25015.75,25423.00,11/19/2025 12:02:00 AM,11/19/2025 10:58:00 PM,Buy,ExitOnClose,$8145.00,$504500.00,$0.00,$0.00,$0.00,$0.00,$0.00,$2110.00,$8750.00,$605.00,1377,
943,NQ 06-26,Backtest,Tom3,Long,1,25441.50,24538.75,11/20/2025 12:02:00 AM,11/20/2025 10:58:00 PM,Buy,ExitOnClose,($18055.00),$486445.00,$0.00,$0.00,$0.00,$0.00,$0.00,$18060.00,$6675.00,$24730.00,1377,
944,NQ 06-26,Backtest,Tom3,Long,1,24575.75,24815.00,11/21/2025 12:02:00 AM,11/21/2025 10:58:00 PM,Buy,ExitOnClose,$4785.00,$491230.00,$0.00,$0.00,$0.00,$0.00,$0.00,$4120.00,$9715.00,$4930.00,1377,
945,NQ 06-26,Backtest,Tom3,Long,1,24982.00,25429.00,11/24/2025 12:14:00 AM,11/24/2025 10:58:00 PM,Buy,ExitOnClose,$8940.00,$500170.00,$0.00,$0.00,$0.00,$0.00,$0.00,$3100.00,$9535.00,$595.00,1365,
946,NQ 06-26,Backtest,Tom3,Long,1,25153.25,25532.50,11/25/2025 3:47:00 PM,11/25/2025 10:58:00 PM,Buy,ExitOnClose,$7585.00,$507755.00,$0.00,$0.00,$0.00,$0.00,$0.00,$1720.00,$8945.00,$1360.00,432,
947,NQ 06-26,Backtest,Tom3,Long,1,25773.50,25779.25,11/26/2025 5:21:00 PM,11/26/2025 10:58:00 PM,Buy,ExitOnClose,$115.00,$507870.00,$0.00,$0.00,$0.00,$0.00,$0.00,$545.00,$1355.00,$1240.00,338,
948,NQ 06-26,Backtest,Tom3,Short,1,25785.50,25868.00,12/1/2025 1:54:00 AM,12/1/2025 10:58:00 PM,Sell short,ExitOnClose,($1650.00),$506220.00,$0.00,$0.00,$0.00,$0.00,$0.00,$3510.00,$2540.00,$4190.00,1265,
949,NQ 06-26,Backtest,Tom3,Long,1,26073.75,26064.00,12/2/2025 3:53:00 PM,12/2/2025 10:58:00 PM,Buy,ExitOnClose,($195.00),$506025.00,$0.00,$0.00,$0.00,$0.00,$0.00,$3880.00,$1230.00,$1425.00,426,
950,NQ 06-26,Backtest,Tom3,Long,1,25905.75,26110.00,12/3/2025 3:11:00 PM,12/3/2025 10:58:00 PM,Buy,ExitOnClose,$4085.00,$510110.00,$0.00,$0.00,$0.00,$0.00,$0.00,$380.00,$4895.00,$810.00,468,
951,NQ 06-26,Backtest,Tom3,Long,1,26053.25,26201.25,12/5/2025 2:51:00 PM,12/5/2025 10:58:00 PM,Buy,ExitOnClose,$2960.00,$513070.00,$0.00,$0.00,$0.00,$0.00,$0.00,$165.00,$5600.00,$2640.00,488,
952,NQ 06-26,Backtest,Tom3,Long,1,26130.75,26169.50,12/8/2025 4:57:00 PM,12/8/2025 10:58:00 PM,Buy,ExitOnClose,$775.00,$513845.00,$0.00,$0.00,$0.00,$0.00,$0.00,$2015.00,$820.00,$45.00,362,
953,NQ 06-26,Backtest,Tom3,Short,1,26274.00,26264.50,12/10/2025 8:58:00 PM,12/10/2025 10:58:00 PM,Sell short,ExitOnClose,$190.00,$514035.00,$0.00,$0.00,$0.00,$0.00,$0.00,$1240.00,$1000.00,$810.00,121,
954,NQ 06-26,Backtest,Tom3,Long,1,26040.75,26300.75,12/11/2025 3:38:00 AM,12/11/2025 10:58:00 PM,Buy,ExitOnClose,$5200.00,$519235.00,$0.00,$0.00,$0.00,$0.00,$0.00,$3850.00,$5720.00,$520.00,1161,
955,NQ 06-26,Backtest,Tom3,Long,1,26178.00,25676.00,12/12/2025 12:02:00 AM,12/12/2025 10:58:00 PM,Buy,ExitOnClose,($10040.00),$509195.00,$0.00,$0.00,$0.00,$0.00,$0.00,$11895.00,$410.00,$10450.00,1377,
956,NQ 06-26,Backtest,Tom3,Short,1,25689.75,25555.50,12/15/2025 4:00:00 PM,12/15/2025 10:58:00 PM,Sell short,ExitOnClose,$2685.00,$511880.00,$0.00,$0.00,$0.00,$0.00,$0.00,$720.00,$3905.00,$1220.00,419,
957,NQ 06-26,Backtest,Tom3,Long,1,25349.50,25546.50,12/16/2025 2:40:00 AM,12/16/2025 10:58:00 PM,Buy,ExitOnClose,$3940.00,$515820.00,$0.00,$0.00,$0.00,$0.00,$0.00,$1350.00,$6065.00,$2125.00,1219,
958,NQ 06-26,Backtest,Tom3,Short,1,25518.75,25159.00,12/17/2025 3:45:00 PM,12/17/2025 10:58:00 PM,Sell short,ExitOnClose,$7195.00,$523015.00,$0.00,$0.00,$0.00,$0.00,$0.00,$780.00,$8445.00,$1250.00,434,
959,NQ 06-26,Backtest,Tom3,Short,1,25446.00,25427.50,12/18/2025 2:43:00 PM,12/18/2025 10:58:00 PM,Sell short,ExitOnClose,$370.00,$523385.00,$0.00,$0.00,$0.00,$0.00,$0.00,$3505.00,$1520.00,$1150.00,496,
960,NQ 06-26,Backtest,Tom3,Short,1,25657.50,25806.00,12/19/2025 3:43:00 PM,12/19/2025 10:58:00 PM,Sell short,ExitOnClose,($2970.00),$520415.00,$0.00,$0.00,$0.00,$0.00,$0.00,$3030.00,$20.00,$2990.00,436,
961,NQ 06-26,Backtest,Tom3,Short,1,25686.75,25643.75,12/31/2025 9:30:00 PM,12/31/2025 10:58:00 PM,Sell short,ExitOnClose,$860.00,$521275.00,$0.00,$0.00,$0.00,$0.00,$0.00,$710.00,$885.00,$25.00,89,
962,NQ 06-26,Backtest,Tom3,Short,1,25694.25,25594.00,1/2/2026 4:24:00 PM,1/2/2026 10:58:00 PM,Sell short,ExitOnClose,$2005.00,$523280.00,$0.00,$0.00,$0.00,$0.00,$0.00,$2380.00,$4405.00,$2400.00,395,
963,NQ 06-26,Backtest,Tom3,Long,1,25754.00,26037.50,1/6/2026 9:38:00 AM,1/6/2026 10:58:00 PM,Buy,ExitOnClose,$5670.00,$528950.00,$0.00,$0.00,$0.00,$0.00,$0.00,$80.00,$5850.00,$180.00,801,
964,NQ 06-26,Backtest,Tom3,Long,1,26126.00,26046.75,1/7/2026 5:03:00 PM,1/7/2026 10:58:00 PM,Buy,ExitOnClose,($1585.00),$527365.00,$0.00,$0.00,$0.00,$0.00,$0.00,$2055.00,$1580.00,$3165.00,356,
965,NQ 06-26,Backtest,Tom3,Long,1,25827.00,25926.00,1/8/2026 3:47:00 PM,1/8/2026 10:58:00 PM,Buy,ExitOnClose,$1980.00,$529345.00,$0.00,$0.00,$0.00,$0.00,$0.00,$985.00,$2470.00,$490.00,432,
966,NQ 06-26,Backtest,Tom3,Short,1,26074.50,26139.50,1/9/2026 4:38:00 PM,1/9/2026 10:58:00 PM,Sell short,ExitOnClose,($1300.00),$528045.00,$0.00,$0.00,$0.00,$0.00,$0.00,$2395.00,$2090.00,$3390.00,381,
967,NQ 06-26,Backtest,Tom3,Long,1,26014.75,26151.50,1/12/2026 1:46:00 AM,1/12/2026 10:58:00 PM,Buy,ExitOnClose,$2735.00,$530780.00,$0.00,$0.00,$0.00,$0.00,$0.00,$3465.00,$4290.00,$1555.00,1273,
968,NQ 06-26,Backtest,Tom3,Short,1,26047.75,26108.50,1/13/2026 4:34:00 PM,1/13/2026 10:58:00 PM,Sell short,ExitOnClose,($1215.00),$529565.00,$0.00,$0.00,$0.00,$0.00,$0.00,$3735.00,$715.00,$1930.00,385,
969,NQ 06-26,Backtest,Tom3,Long,1,25963.00,25816.00,1/14/2026 11:43:00 AM,1/14/2026 10:58:00 PM,Buy,ExitOnClose,($2940.00),$526625.00,$0.00,$0.00,$0.00,$0.00,$0.00,$6670.00,$1025.00,$3965.00,676,
970,NQ 06-26,Backtest,Tom3,Long,1,26011.25,25917.00,1/15/2026 10:29:00 AM,1/15/2026 10:58:00 PM,Buy,ExitOnClose,($1885.00),$524740.00,$0.00,$0.00,$0.00,$0.00,$0.00,$2520.00,$3005.00,$4890.00,750,
971,NQ 06-26,Backtest,Tom3,Long,1,25925.00,25891.50,1/16/2026 4:19:00 PM,1/16/2026 10:58:00 PM,Buy,ExitOnClose,($670.00),$524070.00,$0.00,$0.00,$0.00,$0.00,$0.00,$2495.00,$730.00,$1400.00,400,
972,NQ 06-26,Backtest,Tom3,Long,1,25632.75,25619.00,1/19/2026 12:04:00 AM,1/19/2026 6:58:00 PM,Buy,ExitOnClose,($275.00),$523795.00,$0.00,$0.00,$0.00,$0.00,$0.00,$3750.00,$920.00,$1195.00,1135,
973,NQ 06-26,Backtest,Tom3,Long,1,25494.75,25352.75,1/20/2026 7:38:00 AM,1/20/2026 10:58:00 PM,Buy,ExitOnClose,($2840.00),$520955.00,$0.00,$0.00,$0.00,$0.00,$0.00,$3815.00,$2875.00,$5715.00,921,
974,NQ 06-26,Backtest,Tom3,Long,1,25253.00,25711.00,1/21/2026 1:00:00 PM,1/21/2026 10:58:00 PM,Buy,ExitOnClose,$9160.00,$530115.00,$0.00,$0.00,$0.00,$0.00,$0.00,$385.00,$12185.00,$3025.00,599,
975,NQ 06-26,Backtest,Tom3,Long,1,25771.00,25849.00,1/22/2026 12:11:00 AM,1/22/2026 10:58:00 PM,Buy,ExitOnClose,$1560.00,$531675.00,$0.00,$0.00,$0.00,$0.00,$0.00,$1570.00,$3550.00,$1990.00,1368,
976,NQ 06-26,Backtest,Tom3,Long,1,25764.75,25892.25,1/23/2026 10:50:00 AM,1/23/2026 10:58:00 PM,Buy,ExitOnClose,$2550.00,$534225.00,$0.00,$0.00,$0.00,$0.00,$0.00,$220.00,$5795.00,$3245.00,729,
977,NQ 06-26,Backtest,Tom3,Long,1,25667.00,26075.50,1/26/2026 12:04:00 AM,1/26/2026 10:58:00 PM,Buy,ExitOnClose,$8170.00,$542395.00,$0.00,$0.00,$0.00,$0.00,$0.00,$205.00,$9565.00,$1395.00,1375,
978,NQ 06-26,Backtest,Tom3,Long,1,26542.50,26473.75,1/28/2026 7:38:00 AM,1/28/2026 10:58:00 PM,Buy,ExitOnClose,($1375.00),$541020.00,$0.00,$0.00,$0.00,$0.00,$0.00,$6810.00,$150.00,$1525.00,921,
979,NQ 06-26,Backtest,Tom3,Short,1,26235.25,26201.75,1/29/2026 3:40:00 PM,1/29/2026 10:58:00 PM,Sell short,ExitOnClose,$670.00,$541690.00,$0.00,$0.00,$0.00,$0.00,$0.00,$470.00,$9810.00,$9140.00,439,
980,NQ 06-26,Backtest,Tom3,Short,1,26042.50,25851.75,1/30/2026 2:48:00 AM,1/30/2026 10:58:00 PM,Sell short,ExitOnClose,$3815.00,$545505.00,$0.00,$0.00,$0.00,$0.00,$0.00,$2125.00,$5300.00,$1485.00,1211,
981,NQ 06-26,Backtest,Tom3,Long,1,25680.75,26084.00,2/2/2026 12:05:00 AM,2/2/2026 10:58:00 PM,Buy,ExitOnClose,$8065.00,$553570.00,$0.00,$0.00,$0.00,$0.00,$0.00,$5835.00,$9550.00,$1485.00,1374,
982,NQ 06-26,Backtest,Tom3,Short,1,26031.50,25620.75,2/3/2026 3:42:00 PM,2/3/2026 10:58:00 PM,Sell short,ExitOnClose,$8215.00,$561785.00,$0.00,$0.00,$0.00,$0.00,$0.00,$0.00,$12075.00,$3860.00,437,
983,NQ 06-26,Backtest,Tom3,Long,1,25461.50,25344.25,2/4/2026 3:58:00 PM,2/4/2026 10:58:00 PM,Buy,ExitOnClose,($2345.00),$559440.00,$0.00,$0.00,$0.00,$0.00,$0.00,$9385.00,$1045.00,$3390.00,421,
984,NQ 06-26,Backtest,Tom3,Long,1,25273.25,24616.50,2/5/2026 12:02:00 AM,2/5/2026 10:58:00 PM,Buy,ExitOnClose,($13135.00),$546305.00,$0.00,$0.00,$0.00,$0.00,$0.00,$13145.00,$2090.00,$15225.00,1377,
985,NQ 06-26,Backtest,Tom3,Long,1,24653.25,25313.75,2/6/2026 12:02:00 AM,2/6/2026 10:58:00 PM,Buy,ExitOnClose,$13210.00,$559515.00,$0.00,$0.00,$0.00,$0.00,$0.00,$4095.00,$15550.00,$2340.00,1377,
986,NQ 06-26,Backtest,Tom3,Long,1,25451.50,25576.25,2/9/2026 12:11:00 AM,2/9/2026 10:58:00 PM,Buy,ExitOnClose,$2495.00,$562010.00,$0.00,$0.00,$0.00,$0.00,$0.00,$5745.00,$3720.00,$1225.00,1368,
987,NQ 06-26,Backtest,Tom3,Short,1,25593.25,25499.00,2/11/2026 2:48:00 PM,2/11/2026 10:58:00 PM,Sell short,ExitOnClose,$1885.00,$563895.00,$0.00,$0.00,$0.00,$0.00,$0.00,$1615.00,$6525.00,$4640.00,491,
988,NQ 06-26,Backtest,Tom3,Long,1,25412.00,25033.25,2/12/2026 4:00:00 PM,2/12/2026 10:58:00 PM,Buy,ExitOnClose,($7575.00),$556320.00,$0.00,$0.00,$0.00,$0.00,$0.00,$9635.00,$1140.00,$8715.00,419,
989,NQ 06-26,Backtest,Tom3,Short,1,24844.75,24986.75,2/13/2026 12:34:00 PM,2/13/2026 10:58:00 PM,Sell short,ExitOnClose,($2840.00),$553480.00,$0.00,$0.00,$0.00,$0.00,$0.00,$7190.00,$1145.00,$3985.00,625,
990,NQ 06-26,Backtest,Tom3,Short,1,24946.00,24963.75,2/16/2026 3:38:00 PM,2/16/2026 6:58:00 PM,Sell short,ExitOnClose,($355.00),$553125.00,$0.00,$0.00,$0.00,$0.00,$0.00,$1205.00,$1330.00,$1685.00,201,
991,NQ 06-26,Backtest,Tom3,Short,1,24858.25,24974.00,2/17/2026 3:04:00 AM,2/17/2026 10:58:00 PM,Sell short,ExitOnClose,($2315.00),$550810.00,$0.00,$0.00,$0.00,$0.00,$0.00,$4805.00,$4005.00,$6320.00,1195,
992,NQ 06-26,Backtest,Tom3,Short,1,25235.75,25143.50,2/18/2026 4:09:00 PM,2/18/2026 10:58:00 PM,Sell short,ExitOnClose,$1845.00,$552655.00,$0.00,$0.00,$0.00,$0.00,$0.00,$2025.00,$3420.00,$1575.00,410,
993,NQ 06-26,Backtest,Tom3,Long,1,25070.25,25047.50,2/19/2026 10:49:00 AM,2/19/2026 10:58:00 PM,Buy,ExitOnClose,($455.00),$552200.00,$0.00,$0.00,$0.00,$0.00,$0.00,$2250.00,$1960.00,$2415.00,730,
994,NQ 06-26,Backtest,Tom3,Short,1,24942.75,25280.75,2/20/2026 2:48:00 PM,2/20/2026 10:58:00 PM,Sell short,ExitOnClose,($6760.00),$545440.00,$0.00,$0.00,$0.00,$0.00,$0.00,$8110.00,$1110.00,$7870.00,491,
995,NQ 06-26,Backtest,Tom3,Long,1,25119.00,24998.75,2/23/2026 1:22:00 AM,2/23/2026 10:58:00 PM,Buy,ExitOnClose,($2405.00),$543035.00,$0.00,$0.00,$0.00,$0.00,$0.00,$4845.00,$2595.00,$5000.00,1297,
996,NQ 06-26,Backtest,Tom3,Short,1,25220.00,25228.25,2/24/2026 4:31:00 PM,2/24/2026 10:58:00 PM,Sell short,ExitOnClose,($165.00),$542870.00,$0.00,$0.00,$0.00,$0.00,$0.00,$1350.00,$875.00,$1040.00,388,
997,NQ 06-26,Backtest,Tom3,Long,1,25465.50,25676.50,2/25/2026 3:43:00 PM,2/25/2026 10:58:00 PM,Buy,ExitOnClose,$4220.00,$547090.00,$0.00,$0.00,$0.00,$0.00,$0.00,$235.00,$4760.00,$540.00,436,
998,NQ 06-26,Backtest,Tom3,Short,1,25457.00,25243.25,2/26/2026 3:45:00 PM,2/26/2026 10:58:00 PM,Sell short,ExitOnClose,$4275.00,$551365.00,$0.00,$0.00,$0.00,$0.00,$0.00,$505.00,$7730.00,$3455.00,434,
999,NQ 06-26,Backtest,Tom3,Long,1,25044.25,25154.25,2/27/2026 2:33:00 PM,2/27/2026 10:58:00 PM,Buy,ExitOnClose,$2200.00,$553565.00,$0.00,$0.00,$0.00,$0.00,$0.00,$1070.00,$4025.00,$1825.00,506,
1000,NQ 06-26,Backtest,Tom3,Long,1,24953.50,25208.50,3/2/2026 12:06:00 AM,3/2/2026 10:58:00 PM,Buy,ExitOnClose,$5100.00,$558665.00,$0.00,$0.00,$0.00,$0.00,$0.00,$5355.00,$7125.00,$2025.00,1373,
1001,NQ 06-26,Backtest,Tom3,Long,1,25055.75,24923.75,3/3/2026 3:11:00 AM,3/3/2026 10:58:00 PM,Buy,ExitOnClose,($2640.00),$556025.00,$0.00,$0.00,$0.00,$0.00,$0.00,$9900.00,$725.00,$3365.00,1188,
1002,NQ 06-26,Backtest,Tom3,Long,1,24773.50,25341.50,3/4/2026 4:29:00 AM,3/4/2026 10:58:00 PM,Buy,ExitOnClose,$11360.00,$567385.00,$0.00,$0.00,$0.00,$0.00,$0.00,$1315.00,$13060.00,$1700.00,1110,
1003,NQ 06-26,Backtest,Tom3,Short,1,25277.25,25218.50,3/5/2026 2:59:00 AM,3/5/2026 10:58:00 PM,Sell short,ExitOnClose,$1175.00,$568560.00,$0.00,$0.00,$0.00,$0.00,$0.00,$2825.00,$5920.00,$4745.00,1200,
1004,NQ 06-26,Backtest,Tom3,Short,1,25192.00,24878.75,3/6/2026 10:26:00 AM,3/6/2026 10:58:00 PM,Sell short,ExitOnClose,$6265.00,$574825.00,$0.00,$0.00,$0.00,$0.00,$0.00,$180.00,$7645.00,$1380.00,753,
1005,NQ 06-26,Backtest,Tom3,Long,1,24547.75,25170.50,3/8/2026 11:02:00 PM,3/9/2026 9:58:00 PM,Buy,ExitOnClose,$12455.00,$587280.00,$0.00,$0.00,$0.00,$0.00,$0.00,$6780.00,$14380.00,$1925.00,1377,
1006,NQ 06-26,Backtest,Tom3,Long,1,25157.25,25221.75,3/9/2026 11:02:00 PM,3/10/2026 9:58:00 PM,Buy,ExitOnClose,$1290.00,$588570.00,$0.00,$0.00,$0.00,$0.00,$0.00,$2370.00,$5380.00,$4090.00,1377,
1007,NQ 06-26,Backtest,Tom3,Short,1,25311.50,25155.25,3/11/2026 2:41:00 PM,3/11/2026 9:58:00 PM,Sell short,ExitOnClose,$3125.00,$591695.00,$0.00,$0.00,$0.00,$0.00,$0.00,$1545.00,$4585.00,$1460.00,438,
1008,NQ 06-26,Backtest,Tom3,Long,1,25033.25,24779.25,3/11/2026 11:40:00 PM,3/12/2026 9:58:00 PM,Buy,ExitOnClose,($5080.00),$586615.00,$0.00,$0.00,$0.00,$0.00,$0.00,$6135.00,$2070.00,$7150.00,1339,
1009,NQ 06-26,Backtest,Tom3,Short,1,24673.25,24552.50,3/13/2026 8:04:00 AM,3/13/2026 9:58:00 PM,Sell short,ExitOnClose,$2415.00,$589030.00,$0.00,$0.00,$0.00,$0.00,$0.00,$6815.00,$2510.00,$95.00,835,
1010,NQ 06-26,Backtest,Tom3,Short,1,24735.25,24871.75,3/16/2026 1:18:00 AM,3/16/2026 9:58:00 PM,Sell short,ExitOnClose,($2730.00),$586300.00,$0.00,$0.00,$0.00,$0.00,$0.00,$5995.00,$1150.00,$3880.00,1241,
1011,NQ 06-26,Backtest,Tom3,Short,1,24928.50,25022.75,3/17/2026 1:44:00 PM,3/17/2026 9:58:00 PM,Sell short,ExitOnClose,($1885.00),$584415.00,$0.00,$0.00,$0.00,$0.00,$0.00,$3770.00,$250.00,$2135.00,495,
1012,NQ 06-26,Backtest,Tom3,Short,1,25048.25,24618.25,3/18/2026 1:16:00 PM,3/18/2026 9:58:00 PM,Sell short,ExitOnClose,$8600.00,$593015.00,$0.00,$0.00,$0.00,$0.00,$0.00,$50.00,$9655.00,$1055.00,523,
1013,NQ 06-26,Backtest,Tom3,Long,1,24616.00,24617.50,3/18/2026 11:02:00 PM,3/19/2026 9:58:00 PM,Buy,ExitOnClose,$30.00,$593045.00,$0.00,$0.00,$0.00,$0.00,$0.00,$5785.00,$2185.00,$2155.00,1377,
1014,NQ 06-26,Backtest,Tom3,Short,1,24441.00,24209.00,3/20/2026 10:51:00 AM,3/20/2026 9:58:00 PM,Sell short,ExitOnClose,$4640.00,$597685.00,$0.00,$0.00,$0.00,$0.00,$0.00,$1730.00,$9395.00,$4755.00,668,
1015,NQ 06-26,Backtest,Tom3,Long,1,23999.75,24409.75,3/22/2026 11:10:00 PM,3/23/2026 9:58:00 PM,Buy,ExitOnClose,$8200.00,$605885.00,$0.00,$0.00,$0.00,$0.00,$0.00,$4545.00,$15265.00,$7065.00,1369,
1016,NQ 06-26,Backtest,Tom3,Long,1,24332.75,24405.50,3/24/2026 1:47:00 AM,3/24/2026 9:58:00 PM,Buy,ExitOnClose,$1455.00,$607340.00,$0.00,$0.00,$0.00,$0.00,$0.00,$3975.00,$4345.00,$2890.00,1212,
1017,NQ 06-26,Backtest,Tom3,Long,1,24428.00,24361.75,3/24/2026 11:02:00 PM,3/25/2026 9:58:00 PM,Buy,ExitOnClose,($1325.00),$606015.00,$0.00,$0.00,$0.00,$0.00,$0.00,$2830.00,$2235.00,$3560.00,1377,
1018,NQ 06-26,Backtest,Tom3,Short,1,24119.75,23849.25,3/26/2026 10:34:00 AM,3/26/2026 9:58:00 PM,Sell short,ExitOnClose,$5410.00,$611425.00,$0.00,$0.00,$0.00,$0.00,$0.00,$2455.00,$7130.00,$1720.00,685,
1019,NQ 06-26,Backtest,Tom3,Short,1,23772.25,23266.75,3/27/2026 9:58:00 AM,3/27/2026 9:58:00 PM,Sell short,ExitOnClose,$10110.00,$621535.00,$0.00,$0.00,$0.00,$0.00,$0.00,$805.00,$10795.00,$685.00,721,
1020,NQ 06-26,Backtest,Tom3,Long,1,23194.00,23100.75,3/30/2026 12:03:00 AM,3/30/2026 10:58:00 PM,Buy,ExitOnClose,($1865.00),$619670.00,$0.00,$0.00,$0.00,$0.00,$0.00,$3390.00,$7600.00,$9465.00,1376,
1021,NQ 06-26,Backtest,Tom3,Short,1,23197.00,23901.00,3/31/2026 2:54:00 AM,3/31/2026 10:58:00 PM,Sell short,ExitOnClose,($14080.00),$605590.00,$0.00,$0.00,$0.00,$0.00,$0.00,$15565.00,$735.00,$14815.00,1205,
1022,NQ 06-26,Backtest,Tom3,Long,1,23965.25,24196.25,4/1/2026 12:30:00 AM,4/1/2026 10:58:00 PM,Buy,ExitOnClose,$4620.00,$610210.00,$0.00,$0.00,$0.00,$0.00,$0.00,$540.00,$7660.00,$3040.00,1349,
1023,NQ 06-26,Backtest,Tom3,Long,1,24038.75,24211.00,4/2/2026 3:22:00 AM,4/2/2026 10:58:00 PM,Buy,ExitOnClose,$3445.00,$613655.00,$0.00,$0.00,$0.00,$0.00,$0.00,$7455.00,$4560.00,$1115.00,1177,
1024,NQ 06-26,Backtest,Tom3,Long,1,24003.25,24342.75,4/6/2026 12:11:00 AM,4/6/2026 10:58:00 PM,Buy,ExitOnClose,$6790.00,$620445.00,$0.00,$0.00,$0.00,$0.00,$0.00,$435.00,$8980.00,$2190.00,1368,
1025,NQ 06-26,Backtest,Tom3,Long,1,24173.25,24410.00,4/7/2026 3:58:00 AM,4/7/2026 10:58:00 PM,Buy,ExitOnClose,$4735.00,$625180.00,$0.00,$0.00,$0.00,$0.00,$0.00,$4635.00,$5565.00,$830.00,1141,
1026,NQ 06-26,Backtest,Tom3,Long,1,24602.25,25042.75,4/8/2026 12:02:00 AM,4/8/2026 10:58:00 PM,Buy,ExitOnClose,$8810.00,$633990.00,$0.00,$0.00,$0.00,$0.00,$0.00,$4945.00,$13095.00,$4285.00,1377,
1027,NQ 06-26,Backtest,Tom3,Long,1,25137.25,25245.25,4/9/2026 5:48:00 PM,4/9/2026 10:58:00 PM,Buy,ExitOnClose,$2160.00,$636150.00,$0.00,$0.00,$0.00,$0.00,$0.00,$15.00,$2650.00,$490.00,311,
1028,NQ 06-26,Backtest,Tom3,Long,1,24951.50,25578.75,4/13/2026 12:05:00 AM,4/13/2026 10:58:00 PM,Buy,ExitOnClose,$12545.00,$648695.00,$0.00,$0.00,$0.00,$0.00,$0.00,$590.00,$12595.00,$50.00,1374,
1029,NQ 06-26,Backtest,Tom3,Long,1,25571.00,25994.00,4/14/2026 12:02:00 AM,4/14/2026 10:58:00 PM,Buy,ExitOnClose,$8460.00,$657155.00,$0.00,$0.00,$0.00,$0.00,$0.00,$220.00,$8645.00,$185.00,1377,
1030,NQ 06-26,Backtest,Tom3,Long,1,26129.75,26357.00,4/15/2026 4:28:00 PM,4/15/2026 10:58:00 PM,Buy,ExitOnClose,$4545.00,$661700.00,$0.00,$0.00,$0.00,$0.00,$0.00,$550.00,$4955.00,$410.00,391,
1031,NQ 06-26,Backtest,Tom3,Short,1,26494.75,26467.75,4/16/2026 5:30:00 PM,4/16/2026 10:58:00 PM,Sell short,ExitOnClose,$540.00,$662240.00,$0.00,$0.00,$0.00,$0.00,$0.00,$1385.00,$2795.00,$2255.00,329,
1032,NQ 06-26,Backtest,Tom3,Long,1,26717.25,26837.75,4/17/2026 2:51:00 PM,4/17/2026 10:58:00 PM,Buy,ExitOnClose,$2410.00,$664650.00,$0.00,$0.00,$0.00,$0.00,$0.00,$1755.00,$3350.00,$940.00,488,
1033,NQ 06-26,Backtest,Tom3,Long,1,26601.75,26776.25,4/20/2026 12:07:00 AM,4/20/2026 10:58:00 PM,Buy,ExitOnClose,$3490.00,$668140.00,$0.00,$0.00,$0.00,$0.00,$0.00,$660.00,$4520.00,$1030.00,1372,
1034,NQ 06-26,Backtest,Tom3,Short,1,26675.50,26739.00,4/21/2026 5:07:00 PM,4/21/2026 10:58:00 PM,Sell short,ExitOnClose,($1270.00),$666870.00,$0.00,$0.00,$0.00,$0.00,$0.00,$2375.00,$2475.00,$3745.00,352,
1035,NQ 06-26,Backtest,Tom3,Long,1,26967.50,27102.25,4/22/2026 4:26:00 PM,4/22/2026 10:58:00 PM,Buy,ExitOnClose,$2695.00,$669565.00,$0.00,$0.00,$0.00,$0.00,$0.00,$545.00,$3370.00,$675.00,393,
1036,NQ 06-26,Backtest,Tom3,Short,1,26896.00,26937.25,4/23/2026 5:22:00 AM,4/23/2026 10:58:00 PM,Sell short,ExitOnClose,($825.00),$668740.00,$0.00,$0.00,$0.00,$0.00,$0.00,$5195.00,$4285.00,$5110.00,1057,
1037,NQ 06-26,Backtest,Tom3,Long,1,27133.50,27440.00,4/24/2026 2:32:00 AM,4/24/2026 10:58:00 PM,Buy,ExitOnClose,$6130.00,$674870.00,$0.00,$0.00,$0.00,$0.00,$0.00,$2345.00,$6580.00,$450.00,1227,
1038,NQ 06-26,Backtest,Tom3,Long,1,27532.00,27419.75,4/27/2026 3:52:00 AM,4/27/2026 10:58:00 PM,Buy,ExitOnClose,($2245.00),$672625.00,$0.00,$0.00,$0.00,$0.00,$0.00,$4670.00,$210.00,$2455.00,1147,
1039,NQ 06-26,Backtest,Tom3,Short,1,27190.25,27191.25,4/28/2026 1:18:00 PM,4/28/2026 10:58:00 PM,Sell short,ExitOnClose,($20.00),$672605.00,$0.00,$0.00,$0.00,$0.00,$0.00,$1235.00,$3615.00,$3635.00,581,
1040,NQ 06-26,Backtest,Tom3,Long,1,27444.75,27599.50,4/30/2026 12:17:00 AM,4/30/2026 10:58:00 PM,Buy,ExitOnClose,$3095.00,$675700.00,$0.00,$0.00,$0.00,$0.00,$0.00,$5630.00,$3560.00,$465.00,1362,
1041,NQ 06-26,Backtest,Tom3,Long,1,27740.00,27788.75,5/1/2026 3:38:00 PM,5/1/2026 10:58:00 PM,Buy,ExitOnClose,$975.00,$676675.00,$0.00,$0.00,$0.00,$0.00,$0.00,$220.00,$3540.00,$2565.00,441,
1042,NQ 06-26,Backtest,Tom3,Short,1,27679.50,27745.50,5/4/2026 12:10:00 PM,5/4/2026 10:58:00 PM,Sell short,ExitOnClose,($1320.00),$675355.00,$0.00,$0.00,$0.00,$0.00,$0.00,$5230.00,$1330.00,$2650.00,649,
1043,NQ 06-26,Backtest,Tom3,Long,1,28095.50,28200.25,5/5/2026 3:47:00 PM,5/5/2026 10:58:00 PM,Buy,ExitOnClose,$2095.00,$677450.00,$0.00,$0.00,$0.00,$0.00,$0.00,$1275.00,$3030.00,$935.00,432,
1044,NQ 06-26,Backtest,Tom3,Long,1,28275.25,28705.00,5/6/2026 12:27:00 AM,5/6/2026 10:58:00 PM,Buy,ExitOnClose,$8595.00,$686045.00,$0.00,$0.00,$0.00,$0.00,$0.00,$545.00,$10495.00,$1900.00,1352,
1045,NQ 06-26,Backtest,Tom3,Long,1,28869.25,28641.25,5/7/2026 4:23:00 PM,5/7/2026 10:58:00 PM,Buy,ExitOnClose,($4560.00),$681485.00,$0.00,$0.00,$0.00,$0.00,$0.00,$6345.00,$1510.00,$6070.00,396,
1046,NQ 06-26,Backtest,Tom3,Short,1,29060.50,29332.50,5/8/2026 3:49:00 PM,5/8/2026 10:58:00 PM,Sell short,ExitOnClose,($5440.00),$676045.00,$0.00,$0.00,$0.00,$0.00,$0.00,$6525.00,$375.00,$5815.00,430,
1047,NQ 06-26,Backtest,Tom3,Short,1,29474.00,29398.00,5/11/2026 6:03:00 PM,5/11/2026 10:58:00 PM,Sell short,ExitOnClose,$1520.00,$677565.00,$0.00,$0.00,$0.00,$0.00,$0.00,$120.00,$3185.00,$1665.00,296,
1048,NQ 06-26,Backtest,Tom3,Long,1,29270.75,29138.50,5/12/2026 3:40:00 AM,5/12/2026 10:58:00 PM,Buy,ExitOnClose,($2645.00),$674920.00,$0.00,$0.00,$0.00,$0.00,$0.00,$10575.00,$1890.00,$4535.00,1159,
