Trade number,Instrument,Account,Strategy,Market pos.,Qty,Entry price,Exit price,Entry time,Exit time,Entry name,Exit name,Profit,Cum. net profit,Commission,Clearing Fee,Exchange Fee,IP Fee,NFA Fee,MAE,MFE,ETD,Bars,
1,NQ 06-26,Backtest,VariableTrend,Long,1,9373.75,9323.75,1/3/2019 4:20:00 PM,1/3/2019 4:20:00 PM,Buy,Stop loss,($1005.16),($1005.16),$5.16,$0.00,$0.00,$0.00,$0.00,$1000.00,$0.00,$1005.16,1,
2,NQ 06-26,Backtest,VariableTrend,Short,1,9321.75,9371.75,1/3/2019 5:30:00 PM,1/3/2019 6:40:00 PM,Sell short,Stop loss,($1005.16),($2010.32),$5.16,$0.00,$0.00,$0.00,$0.00,$1000.00,$735.00,$1740.16,2,
3,NQ 06-26,Backtest,VariableTrend,Long,1,9358.00,9547.00,1/4/2019 9:20:00 AM,1/4/2019 11:00:00 PM,Buy,Exit on session close,$3774.84,$1764.52,$5.16,$0.00,$0.00,$0.00,$0.00,$345.00,$4385.00,$610.16,13,
4,NQ 06-26,Backtest,VariableTrend,Short,1,9619.50,9643.75,1/8/2019 6:40:00 PM,1/8/2019 7:50:00 PM,Sell short,Close position,($490.16),$1274.36,$5.16,$0.00,$0.00,$0.00,$0.00,$830.00,$310.00,$800.16,2,
5,NQ 06-26,Backtest,VariableTrend,Long,1,9643.75,9667.00,1/8/2019 7:50:00 PM,1/8/2019 11:00:00 PM,Buy,Exit on session close,$459.84,$1734.20,$5.16,$0.00,$0.00,$0.00,$0.00,$370.00,$865.00,$405.16,4,
6,NQ 06-26,Backtest,VariableTrend,Short,1,9689.25,9703.00,1/10/2019 3:30:00 AM,1/10/2019 6:40:00 PM,Sell short,Close position,($280.16),$1454.04,$5.16,$0.00,$0.00,$0.00,$0.00,$635.00,$930.00,$1210.16,14,
7,NQ 06-26,Backtest,VariableTrend,Long,1,9703.00,9743.00,1/10/2019 6:40:00 PM,1/10/2019 11:00:00 PM,Buy,Exit on session close,$794.84,$2248.88,$5.16,$0.00,$0.00,$0.00,$0.00,$465.00,$1080.00,$285.16,5,
8,NQ 06-26,Backtest,VariableTrend,Short,1,9700.75,9728.75,1/11/2019 6:40:00 PM,1/11/2019 7:50:00 PM,Sell short,Close position,($565.16),$1683.72,$5.16,$0.00,$0.00,$0.00,$0.00,$590.00,$50.00,$615.16,2,
9,NQ 06-26,Backtest,VariableTrend,Long,1,9728.75,9702.75,1/11/2019 7:50:00 PM,1/11/2019 9:00:00 PM,Buy,Close position,($525.16),$1158.56,$5.16,$0.00,$0.00,$0.00,$0.00,$635.00,$40.00,$565.16,2,
10,NQ 06-26,Backtest,VariableTrend,Short,1,9702.75,9713.25,1/11/2019 9:00:00 PM,1/11/2019 10:10:00 PM,Sell short,Close position,($215.16),$943.40,$5.16,$0.00,$0.00,$0.00,$0.00,$370.00,$70.00,$285.16,2,
11,NQ 06-26,Backtest,VariableTrend,Long,1,9713.25,9730.75,1/11/2019 10:10:00 PM,1/11/2019 11:00:00 PM,Buy,Exit on session close,$344.84,$1288.24,$5.16,$0.00,$0.00,$0.00,$0.00,$20.00,$370.00,$25.16,2,
12,NQ 06-26,Backtest,VariableTrend,Short,1,9695.50,9685.00,1/14/2019 2:20:00 AM,1/14/2019 7:50:00 PM,Sell short,Close position,$204.84,$1493.08,$5.16,$0.00,$0.00,$0.00,$0.00,$85.00,$1175.00,$970.16,16,
13,NQ 06-26,Backtest,VariableTrend,Long,1,9685.00,9661.25,1/14/2019 7:50:00 PM,1/14/2019 11:00:00 PM,Buy,Close position,($480.16),$1012.92,$5.16,$0.00,$0.00,$0.00,$0.00,$595.00,$190.00,$670.16,4,
14,NQ 06-26,Backtest,VariableTrend,Short,1,9661.25,9661.25,1/14/2019 11:00:00 PM,1/14/2019 11:00:00 PM,Sell short,Exit on session close,($5.16),$1007.76,$5.16,$0.00,$0.00,$0.00,$0.00,$70.00,$115.00,$120.16,1,
15,NQ 06-26,Backtest,VariableTrend,Long,1,9699.75,9687.25,1/15/2019 3:30:00 AM,1/15/2019 12:50:00 PM,Buy,Close position,($255.16),$752.60,$5.16,$0.00,$0.00,$0.00,$0.00,$405.00,$445.00,$700.16,9,
16,NQ 06-26,Backtest,VariableTrend,Short,1,9687.25,9698.25,1/15/2019 12:50:00 PM,1/15/2019 2:00:00 PM,Sell short,Close position,($225.16),$527.44,$5.16,$0.00,$0.00,$0.00,$0.00,$300.00,$50.00,$275.16,2,
17,NQ 06-26,Backtest,VariableTrend,Long,1,9698.25,9688.50,1/15/2019 2:00:00 PM,1/15/2019 3:10:00 PM,Buy,Close position,($200.16),$327.28,$5.16,$0.00,$0.00,$0.00,$0.00,$430.00,$5.00,$205.16,2,
18,NQ 06-26,Backtest,VariableTrend,Short,1,9688.50,9738.50,1/15/2019 3:10:00 PM,1/15/2019 4:20:00 PM,Sell short,Stop loss,($1005.16),($677.88),$5.16,$0.00,$0.00,$0.00,$0.00,$1000.00,$200.00,$1205.16,2,
19,NQ 06-26,Backtest,VariableTrend,Long,1,9764.75,9793.75,1/15/2019 5:30:00 PM,1/15/2019 11:00:00 PM,Buy,Exit on session close,$574.84,($103.04),$5.16,$0.00,$0.00,$0.00,$0.00,$410.00,$790.00,$215.16,6,
20,NQ 06-26,Backtest,VariableTrend,Short,1,9772.00,9772.50,1/17/2019 2:20:00 AM,1/17/2019 4:20:00 PM,Sell short,Close position,($15.16),($118.20),$5.16,$0.00,$0.00,$0.00,$0.00,$235.00,$890.00,$905.16,13,
21,NQ 06-26,Backtest,VariableTrend,Long,1,9772.50,9846.00,1/17/2019 4:20:00 PM,1/17/2019 11:00:00 PM,Buy,Exit on session close,$1464.84,$1346.64,$5.16,$0.00,$0.00,$0.00,$0.00,$260.00,$2055.00,$590.16,7,
22,NQ 06-26,Backtest,VariableTrend,Short,1,9878.25,9886.50,1/21/2019 3:30:00 AM,1/21/2019 5:50:00 AM,Sell short,Close position,($170.16),$1176.48,$5.16,$0.00,$0.00,$0.00,$0.00,$340.00,$125.00,$295.16,3,
23,NQ 06-26,Backtest,VariableTrend,Long,1,9886.50,9883.25,1/21/2019 5:50:00 AM,1/21/2019 8:10:00 AM,Buy,Close position,($70.16),$1106.32,$5.16,$0.00,$0.00,$0.00,$0.00,$175.00,$90.00,$160.16,3,
24,NQ 06-26,Backtest,VariableTrend,Short,1,9883.25,9884.00,1/21/2019 8:10:00 AM,1/21/2019 4:20:00 PM,Sell short,Close position,($20.16),$1086.16,$5.16,$0.00,$0.00,$0.00,$0.00,$90.00,$425.00,$445.16,8,
25,NQ 06-26,Backtest,VariableTrend,Long,1,9884.00,9870.25,1/21/2019 4:20:00 PM,1/21/2019 5:30:00 PM,Buy,Close position,($280.16),$806.00,$5.16,$0.00,$0.00,$0.00,$0.00,$550.00,$25.00,$305.16,2,
26,NQ 06-26,Backtest,VariableTrend,Short,1,9870.25,9876.75,1/21/2019 5:30:00 PM,1/21/2019 7:00:00 PM,Sell short,Exit on session close,($135.16),$670.84,$5.16,$0.00,$0.00,$0.00,$0.00,$235.00,$90.00,$225.16,3,
27,NQ 06-26,Backtest,VariableTrend,Long,1,9882.50,9871.25,1/22/2019 2:20:00 AM,1/22/2019 3:30:00 AM,Buy,Close position,($230.16),$440.68,$5.16,$0.00,$0.00,$0.00,$0.00,$400.00,$0.00,$230.16,2,
28,NQ 06-26,Backtest,VariableTrend,Short,1,9871.25,9769.25,1/22/2019 3:30:00 AM,1/22/2019 11:00:00 PM,Sell short,Exit on session close,$2034.84,$2475.52,$5.16,$0.00,$0.00,$0.00,$0.00,$85.00,$2890.00,$855.16,18,
29,NQ 06-26,Backtest,VariableTrend,Long,1,9806.00,9756.00,1/23/2019 4:20:00 PM,1/23/2019 5:30:00 PM,Buy,Stop loss,($1005.16),$1470.36,$5.16,$0.00,$0.00,$0.00,$0.00,$1000.00,$670.00,$1675.16,2,
30,NQ 06-26,Backtest,VariableTrend,Short,1,9759.25,9786.00,1/23/2019 6:40:00 PM,1/23/2019 11:00:00 PM,Sell short,Exit on session close,($540.16),$930.20,$5.16,$0.00,$0.00,$0.00,$0.00,$605.00,$1035.00,$1575.16,5,
31,NQ 06-26,Backtest,VariableTrend,Long,1,9799.50,9785.25,1/24/2019 3:30:00 AM,1/24/2019 4:40:00 AM,Buy,Close position,($290.16),$640.04,$5.16,$0.00,$0.00,$0.00,$0.00,$465.00,$85.00,$375.16,2,
32,NQ 06-26,Backtest,VariableTrend,Short,1,9785.25,9795.25,1/24/2019 4:40:00 AM,1/24/2019 8:10:00 AM,Sell short,Close position,($205.16),$434.88,$5.16,$0.00,$0.00,$0.00,$0.00,$250.00,$270.00,$475.16,4,
33,NQ 06-26,Backtest,VariableTrend,Long,1,9795.25,9782.25,1/24/2019 8:10:00 AM,1/24/2019 9:20:00 AM,Buy,Close position,($265.16),$169.72,$5.16,$0.00,$0.00,$0.00,$0.00,$280.00,$10.00,$275.16,2,
34,NQ 06-26,Backtest,VariableTrend,Short,1,9782.25,9805.50,1/24/2019 9:20:00 AM,1/24/2019 11:40:00 AM,Sell short,Close position,($470.16),($300.44),$5.16,$0.00,$0.00,$0.00,$0.00,$555.00,$125.00,$595.16,3,
35,NQ 06-26,Backtest,VariableTrend,Long,1,9805.50,9794.25,1/24/2019 11:40:00 AM,1/24/2019 6:40:00 PM,Buy,Close position,($230.16),($530.60),$5.16,$0.00,$0.00,$0.00,$0.00,$575.00,$565.00,$795.16,7,
36,NQ 06-26,Backtest,VariableTrend,Short,1,9794.25,9804.50,1/24/2019 6:40:00 PM,1/24/2019 7:50:00 PM,Sell short,Close position,($210.16),($740.76),$5.16,$0.00,$0.00,$0.00,$0.00,$620.00,$90.00,$300.16,2,
37,NQ 06-26,Backtest,VariableTrend,Long,1,9804.50,9791.25,1/24/2019 7:50:00 PM,1/24/2019 9:00:00 PM,Buy,Close position,($270.16),($1010.92),$5.16,$0.00,$0.00,$0.00,$0.00,$535.00,$25.00,$295.16,2,
38,NQ 06-26,Backtest,VariableTrend,Short,1,9791.25,9809.25,1/24/2019 9:00:00 PM,1/24/2019 10:10:00 PM,Sell short,Close position,($365.16),($1376.08),$5.16,$0.00,$0.00,$0.00,$0.00,$450.00,$5.00,$370.16,2,
39,NQ 06-26,Backtest,VariableTrend,Long,1,9809.25,9794.75,1/24/2019 10:10:00 PM,1/24/2019 11:00:00 PM,Buy,Close position,($295.16),($1671.24),$5.16,$0.00,$0.00,$0.00,$0.00,$370.00,$405.00,$700.16,2,
40,NQ 06-26,Backtest,VariableTrend,Short,1,9794.75,9800.25,1/24/2019 11:00:00 PM,1/24/2019 11:00:00 PM,Sell short,Exit on session close,($115.16),($1786.40),$5.16,$0.00,$0.00,$0.00,$0.00,$135.00,$130.00,$245.16,1,
41,NQ 06-26,Backtest,VariableTrend,Short,1,9874.00,9814.00,1/28/2019 8:10:00 AM,1/28/2019 11:00:00 PM,Sell short,Exit on session close,$1194.84,($591.56),$5.16,$0.00,$0.00,$0.00,$0.00,$130.00,$2210.00,$1015.16,14,
42,NQ 06-26,Backtest,VariableTrend,Long,1,9827.75,9793.00,1/29/2019 3:10:00 PM,1/29/2019 5:30:00 PM,Buy,Close position,($700.16),($1291.72),$5.16,$0.00,$0.00,$0.00,$0.00,$880.00,$170.00,$870.16,3,
43,NQ 06-26,Backtest,VariableTrend,Short,1,9793.00,9796.50,1/29/2019 5:30:00 PM,1/29/2019 11:00:00 PM,Sell short,Exit on session close,($75.16),($1366.88),$5.16,$0.00,$0.00,$0.00,$0.00,$215.00,$1220.00,$1295.16,6,
44,NQ 06-26,Backtest,VariableTrend,Long,1,9800.50,9789.00,1/30/2019 5:50:00 AM,1/30/2019 8:10:00 AM,Buy,Close position,($235.16),($1602.04),$5.16,$0.00,$0.00,$0.00,$0.00,$265.00,$125.00,$360.16,3,
45,NQ 06-26,Backtest,VariableTrend,Short,1,9789.00,9805.50,1/30/2019 8:10:00 AM,1/30/2019 11:40:00 AM,Sell short,Close position,($335.16),($1937.20),$5.16,$0.00,$0.00,$0.00,$0.00,$365.00,$155.00,$490.16,4,
46,NQ 06-26,Backtest,VariableTrend,Long,1,9805.50,9954.00,1/30/2019 11:40:00 AM,1/30/2019 11:00:00 PM,Buy,Exit on session close,$2964.84,$1027.64,$5.16,$0.00,$0.00,$0.00,$0.00,$145.00,$3100.00,$135.16,11,
47,NQ 06-26,Backtest,VariableTrend,Short,1,9995.00,10002.00,2/1/2019 2:00:00 PM,2/1/2019 4:20:00 PM,Sell short,Close position,($145.16),$882.48,$5.16,$0.00,$0.00,$0.00,$0.00,$395.00,$350.00,$495.16,3,
48,NQ 06-26,Backtest,VariableTrend,Long,1,10002.00,9993.75,2/1/2019 4:20:00 PM,2/1/2019 9:00:00 PM,Buy,Close position,($170.16),$712.32,$5.16,$0.00,$0.00,$0.00,$0.00,$320.00,$815.00,$985.16,5,
49,NQ 06-26,Backtest,VariableTrend,Short,1,9993.75,9995.50,2/1/2019 9:00:00 PM,2/1/2019 11:00:00 PM,Sell short,Exit on session close,($40.16),$672.16,$5.16,$0.00,$0.00,$0.00,$0.00,$140.00,$360.00,$400.16,3,
50,NQ 06-26,Backtest,VariableTrend,Long,1,10006.00,9996.00,2/4/2019 2:20:00 AM,2/4/2019 8:10:00 AM,Buy,Close position,($205.16),$467.00,$5.16,$0.00,$0.00,$0.00,$0.00,$285.00,$125.00,$330.16,6,
51,NQ 06-26,Backtest,VariableTrend,Short,1,9996.00,10005.75,2/4/2019 8:10:00 AM,2/4/2019 12:50:00 PM,Sell short,Close position,($200.16),$266.84,$5.16,$0.00,$0.00,$0.00,$0.00,$235.00,$315.00,$515.16,5,
52,NQ 06-26,Backtest,VariableTrend,Long,1,10005.75,9990.50,2/4/2019 12:50:00 PM,2/4/2019 4:20:00 PM,Buy,Close position,($310.16),($43.32),$5.16,$0.00,$0.00,$0.00,$0.00,$430.00,$5.00,$315.16,4,
53,NQ 06-26,Backtest,VariableTrend,Short,1,9990.50,10032.75,2/4/2019 4:20:00 PM,2/4/2019 5:30:00 PM,Sell short,Close position,($850.16),($893.48),$5.16,$0.00,$0.00,$0.00,$0.00,$985.00,$35.00,$885.16,2,
54,NQ 06-26,Backtest,VariableTrend,Long,1,10032.75,10060.50,2/4/2019 5:30:00 PM,2/4/2019 11:00:00 PM,Buy,Exit on session close,$549.84,($343.64),$5.16,$0.00,$0.00,$0.00,$0.00,$210.00,$1310.00,$760.16,6,
55,NQ 06-26,Backtest,VariableTrend,Short,1,10108.75,10113.75,2/6/2019 11:40:00 AM,2/6/2019 12:50:00 PM,Sell short,Close position,($105.16),($448.80),$5.16,$0.00,$0.00,$0.00,$0.00,$190.00,$45.00,$150.16,2,
56,NQ 06-26,Backtest,VariableTrend,Long,1,10113.75,10100.75,2/6/2019 12:50:00 PM,2/6/2019 5:30:00 PM,Buy,Close position,($265.16),($713.96),$5.16,$0.00,$0.00,$0.00,$0.00,$465.00,$805.00,$1070.16,5,
57,NQ 06-26,Backtest,VariableTrend,Short,1,10100.75,10123.50,2/6/2019 5:30:00 PM,2/6/2019 6:40:00 PM,Sell short,Close position,($460.16),($1174.12),$5.16,$0.00,$0.00,$0.00,$0.00,$795.00,$265.00,$725.16,2,
58,NQ 06-26,Backtest,VariableTrend,Long,1,10123.50,10104.00,2/6/2019 6:40:00 PM,2/6/2019 11:00:00 PM,Buy,Exit on session close,($395.16),($1569.28),$5.16,$0.00,$0.00,$0.00,$0.00,$485.00,$205.00,$600.16,5,
59,NQ 06-26,Backtest,VariableTrend,Long,1,10000.75,10039.25,2/8/2019 9:00:00 PM,2/8/2019 11:00:00 PM,Buy,Exit on session close,$764.84,($804.44),$5.16,$0.00,$0.00,$0.00,$0.00,$20.00,$815.00,$50.16,3,
60,NQ 06-26,Backtest,VariableTrend,Short,1,10024.50,10025.50,2/11/2019 9:00:00 PM,2/11/2019 11:00:00 PM,Sell short,Exit on session close,($25.16),($829.60),$5.16,$0.00,$0.00,$0.00,$0.00,$265.00,$230.00,$255.16,3,
61,NQ 06-26,Backtest,VariableTrend,Long,1,10040.25,10135.75,2/12/2019 3:30:00 AM,2/12/2019 11:00:00 PM,Buy,Exit on session close,$1904.84,$1075.24,$5.16,$0.00,$0.00,$0.00,$0.00,$50.00,$2070.00,$165.16,18,
62,NQ 06-26,Backtest,VariableTrend,Short,1,10152.50,10155.50,2/13/2019 5:30:00 PM,2/13/2019 9:00:00 PM,Sell short,Close position,($65.16),$1010.08,$5.16,$0.00,$0.00,$0.00,$0.00,$415.00,$340.00,$405.16,4,
63,NQ 06-26,Backtest,VariableTrend,Long,1,10155.50,10132.75,2/13/2019 9:00:00 PM,2/13/2019 11:00:00 PM,Buy,Close position,($460.16),$549.92,$5.16,$0.00,$0.00,$0.00,$0.00,$565.00,$235.00,$695.16,3,
64,NQ 06-26,Backtest,VariableTrend,Short,1,10132.75,10132.00,2/13/2019 11:00:00 PM,2/13/2019 11:00:00 PM,Sell short,Exit on session close,$9.84,$559.76,$5.16,$0.00,$0.00,$0.00,$0.00,$155.00,$55.00,$45.16,1,
65,NQ 06-26,Backtest,VariableTrend,Long,1,10158.00,10108.00,2/14/2019 9:20:00 AM,2/14/2019 3:10:00 PM,Buy,Stop loss,($1005.16),($445.40),$5.16,$0.00,$0.00,$0.00,$0.00,$1000.00,$295.00,$1300.16,6,
66,NQ 06-26,Backtest,VariableTrend,Short,1,10110.00,10160.00,2/14/2019 4:20:00 PM,2/14/2019 6:40:00 PM,Sell short,Stop loss,($1005.16),($1450.56),$5.16,$0.00,$0.00,$0.00,$0.00,$1000.00,$455.00,$1460.16,3,
67,NQ 06-26,Backtest,VariableTrend,Long,1,10156.25,10130.50,2/14/2019 7:50:00 PM,2/14/2019 11:00:00 PM,Buy,Close position,($520.16),($1970.72),$5.16,$0.00,$0.00,$0.00,$0.00,$515.00,$280.00,$800.16,4,
68,NQ 06-26,Backtest,VariableTrend,Short,1,10130.50,10132.50,2/14/2019 11:00:00 PM,2/14/2019 11:00:00 PM,Sell short,Exit on session close,($45.16),($2015.88),$5.16,$0.00,$0.00,$0.00,$0.00,$340.00,$0.00,$45.16,1,
69,NQ 06-26,Backtest,VariableTrend,Long,1,10122.75,10179.75,2/15/2019 12:50:00 PM,2/15/2019 11:00:00 PM,Buy,Exit on session close,$1134.84,($881.04),$5.16,$0.00,$0.00,$0.00,$0.00,$5.00,$1755.00,$620.16,10,
70,NQ 06-26,Backtest,VariableTrend,Short,1,10174.00,10189.00,2/19/2019 11:40:00 AM,2/19/2019 5:30:00 PM,Sell short,Close position,($305.16),($1186.20),$5.16,$0.00,$0.00,$0.00,$0.00,$385.00,$470.00,$775.16,6,
71,NQ 06-26,Backtest,VariableTrend,Long,1,10189.00,10183.75,2/19/2019 5:30:00 PM,2/19/2019 11:00:00 PM,Buy,Exit on session close,($110.16),($1296.36),$5.16,$0.00,$0.00,$0.00,$0.00,$260.00,$420.00,$530.16,6,
72,NQ 06-26,Backtest,VariableTrend,Short,1,10171.50,10190.25,2/20/2019 7:50:00 PM,2/20/2019 11:00:00 PM,Sell short,Close position,($380.16),($1676.52),$5.16,$0.00,$0.00,$0.00,$0.00,$670.00,$480.00,$860.16,4,
73,NQ 06-26,Backtest,VariableTrend,Long,1,10190.25,10186.75,2/20/2019 11:00:00 PM,2/20/2019 11:00:00 PM,Buy,Exit on session close,($75.16),($1751.68),$5.16,$0.00,$0.00,$0.00,$0.00,$70.00,$15.00,$90.16,1,
74,NQ 06-26,Backtest,VariableTrend,Short,1,10182.50,10185.25,2/21/2019 2:20:00 AM,2/21/2019 4:40:00 AM,Sell short,Close position,($60.16),($1811.84),$5.16,$0.00,$0.00,$0.00,$0.00,$65.00,$215.00,$275.16,3,
75,NQ 06-26,Backtest,VariableTrend,Long,1,10185.25,10182.50,2/21/2019 4:40:00 AM,2/21/2019 3:10:00 PM,Buy,Close position,($60.16),($1872.00),$5.16,$0.00,$0.00,$0.00,$0.00,$230.00,$875.00,$935.16,10,
76,NQ 06-26,Backtest,VariableTrend,Short,1,10182.50,10177.50,2/21/2019 3:10:00 PM,2/21/2019 7:50:00 PM,Sell short,Close position,$94.84,($1777.16),$5.16,$0.00,$0.00,$0.00,$0.00,$95.00,$1245.00,$1150.16,5,
77,NQ 06-26,Backtest,VariableTrend,Long,1,10177.50,10172.50,2/21/2019 7:50:00 PM,2/21/2019 9:00:00 PM,Buy,Close position,($105.16),($1882.32),$5.16,$0.00,$0.00,$0.00,$0.00,$185.00,$140.00,$245.16,2,
78,NQ 06-26,Backtest,VariableTrend,Short,1,10172.50,10152.75,2/21/2019 9:00:00 PM,2/21/2019 11:00:00 PM,Sell short,Exit on session close,$389.84,($1492.48),$5.16,$0.00,$0.00,$0.00,$0.00,$65.00,$880.00,$490.16,3,
79,NQ 06-26,Backtest,VariableTrend,Long,1,10164.25,10180.50,2/22/2019 10:30:00 AM,2/22/2019 10:10:00 PM,Buy,Close position,$319.84,($1172.64),$5.16,$0.00,$0.00,$0.00,$0.00,$80.00,$1045.00,$725.16,11,
80,NQ 06-26,Backtest,VariableTrend,Short,1,10180.50,10204.25,2/22/2019 10:10:00 PM,2/22/2019 11:00:00 PM,Sell short,Close position,($480.16),($1652.80),$5.16,$0.00,$0.00,$0.00,$0.00,$620.00,$75.00,$555.16,2,
81,NQ 06-26,Backtest,VariableTrend,Long,1,10204.25,10215.75,2/22/2019 11:00:00 PM,2/22/2019 11:00:00 PM,Buy,Exit on session close,$224.84,($1427.96),$5.16,$0.00,$0.00,$0.00,$0.00,$120.00,$235.00,$10.16,1,
82,NQ 06-26,Backtest,VariableTrend,Short,1,10234.50,10236.25,2/25/2019 11:00:00 PM,2/25/2019 11:00:00 PM,Sell short,Exit on session close,($40.16),($1468.12),$5.16,$0.00,$0.00,$0.00,$0.00,$150.00,$15.00,$55.16,1,
83,NQ 06-26,Backtest,VariableTrend,Long,1,10220.25,10212.25,2/26/2019 3:10:00 PM,2/26/2019 4:20:00 PM,Buy,Close position,($165.16),($1633.28),$5.16,$0.00,$0.00,$0.00,$0.00,$335.00,$5.00,$170.16,2,
84,NQ 06-26,Backtest,VariableTrend,Short,1,10212.25,10245.50,2/26/2019 4:20:00 PM,2/26/2019 5:30:00 PM,Sell short,Close position,($670.16),($2303.44),$5.16,$0.00,$0.00,$0.00,$0.00,$780.00,$120.00,$790.16,2,
85,NQ 06-26,Backtest,VariableTrend,Long,1,10245.50,10226.50,2/26/2019 5:30:00 PM,2/26/2019 11:00:00 PM,Buy,Exit on session close,($385.16),($2688.60),$5.16,$0.00,$0.00,$0.00,$0.00,$555.00,$415.00,$800.16,6,
86,NQ 06-26,Backtest,VariableTrend,Long,1,10231.25,10215.75,2/27/2019 2:20:00 AM,2/27/2019 9:20:00 AM,Buy,Close position,($315.16),($3003.76),$5.16,$0.00,$0.00,$0.00,$0.00,$400.00,$230.00,$545.16,5,
87,NQ 06-26,Backtest,VariableTrend,Short,1,10215.75,10223.25,2/27/2019 9:20:00 AM,2/27/2019 7:50:00 PM,Sell short,Close position,($155.16),($3158.92),$5.16,$0.00,$0.00,$0.00,$0.00,$370.00,$1050.00,$1205.16,10,
88,NQ 06-26,Backtest,VariableTrend,Long,1,10223.25,10239.00,2/27/2019 7:50:00 PM,2/27/2019 11:00:00 PM,Buy,Exit on session close,$309.84,($2849.08),$5.16,$0.00,$0.00,$0.00,$0.00,$105.00,$475.00,$165.16,4,
89,NQ 06-26,Backtest,VariableTrend,Short,1,10212.00,10215.50,2/28/2019 8:10:00 AM,2/28/2019 3:10:00 PM,Sell short,Close position,($75.16),($2924.24),$5.16,$0.00,$0.00,$0.00,$0.00,$95.00,$485.00,$560.16,7,
90,NQ 06-26,Backtest,VariableTrend,Long,1,10215.50,10225.50,2/28/2019 3:10:00 PM,2/28/2019 11:00:00 PM,Buy,Exit on session close,$194.84,($2729.40),$5.16,$0.00,$0.00,$0.00,$0.00,$315.00,$610.00,$415.16,8,
91,NQ 06-26,Backtest,VariableTrend,Short,1,10251.50,10259.00,3/1/2019 5:30:00 PM,3/1/2019 9:00:00 PM,Sell short,Close position,($155.16),($2884.56),$5.16,$0.00,$0.00,$0.00,$0.00,$170.00,$650.00,$805.16,4,
92,NQ 06-26,Backtest,VariableTrend,Long,1,10259.00,10274.00,3/1/2019 9:00:00 PM,3/1/2019 11:00:00 PM,Buy,Exit on session close,$294.84,($2589.72),$5.16,$0.00,$0.00,$0.00,$0.00,$85.00,$415.00,$120.16,3,
93,NQ 06-26,Backtest,VariableTrend,Short,1,10257.00,10259.50,3/4/2019 6:40:00 PM,3/4/2019 11:00:00 PM,Sell short,Exit on session close,($55.16),($2644.88),$5.16,$0.00,$0.00,$0.00,$0.00,$300.00,$1345.00,$1400.16,5,
94,NQ 06-26,Backtest,VariableTrend,Long,1,10269.25,10258.50,3/5/2019 9:20:00 AM,3/5/2019 3:10:00 PM,Buy,Close position,($220.16),($2865.04),$5.16,$0.00,$0.00,$0.00,$0.00,$310.00,$305.00,$525.16,6,
95,NQ 06-26,Backtest,VariableTrend,Short,1,10258.50,10270.75,3/5/2019 3:10:00 PM,3/5/2019 4:20:00 PM,Sell short,Close position,($250.16),($3115.20),$5.16,$0.00,$0.00,$0.00,$0.00,$405.00,$0.00,$250.16,2,
96,NQ 06-26,Backtest,VariableTrend,Long,1,10270.75,10254.25,3/5/2019 4:20:00 PM,3/5/2019 5:30:00 PM,Buy,Close position,($335.16),($3450.36),$5.16,$0.00,$0.00,$0.00,$0.00,$625.00,$140.00,$475.16,2,
97,NQ 06-26,Backtest,VariableTrend,Short,1,10254.25,10278.75,3/5/2019 5:30:00 PM,3/5/2019 6:40:00 PM,Sell short,Close position,($495.16),($3945.52),$5.16,$0.00,$0.00,$0.00,$0.00,$585.00,$90.00,$585.16,2,
98,NQ 06-26,Backtest,VariableTrend,Long,1,10278.75,10274.00,3/5/2019 6:40:00 PM,3/5/2019 11:00:00 PM,Buy,Exit on session close,($100.16),($4045.68),$5.16,$0.00,$0.00,$0.00,$0.00,$160.00,$370.00,$470.16,5,
99,NQ 06-26,Backtest,VariableTrend,Short,1,10263.75,10275.25,3/6/2019 2:20:00 AM,3/6/2019 10:30:00 AM,Sell short,Close position,($235.16),($4280.84),$5.16,$0.00,$0.00,$0.00,$0.00,$350.00,$195.00,$430.16,8,
100,NQ 06-26,Backtest,VariableTrend,Long,1,10275.25,10265.25,3/6/2019 10:30:00 AM,3/6/2019 3:10:00 PM,Buy,Close position,($205.16),($4486.00),$5.16,$0.00,$0.00,$0.00,$0.00,$250.00,$60.00,$265.16,5,
101,NQ 06-26,Backtest,VariableTrend,Short,1,10265.25,10279.75,3/6/2019 3:10:00 PM,3/6/2019 4:20:00 PM,Sell short,Close position,($295.16),($4781.16),$5.16,$0.00,$0.00,$0.00,$0.00,$335.00,$75.00,$370.16,2,
102,NQ 06-26,Backtest,VariableTrend,Long,1,10279.75,10261.75,3/6/2019 4:20:00 PM,3/6/2019 5:30:00 PM,Buy,Close position,($365.16),($5146.32),$5.16,$0.00,$0.00,$0.00,$0.00,$450.00,$135.00,$500.16,2,
103,NQ 06-26,Backtest,VariableTrend,Short,1,10261.75,10225.25,3/6/2019 5:30:00 PM,3/6/2019 11:00:00 PM,Sell short,Exit on session close,$724.84,($4421.48),$5.16,$0.00,$0.00,$0.00,$0.00,$30.00,$790.00,$65.16,6,
104,NQ 06-26,Backtest,VariableTrend,Long,1,10225.75,10222.75,3/7/2019 3:10:00 PM,3/7/2019 4:20:00 PM,Buy,Close position,($65.16),($4486.64),$5.16,$0.00,$0.00,$0.00,$0.00,$170.00,$240.00,$305.16,2,
105,NQ 06-26,Backtest,VariableTrend,Short,1,10222.75,10142.25,3/7/2019 4:20:00 PM,3/7/2019 11:00:00 PM,Sell short,Exit on session close,$1604.84,($2881.80),$5.16,$0.00,$0.00,$0.00,$0.00,$0.00,$2100.00,$495.16,7,
106,NQ 06-26,Backtest,VariableTrend,Long,1,10141.25,10144.25,3/8/2019 11:00:00 PM,3/8/2019 11:00:00 PM,Buy,Exit on session close,$54.84,($2826.96),$5.16,$0.00,$0.00,$0.00,$0.00,$100.00,$95.00,$40.16,1,
107,NQ 06-26,Backtest,VariableTrend,Short,1,10286.00,10293.50,3/12/2019 1:00:00 PM,3/12/2019 3:20:00 PM,Sell short,Close position,($155.16),($2982.12),$5.16,$0.00,$0.00,$0.00,$0.00,$390.00,$235.00,$390.16,3,
108,NQ 06-26,Backtest,VariableTrend,Long,1,10293.50,10325.75,3/12/2019 3:20:00 PM,3/12/2019 10:00:00 PM,Buy,Exit on session close,$639.84,($2342.28),$5.16,$0.00,$0.00,$0.00,$0.00,$305.00,$865.00,$225.16,7,
109,NQ 06-26,Backtest,VariableTrend,Short,1,10303.00,10307.75,3/13/2019 4:50:00 AM,3/13/2019 6:00:00 AM,Sell short,Close position,($100.16),($2442.44),$5.16,$0.00,$0.00,$0.00,$0.00,$150.00,$50.00,$150.16,2,
110,NQ 06-26,Backtest,VariableTrend,Long,1,10307.75,10386.50,3/13/2019 6:00:00 AM,3/13/2019 10:00:00 PM,Buy,Exit on session close,$1569.84,($872.60),$5.16,$0.00,$0.00,$0.00,$0.00,$60.00,$2055.00,$485.16,15,
111,NQ 06-26,Backtest,VariableTrend,Short,1,10364.75,10356.50,3/14/2019 4:30:00 PM,3/14/2019 10:00:00 PM,Sell short,Exit on session close,$159.84,($712.76),$5.16,$0.00,$0.00,$0.00,$0.00,$370.00,$255.00,$95.16,6,
112,NQ 06-26,Backtest,VariableTrend,Long,1,10367.75,10432.25,3/15/2019 2:30:00 AM,3/15/2019 10:00:00 PM,Buy,Exit on session close,$1284.84,$572.08,$5.16,$0.00,$0.00,$0.00,$0.00,$70.00,$1590.00,$305.16,18,
113,NQ 06-26,Backtest,VariableTrend,Short,1,10419.25,10433.25,3/18/2019 6:50:00 PM,3/18/2019 8:00:00 PM,Sell short,Close position,($285.16),$286.92,$5.16,$0.00,$0.00,$0.00,$0.00,$340.00,$20.00,$305.16,2,
114,NQ 06-26,Backtest,VariableTrend,Long,1,10433.25,10450.75,3/18/2019 8:00:00 PM,3/18/2019 10:00:00 PM,Buy,Exit on session close,$344.84,$631.76,$5.16,$0.00,$0.00,$0.00,$0.00,$45.00,$355.00,$10.16,3,
115,NQ 06-26,Backtest,VariableTrend,Short,1,10457.25,10465.50,3/19/2019 10:00:00 PM,3/19/2019 10:00:00 PM,Sell short,Exit on session close,($170.16),$461.60,$5.16,$0.00,$0.00,$0.00,$0.00,$165.00,$5.00,$175.16,1,
116,NQ 06-26,Backtest,VariableTrend,Long,1,10470.00,10458.00,3/20/2019 10:40:00 AM,3/20/2019 4:30:00 PM,Buy,Close position,($245.16),$216.44,$5.16,$0.00,$0.00,$0.00,$0.00,$490.00,$170.00,$415.16,6,
117,NQ 06-26,Backtest,VariableTrend,Short,1,10458.00,10469.00,3/20/2019 4:30:00 PM,3/20/2019 5:40:00 PM,Sell short,Close position,($225.16),($8.72),$5.16,$0.00,$0.00,$0.00,$0.00,$395.00,$90.00,$315.16,2,
118,NQ 06-26,Backtest,VariableTrend,Long,1,10469.00,10443.50,3/20/2019 5:40:00 PM,3/20/2019 6:50:00 PM,Buy,Close position,($515.16),($523.88),$5.16,$0.00,$0.00,$0.00,$0.00,$665.00,$45.00,$560.16,2,
119,NQ 06-26,Backtest,VariableTrend,Short,1,10443.50,10493.50,3/20/2019 6:50:00 PM,3/20/2019 8:00:00 PM,Sell short,Stop loss,($1005.16),($1529.04),$5.16,$0.00,$0.00,$0.00,$0.00,$1000.00,$25.00,$1030.16,2,
120,NQ 06-26,Backtest,VariableTrend,Long,1,10530.00,10486.25,3/20/2019 9:10:00 PM,3/20/2019 10:00:00 PM,Buy,Exit on session close,($880.16),($2409.20),$5.16,$0.00,$0.00,$0.00,$0.00,$915.00,$140.00,$1020.16,2,
121,NQ 06-26,Backtest,VariableTrend,Short,1,10464.25,10514.25,3/21/2019 2:10:00 PM,3/21/2019 3:20:00 PM,Sell short,Stop loss,($1005.16),($3414.36),$5.16,$0.00,$0.00,$0.00,$0.00,$1000.00,$205.00,$1210.16,2,
122,NQ 06-26,Backtest,VariableTrend,Long,1,10525.00,10616.25,3/21/2019 4:30:00 PM,3/21/2019 10:00:00 PM,Buy,Exit on session close,$1819.84,($1594.52),$5.16,$0.00,$0.00,$0.00,$0.00,$40.00,$2045.00,$225.16,6,
123,NQ 06-26,Backtest,VariableTrend,Short,1,10582.50,10444.75,3/22/2019 3:20:00 PM,3/22/2019 10:00:00 PM,Sell short,Exit on session close,$2749.84,$1155.32,$5.16,$0.00,$0.00,$0.00,$0.00,$340.00,$2865.00,$115.16,7,
124,NQ 06-26,Backtest,VariableTrend,Long,1,10451.50,10413.00,3/25/2019 5:40:00 PM,3/25/2019 6:50:00 PM,Buy,Close position,($775.16),$380.16,$5.16,$0.00,$0.00,$0.00,$0.00,$800.00,$10.00,$785.16,2,
125,NQ 06-26,Backtest,VariableTrend,Short,1,10413.00,10438.00,3/25/2019 6:50:00 PM,3/25/2019 10:00:00 PM,Sell short,Close position,($505.16),($125.00),$5.16,$0.00,$0.00,$0.00,$0.00,$600.00,$555.00,$1060.16,4,
126,NQ 06-26,Backtest,VariableTrend,Long,1,10438.00,10448.00,3/25/2019 10:00:00 PM,3/25/2019 10:00:00 PM,Buy,Exit on session close,$194.84,$69.84,$5.16,$0.00,$0.00,$0.00,$0.00,$5.00,$235.00,$40.16,1,
127,NQ 06-26,Backtest,VariableTrend,Short,1,10443.00,10452.00,3/26/2019 9:30:00 AM,3/26/2019 10:40:00 AM,Sell short,Close position,($185.16),($115.32),$5.16,$0.00,$0.00,$0.00,$0.00,$325.00,$45.00,$230.16,2,
128,NQ 06-26,Backtest,VariableTrend,Long,1,10452.00,10447.00,3/26/2019 10:40:00 AM,3/26/2019 9:10:00 PM,Buy,Close position,($105.16),($220.48),$5.16,$0.00,$0.00,$0.00,$0.00,$405.00,$1635.00,$1740.16,10,
129,NQ 06-26,Backtest,VariableTrend,Short,1,10447.00,10461.50,3/26/2019 9:10:00 PM,3/26/2019 10:00:00 PM,Sell short,Close position,($295.16),($515.64),$5.16,$0.00,$0.00,$0.00,$0.00,$395.00,$405.00,$700.16,2,
130,NQ 06-26,Backtest,VariableTrend,Long,1,10461.50,10469.75,3/26/2019 10:00:00 PM,3/26/2019 10:00:00 PM,Buy,Exit on session close,$159.84,($355.80),$5.16,$0.00,$0.00,$0.00,$0.00,$10.00,$230.00,$70.16,1,
131,NQ 06-26,Backtest,VariableTrend,Short,1,10457.50,10469.25,3/27/2019 1:20:00 AM,3/27/2019 4:50:00 AM,Sell short,Close position,($240.16),($595.96),$5.16,$0.00,$0.00,$0.00,$0.00,$275.00,$135.00,$375.16,4,
132,NQ 06-26,Backtest,VariableTrend,Long,1,10469.25,10460.50,3/27/2019 4:50:00 AM,3/27/2019 1:00:00 PM,Buy,Close position,($180.16),($776.12),$5.16,$0.00,$0.00,$0.00,$0.00,$310.00,$415.00,$595.16,8,
133,NQ 06-26,Backtest,VariableTrend,Short,1,10460.50,10469.50,3/27/2019 1:00:00 PM,3/27/2019 3:20:00 PM,Sell short,Close position,($185.16),($961.28),$5.16,$0.00,$0.00,$0.00,$0.00,$315.00,$295.00,$480.16,3,
134,NQ 06-26,Backtest,VariableTrend,Long,1,10469.50,10419.50,3/27/2019 3:20:00 PM,3/27/2019 4:30:00 PM,Buy,Stop loss,($1005.16),($1966.44),$5.16,$0.00,$0.00,$0.00,$0.00,$1000.00,$430.00,$1435.16,2,
135,NQ 06-26,Backtest,VariableTrend,Short,1,10394.25,10409.25,3/27/2019 5:40:00 PM,3/27/2019 10:00:00 PM,Sell short,Exit on session close,($305.16),($2271.60),$5.16,$0.00,$0.00,$0.00,$0.00,$835.00,$640.00,$945.16,5,
136,NQ 06-26,Backtest,VariableTrend,Long,1,10430.25,10424.00,3/28/2019 11:50:00 AM,3/28/2019 1:00:00 PM,Buy,Close position,($130.16),($2401.76),$5.16,$0.00,$0.00,$0.00,$0.00,$230.00,$30.00,$160.16,2,
137,NQ 06-26,Backtest,VariableTrend,Short,1,10424.00,10444.50,3/28/2019 1:00:00 PM,3/28/2019 4:30:00 PM,Sell short,Close position,($415.16),($2816.92),$5.16,$0.00,$0.00,$0.00,$0.00,$695.00,$345.00,$760.16,4,
138,NQ 06-26,Backtest,VariableTrend,Long,1,10444.50,10394.50,3/28/2019 4:30:00 PM,3/28/2019 4:30:00 PM,Buy,Stop loss,($1005.16),($3822.08),$5.16,$0.00,$0.00,$0.00,$0.00,$1000.00,$0.00,$1005.16,1,
139,NQ 06-26,Backtest,VariableTrend,Short,1,10390.50,10426.75,3/28/2019 5:40:00 PM,3/28/2019 8:00:00 PM,Sell short,Close position,($730.16),($4552.24),$5.16,$0.00,$0.00,$0.00,$0.00,$870.00,$55.00,$785.16,3,
140,NQ 06-26,Backtest,VariableTrend,Long,1,10426.75,10421.25,3/28/2019 8:00:00 PM,3/28/2019 9:10:00 PM,Buy,Close position,($115.16),($4667.40),$5.16,$0.00,$0.00,$0.00,$0.00,$280.00,$80.00,$195.16,2,
141,NQ 06-26,Backtest,VariableTrend,Short,1,10421.25,10439.75,3/28/2019 9:10:00 PM,3/28/2019 10:00:00 PM,Sell short,Close position,($375.16),($5042.56),$5.16,$0.00,$0.00,$0.00,$0.00,$395.00,$45.00,$420.16,2,
142,NQ 06-26,Backtest,VariableTrend,Long,1,10439.75,10441.25,3/28/2019 10:00:00 PM,3/28/2019 10:00:00 PM,Buy,Exit on session close,$24.84,($5017.72),$5.16,$0.00,$0.00,$0.00,$0.00,$75.00,$80.00,$55.16,1,
143,NQ 06-26,Backtest,VariableTrend,Short,1,10650.50,10664.00,4/3/2019 10:10:00 PM,4/3/2019 11:00:00 PM,Sell short,Close position,($275.16),($5292.88),$5.16,$0.00,$0.00,$0.00,$0.00,$285.00,$375.00,$650.16,2,
144,NQ 06-26,Backtest,VariableTrend,Long,1,10664.00,10667.50,4/3/2019 11:00:00 PM,4/3/2019 11:00:00 PM,Buy,Exit on session close,$64.84,($5228.04),$5.16,$0.00,$0.00,$0.00,$0.00,$50.00,$120.00,$55.16,1,
145,NQ 06-26,Backtest,VariableTrend,Short,1,10653.50,10665.75,4/4/2019 9:20:00 AM,4/4/2019 2:00:00 PM,Sell short,Close position,($250.16),($5478.20),$5.16,$0.00,$0.00,$0.00,$0.00,$260.00,$180.00,$430.16,5,
146,NQ 06-26,Backtest,VariableTrend,Long,1,10665.75,10651.50,4/4/2019 2:00:00 PM,4/4/2019 3:10:00 PM,Buy,Close position,($290.16),($5768.36),$5.16,$0.00,$0.00,$0.00,$0.00,$305.00,$35.00,$325.16,2,
147,NQ 06-26,Backtest,VariableTrend,Short,1,10651.50,10658.25,4/4/2019 3:10:00 PM,4/4/2019 4:20:00 PM,Sell short,Close position,($140.16),($5908.52),$5.16,$0.00,$0.00,$0.00,$0.00,$185.00,$50.00,$190.16,2,
148,NQ 06-26,Backtest,VariableTrend,Long,1,10658.25,10638.00,4/4/2019 4:20:00 PM,4/4/2019 6:40:00 PM,Buy,Close position,($410.16),($6318.68),$5.16,$0.00,$0.00,$0.00,$0.00,$685.00,$520.00,$930.16,3,
149,NQ 06-26,Backtest,VariableTrend,Short,1,10638.00,10657.75,4/4/2019 6:40:00 PM,4/4/2019 10:10:00 PM,Sell short,Close position,($400.16),($6718.84),$5.16,$0.00,$0.00,$0.00,$0.00,$410.00,$595.00,$995.16,4,
150,NQ 06-26,Backtest,VariableTrend,Long,1,10657.75,10649.00,4/4/2019 10:10:00 PM,4/4/2019 11:00:00 PM,Buy,Exit on session close,($180.16),($6899.00),$5.16,$0.00,$0.00,$0.00,$0.00,$320.00,$30.00,$210.16,2,
151,NQ 06-26,Backtest,VariableTrend,Long,1,10657.00,10699.00,4/5/2019 3:30:00 AM,4/5/2019 11:00:00 PM,Buy,Exit on session close,$834.84,($6064.16),$5.16,$0.00,$0.00,$0.00,$0.00,$140.00,$840.00,$5.16,18,
152,NQ 06-26,Backtest,VariableTrend,Short,1,10677.25,10679.00,4/8/2019 9:20:00 AM,4/8/2019 10:30:00 AM,Sell short,Close position,($40.16),($6104.32),$5.16,$0.00,$0.00,$0.00,$0.00,$125.00,$55.00,$95.16,2,
153,NQ 06-26,Backtest,VariableTrend,Long,1,10679.00,10676.25,4/8/2019 10:30:00 AM,4/8/2019 11:40:00 AM,Buy,Close position,($60.16),($6164.48),$5.16,$0.00,$0.00,$0.00,$0.00,$60.00,$55.00,$115.16,2,
154,NQ 06-26,Backtest,VariableTrend,Short,1,10676.25,10683.25,4/8/2019 11:40:00 AM,4/8/2019 2:00:00 PM,Sell short,Close position,($145.16),($6309.64),$5.16,$0.00,$0.00,$0.00,$0.00,$180.00,$35.00,$180.16,3,
155,NQ 06-26,Backtest,VariableTrend,Long,1,10683.25,10671.50,4/8/2019 2:00:00 PM,4/8/2019 5:30:00 PM,Buy,Close position,($240.16),($6549.80),$5.16,$0.00,$0.00,$0.00,$0.00,$715.00,$85.00,$325.16,4,
156,NQ 06-26,Backtest,VariableTrend,Short,1,10671.50,10683.50,4/8/2019 5:30:00 PM,4/8/2019 6:40:00 PM,Sell short,Close position,($245.16),($6794.96),$5.16,$0.00,$0.00,$0.00,$0.00,$295.00,$135.00,$380.16,2,
157,NQ 06-26,Backtest,VariableTrend,Long,1,10683.50,10713.00,4/8/2019 6:40:00 PM,4/8/2019 11:00:00 PM,Buy,Exit on session close,$584.84,($6210.12),$5.16,$0.00,$0.00,$0.00,$0.00,$200.00,$640.00,$55.16,5,
158,NQ 06-26,Backtest,VariableTrend,Short,1,10689.75,10703.00,4/9/2019 4:20:00 PM,4/9/2019 7:50:00 PM,Sell short,Close position,($270.16),($6480.28),$5.16,$0.00,$0.00,$0.00,$0.00,$345.00,$380.00,$650.16,4,
159,NQ 06-26,Backtest,VariableTrend,Long,1,10703.00,10682.00,4/9/2019 7:50:00 PM,4/9/2019 9:00:00 PM,Buy,Close position,($425.16),($6905.44),$5.16,$0.00,$0.00,$0.00,$0.00,$470.00,$50.00,$475.16,2,
160,NQ 06-26,Backtest,VariableTrend,Short,1,10682.00,10675.00,4/9/2019 9:00:00 PM,4/9/2019 11:00:00 PM,Sell short,Exit on session close,$134.84,($6770.60),$5.16,$0.00,$0.00,$0.00,$0.00,$95.00,$340.00,$205.16,3,
161,NQ 06-26,Backtest,VariableTrend,Long,1,10693.00,10730.50,4/10/2019 10:30:00 AM,4/10/2019 11:00:00 PM,Buy,Exit on session close,$744.84,($6025.76),$5.16,$0.00,$0.00,$0.00,$0.00,$285.00,$785.00,$40.16,12,
162,NQ 06-26,Backtest,VariableTrend,Short,1,10714.50,10725.00,4/11/2019 11:40:00 AM,4/11/2019 12:50:00 PM,Sell short,Close position,($215.16),($6240.92),$5.16,$0.00,$0.00,$0.00,$0.00,$245.00,$10.00,$225.16,2,
163,NQ 06-26,Backtest,VariableTrend,Long,1,10725.00,10711.75,4/11/2019 12:50:00 PM,4/11/2019 5:30:00 PM,Buy,Close position,($270.16),($6511.08),$5.16,$0.00,$0.00,$0.00,$0.00,$485.00,$305.00,$575.16,5,
164,NQ 06-26,Backtest,VariableTrend,Short,1,10711.75,10706.25,4/11/2019 5:30:00 PM,4/11/2019 11:00:00 PM,Sell short,Exit on session close,$104.84,($6406.24),$5.16,$0.00,$0.00,$0.00,$0.00,$230.00,$480.00,$375.16,6,
165,NQ 06-26,Backtest,VariableTrend,Long,1,10723.25,10717.25,4/12/2019 11:40:00 AM,4/12/2019 6:40:00 PM,Buy,Close position,($125.16),($6531.40),$5.16,$0.00,$0.00,$0.00,$0.00,$390.00,$560.00,$685.16,7,
166,NQ 06-26,Backtest,VariableTrend,Short,1,10717.25,10724.75,4/12/2019 6:40:00 PM,4/12/2019 7:50:00 PM,Sell short,Close position,($155.16),($6686.56),$5.16,$0.00,$0.00,$0.00,$0.00,$200.00,$50.00,$205.16,2,
167,NQ 06-26,Backtest,VariableTrend,Long,1,10724.75,10740.25,4/12/2019 7:50:00 PM,4/12/2019 11:00:00 PM,Buy,Exit on session close,$304.84,($6381.72),$5.16,$0.00,$0.00,$0.00,$0.00,$70.00,$310.00,$5.16,4,
168,NQ 06-26,Backtest,VariableTrend,Short,1,10716.25,10736.25,4/15/2019 5:30:00 PM,4/15/2019 10:10:00 PM,Sell short,Close position,($405.16),($6786.88),$5.16,$0.00,$0.00,$0.00,$0.00,$415.00,$625.00,$1030.16,5,
169,NQ 06-26,Backtest,VariableTrend,Long,1,10736.25,10737.50,4/15/2019 10:10:00 PM,4/15/2019 11:00:00 PM,Buy,Exit on session close,$19.84,($6767.04),$5.16,$0.00,$0.00,$0.00,$0.00,$105.00,$170.00,$150.16,2,
170,NQ 06-26,Backtest,VariableTrend,Short,1,10757.50,10763.00,4/16/2019 11:00:00 PM,4/16/2019 11:00:00 PM,Sell short,Exit on session close,($115.16),($6882.20),$5.16,$0.00,$0.00,$0.00,$0.00,$210.00,$0.00,$115.16,1,
171,NQ 06-26,Backtest,VariableTrend,Short,1,10757.00,10771.00,4/17/2019 2:20:00 AM,4/17/2019 3:30:00 AM,Sell short,Close position,($285.16),($7167.36),$5.16,$0.00,$0.00,$0.00,$0.00,$310.00,$0.00,$285.16,2,
172,NQ 06-26,Backtest,VariableTrend,Long,1,10771.00,10777.25,4/17/2019 3:30:00 AM,4/17/2019 6:40:00 PM,Buy,Close position,$119.84,($7047.52),$5.16,$0.00,$0.00,$0.00,$0.00,$100.00,$975.00,$855.16,14,
173,NQ 06-26,Backtest,VariableTrend,Short,1,10777.25,10786.25,4/17/2019 6:40:00 PM,4/17/2019 7:50:00 PM,Sell short,Close position,($185.16),($7232.68),$5.16,$0.00,$0.00,$0.00,$0.00,$300.00,$245.00,$430.16,2,
174,NQ 06-26,Backtest,VariableTrend,Long,1,10786.25,10773.50,4/17/2019 7:50:00 PM,4/17/2019 11:00:00 PM,Buy,Exit on session close,($260.16),($7492.84),$5.16,$0.00,$0.00,$0.00,$0.00,$440.00,$215.00,$475.16,4,
175,NQ 06-26,Backtest,VariableTrend,Long,1,10771.25,10771.00,4/18/2019 2:00:00 PM,4/18/2019 5:30:00 PM,Buy,Close position,($10.16),($7503.00),$5.16,$0.00,$0.00,$0.00,$0.00,$195.00,$760.00,$770.16,4,
176,NQ 06-26,Backtest,VariableTrend,Short,1,10771.00,10771.25,4/18/2019 5:30:00 PM,4/18/2019 6:40:00 PM,Sell short,Close position,($10.16),($7513.16),$5.16,$0.00,$0.00,$0.00,$0.00,$215.00,$395.00,$405.16,2,
177,NQ 06-26,Backtest,VariableTrend,Long,1,10771.25,10802.00,4/18/2019 6:40:00 PM,4/18/2019 11:00:00 PM,Buy,Exit on session close,$609.84,($6903.32),$5.16,$0.00,$0.00,$0.00,$0.00,$0.00,$625.00,$15.16,5,
178,NQ 06-26,Backtest,VariableTrend,Short,1,10778.25,10792.75,4/22/2019 4:40:00 AM,4/22/2019 5:50:00 AM,Sell short,Close position,($295.16),($7198.48),$5.16,$0.00,$0.00,$0.00,$0.00,$300.00,$95.00,$390.16,2,
179,NQ 06-26,Backtest,VariableTrend,Long,1,10792.75,10780.75,4/22/2019 5:50:00 AM,4/22/2019 7:00:00 AM,Buy,Close position,($245.16),($7443.64),$5.16,$0.00,$0.00,$0.00,$0.00,$240.00,$5.00,$250.16,2,
180,NQ 06-26,Backtest,VariableTrend,Short,1,10780.75,10785.00,4/22/2019 7:00:00 AM,4/22/2019 5:30:00 PM,Sell short,Close position,($90.16),($7533.80),$5.16,$0.00,$0.00,$0.00,$0.00,$280.00,$495.00,$585.16,10,
181,NQ 06-26,Backtest,VariableTrend,Long,1,10785.00,10825.75,4/22/2019 5:30:00 PM,4/22/2019 11:00:00 PM,Buy,Exit on session close,$809.84,($6723.96),$5.16,$0.00,$0.00,$0.00,$0.00,$35.00,$960.00,$150.16,6,
182,NQ 06-26,Backtest,VariableTrend,Short,1,10908.00,10911.50,4/24/2019 9:00:00 PM,4/24/2019 10:10:00 PM,Sell short,Close position,($75.16),($6799.12),$5.16,$0.00,$0.00,$0.00,$0.00,$105.00,$150.00,$225.16,2,
183,NQ 06-26,Backtest,VariableTrend,Long,1,10911.50,10925.75,4/24/2019 10:10:00 PM,4/24/2019 11:00:00 PM,Buy,Exit on session close,$279.84,($6519.28),$5.16,$0.00,$0.00,$0.00,$0.00,$460.00,$550.00,$270.16,2,
184,NQ 06-26,Backtest,VariableTrend,Short,1,10899.00,10938.00,4/25/2019 5:30:00 PM,4/25/2019 10:10:00 PM,Sell short,Close position,($785.16),($7304.44),$5.16,$0.00,$0.00,$0.00,$0.00,$840.00,$415.00,$1200.16,5,
185,NQ 06-26,Backtest,VariableTrend,Long,1,10938.00,10894.50,4/25/2019 10:10:00 PM,4/25/2019 11:00:00 PM,Buy,Close position,($875.16),($8179.60),$5.16,$0.00,$0.00,$0.00,$0.00,$960.00,$10.00,$885.16,2,
186,NQ 06-26,Backtest,VariableTrend,Short,1,10894.50,10882.50,4/25/2019 11:00:00 PM,4/25/2019 11:00:00 PM,Sell short,Exit on session close,$234.84,($7944.76),$5.16,$0.00,$0.00,$0.00,$0.00,$105.00,$280.00,$45.16,1,
187,NQ 06-26,Backtest,VariableTrend,Long,1,10925.00,10875.00,4/26/2019 4:20:00 PM,4/26/2019 4:20:00 PM,Buy,Stop loss,($1005.16),($8949.92),$5.16,$0.00,$0.00,$0.00,$0.00,$1000.00,$0.00,$1005.16,1,
188,NQ 06-26,Backtest,VariableTrend,Short,1,10872.00,10908.25,4/26/2019 5:30:00 PM,4/26/2019 10:10:00 PM,Sell short,Close position,($730.16),($9680.08),$5.16,$0.00,$0.00,$0.00,$0.00,$745.00,$0.00,$730.16,5,
189,NQ 06-26,Backtest,VariableTrend,Long,1,10908.25,10923.50,4/26/2019 10:10:00 PM,4/26/2019 11:00:00 PM,Buy,Exit on session close,$299.84,($9380.24),$5.16,$0.00,$0.00,$0.00,$0.00,$20.00,$470.00,$170.16,2,
190,NQ 06-26,Backtest,VariableTrend,Short,1,10920.50,10925.00,4/29/2019 2:00:00 PM,4/29/2019 4:20:00 PM,Sell short,Close position,($95.16),($9475.40),$5.16,$0.00,$0.00,$0.00,$0.00,$150.00,$135.00,$230.16,3,
191,NQ 06-26,Backtest,VariableTrend,Long,1,10925.00,10906.00,4/29/2019 4:20:00 PM,4/29/2019 11:00:00 PM,Buy,Close position,($385.16),($9860.56),$5.16,$0.00,$0.00,$0.00,$0.00,$440.00,$580.00,$965.16,7,
192,NQ 06-26,Backtest,VariableTrend,Short,1,10906.00,10893.00,4/29/2019 11:00:00 PM,4/29/2019 11:00:00 PM,Sell short,Exit on session close,$254.84,($9605.72),$5.16,$0.00,$0.00,$0.00,$0.00,$5.00,$285.00,$30.16,1,
193,NQ 06-26,Backtest,VariableTrend,Long,1,10897.00,10937.75,4/30/2019 11:00:00 PM,4/30/2019 11:00:00 PM,Buy,Exit on session close,$809.84,($8795.88),$5.16,$0.00,$0.00,$0.00,$0.00,$90.00,$925.00,$115.16,1,
194,NQ 06-26,Backtest,VariableTrend,Short,1,10924.25,10926.50,5/1/2019 7:50:00 PM,5/1/2019 9:00:00 PM,Sell short,Close position,($50.16),($8846.04),$5.16,$0.00,$0.00,$0.00,$0.00,$170.00,$235.00,$285.16,2,
195,NQ 06-26,Backtest,VariableTrend,Long,1,10926.50,10916.75,5/1/2019 9:00:00 PM,5/1/2019 10:10:00 PM,Buy,Close position,($200.16),($9046.20),$5.16,$0.00,$0.00,$0.00,$0.00,$505.00,$540.00,$740.16,2,
196,NQ 06-26,Backtest,VariableTrend,Short,1,10916.75,10824.75,5/1/2019 10:10:00 PM,5/1/2019 11:00:00 PM,Sell short,Exit on session close,$1834.84,($7211.36),$5.16,$0.00,$0.00,$0.00,$0.00,$65.00,$1890.00,$55.16,2,
197,NQ 06-26,Backtest,VariableTrend,Long,1,10872.25,10863.75,5/2/2019 12:50:00 PM,5/2/2019 3:10:00 PM,Buy,Close position,($175.16),($7386.52),$5.16,$0.00,$0.00,$0.00,$0.00,$385.00,$30.00,$205.16,3,
198,NQ 06-26,Backtest,VariableTrend,Short,1,10863.75,10883.50,5/2/2019 3:10:00 PM,5/2/2019 5:30:00 PM,Sell short,Close position,($400.16),($7786.68),$5.16,$0.00,$0.00,$0.00,$0.00,$550.00,$475.00,$875.16,3,
199,NQ 06-26,Backtest,VariableTrend,Long,1,10883.50,10833.50,5/2/2019 5:30:00 PM,5/2/2019 5:30:00 PM,Buy,Stop loss,($1005.16),($8791.84),$5.16,$0.00,$0.00,$0.00,$0.00,$1000.00,$0.00,$1005.16,1,
200,NQ 06-26,Backtest,VariableTrend,Short,1,10817.75,10826.25,5/2/2019 6:40:00 PM,5/2/2019 11:00:00 PM,Sell short,Exit on session close,($175.16),($8967.00),$5.16,$0.00,$0.00,$0.00,$0.00,$410.00,$985.00,$1160.16,5,
201,NQ 06-26,Backtest,VariableTrend,Long,1,10847.50,10958.75,5/3/2019 7:00:00 AM,5/3/2019 11:00:00 PM,Buy,Exit on session close,$2219.84,($6747.16),$5.16,$0.00,$0.00,$0.00,$0.00,$55.00,$2225.00,$5.16,15,
202,NQ 06-26,Backtest,VariableTrend,Short,1,10827.75,10845.75,5/6/2019 2:20:00 AM,5/6/2019 5:30:00 PM,Sell short,Close position,($365.16),($7112.32),$5.16,$0.00,$0.00,$0.00,$0.00,$390.00,$1480.00,$1845.16,14,
203,NQ 06-26,Backtest,VariableTrend,Long,1,10845.75,10825.25,5/6/2019 5:30:00 PM,5/6/2019 11:00:00 PM,Buy,Exit on session close,($415.16),($7527.48),$5.16,$0.00,$0.00,$0.00,$0.00,$410.00,$1160.00,$1575.16,6,
204,NQ 06-26,Backtest,VariableTrend,Long,1,10876.50,10844.00,5/7/2019 10:30:00 AM,5/7/2019 12:50:00 PM,Buy,Close position,($655.16),($8182.64),$5.16,$0.00,$0.00,$0.00,$0.00,$720.00,$35.00,$690.16,3,
205,NQ 06-26,Backtest,VariableTrend,Short,1,10844.00,10756.75,5/7/2019 12:50:00 PM,5/7/2019 11:00:00 PM,Sell short,Exit on session close,$1739.84,($6442.80),$5.16,$0.00,$0.00,$0.00,$0.00,$170.00,$3530.00,$1790.16,10,
206,NQ 06-26,Backtest,VariableTrend,Long,1,10777.25,10733.75,5/8/2019 11:40:00 AM,5/8/2019 12:50:00 PM,Buy,Close position,($875.16),($7317.96),$5.16,$0.00,$0.00,$0.00,$0.00,$880.00,$30.00,$905.16,2,
207,NQ 06-26,Backtest,VariableTrend,Short,1,10733.75,10728.75,5/8/2019 12:50:00 PM,5/8/2019 11:00:00 PM,Sell short,Exit on session close,$94.84,($7223.12),$5.16,$0.00,$0.00,$0.00,$0.00,$890.00,$950.00,$855.16,10,
208,NQ 06-26,Backtest,VariableTrend,Long,1,10678.50,10659.00,5/9/2019 7:50:00 PM,5/9/2019 10:10:00 PM,Buy,Close position,($395.16),($7618.28),$5.16,$0.00,$0.00,$0.00,$0.00,$485.00,$500.00,$895.16,3,
209,NQ 06-26,Backtest,VariableTrend,Short,1,10659.00,10686.00,5/9/2019 10:10:00 PM,5/9/2019 11:00:00 PM,Sell short,Close position,($545.16),($8163.44),$5.16,$0.00,$0.00,$0.00,$0.00,$630.00,$355.00,$900.16,2,
210,NQ 06-26,Backtest,VariableTrend,Long,1,10686.00,10678.75,5/9/2019 11:00:00 PM,5/9/2019 11:00:00 PM,Buy,Exit on session close,($150.16),($8313.60),$5.16,$0.00,$0.00,$0.00,$0.00,$220.00,$35.00,$185.16,1,
211,NQ 06-26,Backtest,VariableTrend,Short,1,10634.00,10684.00,5/10/2019 8:10:00 AM,5/10/2019 9:20:00 AM,Sell short,Stop loss,($1005.16),($9318.76),$5.16,$0.00,$0.00,$0.00,$0.00,$1000.00,$305.00,$1310.16,2,
212,NQ 06-26,Backtest,VariableTrend,Long,1,10676.50,10640.50,5/10/2019 10:30:00 AM,5/10/2019 3:10:00 PM,Buy,Close position,($725.16),($10043.92),$5.16,$0.00,$0.00,$0.00,$0.00,$785.00,$485.00,$1210.16,5,
213,NQ 06-26,Backtest,VariableTrend,Short,1,10640.50,10655.25,5/10/2019 3:10:00 PM,5/10/2019 9:00:00 PM,Sell short,Close position,($300.16),($10344.08),$5.16,$0.00,$0.00,$0.00,$0.00,$680.00,$2370.00,$2670.16,6,
214,NQ 06-26,Backtest,VariableTrend,Long,1,10655.25,10697.50,5/10/2019 9:00:00 PM,5/10/2019 11:00:00 PM,Buy,Exit on session close,$839.84,($9504.24),$5.16,$0.00,$0.00,$0.00,$0.00,$480.00,$1360.00,$520.16,3,
215,NQ 06-26,Backtest,VariableTrend,Short,1,10629.25,10400.50,5/13/2019 2:20:00 AM,5/13/2019 11:00:00 PM,Sell short,Exit on session close,$4569.84,($4934.40),$5.16,$0.00,$0.00,$0.00,$0.00,$90.00,$4760.00,$190.16,19,
216,NQ 06-26,Backtest,VariableTrend,Long,1,10452.25,10446.75,5/14/2019 7:00:00 AM,5/14/2019 9:20:00 AM,Buy,Close position,($115.16),($5049.56),$5.16,$0.00,$0.00,$0.00,$0.00,$190.00,$130.00,$245.16,3,
217,NQ 06-26,Backtest,VariableTrend,Short,1,10446.75,10452.50,5/14/2019 9:20:00 AM,5/14/2019 10:30:00 AM,Sell short,Close position,($120.16),($5169.72),$5.16,$0.00,$0.00,$0.00,$0.00,$180.00,$295.00,$415.16,2,
218,NQ 06-26,Backtest,VariableTrend,Long,1,10452.50,10445.75,5/14/2019 10:30:00 AM,5/14/2019 11:40:00 AM,Buy,Close position,($140.16),($5309.88),$5.16,$0.00,$0.00,$0.00,$0.00,$275.00,$240.00,$380.16,2,
219,NQ 06-26,Backtest,VariableTrend,Short,1,10445.75,10468.50,5/14/2019 11:40:00 AM,5/14/2019 12:50:00 PM,Sell short,Close position,($460.16),($5770.04),$5.16,$0.00,$0.00,$0.00,$0.00,$490.00,$125.00,$585.16,2,
220,NQ 06-26,Backtest,VariableTrend,Long,1,10468.50,10459.00,5/14/2019 12:50:00 PM,5/14/2019 4:20:00 PM,Buy,Close position,($195.16),($5965.20),$5.16,$0.00,$0.00,$0.00,$0.00,$415.00,$350.00,$545.16,4,
221,NQ 06-26,Backtest,VariableTrend,Short,1,10459.00,10485.50,5/14/2019 4:20:00 PM,5/14/2019 5:30:00 PM,Sell short,Close position,($535.16),($6500.36),$5.16,$0.00,$0.00,$0.00,$0.00,$595.00,$540.00,$1075.16,2,
222,NQ 06-26,Backtest,VariableTrend,Long,1,10485.50,10512.00,5/14/2019 5:30:00 PM,5/14/2019 11:00:00 PM,Buy,Exit on session close,$524.84,($5975.52),$5.16,$0.00,$0.00,$0.00,$0.00,$215.00,$1205.00,$680.16,6,
223,NQ 06-26,Backtest,VariableTrend,Short,1,10490.75,10540.75,5/15/2019 2:00:00 PM,5/15/2019 4:20:00 PM,Sell short,Stop loss,($1005.16),($6980.68),$5.16,$0.00,$0.00,$0.00,$0.00,$1000.00,$890.00,$1895.16,3,
224,NQ 06-26,Backtest,VariableTrend,Long,1,10523.25,10613.25,5/15/2019 5:30:00 PM,5/15/2019 11:00:00 PM,Buy,Exit on session close,$1794.84,($5185.84),$5.16,$0.00,$0.00,$0.00,$0.00,$80.00,$2030.00,$235.16,6,
225,NQ 06-26,Backtest,VariableTrend,Short,1,10640.75,10654.00,5/17/2019 11:40:00 AM,5/17/2019 12:50:00 PM,Sell short,Close position,($270.16),($5456.00),$5.16,$0.00,$0.00,$0.00,$0.00,$270.00,$305.00,$575.16,2,
226,NQ 06-26,Backtest,VariableTrend,Long,1,10654.00,10642.00,5/17/2019 12:50:00 PM,5/17/2019 2:00:00 PM,Buy,Close position,($245.16),($5701.16),$5.16,$0.00,$0.00,$0.00,$0.00,$380.00,$135.00,$380.16,2,
227,NQ 06-26,Backtest,VariableTrend,Short,1,10642.00,10692.00,5/17/2019 2:00:00 PM,5/17/2019 5:30:00 PM,Sell short,Stop loss,($1005.16),($6706.32),$5.16,$0.00,$0.00,$0.00,$0.00,$1000.00,$960.00,$1965.16,4,
228,NQ 06-26,Backtest,VariableTrend,Long,1,10684.75,10634.75,5/17/2019 6:40:00 PM,5/17/2019 6:40:00 PM,Buy,Stop loss,($1005.16),($7711.48),$5.16,$0.00,$0.00,$0.00,$0.00,$1000.00,$0.00,$1005.16,1,
229,NQ 06-26,Backtest,VariableTrend,Short,1,10596.75,10598.50,5/17/2019 11:00:00 PM,5/17/2019 11:00:00 PM,Sell short,Exit on session close,($40.16),($7751.64),$5.16,$0.00,$0.00,$0.00,$0.00,$105.00,$35.00,$75.16,1,
230,NQ 06-26,Backtest,VariableTrend,Long,1,10640.00,10624.50,5/20/2019 4:40:00 AM,5/20/2019 5:50:00 AM,Buy,Close position,($315.16),($8066.80),$5.16,$0.00,$0.00,$0.00,$0.00,$575.00,$30.00,$345.16,2,
231,NQ 06-26,Backtest,VariableTrend,Short,1,10624.50,10493.00,5/20/2019 5:50:00 AM,5/20/2019 11:00:00 PM,Sell short,Exit on session close,$2624.84,($5441.96),$5.16,$0.00,$0.00,$0.00,$0.00,$230.00,$3535.00,$910.16,16,
232,NQ 06-26,Backtest,VariableTrend,Long,1,10529.75,10516.00,5/21/2019 7:00:00 AM,5/21/2019 9:20:00 AM,Buy,Close position,($280.16),($5722.12),$5.16,$0.00,$0.00,$0.00,$0.00,$305.00,$45.00,$325.16,3,
233,NQ 06-26,Backtest,VariableTrend,Short,1,10516.00,10525.00,5/21/2019 9:20:00 AM,5/21/2019 12:50:00 PM,Sell short,Close position,($185.16),($5907.28),$5.16,$0.00,$0.00,$0.00,$0.00,$300.00,$580.00,$765.16,4,
234,NQ 06-26,Backtest,VariableTrend,Long,1,10525.00,10523.75,5/21/2019 12:50:00 PM,5/21/2019 5:30:00 PM,Buy,Close position,($30.16),($5937.44),$5.16,$0.00,$0.00,$0.00,$0.00,$245.00,$580.00,$610.16,5,
235,NQ 06-26,Backtest,VariableTrend,Short,1,10523.75,10555.25,5/21/2019 5:30:00 PM,5/21/2019 6:40:00 PM,Sell short,Close position,($635.16),($6572.60),$5.16,$0.00,$0.00,$0.00,$0.00,$845.00,$20.00,$655.16,2,
236,NQ 06-26,Backtest,VariableTrend,Long,1,10555.25,10548.75,5/21/2019 6:40:00 PM,5/21/2019 11:00:00 PM,Buy,Exit on session close,($135.16),($6707.76),$5.16,$0.00,$0.00,$0.00,$0.00,$480.00,$325.00,$460.16,5,
237,NQ 06-26,Backtest,VariableTrend,Short,1,10528.50,10543.00,5/22/2019 9:20:00 AM,5/22/2019 12:50:00 PM,Sell short,Close position,($295.16),($7002.92),$5.16,$0.00,$0.00,$0.00,$0.00,$445.00,$260.00,$555.16,4,
238,NQ 06-26,Backtest,VariableTrend,Long,1,10543.00,10533.00,5/22/2019 12:50:00 PM,5/22/2019 2:00:00 PM,Buy,Close position,($205.16),($7208.08),$5.16,$0.00,$0.00,$0.00,$0.00,$275.00,$75.00,$280.16,2,
239,NQ 06-26,Backtest,VariableTrend,Short,1,10533.00,10539.00,5/22/2019 2:00:00 PM,5/22/2019 5:30:00 PM,Sell short,Close position,($125.16),($7333.24),$5.16,$0.00,$0.00,$0.00,$0.00,$525.00,$1110.00,$1235.16,4,
240,NQ 06-26,Backtest,VariableTrend,Long,1,10539.00,10519.25,5/22/2019 5:30:00 PM,5/22/2019 7:50:00 PM,Buy,Close position,($400.16),($7733.40),$5.16,$0.00,$0.00,$0.00,$0.00,$600.00,$195.00,$595.16,3,
241,NQ 06-26,Backtest,VariableTrend,Short,1,10519.25,10541.50,5/22/2019 7:50:00 PM,5/22/2019 10:10:00 PM,Sell short,Close position,($450.16),($8183.56),$5.16,$0.00,$0.00,$0.00,$0.00,$630.00,$275.00,$725.16,3,
242,NQ 06-26,Backtest,VariableTrend,Long,1,10541.50,10515.25,5/22/2019 10:10:00 PM,5/22/2019 11:00:00 PM,Buy,Close position,($530.16),($8713.72),$5.16,$0.00,$0.00,$0.00,$0.00,$575.00,$75.00,$605.16,2,
243,NQ 06-26,Backtest,VariableTrend,Short,1,10515.25,10512.25,5/22/2019 11:00:00 PM,5/22/2019 11:00:00 PM,Sell short,Exit on session close,$54.84,($8658.88),$5.16,$0.00,$0.00,$0.00,$0.00,$85.00,$125.00,$70.16,1,
244,NQ 06-26,Backtest,VariableTrend,Long,1,10422.00,10423.00,5/24/2019 3:30:00 AM,5/24/2019 3:10:00 PM,Buy,Close position,$14.84,($8644.04),$5.16,$0.00,$0.00,$0.00,$0.00,$160.00,$525.00,$510.16,11,
245,NQ 06-26,Backtest,VariableTrend,Short,1,10423.00,10436.25,5/24/2019 3:10:00 PM,5/24/2019 4:20:00 PM,Sell short,Close position,($270.16),($8914.20),$5.16,$0.00,$0.00,$0.00,$0.00,$285.00,$150.00,$420.16,2,
246,NQ 06-26,Backtest,VariableTrend,Long,1,10436.25,10409.00,5/24/2019 4:20:00 PM,5/24/2019 6:40:00 PM,Buy,Close position,($550.16),($9464.36),$5.16,$0.00,$0.00,$0.00,$0.00,$785.00,$595.00,$1145.16,3,
247,NQ 06-26,Backtest,VariableTrend,Short,1,10409.00,10431.75,5/24/2019 6:40:00 PM,5/24/2019 7:50:00 PM,Sell short,Close position,($460.16),($9924.52),$5.16,$0.00,$0.00,$0.00,$0.00,$480.00,$40.00,$500.16,2,
248,NQ 06-26,Backtest,VariableTrend,Long,1,10431.75,10424.75,5/24/2019 7:50:00 PM,5/24/2019 9:00:00 PM,Buy,Close position,($145.16),($10069.68),$5.16,$0.00,$0.00,$0.00,$0.00,$385.00,$70.00,$215.16,2,
249,NQ 06-26,Backtest,VariableTrend,Short,1,10424.75,10398.75,5/24/2019 9:00:00 PM,5/24/2019 11:00:00 PM,Sell short,Exit on session close,$514.84,($9554.84),$5.16,$0.00,$0.00,$0.00,$0.00,$110.00,$760.00,$245.16,3,
250,NQ 06-26,Backtest,VariableTrend,Long,1,10423.00,10409.25,5/27/2019 10:30:00 AM,5/27/2019 11:40:00 AM,Buy,Close position,($280.16),($9835.00),$5.16,$0.00,$0.00,$0.00,$0.00,$300.00,$35.00,$315.16,2,
251,NQ 06-26,Backtest,VariableTrend,Short,1,10409.25,10404.50,5/27/2019 11:40:00 AM,5/27/2019 7:00:00 PM,Sell short,Exit on session close,$89.84,($9745.16),$5.16,$0.00,$0.00,$0.00,$0.00,$115.00,$310.00,$220.16,8,
252,NQ 06-26,Backtest,VariableTrend,Long,1,10411.75,10408.75,5/28/2019 2:20:00 AM,5/28/2019 10:30:00 AM,Buy,Close position,($65.16),($9810.32),$5.16,$0.00,$0.00,$0.00,$0.00,$145.00,$585.00,$650.16,8,
253,NQ 06-26,Backtest,VariableTrend,Short,1,10408.75,10418.00,5/28/2019 10:30:00 AM,5/28/2019 5:30:00 PM,Sell short,Close position,($190.16),($10000.48),$5.16,$0.00,$0.00,$0.00,$0.00,$985.00,$625.00,$815.16,7,
254,NQ 06-26,Backtest,VariableTrend,Long,1,10418.00,10413.75,5/28/2019 5:30:00 PM,5/28/2019 6:40:00 PM,Buy,Close position,($90.16),($10090.64),$5.16,$0.00,$0.00,$0.00,$0.00,$205.00,$380.00,$470.16,2,
255,NQ 06-26,Backtest,VariableTrend,Short,1,10413.75,10438.25,5/28/2019 6:40:00 PM,5/28/2019 7:50:00 PM,Sell short,Close position,($495.16),($10585.80),$5.16,$0.00,$0.00,$0.00,$0.00,$560.00,$110.00,$605.16,2,
256,NQ 06-26,Backtest,VariableTrend,Long,1,10438.25,10397.25,5/28/2019 7:50:00 PM,5/28/2019 10:10:00 PM,Buy,Close position,($825.16),($11410.96),$5.16,$0.00,$0.00,$0.00,$0.00,$955.00,$10.00,$835.16,3,
257,NQ 06-26,Backtest,VariableTrend,Short,1,10397.25,10378.75,5/28/2019 10:10:00 PM,5/28/2019 11:00:00 PM,Sell short,Exit on session close,$364.84,($11046.12),$5.16,$0.00,$0.00,$0.00,$0.00,$10.00,$615.00,$250.16,2,
258,NQ 06-26,Backtest,VariableTrend,Long,1,10344.25,10331.25,5/30/2019 5:30:00 PM,5/30/2019 6:40:00 PM,Buy,Close position,($265.16),($11311.28),$5.16,$0.00,$0.00,$0.00,$0.00,$505.00,$265.00,$530.16,2,
259,NQ 06-26,Backtest,VariableTrend,Short,1,10331.25,10336.50,5/30/2019 6:40:00 PM,5/30/2019 7:50:00 PM,Sell short,Close position,($110.16),($11421.44),$5.16,$0.00,$0.00,$0.00,$0.00,$135.00,$265.00,$375.16,2,
260,NQ 06-26,Backtest,VariableTrend,Long,1,10336.50,10319.00,5/30/2019 7:50:00 PM,5/30/2019 9:00:00 PM,Buy,Close position,($355.16),($11776.60),$5.16,$0.00,$0.00,$0.00,$0.00,$435.00,$225.00,$580.16,2,
261,NQ 06-26,Backtest,VariableTrend,Short,1,10319.00,10340.75,5/30/2019 9:00:00 PM,5/30/2019 11:00:00 PM,Sell short,Close position,($440.16),($12216.76),$5.16,$0.00,$0.00,$0.00,$0.00,$520.00,$475.00,$915.16,3,
262,NQ 06-26,Backtest,VariableTrend,Long,1,10340.75,10341.00,5/30/2019 11:00:00 PM,5/30/2019 11:00:00 PM,Buy,Exit on session close,($0.16),($12216.92),$5.16,$0.00,$0.00,$0.00,$0.00,$55.00,$65.00,$65.16,1,
263,NQ 06-26,Backtest,VariableTrend,Short,1,10271.25,10274.25,5/31/2019 3:30:00 AM,5/31/2019 6:40:00 PM,Sell short,Close position,($65.16),($12282.08),$5.16,$0.00,$0.00,$0.00,$0.00,$635.00,$1030.00,$1095.16,14,
264,NQ 06-26,Backtest,VariableTrend,Long,1,10274.25,10243.25,5/31/2019 6:40:00 PM,5/31/2019 7:50:00 PM,Buy,Close position,($625.16),($12907.24),$5.16,$0.00,$0.00,$0.00,$0.00,$695.00,$25.00,$650.16,2,
265,NQ 06-26,Backtest,VariableTrend,Short,1,10243.25,10223.75,5/31/2019 7:50:00 PM,5/31/2019 11:00:00 PM,Sell short,Exit on session close,$384.84,($12522.40),$5.16,$0.00,$0.00,$0.00,$0.00,$445.00,$555.00,$170.16,4,
266,NQ 06-26,Backtest,VariableTrend,Long,1,10145.00,10272.50,6/4/2019 4:20:00 PM,6/4/2019 11:00:00 PM,Buy,Exit on session close,$2544.84,($9977.56),$5.16,$0.00,$0.00,$0.00,$0.00,$630.00,$2555.00,$10.16,7,
267,NQ 06-26,Backtest,VariableTrend,Short,1,10274.25,10292.00,6/5/2019 5:30:00 PM,6/5/2019 6:40:00 PM,Sell short,Close position,($360.16),($10337.72),$5.16,$0.00,$0.00,$0.00,$0.00,$380.00,$755.00,$1115.16,2,
268,NQ 06-26,Backtest,VariableTrend,Long,1,10292.00,10316.50,6/5/2019 6:40:00 PM,6/5/2019 11:00:00 PM,Buy,Exit on session close,$484.84,($9852.88),$5.16,$0.00,$0.00,$0.00,$0.00,$430.00,$585.00,$100.16,5,
269,NQ 06-26,Backtest,VariableTrend,Short,1,10620.00,10604.75,6/11/2019 6:40:00 PM,6/11/2019 11:00:00 PM,Sell short,Exit on session close,$299.84,($9553.04),$5.16,$0.00,$0.00,$0.00,$0.00,$120.00,$820.00,$520.16,5,
270,NQ 06-26,Backtest,VariableTrend,Long,1,10585.50,10598.00,6/13/2019 11:40:00 AM,6/13/2019 11:00:00 PM,Buy,Exit on session close,$244.84,($9308.20),$5.16,$0.00,$0.00,$0.00,$0.00,$185.00,$750.00,$505.16,11,
271,NQ 06-26,Backtest,VariableTrend,Short,1,10586.75,10594.00,6/14/2019 2:20:00 AM,6/14/2019 4:40:00 AM,Sell short,Close position,($150.16),($9458.36),$5.16,$0.00,$0.00,$0.00,$0.00,$235.00,$275.00,$425.16,3,
272,NQ 06-26,Backtest,VariableTrend,Long,1,10594.00,10579.75,6/14/2019 4:40:00 AM,6/14/2019 10:30:00 AM,Buy,Close position,($290.16),($9748.52),$5.16,$0.00,$0.00,$0.00,$0.00,$555.00,$275.00,$565.16,6,
273,NQ 06-26,Backtest,VariableTrend,Short,1,10579.75,10571.50,6/14/2019 10:30:00 AM,6/14/2019 11:00:00 PM,Sell short,Exit on session close,$159.84,($9588.68),$5.16,$0.00,$0.00,$0.00,$0.00,$235.00,$830.00,$670.16,12,
274,NQ 06-26,Backtest,VariableTrend,Long,1,10577.75,10578.25,6/17/2019 2:20:00 AM,6/17/2019 10:30:00 AM,Buy,Close position,$4.84,($9583.84),$5.16,$0.00,$0.00,$0.00,$0.00,$60.00,$485.00,$480.16,8,
275,NQ 06-26,Backtest,VariableTrend,Short,1,10578.25,10588.75,6/17/2019 10:30:00 AM,6/17/2019 3:10:00 PM,Sell short,Close position,($215.16),($9799.00),$5.16,$0.00,$0.00,$0.00,$0.00,$265.00,$170.00,$385.16,5,
276,NQ 06-26,Backtest,VariableTrend,Long,1,10588.75,10584.25,6/17/2019 3:10:00 PM,6/17/2019 4:20:00 PM,Buy,Close position,($95.16),($9894.16),$5.16,$0.00,$0.00,$0.00,$0.00,$280.00,$65.00,$160.16,2,
277,NQ 06-26,Backtest,VariableTrend,Short,1,10584.25,10634.25,6/17/2019 4:20:00 PM,6/17/2019 4:20:00 PM,Sell short,Stop loss,($1005.16),($10899.32),$5.16,$0.00,$0.00,$0.00,$0.00,$1000.00,$0.00,$1005.16,1,
278,NQ 06-26,Backtest,VariableTrend,Long,1,10617.25,10629.50,6/17/2019 5:30:00 PM,6/17/2019 11:00:00 PM,Buy,Exit on session close,$239.84,($10659.48),$5.16,$0.00,$0.00,$0.00,$0.00,$190.00,$415.00,$175.16,6,
279,NQ 06-26,Backtest,VariableTrend,Short,1,10612.25,10662.25,6/18/2019 10:30:00 AM,6/18/2019 10:30:00 AM,Sell short,Stop loss,($1005.16),($11664.64),$5.16,$0.00,$0.00,$0.00,$0.00,$1000.00,$0.00,$1005.16,1,
280,NQ 06-26,Backtest,VariableTrend,Long,1,10661.25,10733.00,6/18/2019 11:40:00 AM,6/18/2019 11:00:00 PM,Buy,Exit on session close,$1429.84,($10234.80),$5.16,$0.00,$0.00,$0.00,$0.00,$155.00,$2420.00,$990.16,11,
281,NQ 06-26,Backtest,VariableTrend,Short,1,10712.75,10723.75,6/19/2019 5:30:00 PM,6/19/2019 6:40:00 PM,Sell short,Close position,($225.16),($10459.96),$5.16,$0.00,$0.00,$0.00,$0.00,$230.00,$145.00,$370.16,2,
282,NQ 06-26,Backtest,VariableTrend,Long,1,10723.75,10717.25,6/19/2019 6:40:00 PM,6/19/2019 7:50:00 PM,Buy,Close position,($135.16),($10595.12),$5.16,$0.00,$0.00,$0.00,$0.00,$225.00,$30.00,$165.16,2,
283,NQ 06-26,Backtest,VariableTrend,Short,1,10717.25,10767.25,6/19/2019 7:50:00 PM,6/19/2019 9:00:00 PM,Sell short,Stop loss,($1005.16),($11600.28),$5.16,$0.00,$0.00,$0.00,$0.00,$1000.00,$285.00,$1290.16,2,
284,NQ 06-26,Backtest,VariableTrend,Long,1,10733.75,10757.00,6/19/2019 10:10:00 PM,6/19/2019 11:00:00 PM,Buy,Exit on session close,$459.84,($11140.44),$5.16,$0.00,$0.00,$0.00,$0.00,$50.00,$765.00,$305.16,2,
285,NQ 06-26,Backtest,VariableTrend,Short,1,10805.75,10824.75,6/20/2019 6:40:00 PM,6/20/2019 11:00:00 PM,Sell short,Exit on session close,($385.16),($11525.60),$5.16,$0.00,$0.00,$0.00,$0.00,$645.00,$775.00,$1160.16,5,
286,NQ 06-26,Backtest,VariableTrend,Long,1,10825.75,10817.25,6/21/2019 3:30:00 AM,6/21/2019 4:40:00 AM,Buy,Close position,($175.16),($11700.76),$5.16,$0.00,$0.00,$0.00,$0.00,$225.00,$65.00,$240.16,2,
287,NQ 06-26,Backtest,VariableTrend,Short,1,10817.25,10818.00,6/21/2019 4:40:00 AM,6/21/2019 5:30:00 PM,Sell short,Close position,($20.16),($11720.92),$5.16,$0.00,$0.00,$0.00,$0.00,$230.00,$615.00,$635.16,12,
288,NQ 06-26,Backtest,VariableTrend,Long,1,10818.00,10820.00,6/21/2019 5:30:00 PM,6/21/2019 7:50:00 PM,Buy,Close position,$34.84,($11686.08),$5.16,$0.00,$0.00,$0.00,$0.00,$125.00,$920.00,$885.16,3,
289,NQ 06-26,Backtest,VariableTrend,Short,1,10820.00,10825.00,6/21/2019 7:50:00 PM,6/21/2019 9:00:00 PM,Sell short,Close position,($105.16),($11791.24),$5.16,$0.00,$0.00,$0.00,$0.00,$240.00,$85.00,$190.16,2,
290,NQ 06-26,Backtest,VariableTrend,Long,1,10825.00,10807.25,6/21/2019 9:00:00 PM,6/21/2019 11:00:00 PM,Buy,Exit on session close,($360.16),($12151.40),$5.16,$0.00,$0.00,$0.00,$0.00,$370.00,$280.00,$640.16,3,
291,NQ 06-26,Backtest,VariableTrend,Long,1,10828.50,10828.50,6/24/2019 2:20:00 AM,6/24/2019 7:50:00 PM,Buy,Close position,($5.16),($12156.56),$5.16,$0.00,$0.00,$0.00,$0.00,$370.00,$525.00,$530.16,16,
292,NQ 06-26,Backtest,VariableTrend,Short,1,10828.50,10818.00,6/24/2019 7:50:00 PM,6/24/2019 11:00:00 PM,Sell short,Exit on session close,$204.84,($11951.72),$5.16,$0.00,$0.00,$0.00,$0.00,$75.00,$375.00,$170.16,4,
293,NQ 06-26,Backtest,VariableTrend,Long,1,10826.25,10813.00,6/25/2019 3:30:00 AM,6/25/2019 5:50:00 AM,Buy,Close position,($270.16),($12221.88),$5.16,$0.00,$0.00,$0.00,$0.00,$315.00,$275.00,$545.16,3,
294,NQ 06-26,Backtest,VariableTrend,Short,1,10813.00,10813.25,6/25/2019 5:50:00 AM,6/25/2019 4:20:00 PM,Sell short,Close position,($10.16),($12232.04),$5.16,$0.00,$0.00,$0.00,$0.00,$50.00,$765.00,$775.16,10,
295,NQ 06-26,Backtest,VariableTrend,Long,1,10813.25,10771.00,6/25/2019 4:20:00 PM,6/25/2019 5:30:00 PM,Buy,Close position,($850.16),($13082.20),$5.16,$0.00,$0.00,$0.00,$0.00,$905.00,$80.00,$930.16,2,
296,NQ 06-26,Backtest,VariableTrend,Short,1,10771.00,10695.50,6/25/2019 5:30:00 PM,6/25/2019 11:00:00 PM,Sell short,Exit on session close,$1504.84,($11577.36),$5.16,$0.00,$0.00,$0.00,$0.00,$135.00,$2020.00,$515.16,6,
297,NQ 06-26,Backtest,VariableTrend,Long,1,10745.75,10722.25,6/26/2019 12:50:00 PM,6/26/2019 4:20:00 PM,Buy,Close position,($475.16),($12052.52),$5.16,$0.00,$0.00,$0.00,$0.00,$820.00,$255.00,$730.16,4,
298,NQ 06-26,Backtest,VariableTrend,Short,1,10722.25,10772.25,6/26/2019 4:20:00 PM,6/26/2019 4:20:00 PM,Sell short,Stop loss,($1005.16),($13057.68),$5.16,$0.00,$0.00,$0.00,$0.00,$1000.00,$0.00,$1005.16,1,
299,NQ 06-26,Backtest,VariableTrend,Long,1,10744.50,10715.00,6/26/2019 5:30:00 PM,6/26/2019 9:00:00 PM,Buy,Close position,($595.16),($13652.84),$5.16,$0.00,$0.00,$0.00,$0.00,$720.00,$315.00,$910.16,4,
300,NQ 06-26,Backtest,VariableTrend,Short,1,10715.00,10703.75,6/26/2019 9:00:00 PM,6/26/2019 11:00:00 PM,Sell short,Exit on session close,$219.84,($13433.00),$5.16,$0.00,$0.00,$0.00,$0.00,$275.00,$265.00,$45.16,3,
301,NQ 06-26,Backtest,VariableTrend,Long,1,10743.00,10730.75,6/27/2019 5:50:00 AM,6/27/2019 2:00:00 PM,Buy,Close position,($250.16),($13683.16),$5.16,$0.00,$0.00,$0.00,$0.00,$635.00,$680.00,$930.16,8,
302,NQ 06-26,Backtest,VariableTrend,Short,1,10730.75,10747.50,6/27/2019 2:00:00 PM,6/27/2019 4:20:00 PM,Sell short,Close position,($340.16),($14023.32),$5.16,$0.00,$0.00,$0.00,$0.00,$430.00,$260.00,$600.16,3,
303,NQ 06-26,Backtest,VariableTrend,Long,1,10747.50,10730.75,6/27/2019 4:20:00 PM,6/27/2019 6:40:00 PM,Buy,Close position,($340.16),($14363.48),$5.16,$0.00,$0.00,$0.00,$0.00,$420.00,$295.00,$635.16,3,
304,NQ 06-26,Backtest,VariableTrend,Short,1,10730.75,10755.00,6/27/2019 6:40:00 PM,6/27/2019 7:50:00 PM,Sell short,Close position,($490.16),($14853.64),$5.16,$0.00,$0.00,$0.00,$0.00,$490.00,$145.00,$635.16,2,
305,NQ 06-26,Backtest,VariableTrend,Long,1,10755.00,10746.75,6/27/2019 7:50:00 PM,6/27/2019 11:00:00 PM,Buy,Exit on session close,($170.16),($15023.80),$5.16,$0.00,$0.00,$0.00,$0.00,$255.00,$130.00,$300.16,4,
306,NQ 06-26,Backtest,VariableTrend,Short,1,10738.50,10743.25,6/28/2019 5:50:00 AM,6/28/2019 7:00:00 AM,Sell short,Close position,($100.16),($15123.96),$5.16,$0.00,$0.00,$0.00,$0.00,$115.00,$115.00,$215.16,2,
307,NQ 06-26,Backtest,VariableTrend,Long,1,10743.25,10740.00,6/28/2019 7:00:00 AM,6/28/2019 8:10:00 AM,Buy,Close position,($70.16),($15194.12),$5.16,$0.00,$0.00,$0.00,$0.00,$80.00,$65.00,$135.16,2,
308,NQ 06-26,Backtest,VariableTrend,Short,1,10740.00,10757.00,6/28/2019 8:10:00 AM,6/28/2019 10:30:00 AM,Sell short,Close position,($345.16),($15539.28),$5.16,$0.00,$0.00,$0.00,$0.00,$380.00,$105.00,$450.16,3,
309,NQ 06-26,Backtest,VariableTrend,Long,1,10757.00,10735.50,6/28/2019 10:30:00 AM,6/28/2019 5:30:00 PM,Buy,Close position,($435.16),($15974.44),$5.16,$0.00,$0.00,$0.00,$0.00,$650.00,$275.00,$710.16,7,
310,NQ 06-26,Backtest,VariableTrend,Short,1,10735.50,10762.25,6/28/2019 5:30:00 PM,6/28/2019 7:50:00 PM,Sell short,Close position,($540.16),($16514.60),$5.16,$0.00,$0.00,$0.00,$0.00,$665.00,$130.00,$670.16,3,
311,NQ 06-26,Backtest,VariableTrend,Long,1,10762.25,10742.75,6/28/2019 7:50:00 PM,6/28/2019 9:00:00 PM,Buy,Close position,($395.16),($16909.76),$5.16,$0.00,$0.00,$0.00,$0.00,$460.00,$110.00,$505.16,2,
312,NQ 06-26,Backtest,VariableTrend,Short,1,10742.75,10779.00,6/28/2019 9:00:00 PM,6/28/2019 11:00:00 PM,Sell short,Close position,($730.16),($17639.92),$5.16,$0.00,$0.00,$0.00,$0.00,$855.00,$260.00,$990.16,3,
313,NQ 06-26,Backtest,VariableTrend,Long,1,10779.00,10783.75,6/28/2019 11:00:00 PM,6/28/2019 11:00:00 PM,Buy,Exit on session close,$89.84,($17550.08),$5.16,$0.00,$0.00,$0.00,$0.00,$80.00,$150.00,$60.16,1,
314,NQ 06-26,Backtest,VariableTrend,Short,1,10856.00,10852.75,7/1/2019 6:40:00 PM,7/1/2019 11:00:00 PM,Sell short,Exit on session close,$59.84,($17490.24),$5.16,$0.00,$0.00,$0.00,$0.00,$320.00,$730.00,$670.16,5,
315,NQ 06-26,Backtest,VariableTrend,Long,1,10853.50,10846.00,7/2/2019 7:00:00 AM,7/2/2019 10:30:00 AM,Buy,Close position,($155.16),($17645.40),$5.16,$0.00,$0.00,$0.00,$0.00,$210.00,$125.00,$280.16,4,
316,NQ 06-26,Backtest,VariableTrend,Short,1,10846.00,10856.00,7/2/2019 10:30:00 AM,7/2/2019 6:40:00 PM,Sell short,Close position,($205.16),($17850.56),$5.16,$0.00,$0.00,$0.00,$0.00,$470.00,$450.00,$655.16,8,
317,NQ 06-26,Backtest,VariableTrend,Long,1,10856.00,10835.75,7/2/2019 6:40:00 PM,7/2/2019 7:50:00 PM,Buy,Close position,($410.16),($18260.72),$5.16,$0.00,$0.00,$0.00,$0.00,$525.00,$40.00,$450.16,2,
318,NQ 06-26,Backtest,VariableTrend,Short,1,10835.75,10856.00,7/2/2019 7:50:00 PM,7/2/2019 9:00:00 PM,Sell short,Close position,($410.16),($18670.88),$5.16,$0.00,$0.00,$0.00,$0.00,$415.00,$120.00,$530.16,2,
319,NQ 06-26,Backtest,VariableTrend,Long,1,10856.00,10900.75,7/2/2019 9:00:00 PM,7/2/2019 11:00:00 PM,Buy,Exit on session close,$889.84,($17781.04),$5.16,$0.00,$0.00,$0.00,$0.00,$115.00,$955.00,$65.16,3,
320,NQ 06-26,Backtest,VariableTrend,Short,1,10940.25,10923.25,7/5/2019 11:40:00 AM,7/5/2019 9:00:00 PM,Sell short,Close position,$334.84,($17446.20),$5.16,$0.00,$0.00,$0.00,$0.00,$100.00,$1650.00,$1315.16,9,
321,NQ 06-26,Backtest,VariableTrend,Long,1,10923.25,10915.50,7/5/2019 9:00:00 PM,7/5/2019 11:00:00 PM,Buy,Exit on session close,($160.16),($17606.36),$5.16,$0.00,$0.00,$0.00,$0.00,$245.00,$355.00,$515.16,3,
322,NQ 06-26,Backtest,VariableTrend,Long,1,10874.75,10907.25,7/9/2019 5:30:00 PM,7/9/2019 11:00:00 PM,Buy,Exit on session close,$644.84,($16961.52),$5.16,$0.00,$0.00,$0.00,$0.00,$150.00,$890.00,$245.16,6,
323,NQ 06-26,Backtest,VariableTrend,Short,1,10897.50,10947.50,7/10/2019 9:20:00 AM,7/10/2019 3:10:00 PM,Sell short,Stop loss,($1005.16),($17966.68),$5.16,$0.00,$0.00,$0.00,$0.00,$1000.00,$515.00,$1520.16,6,
324,NQ 06-26,Backtest,VariableTrend,Long,1,10960.50,10985.50,7/10/2019 4:20:00 PM,7/10/2019 11:00:00 PM,Buy,Exit on session close,$494.84,($17471.84),$5.16,$0.00,$0.00,$0.00,$0.00,$365.00,$990.00,$495.16,7,
325,NQ 06-26,Backtest,VariableTrend,Short,1,10970.00,10978.25,7/11/2019 9:00:00 PM,7/11/2019 11:00:00 PM,Sell short,Exit on session close,($170.16),($17642.00),$5.16,$0.00,$0.00,$0.00,$0.00,$325.00,$305.00,$475.16,3,
326,NQ 06-26,Backtest,VariableTrend,Long,1,10984.75,11019.00,7/12/2019 3:30:00 AM,7/12/2019 11:00:00 PM,Buy,Exit on session close,$679.84,($16962.16),$5.16,$0.00,$0.00,$0.00,$0.00,$115.00,$865.00,$185.16,18,
327,NQ 06-26,Backtest,VariableTrend,Short,1,11031.75,10997.75,7/16/2019 5:30:00 PM,7/16/2019 11:00:00 PM,Sell short,Exit on session close,$674.84,($16287.32),$5.16,$0.00,$0.00,$0.00,$0.00,$265.00,$945.00,$270.16,6,
328,NQ 06-26,Backtest,VariableTrend,Long,1,11014.75,11014.00,7/17/2019 10:30:00 AM,7/17/2019 3:10:00 PM,Buy,Close position,($20.16),($16307.48),$5.16,$0.00,$0.00,$0.00,$0.00,$185.00,$240.00,$260.16,5,
329,NQ 06-26,Backtest,VariableTrend,Short,1,11014.00,10930.75,7/17/2019 3:10:00 PM,7/17/2019 11:00:00 PM,Sell short,Exit on session close,$1659.84,($14647.64),$5.16,$0.00,$0.00,$0.00,$0.00,$180.00,$1710.00,$50.16,8,
330,NQ 06-26,Backtest,VariableTrend,Long,1,10933.00,10920.25,7/18/2019 3:10:00 PM,7/18/2019 6:40:00 PM,Buy,Close position,($260.16),($14907.80),$5.16,$0.00,$0.00,$0.00,$0.00,$370.00,$655.00,$915.16,4,
331,NQ 06-26,Backtest,VariableTrend,Short,1,10920.25,10970.25,7/18/2019 6:40:00 PM,7/18/2019 9:00:00 PM,Sell short,Stop loss,($1005.16),($15912.96),$5.16,$0.00,$0.00,$0.00,$0.00,$1000.00,$290.00,$1295.16,3,
332,NQ 06-26,Backtest,VariableTrend,Long,1,10982.00,11007.50,7/18/2019 10:10:00 PM,7/18/2019 11:00:00 PM,Buy,Exit on session close,$504.84,($15408.12),$5.16,$0.00,$0.00,$0.00,$0.00,$385.00,$665.00,$160.16,2,
333,NQ 06-26,Backtest,VariableTrend,Short,1,10991.75,10880.50,7/19/2019 6:40:00 PM,7/19/2019 11:00:00 PM,Sell short,Exit on session close,$2219.84,($13188.28),$5.16,$0.00,$0.00,$0.00,$0.00,$120.00,$2320.00,$100.16,5,
334,NQ 06-26,Backtest,VariableTrend,Long,1,10934.00,10986.75,7/22/2019 12:50:00 PM,7/22/2019 11:00:00 PM,Buy,Exit on session close,$1049.84,($12138.44),$5.16,$0.00,$0.00,$0.00,$0.00,$210.00,$1260.00,$210.16,10,
335,NQ 06-26,Backtest,VariableTrend,Short,1,10979.50,10997.00,7/23/2019 5:30:00 PM,7/23/2019 6:40:00 PM,Sell short,Close position,($355.16),($12493.60),$5.16,$0.00,$0.00,$0.00,$0.00,$525.00,$105.00,$460.16,2,
336,NQ 06-26,Backtest,VariableTrend,Long,1,10997.00,10985.25,7/23/2019 6:40:00 PM,7/23/2019 7:50:00 PM,Buy,Close position,($240.16),($12733.76),$5.16,$0.00,$0.00,$0.00,$0.00,$570.00,$30.00,$270.16,2,
337,NQ 06-26,Backtest,VariableTrend,Short,1,10985.25,11009.75,7/23/2019 7:50:00 PM,7/23/2019 9:00:00 PM,Sell short,Close position,($495.16),($13228.92),$5.16,$0.00,$0.00,$0.00,$0.00,$690.00,$40.00,$535.16,2,
338,NQ 06-26,Backtest,VariableTrend,Long,1,11009.75,11002.00,7/23/2019 9:00:00 PM,7/23/2019 11:00:00 PM,Buy,Exit on session close,($160.16),($13389.08),$5.16,$0.00,$0.00,$0.00,$0.00,$350.00,$730.00,$890.16,3,
339,NQ 06-26,Backtest,VariableTrend,Short,1,11002.00,11006.00,7/24/2019 11:40:00 AM,7/24/2019 2:00:00 PM,Sell short,Close position,($85.16),($13474.24),$5.16,$0.00,$0.00,$0.00,$0.00,$115.00,$325.00,$410.16,3,
340,NQ 06-26,Backtest,VariableTrend,Long,1,11006.00,11062.50,7/24/2019 2:00:00 PM,7/24/2019 11:00:00 PM,Buy,Exit on session close,$1124.84,($12349.40),$5.16,$0.00,$0.00,$0.00,$0.00,$135.00,$2125.00,$1000.16,9,
341,NQ 06-26,Backtest,VariableTrend,Short,1,11022.50,11046.25,7/25/2019 5:30:00 PM,7/25/2019 11:00:00 PM,Sell short,Close position,($480.16),($12829.56),$5.16,$0.00,$0.00,$0.00,$0.00,$615.00,$895.00,$1375.16,6,
342,NQ 06-26,Backtest,VariableTrend,Long,1,11046.25,11042.50,7/25/2019 11:00:00 PM,7/25/2019 11:00:00 PM,Buy,Exit on session close,($80.16),($12909.72),$5.16,$0.00,$0.00,$0.00,$0.00,$175.00,$110.00,$190.16,1,
343,NQ 06-26,Backtest,VariableTrend,Short,1,11064.00,11071.50,7/29/2019 5:50:00 AM,7/29/2019 10:30:00 AM,Sell short,Close position,($155.16),($13064.88),$5.16,$0.00,$0.00,$0.00,$0.00,$240.00,$5.00,$160.16,5,
344,NQ 06-26,Backtest,VariableTrend,Long,1,11071.50,11021.50,7/29/2019 10:30:00 AM,7/29/2019 4:20:00 PM,Buy,Stop loss,($1005.16),($14070.04),$5.16,$0.00,$0.00,$0.00,$0.00,$1000.00,$415.00,$1420.16,6,
345,NQ 06-26,Backtest,VariableTrend,Short,1,11023.75,11065.50,7/29/2019 5:30:00 PM,7/29/2019 11:00:00 PM,Sell short,Exit on session close,($840.16),($14910.20),$5.16,$0.00,$0.00,$0.00,$0.00,$915.00,$55.00,$895.16,6,
346,NQ 06-26,Backtest,VariableTrend,Long,1,11072.00,11054.25,7/30/2019 2:20:00 AM,7/30/2019 10:30:00 AM,Buy,Close position,($360.16),($15270.36),$5.16,$0.00,$0.00,$0.00,$0.00,$370.00,$170.00,$530.16,8,
347,NQ 06-26,Backtest,VariableTrend,Short,1,11054.25,11037.50,7/30/2019 10:30:00 AM,7/30/2019 10:10:00 PM,Sell short,Close position,$329.84,($14940.52),$5.16,$0.00,$0.00,$0.00,$0.00,$80.00,$1310.00,$980.16,11,
348,NQ 06-26,Backtest,VariableTrend,Long,1,11037.50,11026.00,7/30/2019 10:10:00 PM,7/30/2019 11:00:00 PM,Buy,Close position,($235.16),($15175.68),$5.16,$0.00,$0.00,$0.00,$0.00,$430.00,$90.00,$325.16,2,
349,NQ 06-26,Backtest,VariableTrend,Short,1,11026.00,11049.50,7/30/2019 11:00:00 PM,7/30/2019 11:00:00 PM,Sell short,Exit on session close,($475.16),($15650.84),$5.16,$0.00,$0.00,$0.00,$0.00,$510.00,$310.00,$785.16,1,
350,NQ 06-26,Backtest,VariableTrend,Short,1,11044.50,10900.50,7/31/2019 5:30:00 PM,7/31/2019 11:00:00 PM,Sell short,Exit on session close,$2874.84,($12776.00),$5.16,$0.00,$0.00,$0.00,$0.00,$140.00,$4035.00,$1160.16,6,
351,NQ 06-26,Backtest,VariableTrend,Long,1,10944.00,10938.75,8/1/2019 12:50:00 PM,8/1/2019 3:10:00 PM,Buy,Close position,($110.16),($12886.16),$5.16,$0.00,$0.00,$0.00,$0.00,$190.00,$235.00,$345.16,3,
352,NQ 06-26,Backtest,VariableTrend,Short,1,10938.75,10988.75,8/1/2019 3:10:00 PM,8/1/2019 4:20:00 PM,Sell short,Stop loss,($1005.16),($13891.32),$5.16,$0.00,$0.00,$0.00,$0.00,$1000.00,$260.00,$1265.16,2,
353,NQ 06-26,Backtest,VariableTrend,Long,1,11013.50,10963.50,8/1/2019 5:30:00 PM,8/1/2019 7:50:00 PM,Buy,Stop loss,($1005.16),($14896.48),$5.16,$0.00,$0.00,$0.00,$0.00,$1000.00,$1230.00,$2235.16,3,
354,NQ 06-26,Backtest,VariableTrend,Short,1,10939.00,10851.50,8/1/2019 9:00:00 PM,8/1/2019 11:00:00 PM,Sell short,Exit on session close,$1744.84,($13151.64),$5.16,$0.00,$0.00,$0.00,$0.00,$130.00,$2035.00,$290.16,3,
355,NQ 06-26,Backtest,VariableTrend,Long,1,10459.75,10578.25,8/6/2019 8:10:00 AM,8/6/2019 11:00:00 PM,Buy,Exit on session close,$2364.84,($10786.80),$5.16,$0.00,$0.00,$0.00,$0.00,$0.00,$2995.00,$630.16,14,
356,NQ 06-26,Backtest,VariableTrend,Short,1,10521.00,10550.25,8/7/2019 5:50:00 AM,8/7/2019 9:20:00 AM,Sell short,Close position,($590.16),($11376.96),$5.16,$0.00,$0.00,$0.00,$0.00,$735.00,$190.00,$780.16,4,
357,NQ 06-26,Backtest,VariableTrend,Long,1,10550.25,10500.25,8/7/2019 9:20:00 AM,8/7/2019 3:10:00 PM,Buy,Stop loss,($1005.16),($12382.12),$5.16,$0.00,$0.00,$0.00,$0.00,$1000.00,$1585.00,$2590.16,6,
358,NQ 06-26,Backtest,VariableTrend,Short,1,10490.50,10540.50,8/7/2019 4:20:00 PM,8/7/2019 4:20:00 PM,Sell short,Stop loss,($1005.16),($13387.28),$5.16,$0.00,$0.00,$0.00,$0.00,$1000.00,$0.00,$1005.16,1,
359,NQ 06-26,Backtest,VariableTrend,Long,1,10553.50,10539.00,8/7/2019 6:40:00 PM,8/7/2019 7:50:00 PM,Buy,Close position,($295.16),($13682.44),$5.16,$0.00,$0.00,$0.00,$0.00,$900.00,$135.00,$430.16,2,
360,NQ 06-26,Backtest,VariableTrend,Short,1,10539.00,10589.00,8/7/2019 7:50:00 PM,8/7/2019 7:50:00 PM,Sell short,Stop loss,($1005.16),($14687.60),$5.16,$0.00,$0.00,$0.00,$0.00,$1000.00,$0.00,$1005.16,1,
361,NQ 06-26,Backtest,VariableTrend,Long,1,10603.25,10611.00,8/7/2019 9:00:00 PM,8/7/2019 11:00:00 PM,Buy,Exit on session close,$149.84,($14537.76),$5.16,$0.00,$0.00,$0.00,$0.00,$650.00,$695.00,$545.16,3,
362,NQ 06-26,Backtest,VariableTrend,Short,1,10727.50,10750.00,8/9/2019 3:10:00 PM,8/9/2019 4:20:00 PM,Sell short,Close position,($455.16),($14992.92),$5.16,$0.00,$0.00,$0.00,$0.00,$520.00,$50.00,$505.16,2,
363,NQ 06-26,Backtest,VariableTrend,Long,1,10750.00,10714.25,8/9/2019 4:20:00 PM,8/9/2019 5:30:00 PM,Buy,Close position,($720.16),($15713.08),$5.16,$0.00,$0.00,$0.00,$0.00,$865.00,$610.00,$1330.16,2,
364,NQ 06-26,Backtest,VariableTrend,Short,1,10714.25,10744.25,8/9/2019 5:30:00 PM,8/9/2019 9:00:00 PM,Sell short,Close position,($605.16),($16318.24),$5.16,$0.00,$0.00,$0.00,$0.00,$780.00,$1140.00,$1745.16,4,
365,NQ 06-26,Backtest,VariableTrend,Long,1,10744.25,10717.00,8/9/2019 9:00:00 PM,8/9/2019 11:00:00 PM,Buy,Close position,($550.16),($16868.40),$5.16,$0.00,$0.00,$0.00,$0.00,$665.00,$250.00,$800.16,3,
366,NQ 06-26,Backtest,VariableTrend,Short,1,10717.00,10729.75,8/9/2019 11:00:00 PM,8/9/2019 11:00:00 PM,Sell short,Exit on session close,($260.16),($17128.56),$5.16,$0.00,$0.00,$0.00,$0.00,$345.00,$5.00,$265.16,1,
367,NQ 06-26,Backtest,VariableTrend,Short,1,10707.75,10735.50,8/12/2019 3:30:00 AM,8/12/2019 4:40:00 AM,Sell short,Close position,($560.16),($17688.72),$5.16,$0.00,$0.00,$0.00,$0.00,$605.00,$30.00,$590.16,2,
368,NQ 06-26,Backtest,VariableTrend,Long,1,10735.50,10712.75,8/12/2019 4:40:00 AM,8/12/2019 11:40:00 AM,Buy,Close position,($460.16),($18148.88),$5.16,$0.00,$0.00,$0.00,$0.00,$610.00,$700.00,$1160.16,7,
369,NQ 06-26,Backtest,VariableTrend,Short,1,10712.75,10631.75,8/12/2019 11:40:00 AM,8/12/2019 11:00:00 PM,Sell short,Exit on session close,$1614.84,($16534.04),$5.16,$0.00,$0.00,$0.00,$0.00,$25.00,$2350.00,$735.16,11,
370,NQ 06-26,Backtest,VariableTrend,Long,1,10829.25,10779.25,8/13/2019 5:30:00 PM,8/13/2019 5:30:00 PM,Buy,Stop loss,($1005.16),($17539.20),$5.16,$0.00,$0.00,$0.00,$0.00,$1000.00,$0.00,$1005.16,1,
371,NQ 06-26,Backtest,VariableTrend,Short,1,10751.75,10539.00,8/14/2019 12:50:00 PM,8/14/2019 11:00:00 PM,Sell short,Exit on session close,$4249.84,($13289.36),$5.16,$0.00,$0.00,$0.00,$0.00,$105.00,$4285.00,$35.16,10,
372,NQ 06-26,Backtest,VariableTrend,Long,1,10602.25,10552.25,8/15/2019 11:40:00 AM,8/15/2019 11:40:00 AM,Buy,Stop loss,($1005.16),($14294.52),$5.16,$0.00,$0.00,$0.00,$0.00,$1000.00,$0.00,$1005.16,1,
373,NQ 06-26,Backtest,VariableTrend,Short,1,10541.25,10591.25,8/15/2019 12:50:00 PM,8/15/2019 2:00:00 PM,Sell short,Stop loss,($1005.16),($15299.68),$5.16,$0.00,$0.00,$0.00,$0.00,$1000.00,$1850.00,$2855.16,2,
374,NQ 06-26,Backtest,VariableTrend,Long,1,10588.00,10538.00,8/15/2019 3:10:00 PM,8/15/2019 4:20:00 PM,Buy,Stop loss,($1005.16),($16304.84),$5.16,$0.00,$0.00,$0.00,$0.00,$1000.00,$905.00,$1910.16,2,
375,NQ 06-26,Backtest,VariableTrend,Short,1,10569.50,10570.00,8/15/2019 5:30:00 PM,8/15/2019 11:00:00 PM,Sell short,Exit on session close,($15.16),($16320.00),$5.16,$0.00,$0.00,$0.00,$0.00,$340.00,$1470.00,$1485.16,6,
376,NQ 06-26,Backtest,VariableTrend,Long,1,10581.00,10577.00,8/16/2019 2:20:00 AM,8/16/2019 3:30:00 AM,Buy,Close position,($85.16),($16405.16),$5.16,$0.00,$0.00,$0.00,$0.00,$360.00,$70.00,$155.16,2,
377,NQ 06-26,Backtest,VariableTrend,Short,1,10577.00,10599.75,8/16/2019 3:30:00 AM,8/16/2019 4:40:00 AM,Sell short,Close position,($460.16),($16865.32),$5.16,$0.00,$0.00,$0.00,$0.00,$605.00,$160.00,$620.16,2,
378,NQ 06-26,Backtest,VariableTrend,Long,1,10599.75,10671.00,8/16/2019 4:40:00 AM,8/16/2019 11:00:00 PM,Buy,Exit on session close,$1419.84,($15445.48),$5.16,$0.00,$0.00,$0.00,$0.00,$200.00,$1865.00,$445.16,17,
379,NQ 06-26,Backtest,VariableTrend,Short,1,10761.50,10719.00,8/20/2019 9:00:00 PM,8/20/2019 11:00:00 PM,Sell short,Exit on session close,$844.84,($14600.64),$5.16,$0.00,$0.00,$0.00,$0.00,$195.00,$910.00,$65.16,3,
380,NQ 06-26,Backtest,VariableTrend,Long,1,10754.25,10788.25,8/21/2019 5:50:00 AM,8/21/2019 10:10:00 PM,Buy,Close position,$674.84,($13925.80),$5.16,$0.00,$0.00,$0.00,$0.00,$90.00,$1440.00,$765.16,15,
381,NQ 06-26,Backtest,VariableTrend,Short,1,10788.25,10808.25,8/21/2019 10:10:00 PM,8/21/2019 11:00:00 PM,Sell short,Close position,($405.16),($14330.96),$5.16,$0.00,$0.00,$0.00,$0.00,$445.00,$115.00,$520.16,2,
382,NQ 06-26,Backtest,VariableTrend,Long,1,10808.25,10818.50,8/21/2019 11:00:00 PM,8/21/2019 11:00:00 PM,Buy,Exit on session close,$199.84,($14131.12),$5.16,$0.00,$0.00,$0.00,$0.00,$50.00,$225.00,$25.16,1,
383,NQ 06-26,Backtest,VariableTrend,Short,1,10798.50,10802.75,8/22/2019 5:50:00 AM,8/22/2019 8:10:00 AM,Sell short,Close position,($90.16),($14221.28),$5.16,$0.00,$0.00,$0.00,$0.00,$100.00,$140.00,$230.16,3,
384,NQ 06-26,Backtest,VariableTrend,Long,1,10802.75,10795.00,8/22/2019 8:10:00 AM,8/22/2019 9:20:00 AM,Buy,Close position,($160.16),($14381.44),$5.16,$0.00,$0.00,$0.00,$0.00,$325.00,$25.00,$185.16,2,
385,NQ 06-26,Backtest,VariableTrend,Short,1,10795.00,10819.75,8/22/2019 9:20:00 AM,8/22/2019 10:30:00 AM,Sell short,Close position,($500.16),($14881.60),$5.16,$0.00,$0.00,$0.00,$0.00,$495.00,$185.00,$685.16,2,
386,NQ 06-26,Backtest,VariableTrend,Long,1,10819.75,10794.00,8/22/2019 10:30:00 AM,8/22/2019 11:40:00 AM,Buy,Close position,($520.16),($15401.76),$5.16,$0.00,$0.00,$0.00,$0.00,$530.00,$95.00,$615.16,2,
387,NQ 06-26,Backtest,VariableTrend,Short,1,10794.00,10819.00,8/22/2019 11:40:00 AM,8/22/2019 3:10:00 PM,Sell short,Close position,($505.16),($15906.92),$5.16,$0.00,$0.00,$0.00,$0.00,$565.00,$530.00,$1035.16,4,
388,NQ 06-26,Backtest,VariableTrend,Long,1,10819.00,10791.75,8/22/2019 3:10:00 PM,8/22/2019 5:30:00 PM,Buy,Close position,($550.16),($16457.08),$5.16,$0.00,$0.00,$0.00,$0.00,$555.00,$300.00,$850.16,3,
389,NQ 06-26,Backtest,VariableTrend,Short,1,10791.75,10793.25,8/22/2019 5:30:00 PM,8/22/2019 10:10:00 PM,Sell short,Close position,($35.16),($16492.24),$5.16,$0.00,$0.00,$0.00,$0.00,$95.00,$1545.00,$1580.16,5,
390,NQ 06-26,Backtest,VariableTrend,Long,1,10793.25,10769.00,8/22/2019 10:10:00 PM,8/22/2019 11:00:00 PM,Buy,Close position,($490.16),($16982.40),$5.16,$0.00,$0.00,$0.00,$0.00,$495.00,$215.00,$705.16,2,
391,NQ 06-26,Backtest,VariableTrend,Short,1,10769.00,10766.25,8/22/2019 11:00:00 PM,8/22/2019 11:00:00 PM,Sell short,Exit on session close,$49.84,($16932.56),$5.16,$0.00,$0.00,$0.00,$0.00,$110.00,$90.00,$40.16,1,
392,NQ 06-26,Backtest,VariableTrend,Long,1,10797.00,10794.25,8/23/2019 4:40:00 AM,8/23/2019 2:00:00 PM,Buy,Close position,($60.16),($16992.72),$5.16,$0.00,$0.00,$0.00,$0.00,$235.00,$510.00,$570.16,9,
393,NQ 06-26,Backtest,VariableTrend,Short,1,10794.25,10550.50,8/23/2019 2:00:00 PM,8/23/2019 11:00:00 PM,Sell short,Exit on session close,$4869.84,($12122.88),$5.16,$0.00,$0.00,$0.00,$0.00,$310.00,$5720.00,$850.16,9,
394,NQ 06-26,Backtest,VariableTrend,Long,1,10620.75,10579.75,8/26/2019 10:30:00 AM,8/26/2019 5:30:00 PM,Buy,Close position,($825.16),($12948.04),$5.16,$0.00,$0.00,$0.00,$0.00,$995.00,$1315.00,$2140.16,7,
395,NQ 06-26,Backtest,VariableTrend,Short,1,10579.75,10615.00,8/26/2019 5:30:00 PM,8/26/2019 6:40:00 PM,Sell short,Close position,($710.16),($13658.20),$5.16,$0.00,$0.00,$0.00,$0.00,$990.00,$110.00,$820.16,2,
396,NQ 06-26,Backtest,VariableTrend,Long,1,10615.00,10648.50,8/26/2019 6:40:00 PM,8/26/2019 11:00:00 PM,Buy,Exit on session close,$664.84,($12993.36),$5.16,$0.00,$0.00,$0.00,$0.00,$350.00,$905.00,$240.16,5,
397,NQ 06-26,Backtest,VariableTrend,Short,1,10608.75,10627.00,8/27/2019 10:30:00 AM,8/27/2019 11:40:00 AM,Sell short,Close position,($370.16),($13363.52),$5.16,$0.00,$0.00,$0.00,$0.00,$640.00,$5.00,$375.16,2,
398,NQ 06-26,Backtest,VariableTrend,Long,1,10627.00,10611.50,8/27/2019 11:40:00 AM,8/27/2019 7:50:00 PM,Buy,Close position,($315.16),($13678.68),$5.16,$0.00,$0.00,$0.00,$0.00,$310.00,$1640.00,$1955.16,8,
399,NQ 06-26,Backtest,VariableTrend,Short,1,10611.50,10640.25,8/27/2019 7:50:00 PM,8/27/2019 9:00:00 PM,Sell short,Close position,($580.16),($14258.84),$5.16,$0.00,$0.00,$0.00,$0.00,$730.00,$280.00,$860.16,2,
400,NQ 06-26,Backtest,VariableTrend,Long,1,10640.25,10624.25,8/27/2019 9:00:00 PM,8/27/2019 11:00:00 PM,Buy,Close position,($325.16),($14584.00),$5.16,$0.00,$0.00,$0.00,$0.00,$480.00,$555.00,$880.16,3,
401,NQ 06-26,Backtest,VariableTrend,Short,1,10624.25,10626.50,8/27/2019 11:00:00 PM,8/27/2019 11:00:00 PM,Sell short,Exit on session close,($50.16),($14634.16),$5.16,$0.00,$0.00,$0.00,$0.00,$90.00,$240.00,$290.16,1,
402,NQ 06-26,Backtest,VariableTrend,Long,1,10643.00,10628.50,8/28/2019 2:20:00 AM,8/28/2019 10:30:00 AM,Buy,Close position,($295.16),($14929.32),$5.16,$0.00,$0.00,$0.00,$0.00,$465.00,$360.00,$655.16,8,
403,NQ 06-26,Backtest,VariableTrend,Short,1,10628.50,10648.75,8/28/2019 10:30:00 AM,8/28/2019 11:40:00 AM,Sell short,Close position,($410.16),($15339.48),$5.16,$0.00,$0.00,$0.00,$0.00,$500.00,$55.00,$465.16,2,
404,NQ 06-26,Backtest,VariableTrend,Long,1,10648.75,10628.00,8/28/2019 11:40:00 AM,8/28/2019 12:50:00 PM,Buy,Close position,($420.16),($15759.64),$5.16,$0.00,$0.00,$0.00,$0.00,$755.00,$155.00,$575.16,2,
405,NQ 06-26,Backtest,VariableTrend,Short,1,10628.00,10648.25,8/28/2019 12:50:00 PM,8/28/2019 6:40:00 PM,Sell short,Close position,($410.16),($16169.80),$5.16,$0.00,$0.00,$0.00,$0.00,$445.00,$1265.00,$1675.16,6,
406,NQ 06-26,Backtest,VariableTrend,Long,1,10648.25,10642.25,8/28/2019 6:40:00 PM,8/28/2019 11:00:00 PM,Buy,Exit on session close,($125.16),($16294.96),$5.16,$0.00,$0.00,$0.00,$0.00,$435.00,$360.00,$485.16,5,
407,NQ 06-26,Backtest,VariableTrend,Short,1,10622.75,10636.50,8/29/2019 4:40:00 AM,8/29/2019 9:20:00 AM,Sell short,Close position,($280.16),($16575.12),$5.16,$0.00,$0.00,$0.00,$0.00,$510.00,$275.00,$555.16,5,
408,NQ 06-26,Backtest,VariableTrend,Long,1,10636.50,10767.00,8/29/2019 9:20:00 AM,8/29/2019 11:00:00 PM,Buy,Exit on session close,$2604.84,($13970.28),$5.16,$0.00,$0.00,$0.00,$0.00,$245.00,$3085.00,$480.16,13,
409,NQ 06-26,Backtest,VariableTrend,Short,1,10774.25,10736.00,8/30/2019 5:30:00 PM,8/30/2019 11:00:00 PM,Sell short,Exit on session close,$759.84,($13210.44),$5.16,$0.00,$0.00,$0.00,$0.00,$135.00,$1355.00,$595.16,6,
410,NQ 06-26,Backtest,VariableTrend,Long,1,10731.75,10724.00,9/2/2019 11:40:00 AM,9/2/2019 12:50:00 PM,Buy,Close position,($160.16),($13370.60),$5.16,$0.00,$0.00,$0.00,$0.00,$250.00,$30.00,$190.16,2,
411,NQ 06-26,Backtest,VariableTrend,Short,1,10724.00,10747.75,9/2/2019 12:50:00 PM,9/2/2019 2:00:00 PM,Sell short,Close position,($480.16),($13850.76),$5.16,$0.00,$0.00,$0.00,$0.00,$640.00,$25.00,$505.16,2,
412,NQ 06-26,Backtest,VariableTrend,Long,1,10747.75,10726.25,9/2/2019 2:00:00 PM,9/2/2019 4:20:00 PM,Buy,Close position,($435.16),($14285.92),$5.16,$0.00,$0.00,$0.00,$0.00,$490.00,$30.00,$465.16,3,
413,NQ 06-26,Backtest,VariableTrend,Short,1,10726.25,10672.75,9/2/2019 4:20:00 PM,9/2/2019 7:00:00 PM,Sell short,Exit on session close,$1064.84,($13221.08),$5.16,$0.00,$0.00,$0.00,$0.00,$125.00,$1700.00,$635.16,4,
414,NQ 06-26,Backtest,VariableTrend,Long,1,10705.25,10735.25,9/4/2019 4:40:00 AM,9/4/2019 5:30:00 PM,Buy,Close position,$594.84,($12626.24),$5.16,$0.00,$0.00,$0.00,$0.00,$25.00,$1705.00,$1110.16,12,
415,NQ 06-26,Backtest,VariableTrend,Short,1,10735.25,10753.00,9/4/2019 5:30:00 PM,9/4/2019 6:40:00 PM,Sell short,Close position,($360.16),($12986.40),$5.16,$0.00,$0.00,$0.00,$0.00,$370.00,$135.00,$495.16,2,
416,NQ 06-26,Backtest,VariableTrend,Long,1,10753.00,10783.25,9/4/2019 6:40:00 PM,9/4/2019 11:00:00 PM,Buy,Exit on session close,$599.84,($12386.56),$5.16,$0.00,$0.00,$0.00,$0.00,$50.00,$745.00,$145.16,5,
417,NQ 06-26,Backtest,VariableTrend,Short,1,10872.75,10894.00,9/9/2019 7:50:00 PM,9/9/2019 11:00:00 PM,Sell short,Exit on session close,($430.16),($12816.72),$5.16,$0.00,$0.00,$0.00,$0.00,$590.00,$275.00,$705.16,4,
418,NQ 06-26,Backtest,VariableTrend,Long,1,10914.25,10886.25,9/10/2019 3:30:00 AM,9/10/2019 5:50:00 AM,Buy,Close position,($565.16),($13381.88),$5.16,$0.00,$0.00,$0.00,$0.00,$675.00,$75.00,$640.16,3,
419,NQ 06-26,Backtest,VariableTrend,Short,1,10886.25,10875.50,9/10/2019 5:50:00 AM,9/10/2019 11:00:00 PM,Sell short,Close position,$209.84,($13172.04),$5.16,$0.00,$0.00,$0.00,$0.00,$185.00,$1630.00,$1420.16,16,
420,NQ 06-26,Backtest,VariableTrend,Long,1,10875.50,10880.00,9/10/2019 11:00:00 PM,9/10/2019 11:00:00 PM,Buy,Exit on session close,$84.84,($13087.20),$5.16,$0.00,$0.00,$0.00,$0.00,$55.00,$115.00,$30.16,1,
421,NQ 06-26,Backtest,VariableTrend,Short,1,10867.75,10874.25,9/11/2019 2:20:00 AM,9/11/2019 7:00:00 AM,Sell short,Close position,($135.16),($13222.36),$5.16,$0.00,$0.00,$0.00,$0.00,$220.00,$415.00,$550.16,5,
422,NQ 06-26,Backtest,VariableTrend,Long,1,10874.25,10874.50,9/11/2019 7:00:00 AM,9/11/2019 10:30:00 AM,Buy,Close position,($0.16),($13222.52),$5.16,$0.00,$0.00,$0.00,$0.00,$105.00,$675.00,$675.16,4,
423,NQ 06-26,Backtest,VariableTrend,Short,1,10874.50,10881.75,9/11/2019 10:30:00 AM,9/11/2019 11:40:00 AM,Sell short,Close position,($150.16),($13372.68),$5.16,$0.00,$0.00,$0.00,$0.00,$440.00,$25.00,$175.16,2,
424,NQ 06-26,Backtest,VariableTrend,Long,1,10881.75,10865.00,9/11/2019 11:40:00 AM,9/11/2019 12:50:00 PM,Buy,Close position,($340.16),($13712.84),$5.16,$0.00,$0.00,$0.00,$0.00,$585.00,$200.00,$540.16,2,
425,NQ 06-26,Backtest,VariableTrend,Short,1,10865.00,10875.25,9/11/2019 12:50:00 PM,9/11/2019 2:00:00 PM,Sell short,Close position,($210.16),($13923.00),$5.16,$0.00,$0.00,$0.00,$0.00,$295.00,$130.00,$340.16,2,
426,NQ 06-26,Backtest,VariableTrend,Long,1,10875.25,10953.50,9/11/2019 2:00:00 PM,9/11/2019 11:00:00 PM,Buy,Exit on session close,$1559.84,($12363.16),$5.16,$0.00,$0.00,$0.00,$0.00,$195.00,$1805.00,$245.16,9,
427,NQ 06-26,Backtest,VariableTrend,Long,1,10988.75,10979.50,9/13/2019 2:20:00 AM,9/13/2019 4:20:00 PM,Buy,Close position,($190.16),($12553.32),$5.16,$0.00,$0.00,$0.00,$0.00,$270.00,$585.00,$775.16,13,
428,NQ 06-26,Backtest,VariableTrend,Short,1,10979.50,10950.25,9/13/2019 4:20:00 PM,9/13/2019 11:00:00 PM,Sell short,Exit on session close,$579.84,($11973.48),$5.16,$0.00,$0.00,$0.00,$0.00,$180.00,$720.00,$140.16,7,
429,NQ 06-26,Backtest,VariableTrend,Long,1,10903.50,10898.25,9/16/2019 3:10:00 PM,9/16/2019 4:20:00 PM,Buy,Close position,($110.16),($12083.64),$5.16,$0.00,$0.00,$0.00,$0.00,$140.00,$185.00,$295.16,2,
430,NQ 06-26,Backtest,VariableTrend,Short,1,10898.25,10924.50,9/16/2019 4:20:00 PM,9/16/2019 5:30:00 PM,Sell short,Close position,($530.16),($12613.80),$5.16,$0.00,$0.00,$0.00,$0.00,$725.00,$65.00,$595.16,2,
431,NQ 06-26,Backtest,VariableTrend,Long,1,10924.50,10906.25,9/16/2019 5:30:00 PM,9/16/2019 7:50:00 PM,Buy,Close position,($370.16),($12983.96),$5.16,$0.00,$0.00,$0.00,$0.00,$600.00,$200.00,$570.16,3,
432,NQ 06-26,Backtest,VariableTrend,Short,1,10906.25,10907.75,9/16/2019 7:50:00 PM,9/16/2019 9:00:00 PM,Sell short,Close position,($35.16),($13019.12),$5.16,$0.00,$0.00,$0.00,$0.00,$100.00,$215.00,$250.16,2,
433,NQ 06-26,Backtest,VariableTrend,Long,1,10907.75,10927.25,9/16/2019 9:00:00 PM,9/16/2019 11:00:00 PM,Buy,Exit on session close,$384.84,($12634.28),$5.16,$0.00,$0.00,$0.00,$0.00,$40.00,$425.00,$40.16,3,
434,NQ 06-26,Backtest,VariableTrend,Short,1,10907.50,10912.50,9/17/2019 5:50:00 AM,9/17/2019 11:40:00 AM,Sell short,Close position,($105.16),($12739.44),$5.16,$0.00,$0.00,$0.00,$0.00,$285.00,$345.00,$450.16,6,
435,NQ 06-26,Backtest,VariableTrend,Long,1,10912.50,10908.00,9/17/2019 11:40:00 AM,9/17/2019 12:50:00 PM,Buy,Close position,($95.16),($12834.60),$5.16,$0.00,$0.00,$0.00,$0.00,$185.00,$70.00,$165.16,2,
436,NQ 06-26,Backtest,VariableTrend,Short,1,10908.00,10919.50,9/17/2019 12:50:00 PM,9/17/2019 3:10:00 PM,Sell short,Close position,($235.16),($13069.76),$5.16,$0.00,$0.00,$0.00,$0.00,$345.00,$230.00,$465.16,3,
437,NQ 06-26,Backtest,VariableTrend,Long,1,10919.50,10909.25,9/17/2019 3:10:00 PM,9/17/2019 4:20:00 PM,Buy,Close position,($210.16),($13279.92),$5.16,$0.00,$0.00,$0.00,$0.00,$400.00,$15.00,$225.16,2,
438,NQ 06-26,Backtest,VariableTrend,Short,1,10909.25,10915.50,9/17/2019 4:20:00 PM,9/17/2019 5:30:00 PM,Sell short,Close position,($130.16),($13410.08),$5.16,$0.00,$0.00,$0.00,$0.00,$465.00,$145.00,$275.16,2,
439,NQ 06-26,Backtest,VariableTrend,Long,1,10915.50,10956.00,9/17/2019 5:30:00 PM,9/17/2019 11:00:00 PM,Buy,Exit on session close,$804.84,($12605.24),$5.16,$0.00,$0.00,$0.00,$0.00,$115.00,$910.00,$105.16,6,
440,NQ 06-26,Backtest,VariableTrend,Short,1,10933.25,10941.25,9/18/2019 3:10:00 PM,9/18/2019 4:20:00 PM,Sell short,Close position,($165.16),($12770.40),$5.16,$0.00,$0.00,$0.00,$0.00,$300.00,$30.00,$195.16,2,
441,NQ 06-26,Backtest,VariableTrend,Long,1,10941.25,10934.75,9/18/2019 4:20:00 PM,9/18/2019 5:30:00 PM,Buy,Close position,($135.16),($12905.56),$5.16,$0.00,$0.00,$0.00,$0.00,$385.00,$100.00,$235.16,2,
442,NQ 06-26,Backtest,VariableTrend,Short,1,10934.75,10957.75,9/18/2019 5:30:00 PM,9/18/2019 11:00:00 PM,Sell short,Close position,($465.16),($13370.72),$5.16,$0.00,$0.00,$0.00,$0.00,$615.00,$1635.00,$2100.16,6,
443,NQ 06-26,Backtest,VariableTrend,Long,1,10957.75,10962.00,9/18/2019 11:00:00 PM,9/18/2019 11:00:00 PM,Buy,Exit on session close,$79.84,($13290.88),$5.16,$0.00,$0.00,$0.00,$0.00,$50.00,$225.00,$145.16,1,
444,NQ 06-26,Backtest,VariableTrend,Short,1,10926.75,10933.75,9/19/2019 5:50:00 AM,9/19/2019 11:40:00 AM,Sell short,Close position,($145.16),($13436.04),$5.16,$0.00,$0.00,$0.00,$0.00,$305.00,$695.00,$840.16,6,
445,NQ 06-26,Backtest,VariableTrend,Long,1,10933.75,10924.75,9/19/2019 11:40:00 AM,9/19/2019 2:00:00 PM,Buy,Close position,($185.16),($13621.20),$5.16,$0.00,$0.00,$0.00,$0.00,$215.00,$195.00,$380.16,3,
446,NQ 06-26,Backtest,VariableTrend,Short,1,10924.75,10939.00,9/19/2019 2:00:00 PM,9/19/2019 3:10:00 PM,Sell short,Close position,($290.16),($13911.36),$5.16,$0.00,$0.00,$0.00,$0.00,$385.00,$100.00,$390.16,2,
447,NQ 06-26,Backtest,VariableTrend,Long,1,10939.00,10956.75,9/19/2019 3:10:00 PM,9/19/2019 11:00:00 PM,Buy,Exit on session close,$349.84,($13561.52),$5.16,$0.00,$0.00,$0.00,$0.00,$30.00,$1485.00,$1135.16,8,
448,NQ 06-26,Backtest,VariableTrend,Short,1,10943.75,10871.25,9/20/2019 6:40:00 PM,9/20/2019 11:00:00 PM,Sell short,Exit on session close,$1444.84,($12116.68),$5.16,$0.00,$0.00,$0.00,$0.00,$25.00,$1870.00,$425.16,5,
449,NQ 06-26,Backtest,VariableTrend,Short,1,10904.50,10914.00,9/24/2019 10:30:00 AM,9/24/2019 11:40:00 AM,Sell short,Close position,($195.16),($12311.84),$5.16,$0.00,$0.00,$0.00,$0.00,$280.00,$45.00,$240.16,2,
450,NQ 06-26,Backtest,VariableTrend,Long,1,10914.00,10909.00,9/24/2019 11:40:00 AM,9/24/2019 5:30:00 PM,Buy,Close position,($105.16),($12417.00),$5.16,$0.00,$0.00,$0.00,$0.00,$370.00,$390.00,$495.16,6,
451,NQ 06-26,Backtest,VariableTrend,Short,1,10909.00,10776.75,9/24/2019 5:30:00 PM,9/24/2019 11:00:00 PM,Sell short,Exit on session close,$2639.84,($9777.16),$5.16,$0.00,$0.00,$0.00,$0.00,$95.00,$3355.00,$715.16,6,
452,NQ 06-26,Backtest,VariableTrend,Long,1,10792.25,10862.50,9/25/2019 6:40:00 PM,9/25/2019 11:00:00 PM,Buy,Exit on session close,$1399.84,($8377.32),$5.16,$0.00,$0.00,$0.00,$0.00,$280.00,$1830.00,$430.16,5,
453,NQ 06-26,Backtest,VariableTrend,Short,1,10802.75,10852.75,9/26/2019 5:30:00 PM,9/26/2019 10:10:00 PM,Sell short,Stop loss,($1005.16),($9382.48),$5.16,$0.00,$0.00,$0.00,$0.00,$1000.00,$570.00,$1575.16,5,
454,NQ 06-26,Backtest,VariableTrend,Long,1,10830.75,10795.25,9/27/2019 9:20:00 AM,9/27/2019 5:30:00 PM,Buy,Close position,($715.16),($10097.64),$5.16,$0.00,$0.00,$0.00,$0.00,$960.00,$615.00,$1330.16,8,
455,NQ 06-26,Backtest,VariableTrend,Short,1,10795.25,10756.75,9/27/2019 5:30:00 PM,9/27/2019 11:00:00 PM,Sell short,Exit on session close,$764.84,($9332.80),$5.16,$0.00,$0.00,$0.00,$0.00,$770.00,$2295.00,$1530.16,6,
456,NQ 06-26,Backtest,VariableTrend,Long,1,10794.50,10824.75,9/30/2019 6:40:00 PM,9/30/2019 11:00:00 PM,Buy,Exit on session close,$599.84,($8732.96),$5.16,$0.00,$0.00,$0.00,$0.00,$160.00,$675.00,$75.16,5,
457,NQ 06-26,Backtest,VariableTrend,Short,1,10808.75,10749.00,10/1/2019 5:30:00 PM,10/1/2019 11:00:00 PM,Sell short,Exit on session close,$1189.84,($7543.12),$5.16,$0.00,$0.00,$0.00,$0.00,$285.00,$1565.00,$375.16,6,
458,NQ 06-26,Backtest,VariableTrend,Long,1,10639.25,10698.25,10/3/2019 6:40:00 PM,10/3/2019 11:00:00 PM,Buy,Exit on session close,$1174.84,($6368.28),$5.16,$0.00,$0.00,$0.00,$0.00,$360.00,$1235.00,$60.16,5,
459,NQ 06-26,Backtest,VariableTrend,Short,1,10776.50,10778.75,10/7/2019 11:00:00 PM,10/7/2019 11:00:00 PM,Sell short,Exit on session close,($50.16),($6418.44),$5.16,$0.00,$0.00,$0.00,$0.00,$150.00,$95.00,$145.16,1,
460,NQ 06-26,Backtest,VariableTrend,Long,1,10789.00,10779.25,10/8/2019 3:30:00 AM,10/8/2019 11:40:00 AM,Buy,Close position,($200.16),($6618.60),$5.16,$0.00,$0.00,$0.00,$0.00,$370.00,$700.00,$900.16,8,
461,NQ 06-26,Backtest,VariableTrend,Short,1,10779.25,10663.00,10/8/2019 11:40:00 AM,10/8/2019 11:00:00 PM,Sell short,Exit on session close,$2319.84,($4298.76),$5.16,$0.00,$0.00,$0.00,$0.00,$125.00,$2525.00,$205.16,11,
462,NQ 06-26,Backtest,VariableTrend,Long,1,10730.25,10742.50,10/9/2019 12:50:00 PM,10/9/2019 11:00:00 PM,Buy,Exit on session close,$239.84,($4058.92),$5.16,$0.00,$0.00,$0.00,$0.00,$580.00,$825.00,$585.16,10,
463,NQ 06-26,Backtest,VariableTrend,Short,1,10630.00,10680.00,10/10/2019 2:20:00 AM,10/10/2019 2:20:00 AM,Sell short,Stop loss,($1005.16),($5064.08),$5.16,$0.00,$0.00,$0.00,$0.00,$1000.00,$0.00,$1005.16,1,
464,NQ 06-26,Backtest,VariableTrend,Long,1,10740.75,10826.25,10/10/2019 5:50:00 AM,10/10/2019 11:00:00 PM,Buy,Exit on session close,$1704.84,($3359.24),$5.16,$0.00,$0.00,$0.00,$0.00,$730.00,$1950.00,$245.16,16,
465,NQ 06-26,Backtest,VariableTrend,Short,1,10864.75,10883.50,10/14/2019 12:50:00 PM,10/14/2019 3:10:00 PM,Sell short,Close position,($380.16),($3739.40),$5.16,$0.00,$0.00,$0.00,$0.00,$390.00,$365.00,$745.16,3,
466,NQ 06-26,Backtest,VariableTrend,Long,1,10883.50,10879.50,10/14/2019 3:10:00 PM,10/14/2019 4:20:00 PM,Buy,Close position,($85.16),($3824.56),$5.16,$0.00,$0.00,$0.00,$0.00,$245.00,$195.00,$280.16,2,
467,NQ 06-26,Backtest,VariableTrend,Short,1,10879.50,10894.50,10/14/2019 4:20:00 PM,10/14/2019 5:30:00 PM,Sell short,Close position,($305.16),($4129.72),$5.16,$0.00,$0.00,$0.00,$0.00,$685.00,$155.00,$460.16,2,
468,NQ 06-26,Backtest,VariableTrend,Long,1,10894.50,10899.25,10/14/2019 5:30:00 PM,10/14/2019 11:00:00 PM,Buy,Exit on session close,$89.84,($4039.88),$5.16,$0.00,$0.00,$0.00,$0.00,$150.00,$475.00,$385.16,6,
469,NQ 06-26,Backtest,VariableTrend,Short,1,10968.00,10971.75,10/16/2019 5:30:00 PM,10/16/2019 10:10:00 PM,Sell short,Close position,($80.16),($4120.04),$5.16,$0.00,$0.00,$0.00,$0.00,$490.00,$300.00,$380.16,5,
470,NQ 06-26,Backtest,VariableTrend,Long,1,10971.75,10993.25,10/16/2019 10:10:00 PM,10/16/2019 11:00:00 PM,Buy,Exit on session close,$424.84,($3695.20),$5.16,$0.00,$0.00,$0.00,$0.00,$260.00,$430.00,$5.16,2,
471,NQ 06-26,Backtest,VariableTrend,Short,1,10974.00,10982.75,10/17/2019 9:20:00 AM,10/17/2019 10:30:00 AM,Sell short,Close position,($180.16),($3875.36),$5.16,$0.00,$0.00,$0.00,$0.00,$220.00,$80.00,$260.16,2,
472,NQ 06-26,Backtest,VariableTrend,Long,1,10982.75,10987.50,10/17/2019 10:30:00 AM,10/17/2019 6:40:00 PM,Buy,Close position,$89.84,($3785.52),$5.16,$0.00,$0.00,$0.00,$0.00,$265.00,$1030.00,$940.16,8,
473,NQ 06-26,Backtest,VariableTrend,Short,1,10987.50,10994.50,10/17/2019 6:40:00 PM,10/17/2019 9:00:00 PM,Sell short,Close position,($145.16),($3930.68),$5.16,$0.00,$0.00,$0.00,$0.00,$160.00,$520.00,$665.16,3,
474,NQ 06-26,Backtest,VariableTrend,Long,1,10994.50,10991.75,10/17/2019 9:00:00 PM,10/17/2019 11:00:00 PM,Buy,Close position,($60.16),($3990.84),$5.16,$0.00,$0.00,$0.00,$0.00,$280.00,$165.00,$225.16,3,
475,NQ 06-26,Backtest,VariableTrend,Short,1,10991.75,10993.25,10/17/2019 11:00:00 PM,10/17/2019 11:00:00 PM,Sell short,Exit on session close,($35.16),($4026.00),$5.16,$0.00,$0.00,$0.00,$0.00,$90.00,$70.00,$105.16,1,
476,NQ 06-26,Backtest,VariableTrend,Short,1,10986.50,10985.25,10/18/2019 2:20:00 AM,10/18/2019 12:50:00 PM,Sell short,Close position,$19.84,($4006.16),$5.16,$0.00,$0.00,$0.00,$0.00,$150.00,$595.00,$575.16,10,
477,NQ 06-26,Backtest,VariableTrend,Long,1,10985.25,10973.25,10/18/2019 12:50:00 PM,10/18/2019 5:30:00 PM,Buy,Close position,($245.16),($4251.32),$5.16,$0.00,$0.00,$0.00,$0.00,$385.00,$255.00,$500.16,5,
478,NQ 06-26,Backtest,VariableTrend,Short,1,10973.25,10922.50,10/18/2019 5:30:00 PM,10/18/2019 11:00:00 PM,Sell short,Exit on session close,$1009.84,($3241.48),$5.16,$0.00,$0.00,$0.00,$0.00,$30.00,$1960.00,$950.16,6,
479,NQ 06-26,Backtest,VariableTrend,Long,1,10954.50,10987.50,10/21/2019 4:20:00 PM,10/21/2019 11:00:00 PM,Buy,Exit on session close,$654.84,($2586.64),$5.16,$0.00,$0.00,$0.00,$0.00,$430.00,$735.00,$80.16,7,
480,NQ 06-26,Backtest,VariableTrend,Short,1,10977.50,10991.00,10/22/2019 11:40:00 AM,10/22/2019 12:50:00 PM,Sell short,Close position,($275.16),($2861.80),$5.16,$0.00,$0.00,$0.00,$0.00,$305.00,$60.00,$335.16,2,
481,NQ 06-26,Backtest,VariableTrend,Long,1,10991.00,10974.75,10/22/2019 12:50:00 PM,10/22/2019 6:40:00 PM,Buy,Close position,($330.16),($3191.96),$5.16,$0.00,$0.00,$0.00,$0.00,$370.00,$745.00,$1075.16,6,
482,NQ 06-26,Backtest,VariableTrend,Short,1,10974.75,10881.25,10/22/2019 6:40:00 PM,10/22/2019 11:00:00 PM,Sell short,Exit on session close,$1864.84,($1327.12),$5.16,$0.00,$0.00,$0.00,$0.00,$160.00,$1960.00,$95.16,5,
483,NQ 06-26,Backtest,VariableTrend,Long,1,10905.50,10956.75,10/23/2019 5:30:00 PM,10/23/2019 11:00:00 PM,Buy,Exit on session close,$1019.84,($307.28),$5.16,$0.00,$0.00,$0.00,$0.00,$245.00,$1045.00,$25.16,6,
484,NQ 06-26,Backtest,VariableTrend,Long,1,10967.50,10965.50,10/25/2019 2:20:00 AM,10/25/2019 3:30:00 AM,Buy,Close position,($45.16),($352.44),$5.16,$0.00,$0.00,$0.00,$0.00,$190.00,$70.00,$115.16,2,
485,NQ 06-26,Backtest,VariableTrend,Short,1,10965.50,10971.50,10/25/2019 3:30:00 AM,10/25/2019 4:40:00 AM,Sell short,Close position,($125.16),($477.60),$5.16,$0.00,$0.00,$0.00,$0.00,$250.00,$20.00,$145.16,2,
486,NQ 06-26,Backtest,VariableTrend,Long,1,10971.50,10964.50,10/25/2019 4:40:00 AM,10/25/2019 4:20:00 PM,Buy,Close position,($145.16),($622.76),$5.16,$0.00,$0.00,$0.00,$0.00,$220.00,$290.00,$435.16,11,
487,NQ 06-26,Backtest,VariableTrend,Short,1,10964.50,11014.50,10/25/2019 4:20:00 PM,10/25/2019 4:20:00 PM,Sell short,Stop loss,($1005.16),($1627.92),$5.16,$0.00,$0.00,$0.00,$0.00,$1000.00,$0.00,$1005.16,1,
488,NQ 06-26,Backtest,VariableTrend,Long,1,11018.00,11076.00,10/25/2019 5:30:00 PM,10/25/2019 11:00:00 PM,Buy,Exit on session close,$1154.84,($473.08),$5.16,$0.00,$0.00,$0.00,$0.00,$45.00,$1260.00,$105.16,6,
489,NQ 06-26,Backtest,VariableTrend,Short,1,11131.50,11142.00,10/29/2019 2:10:00 PM,10/29/2019 3:20:00 PM,Sell short,Close position,($215.16),($688.24),$5.16,$0.00,$0.00,$0.00,$0.00,$270.00,$250.00,$465.16,2,
490,NQ 06-26,Backtest,VariableTrend,Long,1,11142.00,11116.25,10/29/2019 3:20:00 PM,10/29/2019 4:30:00 PM,Buy,Close position,($520.16),($1208.40),$5.16,$0.00,$0.00,$0.00,$0.00,$565.00,$230.00,$750.16,2,
491,NQ 06-26,Backtest,VariableTrend,Short,1,11116.25,11095.50,10/29/2019 4:30:00 PM,10/29/2019 10:00:00 PM,Sell short,Exit on session close,$409.84,($798.56),$5.16,$0.00,$0.00,$0.00,$0.00,$540.00,$520.00,$110.16,6,
492,NQ 06-26,Backtest,VariableTrend,Long,1,11107.25,11092.75,10/30/2019 2:10:00 PM,10/30/2019 4:30:00 PM,Buy,Close position,($295.16),($1093.72),$5.16,$0.00,$0.00,$0.00,$0.00,$945.00,$150.00,$445.16,3,
493,NQ 06-26,Backtest,VariableTrend,Short,1,11092.75,11118.50,10/30/2019 4:30:00 PM,10/30/2019 9:10:00 PM,Sell short,Close position,($520.16),($1613.88),$5.16,$0.00,$0.00,$0.00,$0.00,$580.00,$505.00,$1025.16,5,
494,NQ 06-26,Backtest,VariableTrend,Long,1,11118.50,11157.75,10/30/2019 9:10:00 PM,10/30/2019 10:00:00 PM,Buy,Exit on session close,$779.84,($834.04),$5.16,$0.00,$0.00,$0.00,$0.00,$30.00,$1240.00,$460.16,2,
495,NQ 06-26,Backtest,VariableTrend,Short,1,11137.25,11146.00,10/31/2019 11:50:00 AM,10/31/2019 3:20:00 PM,Sell short,Close position,($180.16),($1014.20),$5.16,$0.00,$0.00,$0.00,$0.00,$285.00,$325.00,$505.16,4,
496,NQ 06-26,Backtest,VariableTrend,Long,1,11146.00,11111.25,10/31/2019 3:20:00 PM,10/31/2019 4:30:00 PM,Buy,Close position,($700.16),($1714.36),$5.16,$0.00,$0.00,$0.00,$0.00,$845.00,$220.00,$920.16,2,
497,NQ 06-26,Backtest,VariableTrend,Short,1,11111.25,11131.75,10/31/2019 4:30:00 PM,10/31/2019 10:00:00 PM,Sell short,Close position,($415.16),($2129.52),$5.16,$0.00,$0.00,$0.00,$0.00,$550.00,$515.00,$930.16,6,
498,NQ 06-26,Backtest,VariableTrend,Long,1,11131.75,11131.75,10/31/2019 10:00:00 PM,10/31/2019 10:00:00 PM,Buy,Exit on session close,($5.16),($2134.68),$5.16,$0.00,$0.00,$0.00,$0.00,$70.00,$40.00,$45.16,1,
499,NQ 06-26,Backtest,VariableTrend,Short,1,11125.75,11132.00,11/1/2019 1:20:00 AM,11/1/2019 2:30:00 AM,Sell short,Close position,($130.16),($2264.84),$5.16,$0.00,$0.00,$0.00,$0.00,$190.00,$25.00,$155.16,2,
500,NQ 06-26,Backtest,VariableTrend,Long,1,11132.00,11137.25,11/1/2019 2:30:00 AM,11/1/2019 2:10:00 PM,Buy,Close position,$99.84,($2165.00),$5.16,$0.00,$0.00,$0.00,$0.00,$60.00,$645.00,$545.16,11,
501,NQ 06-26,Backtest,VariableTrend,Short,1,11137.25,11165.25,11/1/2019 2:10:00 PM,11/1/2019 3:20:00 PM,Sell short,Close position,($565.16),($2730.16),$5.16,$0.00,$0.00,$0.00,$0.00,$640.00,$70.00,$635.16,2,
502,NQ 06-26,Backtest,VariableTrend,Long,1,11165.25,11203.00,11/1/2019 3:20:00 PM,11/1/2019 10:00:00 PM,Buy,Exit on session close,$749.84,($1980.32),$5.16,$0.00,$0.00,$0.00,$0.00,$230.00,$845.00,$95.16,7,
503,NQ 06-26,Backtest,VariableTrend,Short,1,11247.75,11260.50,11/5/2019 5:30:00 PM,11/5/2019 6:40:00 PM,Sell short,Close position,($260.16),($2240.48),$5.16,$0.00,$0.00,$0.00,$0.00,$360.00,$155.00,$415.16,2,
504,NQ 06-26,Backtest,VariableTrend,Long,1,11260.50,11253.75,11/5/2019 6:40:00 PM,11/5/2019 11:00:00 PM,Buy,Close position,($140.16),($2380.64),$5.16,$0.00,$0.00,$0.00,$0.00,$200.00,$270.00,$410.16,5,
505,NQ 06-26,Backtest,VariableTrend,Short,1,11253.75,11250.00,11/5/2019 11:00:00 PM,11/5/2019 11:00:00 PM,Sell short,Exit on session close,$69.84,($2310.80),$5.16,$0.00,$0.00,$0.00,$0.00,$0.00,$115.00,$45.16,1,
506,NQ 06-26,Backtest,VariableTrend,Long,1,11258.25,11249.00,11/6/2019 8:10:00 AM,11/6/2019 9:20:00 AM,Buy,Close position,($190.16),($2500.96),$5.16,$0.00,$0.00,$0.00,$0.00,$195.00,$30.00,$220.16,2,
507,NQ 06-26,Backtest,VariableTrend,Short,1,11249.00,11256.25,11/6/2019 9:20:00 AM,11/6/2019 10:30:00 AM,Sell short,Close position,($150.16),($2651.12),$5.16,$0.00,$0.00,$0.00,$0.00,$220.00,$20.00,$170.16,2,
508,NQ 06-26,Backtest,VariableTrend,Long,1,11256.25,11252.50,11/6/2019 10:30:00 AM,11/6/2019 12:50:00 PM,Buy,Close position,($80.16),($2731.28),$5.16,$0.00,$0.00,$0.00,$0.00,$270.00,$230.00,$310.16,3,
509,NQ 06-26,Backtest,VariableTrend,Short,1,11252.50,11257.25,11/6/2019 12:50:00 PM,11/6/2019 3:10:00 PM,Sell short,Close position,($100.16),($2831.44),$5.16,$0.00,$0.00,$0.00,$0.00,$170.00,$95.00,$195.16,3,
510,NQ 06-26,Backtest,VariableTrend,Long,1,11257.25,11233.50,11/6/2019 3:10:00 PM,11/6/2019 5:30:00 PM,Buy,Close position,($480.16),($3311.60),$5.16,$0.00,$0.00,$0.00,$0.00,$575.00,$155.00,$635.16,3,
511,NQ 06-26,Backtest,VariableTrend,Short,1,11233.50,11247.75,11/6/2019 5:30:00 PM,11/6/2019 11:00:00 PM,Sell short,Close position,($290.16),($3601.76),$5.16,$0.00,$0.00,$0.00,$0.00,$375.00,$660.00,$950.16,6,
512,NQ 06-26,Backtest,VariableTrend,Long,1,11247.75,11252.50,11/6/2019 11:00:00 PM,11/6/2019 11:00:00 PM,Buy,Exit on session close,$89.84,($3511.92),$5.16,$0.00,$0.00,$0.00,$0.00,$60.00,$125.00,$35.16,1,
513,NQ 06-26,Backtest,VariableTrend,Short,1,11243.75,11249.00,11/7/2019 2:20:00 AM,11/7/2019 9:20:00 AM,Sell short,Close position,($110.16),($3622.08),$5.16,$0.00,$0.00,$0.00,$0.00,$130.00,$285.00,$395.16,7,
514,NQ 06-26,Backtest,VariableTrend,Long,1,11249.00,11274.25,11/7/2019 9:20:00 AM,11/7/2019 10:10:00 PM,Buy,Close position,$499.84,($3122.24),$5.16,$0.00,$0.00,$0.00,$0.00,$50.00,$1455.00,$955.16,12,
515,NQ 06-26,Backtest,VariableTrend,Short,1,11274.25,11270.75,11/7/2019 10:10:00 PM,11/7/2019 11:00:00 PM,Sell short,Exit on session close,$64.84,($3057.40),$5.16,$0.00,$0.00,$0.00,$0.00,$110.00,$615.00,$550.16,2,
516,NQ 06-26,Backtest,VariableTrend,Long,1,11285.50,11252.25,11/8/2019 2:20:00 AM,11/8/2019 3:30:00 AM,Buy,Close position,($670.16),($3727.56),$5.16,$0.00,$0.00,$0.00,$0.00,$690.00,$45.00,$715.16,2,
517,NQ 06-26,Backtest,VariableTrend,Short,1,11252.25,11266.75,11/8/2019 3:30:00 AM,11/8/2019 6:40:00 PM,Sell short,Close position,($295.16),($4022.72),$5.16,$0.00,$0.00,$0.00,$0.00,$640.00,$455.00,$750.16,14,
518,NQ 06-26,Backtest,VariableTrend,Long,1,11266.75,11300.00,11/8/2019 6:40:00 PM,11/8/2019 11:00:00 PM,Buy,Exit on session close,$659.84,($3362.88),$5.16,$0.00,$0.00,$0.00,$0.00,$20.00,$740.00,$80.16,5,
519,NQ 06-26,Backtest,VariableTrend,Short,1,11271.25,11276.50,11/11/2019 4:40:00 AM,11/11/2019 5:50:00 AM,Sell short,Close position,($110.16),($3473.04),$5.16,$0.00,$0.00,$0.00,$0.00,$145.00,$30.00,$140.16,2,
520,NQ 06-26,Backtest,VariableTrend,Long,1,11276.50,11274.25,11/11/2019 5:50:00 AM,11/11/2019 8:10:00 AM,Buy,Close position,($50.16),($3523.20),$5.16,$0.00,$0.00,$0.00,$0.00,$120.00,$25.00,$75.16,3,
521,NQ 06-26,Backtest,VariableTrend,Short,1,11274.25,11270.50,11/11/2019 8:10:00 AM,11/11/2019 5:30:00 PM,Sell short,Close position,$69.84,($3453.36),$5.16,$0.00,$0.00,$0.00,$0.00,$20.00,$565.00,$495.16,9,
522,NQ 06-26,Backtest,VariableTrend,Long,1,11270.50,11293.25,11/11/2019 5:30:00 PM,11/11/2019 11:00:00 PM,Buy,Exit on session close,$449.84,($3003.52),$5.16,$0.00,$0.00,$0.00,$0.00,$75.00,$470.00,$20.16,6,
523,NQ 06-26,Backtest,VariableTrend,Short,1,11275.50,11283.50,11/12/2019 4:40:00 AM,11/12/2019 7:00:00 AM,Sell short,Close position,($165.16),($3168.68),$5.16,$0.00,$0.00,$0.00,$0.00,$175.00,$150.00,$315.16,3,
524,NQ 06-26,Backtest,VariableTrend,Long,1,11283.50,11292.00,11/12/2019 7:00:00 AM,11/12/2019 10:10:00 PM,Buy,Close position,$164.84,($3003.84),$5.16,$0.00,$0.00,$0.00,$0.00,$35.00,$1125.00,$960.16,14,
525,NQ 06-26,Backtest,VariableTrend,Short,1,11292.00,11312.00,11/12/2019 10:10:00 PM,11/12/2019 11:00:00 PM,Sell short,Close position,($405.16),($3409.00),$5.16,$0.00,$0.00,$0.00,$0.00,$435.00,$35.00,$440.16,2,
526,NQ 06-26,Backtest,VariableTrend,Long,1,11312.00,11310.75,11/12/2019 11:00:00 PM,11/12/2019 11:00:00 PM,Buy,Exit on session close,($30.16),($3439.16),$5.16,$0.00,$0.00,$0.00,$0.00,$70.00,$60.00,$90.16,1,
527,NQ 06-26,Backtest,VariableTrend,Short,1,11298.50,11302.75,11/13/2019 2:20:00 AM,11/13/2019 5:30:00 PM,Sell short,Close position,($90.16),($3529.32),$5.16,$0.00,$0.00,$0.00,$0.00,$145.00,$780.00,$870.16,14,
528,NQ 06-26,Backtest,VariableTrend,Long,1,11302.75,11309.75,11/13/2019 5:30:00 PM,11/13/2019 11:00:00 PM,Buy,Exit on session close,$134.84,($3394.48),$5.16,$0.00,$0.00,$0.00,$0.00,$475.00,$365.00,$230.16,6,
529,NQ 06-26,Backtest,VariableTrend,Short,1,11296.00,11303.00,11/14/2019 5:50:00 AM,11/14/2019 8:10:00 AM,Sell short,Close position,($145.16),($3539.64),$5.16,$0.00,$0.00,$0.00,$0.00,$225.00,$195.00,$340.16,3,
530,NQ 06-26,Backtest,VariableTrend,Long,1,11303.00,11293.75,11/14/2019 8:10:00 AM,11/14/2019 9:20:00 AM,Buy,Close position,($190.16),($3729.80),$5.16,$0.00,$0.00,$0.00,$0.00,$220.00,$0.00,$190.16,2,
531,NQ 06-26,Backtest,VariableTrend,Short,1,11293.75,11303.50,11/14/2019 9:20:00 AM,11/14/2019 12:50:00 PM,Sell short,Close position,($200.16),($3929.96),$5.16,$0.00,$0.00,$0.00,$0.00,$380.00,$195.00,$395.16,4,
532,NQ 06-26,Backtest,VariableTrend,Long,1,11303.50,11292.00,11/14/2019 12:50:00 PM,11/14/2019 2:00:00 PM,Buy,Close position,($235.16),($4165.12),$5.16,$0.00,$0.00,$0.00,$0.00,$340.00,$15.00,$250.16,2,
533,NQ 06-26,Backtest,VariableTrend,Short,1,11292.00,11299.50,11/14/2019 2:00:00 PM,11/14/2019 5:30:00 PM,Sell short,Close position,($155.16),($4320.28),$5.16,$0.00,$0.00,$0.00,$0.00,$235.00,$300.00,$455.16,4,
534,NQ 06-26,Backtest,VariableTrend,Long,1,11299.50,11287.25,11/14/2019 5:30:00 PM,11/14/2019 6:40:00 PM,Buy,Close position,($250.16),($4570.44),$5.16,$0.00,$0.00,$0.00,$0.00,$610.00,$25.00,$275.16,2,
535,NQ 06-26,Backtest,VariableTrend,Short,1,11287.25,11299.25,11/14/2019 6:40:00 PM,11/14/2019 10:10:00 PM,Sell short,Close position,($245.16),($4815.60),$5.16,$0.00,$0.00,$0.00,$0.00,$255.00,$630.00,$875.16,4,
536,NQ 06-26,Backtest,VariableTrend,Long,1,11299.25,11309.00,11/14/2019 10:10:00 PM,11/14/2019 11:00:00 PM,Buy,Exit on session close,$189.84,($4625.76),$5.16,$0.00,$0.00,$0.00,$0.00,$40.00,$245.00,$55.16,2,
537,NQ 06-26,Backtest,VariableTrend,Short,1,11353.75,11372.50,11/18/2019 4:20:00 PM,11/18/2019 9:00:00 PM,Sell short,Close position,($380.16),($5005.92),$5.16,$0.00,$0.00,$0.00,$0.00,$420.00,$700.00,$1080.16,5,
538,NQ 06-26,Backtest,VariableTrend,Long,1,11372.50,11373.75,11/18/2019 9:00:00 PM,11/18/2019 11:00:00 PM,Buy,Exit on session close,$19.84,($4986.08),$5.16,$0.00,$0.00,$0.00,$0.00,$220.00,$255.00,$235.16,3,
539,NQ 06-26,Backtest,VariableTrend,Short,1,11386.25,11373.75,11/19/2019 5:30:00 PM,11/19/2019 11:00:00 PM,Sell short,Exit on session close,$244.84,($4741.24),$5.16,$0.00,$0.00,$0.00,$0.00,$325.00,$685.00,$440.16,6,
540,NQ 06-26,Backtest,VariableTrend,Long,1,11371.00,11321.00,11/20/2019 5:30:00 PM,11/20/2019 7:50:00 PM,Buy,Stop loss,($1005.16),($5746.40),$5.16,$0.00,$0.00,$0.00,$0.00,$1000.00,$330.00,$1335.16,3,
541,NQ 06-26,Backtest,VariableTrend,Short,1,11290.00,11327.75,11/20/2019 9:00:00 PM,11/20/2019 11:00:00 PM,Sell short,Exit on session close,($760.16),($6506.56),$5.16,$0.00,$0.00,$0.00,$0.00,$885.00,$35.00,$795.16,3,
542,NQ 06-26,Backtest,VariableTrend,Long,1,11330.00,11311.25,11/22/2019 3:30:00 AM,11/22/2019 5:30:00 PM,Buy,Close position,($380.16),($6886.72),$5.16,$0.00,$0.00,$0.00,$0.00,$390.00,$460.00,$840.16,13,
543,NQ 06-26,Backtest,VariableTrend,Short,1,11311.25,11322.50,11/22/2019 5:30:00 PM,11/22/2019 11:00:00 PM,Sell short,Exit on session close,($230.16),($7116.88),$5.16,$0.00,$0.00,$0.00,$0.00,$225.00,$770.00,$1000.16,6,
544,NQ 06-26,Backtest,VariableTrend,Long,1,11344.50,11414.50,11/25/2019 2:20:00 AM,11/25/2019 11:00:00 PM,Buy,Exit on session close,$1394.84,($5722.04),$5.16,$0.00,$0.00,$0.00,$0.00,$75.00,$1485.00,$90.16,19,
545,NQ 06-26,Backtest,VariableTrend,Short,1,11408.00,11417.50,11/26/2019 11:40:00 AM,11/26/2019 12:50:00 PM,Sell short,Close position,($195.16),($5917.20),$5.16,$0.00,$0.00,$0.00,$0.00,$190.00,$25.00,$220.16,2,
546,NQ 06-26,Backtest,VariableTrend,Long,1,11417.50,11442.00,11/26/2019 12:50:00 PM,11/26/2019 11:00:00 PM,Buy,Exit on session close,$484.84,($5432.36),$5.16,$0.00,$0.00,$0.00,$0.00,$185.00,$535.00,$50.16,10,
547,NQ 06-26,Backtest,VariableTrend,Short,1,11462.00,11467.00,11/28/2019 3:30:00 AM,11/28/2019 4:40:00 AM,Sell short,Close position,($105.16),($5537.52),$5.16,$0.00,$0.00,$0.00,$0.00,$170.00,$175.00,$280.16,2,
548,NQ 06-26,Backtest,VariableTrend,Long,1,11467.00,11484.00,11/28/2019 4:40:00 AM,11/28/2019 7:00:00 PM,Buy,Exit on session close,$334.84,($5202.68),$5.16,$0.00,$0.00,$0.00,$0.00,$85.00,$405.00,$70.16,14,
549,NQ 06-26,Backtest,VariableTrend,Short,1,11467.50,11470.25,11/29/2019 4:40:00 AM,11/29/2019 12:50:00 PM,Sell short,Close position,($60.16),($5262.84),$5.16,$0.00,$0.00,$0.00,$0.00,$105.00,$390.00,$450.16,8,
550,NQ 06-26,Backtest,VariableTrend,Long,1,11470.25,11466.00,11/29/2019 12:50:00 PM,11/29/2019 6:40:00 PM,Buy,Close position,($90.16),($5353.00),$5.16,$0.00,$0.00,$0.00,$0.00,$185.00,$195.00,$285.16,6,
551,NQ 06-26,Backtest,VariableTrend,Short,1,11466.00,11462.00,11/29/2019 6:40:00 PM,11/29/2019 7:15:00 PM,Sell short,Exit on session close,$74.84,($5278.16),$5.16,$0.00,$0.00,$0.00,$0.00,$60.00,$400.00,$325.16,2,
552,NQ 06-26,Backtest,VariableTrend,Long,1,11483.50,11466.00,12/2/2019 2:20:00 AM,12/2/2019 2:00:00 PM,Buy,Close position,($355.16),($5633.32),$5.16,$0.00,$0.00,$0.00,$0.00,$500.00,$265.00,$620.16,11,
553,NQ 06-26,Backtest,VariableTrend,Short,1,11466.00,11349.50,12/2/2019 2:00:00 PM,12/2/2019 11:00:00 PM,Sell short,Exit on session close,$2324.84,($3308.48),$5.16,$0.00,$0.00,$0.00,$0.00,$45.00,$3000.00,$675.16,9,
554,NQ 06-26,Backtest,VariableTrend,Long,1,11300.75,11292.00,12/4/2019 7:00:00 AM,12/4/2019 9:20:00 AM,Buy,Close position,($180.16),($3488.64),$5.16,$0.00,$0.00,$0.00,$0.00,$180.00,$100.00,$280.16,3,
555,NQ 06-26,Backtest,VariableTrend,Short,1,11292.00,11342.00,12/4/2019 9:20:00 AM,12/4/2019 10:30:00 AM,Sell short,Stop loss,($1005.16),($4493.80),$5.16,$0.00,$0.00,$0.00,$0.00,$1000.00,$640.00,$1645.16,2,
556,NQ 06-26,Backtest,VariableTrend,Long,1,11341.50,11336.00,12/4/2019 11:40:00 AM,12/4/2019 11:00:00 PM,Buy,Exit on session close,($115.16),($4608.96),$5.16,$0.00,$0.00,$0.00,$0.00,$400.00,$345.00,$460.16,11,
557,NQ 06-26,Backtest,VariableTrend,Short,1,11325.00,11347.75,12/5/2019 5:30:00 PM,12/5/2019 11:00:00 PM,Sell short,Close position,($460.16),($5069.12),$5.16,$0.00,$0.00,$0.00,$0.00,$620.00,$105.00,$565.16,6,
558,NQ 06-26,Backtest,VariableTrend,Long,1,11347.75,11350.25,12/5/2019 11:00:00 PM,12/5/2019 11:00:00 PM,Buy,Exit on session close,$44.84,($5024.28),$5.16,$0.00,$0.00,$0.00,$0.00,$15.00,$80.00,$35.16,1,
559,NQ 06-26,Backtest,VariableTrend,Short,1,11421.25,11390.75,12/9/2019 10:10:00 PM,12/9/2019 11:00:00 PM,Sell short,Exit on session close,$604.84,($4419.44),$5.16,$0.00,$0.00,$0.00,$0.00,$90.00,$695.00,$90.16,2,
560,NQ 06-26,Backtest,VariableTrend,Long,1,11409.50,11407.50,12/10/2019 4:20:00 PM,12/10/2019 11:00:00 PM,Buy,Exit on session close,($45.16),($4464.60),$5.16,$0.00,$0.00,$0.00,$0.00,$630.00,$560.00,$605.16,7,
561,NQ 06-26,Backtest,VariableTrend,Short,1,11390.00,11400.50,12/11/2019 3:30:00 AM,12/11/2019 5:50:00 AM,Sell short,Close position,($215.16),($4679.76),$5.16,$0.00,$0.00,$0.00,$0.00,$230.00,$110.00,$325.16,3,
562,NQ 06-26,Backtest,VariableTrend,Long,1,11400.50,11398.75,12/11/2019 5:50:00 AM,12/11/2019 12:50:00 PM,Buy,Close position,($40.16),($4719.92),$5.16,$0.00,$0.00,$0.00,$0.00,$125.00,$660.00,$700.16,7,
563,NQ 06-26,Backtest,VariableTrend,Short,1,11398.75,11411.25,12/11/2019 12:50:00 PM,12/11/2019 2:00:00 PM,Sell short,Close position,($255.16),($4975.08),$5.16,$0.00,$0.00,$0.00,$0.00,$305.00,$5.00,$260.16,2,
564,NQ 06-26,Backtest,VariableTrend,Long,1,11411.25,11447.25,12/11/2019 2:00:00 PM,12/11/2019 11:00:00 PM,Buy,Exit on session close,$714.84,($4260.24),$5.16,$0.00,$0.00,$0.00,$0.00,$165.00,$785.00,$70.16,9,
565,NQ 06-26,Backtest,VariableTrend,Short,1,11443.50,11493.50,12/12/2019 3:10:00 PM,12/12/2019 4:20:00 PM,Sell short,Stop loss,($1005.16),($5265.40),$5.16,$0.00,$0.00,$0.00,$0.00,$1000.00,$450.00,$1455.16,2,
566,NQ 06-26,Backtest,VariableTrend,Long,1,11528.75,11478.75,12/12/2019 5:30:00 PM,12/12/2019 5:30:00 PM,Buy,Stop loss,($1005.16),($6270.56),$5.16,$0.00,$0.00,$0.00,$0.00,$1000.00,$0.00,$1005.16,1,
567,NQ 06-26,Backtest,VariableTrend,Short,1,11518.75,11546.50,12/13/2019 3:10:00 PM,12/13/2019 5:30:00 PM,Sell short,Close position,($560.16),($6830.72),$5.16,$0.00,$0.00,$0.00,$0.00,$850.00,$845.00,$1405.16,3,
568,NQ 06-26,Backtest,VariableTrend,Long,1,11546.50,11496.50,12/13/2019 5:30:00 PM,12/13/2019 5:30:00 PM,Buy,Stop loss,($1005.16),($7835.88),$5.16,$0.00,$0.00,$0.00,$0.00,$1000.00,$0.00,$1005.16,1,
569,NQ 06-26,Backtest,VariableTrend,Short,1,11498.75,11538.25,12/13/2019 6:40:00 PM,12/13/2019 7:50:00 PM,Sell short,Close position,($795.16),($8631.04),$5.16,$0.00,$0.00,$0.00,$0.00,$810.00,$35.00,$830.16,2,
570,NQ 06-26,Backtest,VariableTrend,Long,1,11538.25,11536.00,12/13/2019 7:50:00 PM,12/13/2019 11:00:00 PM,Buy,Exit on session close,($50.16),($8681.20),$5.16,$0.00,$0.00,$0.00,$0.00,$185.00,$165.00,$215.16,4,
571,NQ 06-26,Backtest,VariableTrend,Short,1,11613.25,11624.25,12/18/2019 9:20:00 AM,12/18/2019 10:30:00 AM,Sell short,Close position,($225.16),($8906.36),$5.16,$0.00,$0.00,$0.00,$0.00,$230.00,$65.00,$290.16,2,
572,NQ 06-26,Backtest,VariableTrend,Long,1,11624.25,11639.00,12/18/2019 10:30:00 AM,12/18/2019 11:00:00 PM,Buy,Exit on session close,$289.84,($8616.52),$5.16,$0.00,$0.00,$0.00,$0.00,$130.00,$635.00,$345.16,12,
573,NQ 06-26,Backtest,VariableTrend,Short,1,11629.75,11632.50,12/19/2019 5:50:00 AM,12/19/2019 8:10:00 AM,Sell short,Close position,($60.16),($8676.68),$5.16,$0.00,$0.00,$0.00,$0.00,$60.00,$15.00,$75.16,3,
574,NQ 06-26,Backtest,VariableTrend,Long,1,11632.50,11627.75,12/19/2019 8:10:00 AM,12/19/2019 3:10:00 PM,Buy,Close position,($100.16),($8776.84),$5.16,$0.00,$0.00,$0.00,$0.00,$180.00,$165.00,$265.16,7,
575,NQ 06-26,Backtest,VariableTrend,Short,1,11627.75,11640.25,12/19/2019 3:10:00 PM,12/19/2019 5:30:00 PM,Sell short,Close position,($255.16),($9032.00),$5.16,$0.00,$0.00,$0.00,$0.00,$465.00,$80.00,$335.16,3,
576,NQ 06-26,Backtest,VariableTrend,Long,1,11640.25,11695.25,12/19/2019 5:30:00 PM,12/19/2019 11:00:00 PM,Buy,Exit on session close,$1094.84,($7937.16),$5.16,$0.00,$0.00,$0.00,$0.00,$10.00,$1140.00,$45.16,6,
577,NQ 06-26,Backtest,VariableTrend,Short,1,11735.00,11744.50,12/24/2019 5:30:00 PM,12/24/2019 7:15:00 PM,Sell short,Exit on session close,($195.16),($8132.32),$5.16,$0.00,$0.00,$0.00,$0.00,$220.00,$80.00,$275.16,3,
578,NQ 06-26,Backtest,VariableTrend,Short,1,11818.25,11794.00,12/27/2019 5:30:00 PM,12/27/2019 11:00:00 PM,Sell short,Exit on session close,$479.84,($7652.48),$5.16,$0.00,$0.00,$0.00,$0.00,$335.00,$690.00,$210.16,6,
579,NQ 06-26,Backtest,VariableTrend,Long,1,11822.50,11819.75,12/30/2019 5:50:00 AM,12/30/2019 8:10:00 AM,Buy,Close position,($60.16),($7712.64),$5.16,$0.00,$0.00,$0.00,$0.00,$90.00,$40.00,$100.16,3,
580,NQ 06-26,Backtest,VariableTrend,Short,1,11819.75,11747.25,12/30/2019 8:10:00 AM,12/30/2019 11:00:00 PM,Sell short,Exit on session close,$1444.84,($6267.80),$5.16,$0.00,$0.00,$0.00,$0.00,$25.00,$2275.00,$830.16,14,
581,NQ 06-26,Backtest,VariableTrend,Long,1,11781.00,11786.75,12/31/2019 11:00:00 PM,12/31/2019 11:00:00 PM,Buy,Exit on session close,$109.84,($6157.96),$5.16,$0.00,$0.00,$0.00,$0.00,$65.00,$120.00,$10.16,1,
582,NQ 06-26,Backtest,VariableTrend,Short,1,11864.50,11834.25,1/3/2020 4:40:00 AM,1/3/2020 5:30:00 PM,Sell short,Close position,$599.84,($5558.12),$5.16,$0.00,$0.00,$0.00,$0.00,$150.00,$2290.00,$1690.16,12,
583,NQ 06-26,Backtest,VariableTrend,Long,1,11834.25,11829.50,1/3/2020 5:30:00 PM,1/3/2020 11:00:00 PM,Buy,Close position,($100.16),($5658.28),$5.16,$0.00,$0.00,$0.00,$0.00,$280.00,$845.00,$945.16,6,
584,NQ 06-26,Backtest,VariableTrend,Short,1,11829.50,11826.50,1/3/2020 11:00:00 PM,1/3/2020 11:00:00 PM,Sell short,Exit on session close,$54.84,($5603.44),$5.16,$0.00,$0.00,$0.00,$0.00,$25.00,$190.00,$135.16,1,
585,NQ 06-26,Backtest,VariableTrend,Long,1,11825.25,11867.25,1/6/2020 5:30:00 PM,1/6/2020 11:00:00 PM,Buy,Exit on session close,$834.84,($4768.60),$5.16,$0.00,$0.00,$0.00,$0.00,$110.00,$1250.00,$415.16,6,
586,NQ 06-26,Backtest,VariableTrend,Short,1,11867.50,11859.00,1/7/2020 11:00:00 PM,1/7/2020 11:00:00 PM,Sell short,Exit on session close,$164.84,($4603.76),$5.16,$0.00,$0.00,$0.00,$0.00,$90.00,$540.00,$375.16,1,
587,NQ 06-26,Backtest,VariableTrend,Long,1,11842.25,11962.25,1/8/2020 9:20:00 AM,1/8/2020 11:00:00 PM,Buy,Exit on session close,$2394.84,($2208.92),$5.16,$0.00,$0.00,$0.00,$0.00,$150.00,$2895.00,$500.16,13,
588,NQ 06-26,Backtest,VariableTrend,Short,1,11981.50,12007.75,1/9/2020 7:50:00 PM,1/9/2020 9:00:00 PM,Sell short,Close position,($530.16),($2739.08),$5.16,$0.00,$0.00,$0.00,$0.00,$560.00,$285.00,$815.16,2,
589,NQ 06-26,Backtest,VariableTrend,Long,1,12007.75,12023.25,1/9/2020 9:00:00 PM,1/9/2020 11:00:00 PM,Buy,Exit on session close,$304.84,($2434.24),$5.16,$0.00,$0.00,$0.00,$0.00,$180.00,$340.00,$35.16,3,
590,NQ 06-26,Backtest,VariableTrend,Short,1,12037.75,11993.00,1/10/2020 6:40:00 PM,1/10/2020 11:00:00 PM,Sell short,Exit on session close,$889.84,($1544.40),$5.16,$0.00,$0.00,$0.00,$0.00,$85.00,$1135.00,$245.16,5,
591,NQ 06-26,Backtest,VariableTrend,Long,1,12024.75,12027.50,1/13/2020 5:50:00 AM,1/13/2020 3:10:00 PM,Buy,Close position,$49.84,($1494.56),$5.16,$0.00,$0.00,$0.00,$0.00,$80.00,$345.00,$295.16,9,
592,NQ 06-26,Backtest,VariableTrend,Short,1,12027.50,12030.25,1/13/2020 3:10:00 PM,1/13/2020 4:20:00 PM,Sell short,Close position,($60.16),($1554.72),$5.16,$0.00,$0.00,$0.00,$0.00,$235.00,$15.00,$75.16,2,
593,NQ 06-26,Backtest,VariableTrend,Long,1,12030.25,12105.00,1/13/2020 4:20:00 PM,1/13/2020 11:00:00 PM,Buy,Exit on session close,$1489.84,($64.88),$5.16,$0.00,$0.00,$0.00,$0.00,$235.00,$1600.00,$110.16,7,
594,NQ 06-26,Backtest,VariableTrend,Short,1,12076.00,12099.25,1/14/2020 10:30:00 AM,1/14/2020 12:50:00 PM,Sell short,Close position,($470.16),($535.04),$5.16,$0.00,$0.00,$0.00,$0.00,$710.00,$410.00,$880.16,3,
595,NQ 06-26,Backtest,VariableTrend,Long,1,12099.25,12084.25,1/14/2020 12:50:00 PM,1/14/2020 2:00:00 PM,Buy,Close position,($305.16),($840.20),$5.16,$0.00,$0.00,$0.00,$0.00,$470.00,$5.00,$310.16,2,
596,NQ 06-26,Backtest,VariableTrend,Short,1,12084.25,12093.50,1/14/2020 2:00:00 PM,1/14/2020 3:10:00 PM,Sell short,Close position,($190.16),($1030.36),$5.16,$0.00,$0.00,$0.00,$0.00,$295.00,$10.00,$200.16,2,
597,NQ 06-26,Backtest,VariableTrend,Long,1,12093.50,12082.00,1/14/2020 3:10:00 PM,1/14/2020 5:30:00 PM,Buy,Close position,($235.16),($1265.52),$5.16,$0.00,$0.00,$0.00,$0.00,$870.00,$240.00,$475.16,3,
598,NQ 06-26,Backtest,VariableTrend,Short,1,12082.00,12102.75,1/14/2020 5:30:00 PM,1/14/2020 7:50:00 PM,Sell short,Close position,($420.16),($1685.68),$5.16,$0.00,$0.00,$0.00,$0.00,$420.00,$385.00,$805.16,3,
599,NQ 06-26,Backtest,VariableTrend,Long,1,12102.75,12084.00,1/14/2020 7:50:00 PM,1/14/2020 9:00:00 PM,Buy,Close position,($380.16),($2065.84),$5.16,$0.00,$0.00,$0.00,$0.00,$700.00,$140.00,$520.16,2,
600,NQ 06-26,Backtest,VariableTrend,Short,1,12084.00,12077.75,1/14/2020 9:00:00 PM,1/14/2020 11:00:00 PM,Sell short,Exit on session close,$119.84,($1946.00),$5.16,$0.00,$0.00,$0.00,$0.00,$175.00,$685.00,$565.16,3,
601,NQ 06-26,Backtest,VariableTrend,Long,1,12074.75,12066.25,1/15/2020 2:00:00 PM,1/15/2020 4:20:00 PM,Buy,Close position,($175.16),($2121.16),$5.16,$0.00,$0.00,$0.00,$0.00,$335.00,$295.00,$470.16,3,
602,NQ 06-26,Backtest,VariableTrend,Short,1,12066.25,12098.75,1/15/2020 4:20:00 PM,1/15/2020 5:30:00 PM,Sell short,Close position,($655.16),($2776.32),$5.16,$0.00,$0.00,$0.00,$0.00,$795.00,$40.00,$695.16,2,
603,NQ 06-26,Backtest,VariableTrend,Long,1,12098.75,12074.75,1/15/2020 5:30:00 PM,1/15/2020 9:00:00 PM,Buy,Close position,($485.16),($3261.48),$5.16,$0.00,$0.00,$0.00,$0.00,$680.00,$240.00,$725.16,4,
604,NQ 06-26,Backtest,VariableTrend,Short,1,12074.75,12076.75,1/15/2020 9:00:00 PM,1/15/2020 11:00:00 PM,Sell short,Exit on session close,($45.16),($3306.64),$5.16,$0.00,$0.00,$0.00,$0.00,$290.00,$740.00,$785.16,3,
605,NQ 06-26,Backtest,VariableTrend,Long,1,12083.75,12153.25,1/16/2020 2:20:00 AM,1/16/2020 11:00:00 PM,Buy,Exit on session close,$1384.84,($1921.80),$5.16,$0.00,$0.00,$0.00,$0.00,$105.00,$1425.00,$40.16,19,
606,NQ 06-26,Backtest,VariableTrend,Short,1,12153.50,12168.75,1/17/2020 6:40:00 PM,1/17/2020 7:50:00 PM,Sell short,Close position,($310.16),($2231.96),$5.16,$0.00,$0.00,$0.00,$0.00,$380.00,$15.00,$325.16,2,
607,NQ 06-26,Backtest,VariableTrend,Long,1,12168.75,12186.50,1/17/2020 7:50:00 PM,1/17/2020 11:00:00 PM,Buy,Exit on session close,$349.84,($1882.12),$5.16,$0.00,$0.00,$0.00,$0.00,$150.00,$705.00,$355.16,4,
608,NQ 06-26,Backtest,VariableTrend,Short,1,12176.75,12184.00,1/20/2020 12:50:00 PM,1/20/2020 2:00:00 PM,Sell short,Close position,($150.16),($2032.28),$5.16,$0.00,$0.00,$0.00,$0.00,$170.00,$20.00,$170.16,2,
609,NQ 06-26,Backtest,VariableTrend,Long,1,12184.00,12190.50,1/20/2020 2:00:00 PM,1/20/2020 7:00:00 PM,Buy,Exit on session close,$124.84,($1907.44),$5.16,$0.00,$0.00,$0.00,$0.00,$160.00,$155.00,$30.16,6,
610,NQ 06-26,Backtest,VariableTrend,Short,1,12155.25,12155.50,1/21/2020 3:30:00 AM,1/21/2020 3:10:00 PM,Sell short,Close position,($10.16),($1917.60),$5.16,$0.00,$0.00,$0.00,$0.00,$115.00,$515.00,$525.16,11,
611,NQ 06-26,Backtest,VariableTrend,Long,1,12155.50,12189.50,1/21/2020 3:10:00 PM,1/21/2020 11:00:00 PM,Buy,Exit on session close,$674.84,($1242.76),$5.16,$0.00,$0.00,$0.00,$0.00,$55.00,$1180.00,$505.16,8,
612,NQ 06-26,Backtest,VariableTrend,Short,1,12215.25,12202.75,1/22/2020 11:00:00 PM,1/22/2020 11:00:00 PM,Sell short,Exit on session close,$244.84,($997.92),$5.16,$0.00,$0.00,$0.00,$0.00,$20.00,$395.00,$150.16,1,
613,NQ 06-26,Backtest,VariableTrend,Long,1,12218.50,12214.25,1/23/2020 12:50:00 PM,1/23/2020 2:00:00 PM,Buy,Close position,($90.16),($1088.08),$5.16,$0.00,$0.00,$0.00,$0.00,$120.00,$90.00,$180.16,2,
614,NQ 06-26,Backtest,VariableTrend,Short,1,12214.25,12224.75,1/23/2020 2:00:00 PM,1/23/2020 9:00:00 PM,Sell short,Close position,($215.16),($1303.24),$5.16,$0.00,$0.00,$0.00,$0.00,$310.00,$955.00,$1170.16,7,
615,NQ 06-26,Backtest,VariableTrend,Long,1,12224.75,12266.00,1/23/2020 9:00:00 PM,1/23/2020 11:00:00 PM,Buy,Exit on session close,$819.84,($483.40),$5.16,$0.00,$0.00,$0.00,$0.00,$45.00,$870.00,$50.16,3,
616,NQ 06-26,Backtest,VariableTrend,Short,1,12261.50,12151.50,1/24/2020 5:30:00 PM,1/24/2020 11:00:00 PM,Sell short,Exit on session close,$2194.84,$1711.44,$5.16,$0.00,$0.00,$0.00,$0.00,$180.00,$2745.00,$550.16,6,
617,NQ 06-26,Backtest,VariableTrend,Long,1,12039.75,11989.75,1/28/2020 8:10:00 AM,1/28/2020 10:30:00 AM,Buy,Stop loss,($1005.16),$706.28,$5.16,$0.00,$0.00,$0.00,$0.00,$1000.00,$300.00,$1305.16,3,
618,NQ 06-26,Backtest,VariableTrend,Short,1,11998.25,12048.25,1/28/2020 11:40:00 AM,1/28/2020 2:00:00 PM,Sell short,Stop loss,($1005.16),($298.88),$5.16,$0.00,$0.00,$0.00,$0.00,$1000.00,$110.00,$1115.16,3,
619,NQ 06-26,Backtest,VariableTrend,Long,1,12044.25,12139.25,1/28/2020 3:10:00 PM,1/28/2020 11:00:00 PM,Buy,Exit on session close,$1894.84,$1595.96,$5.16,$0.00,$0.00,$0.00,$0.00,$570.00,$2135.00,$240.16,8,
620,NQ 06-26,Backtest,VariableTrend,Short,1,12097.25,12137.50,1/29/2020 5:30:00 PM,1/29/2020 6:40:00 PM,Sell short,Close position,($810.16),$785.80,$5.16,$0.00,$0.00,$0.00,$0.00,$850.00,$10.00,$820.16,2,
621,NQ 06-26,Backtest,VariableTrend,Long,1,12137.50,12107.25,1/29/2020 6:40:00 PM,1/29/2020 11:00:00 PM,Buy,Close position,($610.16),$175.64,$5.16,$0.00,$0.00,$0.00,$0.00,$740.00,$705.00,$1315.16,5,
622,NQ 06-26,Backtest,VariableTrend,Short,1,12107.25,12119.50,1/29/2020 11:00:00 PM,1/29/2020 11:00:00 PM,Sell short,Exit on session close,($250.16),($74.52),$5.16,$0.00,$0.00,$0.00,$0.00,$280.00,$245.00,$495.16,1,
623,NQ 06-26,Backtest,VariableTrend,Short,1,12111.25,12094.75,1/30/2020 3:30:00 AM,1/30/2020 5:30:00 PM,Sell short,Close position,$324.84,$250.32,$5.16,$0.00,$0.00,$0.00,$0.00,$365.00,$1860.00,$1535.16,13,
624,NQ 06-26,Backtest,VariableTrend,Long,1,12094.75,12044.75,1/30/2020 5:30:00 PM,1/30/2020 5:30:00 PM,Buy,Stop loss,($1005.16),($754.84),$5.16,$0.00,$0.00,$0.00,$0.00,$1000.00,$0.00,$1005.16,1,
625,NQ 06-26,Backtest,VariableTrend,Short,1,12081.25,12131.25,1/30/2020 6:40:00 PM,1/30/2020 9:00:00 PM,Sell short,Stop loss,($1005.16),($1760.00),$5.16,$0.00,$0.00,$0.00,$0.00,$1000.00,$690.00,$1695.16,3,
626,NQ 06-26,Backtest,VariableTrend,Long,1,12114.00,12252.25,1/30/2020 10:10:00 PM,1/30/2020 11:00:00 PM,Buy,Exit on session close,$2759.84,$999.84,$5.16,$0.00,$0.00,$0.00,$0.00,$125.00,$2815.00,$55.16,2,
627,NQ 06-26,Backtest,VariableTrend,Short,1,12161.00,12211.00,1/31/2020 12:50:00 PM,1/31/2020 2:00:00 PM,Sell short,Stop loss,($1005.16),($5.32),$5.16,$0.00,$0.00,$0.00,$0.00,$1000.00,$90.00,$1095.16,2,
628,NQ 06-26,Backtest,VariableTrend,Long,1,12200.25,12150.25,1/31/2020 3:10:00 PM,1/31/2020 4:20:00 PM,Buy,Stop loss,($1005.16),($1010.48),$5.16,$0.00,$0.00,$0.00,$0.00,$1000.00,$145.00,$1150.16,2,
629,NQ 06-26,Backtest,VariableTrend,Short,1,12105.50,12028.00,1/31/2020 5:30:00 PM,1/31/2020 11:00:00 PM,Sell short,Exit on session close,$1544.84,$534.36,$5.16,$0.00,$0.00,$0.00,$0.00,$245.00,$2495.00,$950.16,6,
630,NQ 06-26,Backtest,VariableTrend,Long,1,12085.25,12082.00,2/3/2020 5:50:00 AM,2/3/2020 7:00:00 AM,Buy,Close position,($70.16),$464.20,$5.16,$0.00,$0.00,$0.00,$0.00,$125.00,$135.00,$205.16,2,
631,NQ 06-26,Backtest,VariableTrend,Short,1,12082.00,12095.75,2/3/2020 7:00:00 AM,2/3/2020 8:10:00 AM,Sell short,Close position,($280.16),$184.04,$5.16,$0.00,$0.00,$0.00,$0.00,$415.00,$15.00,$295.16,2,
632,NQ 06-26,Backtest,VariableTrend,Long,1,12095.75,12070.00,2/3/2020 8:10:00 AM,2/3/2020 9:20:00 AM,Buy,Close position,($520.16),($336.12),$5.16,$0.00,$0.00,$0.00,$0.00,$570.00,$15.00,$535.16,2,
633,NQ 06-26,Backtest,VariableTrend,Short,1,12070.00,12120.00,2/3/2020 9:20:00 AM,2/3/2020 4:20:00 PM,Sell short,Stop loss,($1005.16),($1341.28),$5.16,$0.00,$0.00,$0.00,$0.00,$1000.00,$595.00,$1600.16,7,
634,NQ 06-26,Backtest,VariableTrend,Long,1,12160.00,12110.00,2/3/2020 5:30:00 PM,2/3/2020 10:10:00 PM,Buy,Stop loss,($1005.16),($2346.44),$5.16,$0.00,$0.00,$0.00,$0.00,$1000.00,$210.00,$1215.16,5,
635,NQ 06-26,Backtest,VariableTrend,Short,1,12384.75,12399.25,2/5/2020 5:30:00 PM,2/5/2020 10:10:00 PM,Sell short,Close position,($295.16),($2641.60),$5.16,$0.00,$0.00,$0.00,$0.00,$335.00,$1045.00,$1340.16,5,
636,NQ 06-26,Backtest,VariableTrend,Long,1,12399.25,12389.75,2/5/2020 10:10:00 PM,2/5/2020 11:00:00 PM,Buy,Close position,($195.16),($2836.76),$5.16,$0.00,$0.00,$0.00,$0.00,$550.00,$340.00,$535.16,2,
637,NQ 06-26,Backtest,VariableTrend,Short,1,12389.75,12403.00,2/5/2020 11:00:00 PM,2/5/2020 11:00:00 PM,Sell short,Exit on session close,($270.16),($3106.92),$5.16,$0.00,$0.00,$0.00,$0.00,$415.00,$45.00,$315.16,1,
638,NQ 06-26,Backtest,VariableTrend,Short,1,12419.00,12454.75,2/6/2020 4:20:00 PM,2/6/2020 6:40:00 PM,Sell short,Close position,($720.16),($3827.08),$5.16,$0.00,$0.00,$0.00,$0.00,$830.00,$835.00,$1555.16,3,
639,NQ 06-26,Backtest,VariableTrend,Long,1,12454.75,12478.75,2/6/2020 6:40:00 PM,2/6/2020 11:00:00 PM,Buy,Exit on session close,$474.84,($3352.24),$5.16,$0.00,$0.00,$0.00,$0.00,$335.00,$480.00,$5.16,5,
640,NQ 06-26,Backtest,VariableTrend,Short,1,12426.75,12442.50,2/7/2020 12:50:00 PM,2/7/2020 3:10:00 PM,Sell short,Close position,($320.16),($3672.40),$5.16,$0.00,$0.00,$0.00,$0.00,$380.00,$340.00,$660.16,3,
641,NQ 06-26,Backtest,VariableTrend,Long,1,12442.50,12430.00,2/7/2020 3:10:00 PM,2/7/2020 4:20:00 PM,Buy,Close position,($255.16),($3927.56),$5.16,$0.00,$0.00,$0.00,$0.00,$525.00,$530.00,$785.16,2,
642,NQ 06-26,Backtest,VariableTrend,Short,1,12430.00,12465.75,2/7/2020 4:20:00 PM,2/7/2020 6:40:00 PM,Sell short,Close position,($720.16),($4647.72),$5.16,$0.00,$0.00,$0.00,$0.00,$755.00,$605.00,$1325.16,3,
643,NQ 06-26,Backtest,VariableTrend,Long,1,12465.75,12415.75,2/7/2020 6:40:00 PM,2/7/2020 9:00:00 PM,Buy,Stop loss,($1005.16),($5652.88),$5.16,$0.00,$0.00,$0.00,$0.00,$1000.00,$250.00,$1255.16,3,
644,NQ 06-26,Backtest,VariableTrend,Short,1,12430.75,12415.25,2/7/2020 10:10:00 PM,2/7/2020 11:00:00 PM,Sell short,Exit on session close,$304.84,($5348.04),$5.16,$0.00,$0.00,$0.00,$0.00,$65.00,$390.00,$85.16,2,
645,NQ 06-26,Backtest,VariableTrend,Long,1,12438.75,12428.50,2/10/2020 4:40:00 AM,2/10/2020 10:30:00 AM,Buy,Close position,($210.16),($5558.20),$5.16,$0.00,$0.00,$0.00,$0.00,$390.00,$320.00,$530.16,6,
646,NQ 06-26,Backtest,VariableTrend,Short,1,12428.50,12437.75,2/10/2020 10:30:00 AM,2/10/2020 2:00:00 PM,Sell short,Close position,($190.16),($5748.36),$5.16,$0.00,$0.00,$0.00,$0.00,$335.00,$585.00,$775.16,4,
647,NQ 06-26,Backtest,VariableTrend,Long,1,12437.75,12425.50,2/10/2020 2:00:00 PM,2/10/2020 3:10:00 PM,Buy,Close position,($250.16),($5998.52),$5.16,$0.00,$0.00,$0.00,$0.00,$320.00,$75.00,$325.16,2,
648,NQ 06-26,Backtest,VariableTrend,Short,1,12425.50,12475.50,2/10/2020 3:10:00 PM,2/10/2020 4:20:00 PM,Sell short,Stop loss,($1005.16),($7003.68),$5.16,$0.00,$0.00,$0.00,$0.00,$1000.00,$495.00,$1500.16,2,
649,NQ 06-26,Backtest,VariableTrend,Long,1,12476.25,12540.75,2/10/2020 5:30:00 PM,2/10/2020 11:00:00 PM,Buy,Exit on session close,$1284.84,($5718.84),$5.16,$0.00,$0.00,$0.00,$0.00,$155.00,$1400.00,$115.16,6,
650,NQ 06-26,Backtest,VariableTrend,Short,1,12549.75,12547.50,2/11/2020 10:10:00 PM,2/11/2020 11:00:00 PM,Sell short,Exit on session close,$39.84,($5679.00),$5.16,$0.00,$0.00,$0.00,$0.00,$180.00,$675.00,$635.16,2,
651,NQ 06-26,Backtest,VariableTrend,Long,1,12563.75,12638.25,2/12/2020 5:50:00 AM,2/12/2020 11:00:00 PM,Buy,Exit on session close,$1484.84,($4194.16),$5.16,$0.00,$0.00,$0.00,$0.00,$25.00,$1585.00,$100.16,16,
652,NQ 06-26,Backtest,VariableTrend,Short,1,12593.00,12604.00,2/13/2020 7:00:00 AM,2/13/2020 5:30:00 PM,Sell short,Close position,($225.16),($4419.32),$5.16,$0.00,$0.00,$0.00,$0.00,$290.00,$1340.00,$1565.16,10,
653,NQ 06-26,Backtest,VariableTrend,Long,1,12604.00,12640.00,2/13/2020 5:30:00 PM,2/13/2020 11:00:00 PM,Buy,Exit on session close,$714.84,($3704.48),$5.16,$0.00,$0.00,$0.00,$0.00,$225.00,$1110.00,$395.16,6,
654,NQ 06-26,Backtest,VariableTrend,Short,1,12627.75,12646.25,2/14/2020 5:30:00 PM,2/14/2020 6:40:00 PM,Sell short,Close position,($375.16),($4079.64),$5.16,$0.00,$0.00,$0.00,$0.00,$585.00,$15.00,$390.16,2,
655,NQ 06-26,Backtest,VariableTrend,Long,1,12646.25,12620.00,2/14/2020 6:40:00 PM,2/14/2020 9:00:00 PM,Buy,Close position,($530.16),($4609.80),$5.16,$0.00,$0.00,$0.00,$0.00,$735.00,$45.00,$575.16,3,
656,NQ 06-26,Backtest,VariableTrend,Short,1,12620.00,12628.00,2/14/2020 9:00:00 PM,2/14/2020 10:10:00 PM,Sell short,Close position,($165.16),($4774.96),$5.16,$0.00,$0.00,$0.00,$0.00,$360.00,$345.00,$510.16,2,
657,NQ 06-26,Backtest,VariableTrend,Long,1,12628.00,12645.00,2/14/2020 10:10:00 PM,2/14/2020 11:00:00 PM,Buy,Exit on session close,$334.84,($4440.12),$5.16,$0.00,$0.00,$0.00,$0.00,$265.00,$455.00,$120.16,2,
658,NQ 06-26,Backtest,VariableTrend,Short,1,12671.25,12676.25,2/17/2020 4:20:00 PM,2/17/2020 5:30:00 PM,Sell short,Close position,($105.16),($4545.28),$5.16,$0.00,$0.00,$0.00,$0.00,$160.00,$20.00,$125.16,2,
659,NQ 06-26,Backtest,VariableTrend,Long,1,12676.25,12681.25,2/17/2020 5:30:00 PM,2/17/2020 7:00:00 PM,Buy,Exit on session close,$94.84,($4450.44),$5.16,$0.00,$0.00,$0.00,$0.00,$45.00,$155.00,$60.16,3,
660,NQ 06-26,Backtest,VariableTrend,Short,1,12614.00,12606.00,2/18/2020 2:20:00 AM,2/18/2020 4:20:00 PM,Sell short,Close position,$154.84,($4295.60),$5.16,$0.00,$0.00,$0.00,$0.00,$55.00,$1300.00,$1145.16,13,
661,NQ 06-26,Backtest,VariableTrend,Long,1,12606.00,12655.00,2/18/2020 4:20:00 PM,2/18/2020 11:00:00 PM,Buy,Exit on session close,$974.84,($3320.76),$5.16,$0.00,$0.00,$0.00,$0.00,$335.00,$1265.00,$290.16,7,
662,NQ 06-26,Backtest,VariableTrend,Short,1,12709.75,12741.75,2/20/2020 5:50:00 AM,2/20/2020 9:20:00 AM,Sell short,Close position,($645.16),($3965.92),$5.16,$0.00,$0.00,$0.00,$0.00,$725.00,$170.00,$815.16,4,
663,NQ 06-26,Backtest,VariableTrend,Long,1,12741.75,12730.75,2/20/2020 9:20:00 AM,2/20/2020 11:40:00 AM,Buy,Close position,($225.16),($4191.08),$5.16,$0.00,$0.00,$0.00,$0.00,$380.00,$340.00,$565.16,3,
664,NQ 06-26,Backtest,VariableTrend,Short,1,12730.75,12633.00,2/20/2020 11:40:00 AM,2/20/2020 11:00:00 PM,Sell short,Exit on session close,$1949.84,($2241.24),$5.16,$0.00,$0.00,$0.00,$0.00,$275.00,$3980.00,$2030.16,11,
665,NQ 06-26,Backtest,VariableTrend,Long,1,12212.00,12191.00,2/25/2020 4:40:00 AM,2/25/2020 5:50:00 AM,Buy,Close position,($425.16),($2666.40),$5.16,$0.00,$0.00,$0.00,$0.00,$740.00,$120.00,$545.16,2,
666,NQ 06-26,Backtest,VariableTrend,Short,1,12191.00,12213.75,2/25/2020 5:50:00 AM,2/25/2020 8:10:00 AM,Sell short,Close position,($460.16),($3126.56),$5.16,$0.00,$0.00,$0.00,$0.00,$485.00,$55.00,$515.16,3,
667,NQ 06-26,Backtest,VariableTrend,Long,1,12213.75,12203.25,2/25/2020 8:10:00 AM,2/25/2020 10:30:00 AM,Buy,Close position,($215.16),($3341.72),$5.16,$0.00,$0.00,$0.00,$0.00,$290.00,$505.00,$720.16,3,
668,NQ 06-26,Backtest,VariableTrend,Short,1,12203.25,11888.50,2/25/2020 10:30:00 AM,2/25/2020 11:00:00 PM,Sell short,Exit on session close,$6289.84,$2948.12,$5.16,$0.00,$0.00,$0.00,$0.00,$130.00,$7570.00,$1280.16,12,
669,NQ 06-26,Backtest,VariableTrend,Long,1,12004.25,11954.25,2/26/2020 5:30:00 PM,2/26/2020 6:40:00 PM,Buy,Stop loss,($1005.16),$1942.96,$5.16,$0.00,$0.00,$0.00,$0.00,$1000.00,$960.00,$1965.16,2,
670,NQ 06-26,Backtest,VariableTrend,Short,1,11952.50,11835.75,2/26/2020 7:50:00 PM,2/26/2020 11:00:00 PM,Sell short,Exit on session close,$2329.84,$4272.80,$5.16,$0.00,$0.00,$0.00,$0.00,$300.00,$2555.00,$225.16,4,
671,NQ 06-26,Backtest,VariableTrend,Long,1,11845.00,11795.00,2/27/2020 11:40:00 AM,2/27/2020 11:40:00 AM,Buy,Stop loss,($1005.16),$3267.64,$5.16,$0.00,$0.00,$0.00,$0.00,$1000.00,$0.00,$1005.16,1,
672,NQ 06-26,Backtest,VariableTrend,Short,1,11812.75,11364.50,2/27/2020 12:50:00 PM,2/27/2020 11:00:00 PM,Sell short,Exit on session close,$8959.84,$12227.48,$5.16,$0.00,$0.00,$0.00,$0.00,$290.00,$9275.00,$315.16,10,
673,NQ 06-26,Backtest,VariableTrend,Long,1,11537.00,11562.75,2/28/2020 11:00:00 PM,2/28/2020 11:00:00 PM,Buy,Exit on session close,$509.84,$12737.32,$5.16,$0.00,$0.00,$0.00,$0.00,$825.00,$1050.00,$540.16,1,
674,NQ 06-26,Backtest,VariableTrend,Short,1,11387.75,11437.75,3/2/2020 2:20:00 AM,3/2/2020 3:30:00 AM,Sell short,Stop loss,($1005.16),$11732.16,$5.16,$0.00,$0.00,$0.00,$0.00,$1000.00,$1135.00,$2140.16,2,
675,NQ 06-26,Backtest,VariableTrend,Long,1,11513.25,11463.25,3/2/2020 4:40:00 AM,3/2/2020 12:50:00 PM,Buy,Stop loss,($1005.16),$10727.00,$5.16,$0.00,$0.00,$0.00,$0.00,$1000.00,$3575.00,$4580.16,8,
676,NQ 06-26,Backtest,VariableTrend,Short,1,11451.50,11501.50,3/2/2020 2:00:00 PM,3/2/2020 3:10:00 PM,Sell short,Stop loss,($1005.16),$9721.84,$5.16,$0.00,$0.00,$0.00,$0.00,$1000.00,$1465.00,$2470.16,2,
677,NQ 06-26,Backtest,VariableTrend,Long,1,11537.25,11487.25,3/2/2020 4:20:00 PM,3/2/2020 4:20:00 PM,Buy,Stop loss,($1005.16),$8716.68,$5.16,$0.00,$0.00,$0.00,$0.00,$1000.00,$0.00,$1005.16,1,
678,NQ 06-26,Backtest,VariableTrend,Short,1,11625.50,11675.50,3/3/2020 9:00:00 PM,3/3/2020 10:10:00 PM,Sell short,Stop loss,($1005.16),$7711.52,$5.16,$0.00,$0.00,$0.00,$0.00,$1000.00,$1995.00,$3000.16,2,
679,NQ 06-26,Backtest,VariableTrend,Long,1,11674.00,11904.00,3/4/2020 3:30:00 AM,3/4/2020 11:00:00 PM,Buy,Exit on session close,$4594.84,$12306.36,$5.16,$0.00,$0.00,$0.00,$0.00,$710.00,$5815.00,$1220.16,18,
680,NQ 06-26,Backtest,VariableTrend,Short,1,11766.25,11807.25,3/5/2020 11:40:00 AM,3/5/2020 5:30:00 PM,Sell short,Close position,($825.16),$11481.20,$5.16,$0.00,$0.00,$0.00,$0.00,$870.00,$1590.00,$2415.16,6,
681,NQ 06-26,Backtest,VariableTrend,Long,1,11807.25,11757.25,3/5/2020 5:30:00 PM,3/5/2020 6:40:00 PM,Buy,Stop loss,($1005.16),$10476.04,$5.16,$0.00,$0.00,$0.00,$0.00,$1000.00,$1505.00,$2510.16,2,
682,NQ 06-26,Backtest,VariableTrend,Short,1,11735.75,11688.75,3/5/2020 7:50:00 PM,3/5/2020 11:00:00 PM,Sell short,Exit on session close,$934.84,$11410.88,$5.16,$0.00,$0.00,$0.00,$0.00,$490.00,$2205.00,$1270.16,4,
683,NQ 06-26,Backtest,VariableTrend,Long,1,11204.50,11154.50,3/10/2020 3:40:00 AM,3/10/2020 3:40:00 AM,Buy,Stop loss,($1005.16),$10405.72,$5.16,$0.00,$0.00,$0.00,$0.00,$1000.00,$0.00,$1005.16,1,
684,NQ 06-26,Backtest,VariableTrend,Short,1,10997.25,11047.25,3/10/2020 5:40:00 PM,3/10/2020 5:40:00 PM,Sell short,Stop loss,($1005.16),$9400.56,$5.16,$0.00,$0.00,$0.00,$0.00,$1000.00,$0.00,$1005.16,1,
685,NQ 06-26,Backtest,VariableTrend,Long,1,11209.50,11370.75,3/10/2020 9:10:00 PM,3/10/2020 10:00:00 PM,Buy,Exit on session close,$3219.84,$12620.40,$5.16,$0.00,$0.00,$0.00,$0.00,$250.00,$3680.00,$460.16,2,
686,NQ 06-26,Backtest,VariableTrend,Short,1,11163.00,11188.50,3/11/2020 3:40:00 AM,3/11/2020 4:50:00 AM,Sell short,Close position,($515.16),$12105.24,$5.16,$0.00,$0.00,$0.00,$0.00,$945.00,$655.00,$1170.16,2,
687,NQ 06-26,Backtest,VariableTrend,Long,1,11188.50,11167.75,3/11/2020 4:50:00 AM,3/11/2020 7:10:00 AM,Buy,Close position,($420.16),$11685.08,$5.16,$0.00,$0.00,$0.00,$0.00,$750.00,$425.00,$845.16,3,
688,NQ 06-26,Backtest,VariableTrend,Short,1,11167.75,11171.75,3/11/2020 7:10:00 AM,3/11/2020 9:30:00 AM,Sell short,Close position,($85.16),$11599.92,$5.16,$0.00,$0.00,$0.00,$0.00,$390.00,$1360.00,$1445.16,3,
689,NQ 06-26,Backtest,VariableTrend,Long,1,11171.75,11121.75,3/11/2020 9:30:00 AM,3/11/2020 9:30:00 AM,Buy,Stop loss,($1005.16),$10594.76,$5.16,$0.00,$0.00,$0.00,$0.00,$1000.00,$0.00,$1005.16,1,
690,NQ 06-26,Backtest,VariableTrend,Short,1,11134.75,11184.75,3/11/2020 10:40:00 AM,3/11/2020 10:40:00 AM,Sell short,Stop loss,($1005.16),$9589.60,$5.16,$0.00,$0.00,$0.00,$0.00,$1000.00,$0.00,$1005.16,1,
691,NQ 06-26,Backtest,VariableTrend,Long,1,11180.25,11130.25,3/11/2020 11:50:00 AM,3/11/2020 1:00:00 PM,Buy,Stop loss,($1005.16),$8584.44,$5.16,$0.00,$0.00,$0.00,$0.00,$1000.00,$810.00,$1815.16,2,
692,NQ 06-26,Backtest,VariableTrend,Short,1,11152.50,11202.50,3/11/2020 2:10:00 PM,3/11/2020 3:20:00 PM,Sell short,Stop loss,($1005.16),$7579.28,$5.16,$0.00,$0.00,$0.00,$0.00,$1000.00,$1335.00,$2340.16,2,
693,NQ 06-26,Backtest,VariableTrend,Long,1,11204.25,11154.25,3/11/2020 4:30:00 PM,3/11/2020 4:30:00 PM,Buy,Stop loss,($1005.16),$6574.12,$5.16,$0.00,$0.00,$0.00,$0.00,$1000.00,$0.00,$1005.16,1,
694,NQ 06-26,Backtest,VariableTrend,Short,1,11090.50,11140.50,3/11/2020 5:40:00 PM,3/11/2020 5:40:00 PM,Sell short,Stop loss,($1005.16),$5568.96,$5.16,$0.00,$0.00,$0.00,$0.00,$1000.00,$0.00,$1005.16,1,
695,NQ 06-26,Backtest,VariableTrend,Long,1,10350.25,10300.25,3/13/2020 8:20:00 AM,3/13/2020 8:20:00 AM,Buy,Stop loss,($1005.16),$4563.80,$5.16,$0.00,$0.00,$0.00,$0.00,$1000.00,$0.00,$1005.16,1,
696,NQ 06-26,Backtest,VariableTrend,Short,1,10404.00,10454.00,3/13/2020 5:40:00 PM,3/13/2020 5:40:00 PM,Sell short,Stop loss,($1005.16),$3558.64,$5.16,$0.00,$0.00,$0.00,$0.00,$1000.00,$0.00,$1005.16,1,
697,NQ 06-26,Backtest,VariableTrend,Long,1,10590.50,10540.50,3/13/2020 8:00:00 PM,3/13/2020 8:00:00 PM,Buy,Stop loss,($1005.16),$2553.48,$5.16,$0.00,$0.00,$0.00,$0.00,$1000.00,$0.00,$1005.16,1,
698,NQ 06-26,Backtest,VariableTrend,Short,1,10219.50,10269.50,3/16/2020 4:30:00 PM,3/16/2020 4:30:00 PM,Sell short,Stop loss,($1005.16),$1548.32,$5.16,$0.00,$0.00,$0.00,$0.00,$1000.00,$0.00,$1005.16,1,
699,NQ 06-26,Backtest,VariableTrend,Long,1,10546.75,10496.75,3/16/2020 5:40:00 PM,3/16/2020 5:40:00 PM,Buy,Stop loss,($1005.16),$543.16,$5.16,$0.00,$0.00,$0.00,$0.00,$1000.00,$0.00,$1005.16,1,
700,NQ 06-26,Backtest,VariableTrend,Short,1,10432.25,10056.25,3/16/2020 6:50:00 PM,3/16/2020 10:00:00 PM,Sell short,Exit on session close,$7514.84,$8058.00,$5.16,$0.00,$0.00,$0.00,$0.00,$575.00,$10040.00,$2525.16,4,
701,NQ 06-26,Backtest,VariableTrend,Long,1,10337.00,10287.00,3/17/2020 5:40:00 PM,3/17/2020 6:50:00 PM,Buy,Stop loss,($1005.16),$7052.84,$5.16,$0.00,$0.00,$0.00,$0.00,$1000.00,$4485.00,$5490.16,2,
702,NQ 06-26,Backtest,VariableTrend,Short,1,10266.00,10316.00,3/18/2020 1:20:00 AM,3/18/2020 1:20:00 AM,Sell short,Stop loss,($1005.16),$6047.68,$5.16,$0.00,$0.00,$0.00,$0.00,$1000.00,$0.00,$1005.16,1,
703,NQ 06-26,Backtest,VariableTrend,Long,1,10237.25,10187.25,3/18/2020 4:30:00 PM,3/18/2020 4:30:00 PM,Buy,Stop loss,($1005.16),$5042.52,$5.16,$0.00,$0.00,$0.00,$0.00,$1000.00,$0.00,$1005.16,1,
704,NQ 06-26,Backtest,VariableTrend,Short,1,10134.50,10184.50,3/18/2020 5:40:00 PM,3/18/2020 5:40:00 PM,Sell short,Stop loss,($1005.16),$4037.36,$5.16,$0.00,$0.00,$0.00,$0.00,$1000.00,$0.00,$1005.16,1,
705,NQ 06-26,Backtest,VariableTrend,Long,1,10253.50,10203.50,3/18/2020 10:00:00 PM,3/18/2020 10:00:00 PM,Buy,Stop loss,($1005.16),$3032.20,$5.16,$0.00,$0.00,$0.00,$0.00,$1000.00,$0.00,$1005.16,1,
706,NQ 06-26,Backtest,VariableTrend,Short,1,10051.00,10101.00,3/19/2020 4:50:00 AM,3/19/2020 4:50:00 AM,Sell short,Stop loss,($1005.16),$2027.04,$5.16,$0.00,$0.00,$0.00,$0.00,$1000.00,$0.00,$1005.16,1,
707,NQ 06-26,Backtest,VariableTrend,Long,1,10177.50,10127.50,3/19/2020 9:30:00 AM,3/19/2020 9:30:00 AM,Buy,Stop loss,($1005.16),$1021.88,$5.16,$0.00,$0.00,$0.00,$0.00,$1000.00,$0.00,$1005.16,1,
708,NQ 06-26,Backtest,VariableTrend,Short,1,10108.50,10158.50,3/19/2020 2:10:00 PM,3/19/2020 2:10:00 PM,Sell short,Stop loss,($1005.16),$16.72,$5.16,$0.00,$0.00,$0.00,$0.00,$1000.00,$0.00,$1005.16,1,
709,NQ 06-26,Backtest,VariableTrend,Long,1,10194.00,10144.00,3/19/2020 3:20:00 PM,3/19/2020 3:20:00 PM,Buy,Stop loss,($1005.16),($988.44),$5.16,$0.00,$0.00,$0.00,$0.00,$1000.00,$0.00,$1005.16,1,
710,NQ 06-26,Backtest,VariableTrend,Long,1,10343.75,10293.75,3/20/2020 3:40:00 AM,3/20/2020 3:40:00 AM,Buy,Stop loss,($1005.16),($1993.60),$5.16,$0.00,$0.00,$0.00,$0.00,$1000.00,$0.00,$1005.16,1,
711,NQ 06-26,Backtest,VariableTrend,Short,1,10403.50,10453.50,3/20/2020 4:30:00 PM,3/20/2020 4:30:00 PM,Sell short,Stop loss,($1005.16),($2998.76),$5.16,$0.00,$0.00,$0.00,$0.00,$1000.00,$0.00,$1005.16,1,
712,NQ 06-26,Backtest,VariableTrend,Long,1,10185.25,10135.25,3/23/2020 3:20:00 PM,3/23/2020 3:20:00 PM,Buy,Stop loss,($1005.16),($4003.92),$5.16,$0.00,$0.00,$0.00,$0.00,$1000.00,$0.00,$1005.16,1,
713,NQ 06-26,Backtest,VariableTrend,Short,1,9849.75,9899.75,3/23/2020 5:40:00 PM,3/23/2020 5:40:00 PM,Sell short,Stop loss,($1005.16),($5009.08),$5.16,$0.00,$0.00,$0.00,$0.00,$1000.00,$0.00,$1005.16,1,
714,NQ 06-26,Backtest,VariableTrend,Long,1,9970.75,9920.75,3/23/2020 6:50:00 PM,3/23/2020 8:00:00 PM,Buy,Stop loss,($1005.16),($6014.24),$5.16,$0.00,$0.00,$0.00,$0.00,$1000.00,$3915.00,$4920.16,2,
715,NQ 06-26,Backtest,VariableTrend,Short,1,10417.25,10467.25,3/26/2020 3:40:00 AM,3/26/2020 3:40:00 AM,Sell short,Stop loss,($1005.16),($7019.40),$5.16,$0.00,$0.00,$0.00,$0.00,$1000.00,$0.00,$1005.16,1,
716,NQ 06-26,Backtest,VariableTrend,Long,1,10466.00,10455.00,3/26/2020 6:00:00 AM,3/26/2020 7:10:00 AM,Buy,Close position,($225.16),($7244.56),$5.16,$0.00,$0.00,$0.00,$0.00,$900.00,$700.00,$925.16,2,
717,NQ 06-26,Backtest,VariableTrend,Short,1,10455.00,10446.25,3/26/2020 7:10:00 AM,3/26/2020 1:00:00 PM,Sell short,Close position,$169.84,($7074.72),$5.16,$0.00,$0.00,$0.00,$0.00,$355.00,$2190.00,$2020.16,6,
718,NQ 06-26,Backtest,VariableTrend,Long,1,10446.25,10396.25,3/26/2020 1:00:00 PM,3/26/2020 1:00:00 PM,Buy,Stop loss,($1005.16),($8079.88),$5.16,$0.00,$0.00,$0.00,$0.00,$1000.00,$0.00,$1005.16,1,
719,NQ 06-26,Backtest,VariableTrend,Short,1,10374.75,10424.75,3/26/2020 2:10:00 PM,3/26/2020 2:10:00 PM,Sell short,Stop loss,($1005.16),($9085.04),$5.16,$0.00,$0.00,$0.00,$0.00,$1000.00,$0.00,$1005.16,1,
720,NQ 06-26,Backtest,VariableTrend,Long,1,10518.25,10885.75,3/26/2020 3:20:00 PM,3/26/2020 10:00:00 PM,Buy,Exit on session close,$7344.84,($1740.20),$5.16,$0.00,$0.00,$0.00,$0.00,$555.00,$7990.00,$645.16,7,
721,NQ 06-26,Backtest,VariableTrend,Short,1,10709.00,10732.25,3/27/2020 11:50:00 AM,3/27/2020 8:00:00 PM,Sell short,Close position,($470.16),($2210.36),$5.16,$0.00,$0.00,$0.00,$0.00,$865.00,$2135.00,$2605.16,8,
722,NQ 06-26,Backtest,VariableTrend,Long,1,10732.25,10682.25,3/27/2020 8:00:00 PM,3/27/2020 9:10:00 PM,Buy,Stop loss,($1005.16),($3215.52),$5.16,$0.00,$0.00,$0.00,$0.00,$1000.00,$555.00,$1560.16,2,
723,NQ 06-26,Backtest,VariableTrend,Short,1,10585.00,10585.25,3/27/2020 10:00:00 PM,3/27/2020 10:00:00 PM,Sell short,Exit on session close,($10.16),($3225.68),$5.16,$0.00,$0.00,$0.00,$0.00,$285.00,$190.00,$200.16,1,
724,NQ 06-26,Backtest,VariableTrend,Long,1,10656.75,10606.75,3/30/2020 9:20:00 AM,3/30/2020 9:20:00 AM,Buy,Stop loss,($1005.16),($4230.84),$5.16,$0.00,$0.00,$0.00,$0.00,$1000.00,$0.00,$1005.16,1,
725,NQ 06-26,Backtest,VariableTrend,Short,1,10563.00,10613.00,3/30/2020 10:30:00 AM,3/30/2020 11:40:00 AM,Sell short,Stop loss,($1005.16),($5236.00),$5.16,$0.00,$0.00,$0.00,$0.00,$1000.00,$935.00,$1940.16,2,
726,NQ 06-26,Backtest,VariableTrend,Long,1,10690.25,10877.50,3/30/2020 4:20:00 PM,3/30/2020 11:00:00 PM,Buy,Exit on session close,$3739.84,($1496.16),$5.16,$0.00,$0.00,$0.00,$0.00,$720.00,$4360.00,$620.16,7,
727,NQ 06-26,Backtest,VariableTrend,Short,1,10860.50,10910.50,3/31/2020 8:10:00 AM,3/31/2020 9:20:00 AM,Sell short,Stop loss,($1005.16),($2501.32),$5.16,$0.00,$0.00,$0.00,$0.00,$1000.00,$485.00,$1490.16,2,
728,NQ 06-26,Backtest,VariableTrend,Long,1,10940.50,10890.50,3/31/2020 10:30:00 AM,3/31/2020 12:50:00 PM,Buy,Stop loss,($1005.16),($3506.48),$5.16,$0.00,$0.00,$0.00,$0.00,$1000.00,$815.00,$1820.16,3,
729,NQ 06-26,Backtest,VariableTrend,Short,1,10886.50,10936.50,3/31/2020 3:10:00 PM,3/31/2020 4:20:00 PM,Sell short,Stop loss,($1005.16),($4511.64),$5.16,$0.00,$0.00,$0.00,$0.00,$1000.00,$1960.00,$2965.16,2,
730,NQ 06-26,Backtest,VariableTrend,Long,1,10986.00,10936.00,3/31/2020 5:30:00 PM,3/31/2020 5:30:00 PM,Buy,Stop loss,($1005.16),($5516.80),$5.16,$0.00,$0.00,$0.00,$0.00,$1000.00,$0.00,$1005.16,1,
731,NQ 06-26,Backtest,VariableTrend,Short,1,10852.50,10902.50,3/31/2020 7:50:00 PM,3/31/2020 7:50:00 PM,Sell short,Stop loss,($1005.16),($6521.96),$5.16,$0.00,$0.00,$0.00,$0.00,$1000.00,$0.00,$1005.16,1,
732,NQ 06-26,Backtest,VariableTrend,Long,1,10896.75,10882.25,3/31/2020 9:00:00 PM,3/31/2020 10:10:00 PM,Buy,Close position,($295.16),($6817.12),$5.16,$0.00,$0.00,$0.00,$0.00,$655.00,$400.00,$695.16,2,
733,NQ 06-26,Backtest,VariableTrend,Short,1,10882.25,10806.00,3/31/2020 10:10:00 PM,3/31/2020 11:00:00 PM,Sell short,Exit on session close,$1519.84,($5297.28),$5.16,$0.00,$0.00,$0.00,$0.00,$395.00,$2210.00,$690.16,2,
734,NQ 06-26,Backtest,VariableTrend,Long,1,10609.50,10574.00,4/2/2020 11:40:00 AM,4/2/2020 12:50:00 PM,Buy,Close position,($715.16),($6012.44),$5.16,$0.00,$0.00,$0.00,$0.00,$805.00,$225.00,$940.16,2,
735,NQ 06-26,Backtest,VariableTrend,Short,1,10574.00,10624.00,4/2/2020 12:50:00 PM,4/2/2020 5:30:00 PM,Sell short,Stop loss,($1005.16),($7017.60),$5.16,$0.00,$0.00,$0.00,$0.00,$1000.00,$3475.00,$4480.16,5,
736,NQ 06-26,Backtest,VariableTrend,Long,1,10601.50,10551.50,4/2/2020 7:50:00 PM,4/2/2020 7:50:00 PM,Buy,Stop loss,($1005.16),($8022.76),$5.16,$0.00,$0.00,$0.00,$0.00,$1000.00,$0.00,$1005.16,1,
737,NQ 06-26,Backtest,VariableTrend,Short,1,10547.25,10597.25,4/2/2020 9:00:00 PM,4/2/2020 10:10:00 PM,Sell short,Stop loss,($1005.16),($9027.92),$5.16,$0.00,$0.00,$0.00,$0.00,$1000.00,$1535.00,$2540.16,2,
738,NQ 06-26,Backtest,VariableTrend,Long,1,10670.50,10646.25,4/2/2020 11:00:00 PM,4/2/2020 11:00:00 PM,Buy,Exit on session close,($490.16),($9518.08),$5.16,$0.00,$0.00,$0.00,$0.00,$505.00,$30.00,$520.16,1,
739,NQ 06-26,Backtest,VariableTrend,Short,1,10581.50,10631.50,4/3/2020 7:00:00 AM,4/3/2020 2:00:00 PM,Sell short,Stop loss,($1005.16),($10523.24),$5.16,$0.00,$0.00,$0.00,$0.00,$1000.00,$955.00,$1960.16,7,
740,NQ 06-26,Backtest,VariableTrend,Long,1,10660.75,10610.75,4/3/2020 3:10:00 PM,4/3/2020 3:10:00 PM,Buy,Stop loss,($1005.16),($11528.40),$5.16,$0.00,$0.00,$0.00,$0.00,$1000.00,$0.00,$1005.16,1,
741,NQ 06-26,Backtest,VariableTrend,Short,1,10550.00,10546.25,4/3/2020 6:40:00 PM,4/3/2020 11:00:00 PM,Sell short,Exit on session close,$69.84,($11458.56),$5.16,$0.00,$0.00,$0.00,$0.00,$440.00,$2045.00,$1975.16,5,
742,NQ 06-26,Backtest,VariableTrend,Long,1,10674.50,11060.00,4/6/2020 2:20:00 AM,4/6/2020 11:00:00 PM,Buy,Exit on session close,$7704.84,($3753.72),$5.16,$0.00,$0.00,$0.00,$0.00,$515.00,$8975.00,$1270.16,19,
743,NQ 06-26,Backtest,VariableTrend,Short,1,11089.25,11139.25,4/7/2020 10:10:00 PM,4/7/2020 10:10:00 PM,Sell short,Stop loss,($1005.16),($4758.88),$5.16,$0.00,$0.00,$0.00,$0.00,$1000.00,$0.00,$1005.16,1,
744,NQ 06-26,Backtest,VariableTrend,Long,1,11107.50,11057.50,4/8/2020 8:10:00 AM,4/8/2020 8:10:00 AM,Buy,Stop loss,($1005.16),($5764.04),$5.16,$0.00,$0.00,$0.00,$0.00,$1000.00,$0.00,$1005.16,1,
745,NQ 06-26,Backtest,VariableTrend,Short,1,11062.50,11112.50,4/8/2020 9:20:00 AM,4/8/2020 2:00:00 PM,Sell short,Stop loss,($1005.16),($6769.20),$5.16,$0.00,$0.00,$0.00,$0.00,$1000.00,$1145.00,$2150.16,5,
746,NQ 06-26,Backtest,VariableTrend,Long,1,11114.50,11226.00,4/8/2020 3:10:00 PM,4/8/2020 11:00:00 PM,Buy,Exit on session close,$2224.84,($4544.36),$5.16,$0.00,$0.00,$0.00,$0.00,$915.00,$3035.00,$810.16,8,
747,NQ 06-26,Backtest,VariableTrend,Short,1,11164.00,11214.00,4/9/2020 3:10:00 PM,4/9/2020 3:10:00 PM,Sell short,Stop loss,($1005.16),($5549.52),$5.16,$0.00,$0.00,$0.00,$0.00,$1000.00,$0.00,$1005.16,1,
748,NQ 06-26,Backtest,VariableTrend,Long,1,11312.75,11262.75,4/9/2020 4:20:00 PM,4/9/2020 4:20:00 PM,Buy,Stop loss,($1005.16),($6554.68),$5.16,$0.00,$0.00,$0.00,$0.00,$1000.00,$0.00,$1005.16,1,
749,NQ 06-26,Backtest,VariableTrend,Short,1,11133.50,11162.75,4/13/2020 3:30:00 AM,4/13/2020 12:50:00 PM,Sell short,Close position,($590.16),($7144.84),$5.16,$0.00,$0.00,$0.00,$0.00,$870.00,$480.00,$1070.16,9,
750,NQ 06-26,Backtest,VariableTrend,Long,1,11162.75,11362.25,4/13/2020 12:50:00 PM,4/13/2020 11:00:00 PM,Buy,Exit on session close,$3984.84,($3160.00),$5.16,$0.00,$0.00,$0.00,$0.00,$255.00,$4005.00,$20.16,10,
751,NQ 06-26,Backtest,VariableTrend,Short,1,11624.75,11607.75,4/15/2020 11:40:00 AM,4/15/2020 9:00:00 PM,Sell short,Close position,$334.84,($2825.16),$5.16,$0.00,$0.00,$0.00,$0.00,$355.00,$2280.00,$1945.16,9,
752,NQ 06-26,Backtest,VariableTrend,Long,1,11607.75,11600.75,4/15/2020 9:00:00 PM,4/15/2020 11:00:00 PM,Buy,Exit on session close,($145.16),($2970.32),$5.16,$0.00,$0.00,$0.00,$0.00,$340.00,$1455.00,$1600.16,3,
753,NQ 06-26,Backtest,VariableTrend,Short,1,11549.00,11599.00,4/16/2020 2:20:00 AM,4/16/2020 8:10:00 AM,Sell short,Stop loss,($1005.16),($3975.48),$5.16,$0.00,$0.00,$0.00,$0.00,$1000.00,$485.00,$1490.16,6,
754,NQ 06-26,Backtest,VariableTrend,Long,1,11633.50,11653.75,4/16/2020 9:20:00 AM,4/16/2020 7:50:00 PM,Buy,Close position,$399.84,($3575.64),$5.16,$0.00,$0.00,$0.00,$0.00,$350.00,$3525.00,$3125.16,10,
755,NQ 06-26,Backtest,VariableTrend,Short,1,11653.75,11703.75,4/16/2020 7:50:00 PM,4/16/2020 7:50:00 PM,Sell short,Stop loss,($1005.16),($4580.80),$5.16,$0.00,$0.00,$0.00,$0.00,$1000.00,$0.00,$1005.16,1,
756,NQ 06-26,Backtest,VariableTrend,Long,1,11703.25,11862.75,4/16/2020 9:00:00 PM,4/16/2020 11:00:00 PM,Buy,Exit on session close,$3184.84,($1395.96),$5.16,$0.00,$0.00,$0.00,$0.00,$770.00,$3270.00,$85.16,3,
757,NQ 06-26,Backtest,VariableTrend,Short,1,11811.75,11832.75,4/17/2020 5:30:00 PM,4/17/2020 11:00:00 PM,Sell short,Close position,($425.16),($1821.12),$5.16,$0.00,$0.00,$0.00,$0.00,$790.00,$1960.00,$2385.16,6,
758,NQ 06-26,Backtest,VariableTrend,Long,1,11832.75,11836.25,4/17/2020 11:00:00 PM,4/17/2020 11:00:00 PM,Buy,Exit on session close,$64.84,($1756.28),$5.16,$0.00,$0.00,$0.00,$0.00,$110.00,$120.00,$55.16,1,
759,NQ 06-26,Backtest,VariableTrend,Short,1,11774.75,11824.75,4/20/2020 2:20:00 AM,4/20/2020 3:30:00 AM,Sell short,Stop loss,($1005.16),($2761.44),$5.16,$0.00,$0.00,$0.00,$0.00,$1000.00,$180.00,$1185.16,2,
760,NQ 06-26,Backtest,VariableTrend,Long,1,11807.75,11797.75,4/20/2020 4:40:00 AM,4/20/2020 9:20:00 AM,Buy,Close position,($205.16),($2966.60),$5.16,$0.00,$0.00,$0.00,$0.00,$525.00,$925.00,$1130.16,5,
761,NQ 06-26,Backtest,VariableTrend,Short,1,11797.75,11799.50,4/20/2020 9:20:00 AM,4/20/2020 5:30:00 PM,Sell short,Close position,($40.16),($3006.76),$5.16,$0.00,$0.00,$0.00,$0.00,$365.00,$1545.00,$1585.16,8,
762,NQ 06-26,Backtest,VariableTrend,Long,1,11799.50,11758.25,4/20/2020 5:30:00 PM,4/20/2020 10:10:00 PM,Buy,Close position,($830.16),($3836.92),$5.16,$0.00,$0.00,$0.00,$0.00,$885.00,$1415.00,$2245.16,5,
763,NQ 06-26,Backtest,VariableTrend,Short,1,11758.25,11737.50,4/20/2020 10:10:00 PM,4/20/2020 11:00:00 PM,Sell short,Exit on session close,$409.84,($3427.08),$5.16,$0.00,$0.00,$0.00,$0.00,$585.00,$940.00,$530.16,2,
764,NQ 06-26,Backtest,VariableTrend,Long,1,11531.75,11657.50,4/22/2020 10:30:00 AM,4/22/2020 11:00:00 PM,Buy,Exit on session close,$2509.84,($917.24),$5.16,$0.00,$0.00,$0.00,$0.00,$330.00,$3850.00,$1340.16,12,
765,NQ 06-26,Backtest,VariableTrend,Short,1,11610.75,11640.00,4/23/2020 7:00:00 AM,4/23/2020 8:10:00 AM,Sell short,Close position,($590.16),($1507.40),$5.16,$0.00,$0.00,$0.00,$0.00,$770.00,$40.00,$630.16,2,
766,NQ 06-26,Backtest,VariableTrend,Long,1,11640.00,11657.75,4/23/2020 8:10:00 AM,4/23/2020 9:00:00 PM,Buy,Close position,$349.84,($1157.56),$5.16,$0.00,$0.00,$0.00,$0.00,$415.00,$3415.00,$3065.16,12,
767,NQ 06-26,Backtest,VariableTrend,Short,1,11657.75,11707.75,4/23/2020 9:00:00 PM,4/23/2020 9:00:00 PM,Sell short,Stop loss,($1005.16),($2162.72),$5.16,$0.00,$0.00,$0.00,$0.00,$1000.00,$0.00,$1005.16,1,
768,NQ 06-26,Backtest,VariableTrend,Long,1,11724.75,11674.75,4/23/2020 10:10:00 PM,4/23/2020 10:10:00 PM,Buy,Stop loss,($1005.16),($3167.88),$5.16,$0.00,$0.00,$0.00,$0.00,$1000.00,$0.00,$1005.16,1,
769,NQ 06-26,Backtest,VariableTrend,Short,1,11629.75,11625.00,4/23/2020 11:00:00 PM,4/23/2020 11:00:00 PM,Sell short,Exit on session close,$89.84,($3078.04),$5.16,$0.00,$0.00,$0.00,$0.00,$160.00,$310.00,$220.16,1,
770,NQ 06-26,Backtest,VariableTrend,Long,1,11636.50,11788.00,4/24/2020 12:50:00 PM,4/24/2020 11:00:00 PM,Buy,Exit on session close,$3024.84,($53.20),$5.16,$0.00,$0.00,$0.00,$0.00,$585.00,$3360.00,$335.16,10,
771,NQ 06-26,Backtest,VariableTrend,Short,1,11819.50,11848.50,4/27/2020 9:00:00 PM,4/27/2020 10:10:00 PM,Sell short,Close position,($585.16),($638.36),$5.16,$0.00,$0.00,$0.00,$0.00,$840.00,$25.00,$610.16,2,
772,NQ 06-26,Backtest,VariableTrend,Long,1,11848.50,11842.50,4/27/2020 10:10:00 PM,4/27/2020 11:00:00 PM,Buy,Close position,($125.16),($763.52),$5.16,$0.00,$0.00,$0.00,$0.00,$200.00,$510.00,$635.16,2,
773,NQ 06-26,Backtest,VariableTrend,Short,1,11842.50,11842.50,4/27/2020 11:00:00 PM,4/27/2020 11:00:00 PM,Sell short,Exit on session close,($5.16),($768.68),$5.16,$0.00,$0.00,$0.00,$0.00,$170.00,$25.00,$30.16,1,
774,NQ 06-26,Backtest,VariableTrend,Long,1,11846.00,11833.00,4/28/2020 2:20:00 AM,4/28/2020 4:40:00 AM,Buy,Close position,($265.16),($1033.84),$5.16,$0.00,$0.00,$0.00,$0.00,$355.00,$515.00,$780.16,3,
775,NQ 06-26,Backtest,VariableTrend,Short,1,11833.00,11854.25,4/28/2020 4:40:00 AM,4/28/2020 9:20:00 AM,Sell short,Close position,($430.16),($1464.00),$5.16,$0.00,$0.00,$0.00,$0.00,$635.00,$635.00,$1065.16,5,
776,NQ 06-26,Backtest,VariableTrend,Long,1,11854.25,11813.00,4/28/2020 9:20:00 AM,4/28/2020 5:30:00 PM,Buy,Close position,($830.16),($2294.16),$5.16,$0.00,$0.00,$0.00,$0.00,$900.00,$2315.00,$3145.16,8,
777,NQ 06-26,Backtest,VariableTrend,Short,1,11813.00,11723.00,4/28/2020 5:30:00 PM,4/28/2020 11:00:00 PM,Sell short,Exit on session close,$1794.84,($499.32),$5.16,$0.00,$0.00,$0.00,$0.00,$115.00,$2685.00,$890.16,6,
778,NQ 06-26,Backtest,VariableTrend,Long,1,11854.00,11826.50,4/29/2020 4:40:00 AM,4/29/2020 2:00:00 PM,Buy,Close position,($555.16),($1054.48),$5.16,$0.00,$0.00,$0.00,$0.00,$810.00,$600.00,$1155.16,9,
779,NQ 06-26,Backtest,VariableTrend,Short,1,11826.50,11876.50,4/29/2020 2:00:00 PM,4/29/2020 3:10:00 PM,Sell short,Stop loss,($1005.16),($2059.64),$5.16,$0.00,$0.00,$0.00,$0.00,$1000.00,$580.00,$1585.16,2,
780,NQ 06-26,Backtest,VariableTrend,Long,1,11905.75,11855.75,4/29/2020 4:20:00 PM,4/29/2020 4:20:00 PM,Buy,Stop loss,($1005.16),($3064.80),$5.16,$0.00,$0.00,$0.00,$0.00,$1000.00,$0.00,$1005.16,1,
781,NQ 06-26,Backtest,VariableTrend,Short,1,12010.00,11894.00,4/30/2020 4:20:00 PM,4/30/2020 11:00:00 PM,Sell short,Exit on session close,$2314.84,($749.96),$5.16,$0.00,$0.00,$0.00,$0.00,$645.00,$2585.00,$270.16,7,
782,NQ 06-26,Backtest,VariableTrend,Long,1,11847.50,11808.25,5/1/2020 5:30:00 PM,5/1/2020 6:40:00 PM,Buy,Close position,($790.16),($1540.12),$5.16,$0.00,$0.00,$0.00,$0.00,$815.00,$470.00,$1260.16,2,
783,NQ 06-26,Backtest,VariableTrend,Short,1,11808.25,11726.25,5/1/2020 6:40:00 PM,5/1/2020 11:00:00 PM,Sell short,Exit on session close,$1634.84,$94.72,$5.16,$0.00,$0.00,$0.00,$0.00,$30.00,$2240.00,$605.16,5,
784,NQ 06-26,Backtest,VariableTrend,Long,1,11785.50,11735.50,5/4/2020 5:30:00 PM,5/4/2020 7:50:00 PM,Buy,Stop loss,($1005.16),($910.44),$5.16,$0.00,$0.00,$0.00,$0.00,$1000.00,$430.00,$1435.16,3,
785,NQ 06-26,Backtest,VariableTrend,Short,1,11911.00,11961.00,5/6/2020 4:40:00 AM,5/6/2020 5:50:00 AM,Sell short,Stop loss,($1005.16),($1915.60),$5.16,$0.00,$0.00,$0.00,$0.00,$1000.00,$0.00,$1005.16,2,
786,NQ 06-26,Backtest,VariableTrend,Long,1,11953.25,11975.25,5/6/2020 7:00:00 AM,5/6/2020 11:00:00 PM,Buy,Close position,$434.84,($1480.76),$5.16,$0.00,$0.00,$0.00,$0.00,$260.00,$2550.00,$2115.16,15,
787,NQ 06-26,Backtest,VariableTrend,Short,1,11975.25,11970.50,5/6/2020 11:00:00 PM,5/6/2020 11:00:00 PM,Sell short,Exit on session close,$89.84,($1390.92),$5.16,$0.00,$0.00,$0.00,$0.00,$175.00,$200.00,$110.16,1,
788,NQ 06-26,Backtest,VariableTrend,Long,1,12010.00,12142.50,5/7/2020 3:30:00 AM,5/7/2020 11:00:00 PM,Buy,Exit on session close,$2644.84,$1253.92,$5.16,$0.00,$0.00,$0.00,$0.00,$230.00,$2805.00,$160.16,18,
789,NQ 06-26,Backtest,VariableTrend,Short,1,12188.75,12209.25,5/8/2020 9:00:00 PM,5/8/2020 10:10:00 PM,Sell short,Close position,($415.16),$838.76,$5.16,$0.00,$0.00,$0.00,$0.00,$480.00,$280.00,$695.16,2,
790,NQ 06-26,Backtest,VariableTrend,Long,1,12209.25,12246.75,5/8/2020 10:10:00 PM,5/8/2020 11:00:00 PM,Buy,Exit on session close,$744.84,$1583.60,$5.16,$0.00,$0.00,$0.00,$0.00,$130.00,$880.00,$135.16,2,
791,NQ 06-26,Backtest,VariableTrend,Short,1,12232.25,12249.00,5/11/2020 12:50:00 PM,5/11/2020 5:30:00 PM,Sell short,Close position,($340.16),$1243.44,$5.16,$0.00,$0.00,$0.00,$0.00,$760.00,$1790.00,$2130.16,5,
792,NQ 06-26,Backtest,VariableTrend,Long,1,12249.00,12305.00,5/11/2020 5:30:00 PM,5/11/2020 11:00:00 PM,Buy,Exit on session close,$1114.84,$2358.28,$5.16,$0.00,$0.00,$0.00,$0.00,$220.00,$2285.00,$1170.16,6,
793,NQ 06-26,Backtest,VariableTrend,Short,1,12119.75,12067.50,5/12/2020 11:00:00 PM,5/12/2020 11:00:00 PM,Sell short,Exit on session close,$1039.84,$3398.12,$5.16,$0.00,$0.00,$0.00,$0.00,$85.00,$1100.00,$60.16,1,
794,NQ 06-26,Backtest,VariableTrend,Long,1,12158.75,12114.50,5/13/2020 2:00:00 PM,5/13/2020 4:20:00 PM,Buy,Close position,($890.16),$2507.96,$5.16,$0.00,$0.00,$0.00,$0.00,$990.00,$695.00,$1585.16,3,
795,NQ 06-26,Backtest,VariableTrend,Short,1,12114.50,12164.50,5/13/2020 4:20:00 PM,5/13/2020 4:20:00 PM,Sell short,Stop loss,($1005.16),$1502.80,$5.16,$0.00,$0.00,$0.00,$0.00,$1000.00,$0.00,$1005.16,1,
796,NQ 06-26,Backtest,VariableTrend,Long,1,12175.25,12125.25,5/13/2020 5:30:00 PM,5/13/2020 5:30:00 PM,Buy,Stop loss,($1005.16),$497.64,$5.16,$0.00,$0.00,$0.00,$0.00,$1000.00,$0.00,$1005.16,1,
797,NQ 06-26,Backtest,VariableTrend,Short,1,12106.00,12037.00,5/13/2020 6:40:00 PM,5/13/2020 11:00:00 PM,Sell short,Exit on session close,$1374.84,$1872.48,$5.16,$0.00,$0.00,$0.00,$0.00,$200.00,$4070.00,$2695.16,5,
798,NQ 06-26,Backtest,VariableTrend,Long,1,12121.25,12112.75,5/14/2020 11:00:00 PM,5/14/2020 11:00:00 PM,Buy,Exit on session close,($175.16),$1697.32,$5.16,$0.00,$0.00,$0.00,$0.00,$475.00,$20.00,$195.16,1,
799,NQ 06-26,Backtest,VariableTrend,Short,1,11973.75,12023.75,5/15/2020 3:10:00 PM,5/15/2020 4:20:00 PM,Sell short,Stop loss,($1005.16),$692.16,$5.16,$0.00,$0.00,$0.00,$0.00,$1000.00,$480.00,$1485.16,2,
800,NQ 06-26,Backtest,VariableTrend,Long,1,12074.50,12141.75,5/15/2020 7:50:00 PM,5/15/2020 11:00:00 PM,Buy,Exit on session close,$1339.84,$2032.00,$5.16,$0.00,$0.00,$0.00,$0.00,$285.00,$1965.00,$625.16,4,
801,NQ 06-26,Backtest,VariableTrend,Short,1,12319.25,12321.25,5/19/2020 11:00:00 PM,5/19/2020 11:00:00 PM,Sell short,Exit on session close,($45.16),$1986.84,$5.16,$0.00,$0.00,$0.00,$0.00,$200.00,$155.00,$200.16,1,
802,NQ 06-26,Backtest,VariableTrend,Long,1,12342.75,12518.25,5/20/2020 2:20:00 AM,5/20/2020 11:00:00 PM,Buy,Exit on session close,$3504.84,$5491.68,$5.16,$0.00,$0.00,$0.00,$0.00,$205.00,$3590.00,$85.16,19,
803,NQ 06-26,Backtest,VariableTrend,Short,1,12460.75,12480.25,5/21/2020 5:50:00 AM,5/21/2020 8:10:00 AM,Sell short,Close position,($395.16),$5096.52,$5.16,$0.00,$0.00,$0.00,$0.00,$470.00,$105.00,$500.16,3,
804,NQ 06-26,Backtest,VariableTrend,Long,1,12480.25,12453.75,5/21/2020 8:10:00 AM,5/21/2020 10:30:00 AM,Buy,Close position,($535.16),$4561.36,$5.16,$0.00,$0.00,$0.00,$0.00,$845.00,$140.00,$675.16,3,
805,NQ 06-26,Backtest,VariableTrend,Short,1,12453.75,12474.50,5/21/2020 10:30:00 AM,5/21/2020 3:10:00 PM,Sell short,Close position,($420.16),$4141.20,$5.16,$0.00,$0.00,$0.00,$0.00,$660.00,$375.00,$795.16,5,
806,NQ 06-26,Backtest,VariableTrend,Long,1,12474.50,12424.50,5/21/2020 3:10:00 PM,5/21/2020 5:30:00 PM,Buy,Stop loss,($1005.16),$3136.04,$5.16,$0.00,$0.00,$0.00,$0.00,$1000.00,$1210.00,$2215.16,3,
807,NQ 06-26,Backtest,VariableTrend,Short,1,12407.25,12457.25,5/21/2020 6:40:00 PM,5/21/2020 6:40:00 PM,Sell short,Stop loss,($1005.16),$2130.88,$5.16,$0.00,$0.00,$0.00,$0.00,$1000.00,$0.00,$1005.16,1,
808,NQ 06-26,Backtest,VariableTrend,Long,1,12379.00,12445.75,5/22/2020 3:10:00 PM,5/22/2020 11:00:00 PM,Buy,Exit on session close,$1329.84,$3460.72,$5.16,$0.00,$0.00,$0.00,$0.00,$700.00,$1355.00,$25.16,8,
809,NQ 06-26,Backtest,VariableTrend,Short,1,12539.50,12437.25,5/26/2020 5:30:00 PM,5/26/2020 11:00:00 PM,Sell short,Exit on session close,$2039.84,$5500.56,$5.16,$0.00,$0.00,$0.00,$0.00,$215.00,$2845.00,$805.16,6,
810,NQ 06-26,Backtest,VariableTrend,Long,1,12512.50,12462.50,5/27/2020 7:00:00 AM,5/27/2020 2:00:00 PM,Buy,Stop loss,($1005.16),$4495.40,$5.16,$0.00,$0.00,$0.00,$0.00,$1000.00,$395.00,$1400.16,7,
811,NQ 06-26,Backtest,VariableTrend,Short,1,12464.25,12428.50,5/27/2020 3:10:00 PM,5/27/2020 10:10:00 PM,Sell short,Close position,$709.84,$5205.24,$5.16,$0.00,$0.00,$0.00,$0.00,$80.00,$5350.00,$4640.16,7,
812,NQ 06-26,Backtest,VariableTrend,Long,1,12428.50,12466.00,5/27/2020 10:10:00 PM,5/27/2020 11:00:00 PM,Buy,Exit on session close,$744.84,$5950.08,$5.16,$0.00,$0.00,$0.00,$0.00,$470.00,$890.00,$145.16,2,
813,NQ 06-26,Backtest,VariableTrend,Short,1,12409.50,12459.50,5/28/2020 7:00:00 AM,5/28/2020 8:10:00 AM,Sell short,Stop loss,($1005.16),$4944.92,$5.16,$0.00,$0.00,$0.00,$0.00,$1000.00,$530.00,$1535.16,2,
814,NQ 06-26,Backtest,VariableTrend,Long,1,12466.75,12416.75,5/28/2020 9:20:00 AM,5/28/2020 9:20:00 AM,Buy,Stop loss,($1005.16),$3939.76,$5.16,$0.00,$0.00,$0.00,$0.00,$1000.00,$0.00,$1005.16,1,
815,NQ 06-26,Backtest,VariableTrend,Short,1,12415.75,12435.50,5/28/2020 10:30:00 AM,5/28/2020 12:50:00 PM,Sell short,Close position,($400.16),$3539.60,$5.16,$0.00,$0.00,$0.00,$0.00,$820.00,$115.00,$515.16,3,
816,NQ 06-26,Backtest,VariableTrend,Long,1,12435.50,12428.50,5/28/2020 12:50:00 PM,5/28/2020 2:00:00 PM,Buy,Close position,($145.16),$3394.44,$5.16,$0.00,$0.00,$0.00,$0.00,$935.00,$15.00,$160.16,2,
817,NQ 06-26,Backtest,VariableTrend,Short,1,12428.50,12478.50,5/28/2020 2:00:00 PM,5/28/2020 4:20:00 PM,Sell short,Stop loss,($1005.16),$2389.28,$5.16,$0.00,$0.00,$0.00,$0.00,$1000.00,$1675.00,$2680.16,3,
818,NQ 06-26,Backtest,VariableTrend,Long,1,12478.00,12428.00,5/28/2020 5:30:00 PM,5/28/2020 10:10:00 PM,Buy,Stop loss,($1005.16),$1384.12,$5.16,$0.00,$0.00,$0.00,$0.00,$1000.00,$2235.00,$3240.16,5,
819,NQ 06-26,Backtest,VariableTrend,Short,1,12431.00,12473.00,5/29/2020 3:30:00 AM,5/29/2020 5:50:00 AM,Sell short,Close position,($845.16),$538.96,$5.16,$0.00,$0.00,$0.00,$0.00,$945.00,$510.00,$1355.16,3,
820,NQ 06-26,Backtest,VariableTrend,Long,1,12473.00,12461.25,5/29/2020 5:50:00 AM,5/29/2020 7:00:00 AM,Buy,Close position,($240.16),$298.80,$5.16,$0.00,$0.00,$0.00,$0.00,$315.00,$80.00,$320.16,2,
821,NQ 06-26,Backtest,VariableTrend,Short,1,12461.25,12477.75,5/29/2020 7:00:00 AM,5/29/2020 8:10:00 AM,Sell short,Close position,($335.16),($36.36),$5.16,$0.00,$0.00,$0.00,$0.00,$330.00,$320.00,$655.16,2,
822,NQ 06-26,Backtest,VariableTrend,Long,1,12477.75,12450.00,5/29/2020 8:10:00 AM,5/29/2020 9:20:00 AM,Buy,Close position,($560.16),($596.52),$5.16,$0.00,$0.00,$0.00,$0.00,$695.00,$190.00,$750.16,2,
823,NQ 06-26,Backtest,VariableTrend,Short,1,12450.00,12460.00,5/29/2020 9:20:00 AM,5/29/2020 2:00:00 PM,Sell short,Close position,($205.16),($801.68),$5.16,$0.00,$0.00,$0.00,$0.00,$480.00,$840.00,$1045.16,5,
824,NQ 06-26,Backtest,VariableTrend,Long,1,12460.00,12428.50,5/29/2020 2:00:00 PM,5/29/2020 5:30:00 PM,Buy,Close position,($635.16),($1436.84),$5.16,$0.00,$0.00,$0.00,$0.00,$900.00,$1105.00,$1740.16,4,
825,NQ 06-26,Backtest,VariableTrend,Short,1,12428.50,12478.50,5/29/2020 5:30:00 PM,5/29/2020 6:40:00 PM,Sell short,Stop loss,($1005.16),($2442.00),$5.16,$0.00,$0.00,$0.00,$0.00,$1000.00,$645.00,$1650.16,2,
826,NQ 06-26,Backtest,VariableTrend,Long,1,12521.75,12611.00,5/29/2020 10:10:00 PM,5/29/2020 11:00:00 PM,Buy,Exit on session close,$1779.84,($662.16),$5.16,$0.00,$0.00,$0.00,$0.00,$130.00,$1860.00,$80.16,2,
827,NQ 06-26,Backtest,VariableTrend,Short,1,12553.00,12603.00,6/2/2020 6:40:00 PM,6/2/2020 7:50:00 PM,Sell short,Stop loss,($1005.16),($1667.32),$5.16,$0.00,$0.00,$0.00,$0.00,$1000.00,$145.00,$1150.16,2,
828,NQ 06-26,Backtest,VariableTrend,Long,1,12630.00,12681.75,6/2/2020 9:00:00 PM,6/2/2020 11:00:00 PM,Buy,Exit on session close,$1029.84,($637.48),$5.16,$0.00,$0.00,$0.00,$0.00,$390.00,$1120.00,$90.16,3,
829,NQ 06-26,Backtest,VariableTrend,Short,1,12675.00,12697.25,6/4/2020 2:00:00 PM,6/4/2020 3:10:00 PM,Sell short,Close position,($450.16),($1087.64),$5.16,$0.00,$0.00,$0.00,$0.00,$630.00,$10.00,$460.16,2,
830,NQ 06-26,Backtest,VariableTrend,Long,1,12697.25,12674.00,6/4/2020 3:10:00 PM,6/4/2020 6:40:00 PM,Buy,Close position,($470.16),($1557.80),$5.16,$0.00,$0.00,$0.00,$0.00,$715.00,$1390.00,$1860.16,4,
831,NQ 06-26,Backtest,VariableTrend,Short,1,12674.00,12691.50,6/4/2020 6:40:00 PM,6/4/2020 9:00:00 PM,Sell short,Close position,($355.16),($1912.96),$5.16,$0.00,$0.00,$0.00,$0.00,$590.00,$535.00,$890.16,3,
832,NQ 06-26,Backtest,VariableTrend,Long,1,12691.50,12641.50,6/4/2020 9:00:00 PM,6/4/2020 9:00:00 PM,Buy,Stop loss,($1005.16),($2918.12),$5.16,$0.00,$0.00,$0.00,$0.00,$1000.00,$0.00,$1005.16,1,
833,NQ 06-26,Backtest,VariableTrend,Short,1,12619.75,12669.75,6/4/2020 10:10:00 PM,6/4/2020 11:00:00 PM,Sell short,Stop loss,($1005.16),($3923.28),$5.16,$0.00,$0.00,$0.00,$0.00,$1000.00,$465.00,$1470.16,2,
834,NQ 06-26,Backtest,VariableTrend,Long,1,12682.50,12674.00,6/5/2020 8:10:00 AM,6/5/2020 2:00:00 PM,Buy,Close position,($175.16),($4098.44),$5.16,$0.00,$0.00,$0.00,$0.00,$245.00,$920.00,$1095.16,6,
835,NQ 06-26,Backtest,VariableTrend,Short,1,12674.00,12708.50,6/5/2020 2:00:00 PM,6/5/2020 4:20:00 PM,Sell short,Close position,($695.16),($4793.60),$5.16,$0.00,$0.00,$0.00,$0.00,$850.00,$960.00,$1655.16,3,
836,NQ 06-26,Backtest,VariableTrend,Long,1,12708.50,12832.00,6/5/2020 4:20:00 PM,6/5/2020 11:00:00 PM,Buy,Exit on session close,$2464.84,($2328.76),$5.16,$0.00,$0.00,$0.00,$0.00,$620.00,$3240.00,$775.16,7,
837,NQ 06-26,Backtest,VariableTrend,Short,1,12779.25,12829.25,6/8/2020 5:30:00 PM,6/8/2020 5:30:00 PM,Sell short,Stop loss,($1005.16),($3333.92),$5.16,$0.00,$0.00,$0.00,$0.00,$1000.00,$0.00,$1005.16,1,
838,NQ 06-26,Backtest,VariableTrend,Long,1,12845.25,12907.50,6/8/2020 6:40:00 PM,6/8/2020 11:00:00 PM,Buy,Exit on session close,$1239.84,($2094.08),$5.16,$0.00,$0.00,$0.00,$0.00,$540.00,$1600.00,$360.16,5,
839,NQ 06-26,Backtest,VariableTrend,Short,1,12853.50,12870.25,6/9/2020 11:40:00 AM,6/9/2020 3:10:00 PM,Sell short,Close position,($340.16),($2434.24),$5.16,$0.00,$0.00,$0.00,$0.00,$370.00,$355.00,$695.16,4,
840,NQ 06-26,Backtest,VariableTrend,Long,1,12870.25,12986.00,6/9/2020 3:10:00 PM,6/9/2020 11:00:00 PM,Buy,Exit on session close,$2309.84,($124.40),$5.16,$0.00,$0.00,$0.00,$0.00,$70.00,$3185.00,$875.16,8,
841,NQ 06-26,Backtest,VariableTrend,Short,1,13045.50,12647.00,6/11/2020 8:10:00 AM,6/11/2020 11:00:00 PM,Sell short,Exit on session close,$7964.84,$7840.44,$5.16,$0.00,$0.00,$0.00,$0.00,$105.00,$8645.00,$680.16,14,
842,NQ 06-26,Backtest,VariableTrend,Long,1,12782.75,12732.75,6/12/2020 11:40:00 AM,6/12/2020 5:30:00 PM,Buy,Stop loss,($1005.16),$6835.28,$5.16,$0.00,$0.00,$0.00,$0.00,$1000.00,$1910.00,$2915.16,6,
843,NQ 06-26,Backtest,VariableTrend,Short,1,12657.00,12707.00,6/12/2020 6:40:00 PM,6/12/2020 6:40:00 PM,Sell short,Stop loss,($1005.16),$5830.12,$5.16,$0.00,$0.00,$0.00,$0.00,$1000.00,$0.00,$1005.16,1,
844,NQ 06-26,Backtest,VariableTrend,Long,1,12657.75,12607.75,6/15/2020 5:30:00 PM,6/15/2020 5:30:00 PM,Buy,Stop loss,($1005.16),$4824.96,$5.16,$0.00,$0.00,$0.00,$0.00,$1000.00,$0.00,$1005.16,1,
845,NQ 06-26,Backtest,VariableTrend,Short,1,12986.75,13036.75,6/17/2020 5:30:00 PM,6/17/2020 5:30:00 PM,Sell short,Stop loss,($1005.16),$3819.80,$5.16,$0.00,$0.00,$0.00,$0.00,$1000.00,$0.00,$1005.16,1,
846,NQ 06-26,Backtest,VariableTrend,Long,1,13030.25,13027.50,6/17/2020 6:40:00 PM,6/17/2020 11:00:00 PM,Buy,Exit on session close,($60.16),$3759.64,$5.16,$0.00,$0.00,$0.00,$0.00,$900.00,$1170.00,$1230.16,5,
847,NQ 06-26,Backtest,VariableTrend,Short,1,12963.25,13001.00,6/18/2020 3:30:00 AM,6/18/2020 8:10:00 AM,Sell short,Close position,($760.16),$2999.48,$5.16,$0.00,$0.00,$0.00,$0.00,$830.00,$1110.00,$1870.16,5,
848,NQ 06-26,Backtest,VariableTrend,Long,1,13001.00,12977.25,6/18/2020 8:10:00 AM,6/18/2020 9:20:00 AM,Buy,Close position,($480.16),$2519.32,$5.16,$0.00,$0.00,$0.00,$0.00,$645.00,$155.00,$635.16,2,
849,NQ 06-26,Backtest,VariableTrend,Short,1,12977.25,13027.25,6/18/2020 9:20:00 AM,6/18/2020 9:20:00 AM,Sell short,Stop loss,($1005.16),$1514.16,$5.16,$0.00,$0.00,$0.00,$0.00,$1000.00,$0.00,$1005.16,1,
850,NQ 06-26,Backtest,VariableTrend,Long,1,13031.50,12981.50,6/18/2020 10:30:00 AM,6/18/2020 2:00:00 PM,Buy,Stop loss,($1005.16),$509.00,$5.16,$0.00,$0.00,$0.00,$0.00,$1000.00,$775.00,$1780.16,4,
851,NQ 06-26,Backtest,VariableTrend,Short,1,12984.75,12993.25,6/18/2020 3:10:00 PM,6/18/2020 4:20:00 PM,Sell short,Close position,($175.16),$333.84,$5.16,$0.00,$0.00,$0.00,$0.00,$820.00,$290.00,$465.16,2,
852,NQ 06-26,Backtest,VariableTrend,Long,1,12993.25,12991.25,6/18/2020 4:20:00 PM,6/18/2020 10:10:00 PM,Buy,Close position,($45.16),$288.68,$5.16,$0.00,$0.00,$0.00,$0.00,$555.00,$1130.00,$1175.16,6,
853,NQ 06-26,Backtest,VariableTrend,Short,1,12991.25,13041.25,6/18/2020 10:10:00 PM,6/18/2020 10:10:00 PM,Sell short,Stop loss,($1005.16),($716.48),$5.16,$0.00,$0.00,$0.00,$0.00,$1000.00,$0.00,$1005.16,1,
854,NQ 06-26,Backtest,VariableTrend,Long,1,13042.75,13030.75,6/18/2020 11:00:00 PM,6/18/2020 11:00:00 PM,Buy,Exit on session close,($245.16),($961.64),$5.16,$0.00,$0.00,$0.00,$0.00,$480.00,$35.00,$280.16,1,
855,NQ 06-26,Backtest,VariableTrend,Short,1,13014.50,13064.50,6/19/2020 7:50:00 PM,6/19/2020 7:50:00 PM,Sell short,Stop loss,($1005.16),($1966.80),$5.16,$0.00,$0.00,$0.00,$0.00,$1000.00,$0.00,$1005.16,1,
856,NQ 06-26,Backtest,VariableTrend,Long,1,13032.50,13010.50,6/22/2020 7:00:00 AM,6/22/2020 8:10:00 AM,Buy,Close position,($445.16),($2411.96),$5.16,$0.00,$0.00,$0.00,$0.00,$480.00,$130.00,$575.16,2,
857,NQ 06-26,Backtest,VariableTrend,Short,1,13010.50,13025.25,6/22/2020 8:10:00 AM,6/22/2020 10:30:00 AM,Sell short,Close position,($300.16),($2712.12),$5.16,$0.00,$0.00,$0.00,$0.00,$425.00,$480.00,$780.16,3,
858,NQ 06-26,Backtest,VariableTrend,Long,1,13025.25,13162.75,6/22/2020 10:30:00 AM,6/22/2020 11:00:00 PM,Buy,Exit on session close,$2744.84,$32.72,$5.16,$0.00,$0.00,$0.00,$0.00,$165.00,$3010.00,$265.16,12,
859,NQ 06-26,Backtest,VariableTrend,Short,1,13033.00,13083.00,6/23/2020 4:40:00 AM,6/23/2020 4:40:00 AM,Sell short,Stop loss,($1005.16),($972.44),$5.16,$0.00,$0.00,$0.00,$0.00,$1000.00,$0.00,$1005.16,1,
860,NQ 06-26,Backtest,VariableTrend,Long,1,13160.00,13218.25,6/23/2020 5:50:00 AM,6/23/2020 11:00:00 PM,Buy,Exit on session close,$1159.84,$187.40,$5.16,$0.00,$0.00,$0.00,$0.00,$600.00,$3550.00,$2390.16,16,
861,NQ 06-26,Backtest,VariableTrend,Long,1,13252.75,13202.75,6/24/2020 3:30:00 AM,6/24/2020 10:30:00 AM,Buy,Stop loss,($1005.16),($817.76),$5.16,$0.00,$0.00,$0.00,$0.00,$1000.00,$610.00,$1615.16,7,
862,NQ 06-26,Backtest,VariableTrend,Short,1,13181.50,13231.50,6/24/2020 11:40:00 AM,6/24/2020 4:20:00 PM,Sell short,Stop loss,($1005.16),($1822.92),$5.16,$0.00,$0.00,$0.00,$0.00,$1000.00,$685.00,$1690.16,5,
863,NQ 06-26,Backtest,VariableTrend,Long,1,13080.25,13050.75,6/25/2020 12:50:00 PM,6/25/2020 2:00:00 PM,Buy,Close position,($595.16),($2418.08),$5.16,$0.00,$0.00,$0.00,$0.00,$960.00,$75.00,$670.16,2,
864,NQ 06-26,Backtest,VariableTrend,Short,1,13050.75,13100.75,6/25/2020 2:00:00 PM,6/25/2020 10:10:00 PM,Sell short,Stop loss,($1005.16),($3423.24),$5.16,$0.00,$0.00,$0.00,$0.00,$1000.00,$2480.00,$3485.16,8,
865,NQ 06-26,Backtest,VariableTrend,Long,1,13136.00,13138.75,6/25/2020 11:00:00 PM,6/25/2020 11:00:00 PM,Buy,Exit on session close,$49.84,($3373.40),$5.16,$0.00,$0.00,$0.00,$0.00,$335.00,$130.00,$80.16,1,
866,NQ 06-26,Backtest,VariableTrend,Short,1,13090.75,13140.75,6/26/2020 10:30:00 AM,6/26/2020 11:40:00 AM,Sell short,Stop loss,($1005.16),($4378.56),$5.16,$0.00,$0.00,$0.00,$0.00,$1000.00,$330.00,$1335.16,2,
867,NQ 06-26,Backtest,VariableTrend,Long,1,13133.50,13083.50,6/26/2020 12:50:00 PM,6/26/2020 4:20:00 PM,Buy,Stop loss,($1005.16),($5383.72),$5.16,$0.00,$0.00,$0.00,$0.00,$1000.00,$555.00,$1560.16,4,
868,NQ 06-26,Backtest,VariableTrend,Short,1,12968.50,13018.50,6/26/2020 5:30:00 PM,6/26/2020 6:40:00 PM,Sell short,Stop loss,($1005.16),($6388.88),$5.16,$0.00,$0.00,$0.00,$0.00,$1000.00,$1525.00,$2530.16,2,
869,NQ 06-26,Backtest,VariableTrend,Long,1,12931.00,13027.25,6/29/2020 6:40:00 PM,6/29/2020 11:00:00 PM,Buy,Exit on session close,$1919.84,($4469.04),$5.16,$0.00,$0.00,$0.00,$0.00,$345.00,$2145.00,$225.16,5,
870,NQ 06-26,Backtest,VariableTrend,Short,1,12987.50,13037.50,6/30/2020 4:20:00 PM,6/30/2020 4:20:00 PM,Sell short,Stop loss,($1005.16),($5474.20),$5.16,$0.00,$0.00,$0.00,$0.00,$1000.00,$0.00,$1005.16,1,
871,NQ 06-26,Backtest,VariableTrend,Long,1,13074.50,13180.50,6/30/2020 5:30:00 PM,6/30/2020 11:00:00 PM,Buy,Exit on session close,$2114.84,($3359.36),$5.16,$0.00,$0.00,$0.00,$0.00,$285.00,$2765.00,$650.16,6,
872,NQ 06-26,Backtest,VariableTrend,Short,1,13128.75,13178.75,7/1/2020 3:10:00 PM,7/1/2020 3:10:00 PM,Sell short,Stop loss,($1005.16),($4364.52),$5.16,$0.00,$0.00,$0.00,$0.00,$1000.00,$0.00,$1005.16,1,
873,NQ 06-26,Backtest,VariableTrend,Long,1,13185.50,13296.75,7/1/2020 4:20:00 PM,7/1/2020 11:00:00 PM,Buy,Exit on session close,$2219.84,($2144.68),$5.16,$0.00,$0.00,$0.00,$0.00,$375.00,$3315.00,$1095.16,7,
874,NQ 06-26,Backtest,VariableTrend,Long,1,13429.25,13639.00,7/6/2020 2:20:00 AM,7/6/2020 11:00:00 PM,Buy,Exit on session close,$4189.84,$2045.16,$5.16,$0.00,$0.00,$0.00,$0.00,$150.00,$4530.00,$340.16,19,
875,NQ 06-26,Backtest,VariableTrend,Short,1,13583.25,13606.00,7/7/2020 11:40:00 AM,7/7/2020 3:10:00 PM,Sell short,Close position,($460.16),$1585.00,$5.16,$0.00,$0.00,$0.00,$0.00,$550.00,$245.00,$705.16,4,
876,NQ 06-26,Backtest,VariableTrend,Long,1,13606.00,13556.00,7/7/2020 3:10:00 PM,7/7/2020 10:10:00 PM,Buy,Stop loss,($1005.16),$579.84,$5.16,$0.00,$0.00,$0.00,$0.00,$1000.00,$2595.00,$3600.16,7,
877,NQ 06-26,Backtest,VariableTrend,Short,1,13574.25,13568.00,7/7/2020 11:00:00 PM,7/7/2020 11:00:00 PM,Sell short,Exit on session close,$119.84,$699.68,$5.16,$0.00,$0.00,$0.00,$0.00,$100.00,$250.00,$130.16,1,
878,NQ 06-26,Backtest,VariableTrend,Long,1,13607.00,13581.25,7/8/2020 10:30:00 AM,7/8/2020 12:50:00 PM,Buy,Close position,($520.16),$179.52,$5.16,$0.00,$0.00,$0.00,$0.00,$765.00,$395.00,$915.16,3,
879,NQ 06-26,Backtest,VariableTrend,Short,1,13581.25,13621.50,7/8/2020 12:50:00 PM,7/8/2020 3:10:00 PM,Sell short,Close position,($810.16),($630.64),$5.16,$0.00,$0.00,$0.00,$0.00,$870.00,$315.00,$1125.16,3,
880,NQ 06-26,Backtest,VariableTrend,Long,1,13621.50,13571.50,7/8/2020 3:10:00 PM,7/8/2020 5:30:00 PM,Buy,Stop loss,($1005.16),($1635.80),$5.16,$0.00,$0.00,$0.00,$0.00,$1000.00,$1205.00,$2210.16,3,
881,NQ 06-26,Backtest,VariableTrend,Short,1,13588.75,13638.75,7/8/2020 6:40:00 PM,7/8/2020 6:40:00 PM,Sell short,Stop loss,($1005.16),($2640.96),$5.16,$0.00,$0.00,$0.00,$0.00,$1000.00,$0.00,$1005.16,1,
882,NQ 06-26,Backtest,VariableTrend,Long,1,13649.75,13713.00,7/8/2020 7:50:00 PM,7/8/2020 11:00:00 PM,Buy,Exit on session close,$1259.84,($1381.12),$5.16,$0.00,$0.00,$0.00,$0.00,$950.00,$1290.00,$30.16,4,
883,NQ 06-26,Backtest,VariableTrend,Short,1,13645.75,13695.75,7/9/2020 6:40:00 PM,7/9/2020 6:40:00 PM,Sell short,Stop loss,($1005.16),($2386.28),$5.16,$0.00,$0.00,$0.00,$0.00,$1000.00,$0.00,$1005.16,1,
884,NQ 06-26,Backtest,VariableTrend,Long,1,13700.25,13765.25,7/9/2020 7:50:00 PM,7/9/2020 11:00:00 PM,Buy,Exit on session close,$1294.84,($1091.44),$5.16,$0.00,$0.00,$0.00,$0.00,$40.00,$2305.00,$1010.16,4,
885,NQ 06-26,Backtest,VariableTrend,Short,1,13707.75,13743.75,7/10/2020 10:30:00 AM,7/10/2020 11:40:00 AM,Sell short,Close position,($725.16),($1816.60),$5.16,$0.00,$0.00,$0.00,$0.00,$870.00,$70.00,$795.16,2,
886,NQ 06-26,Backtest,VariableTrend,Long,1,13743.75,13693.75,7/10/2020 11:40:00 AM,7/10/2020 4:20:00 PM,Buy,Stop loss,($1005.16),($2821.76),$5.16,$0.00,$0.00,$0.00,$0.00,$1000.00,$960.00,$1965.16,5,
887,NQ 06-26,Backtest,VariableTrend,Short,1,13911.75,13642.50,7/13/2020 10:10:00 PM,7/13/2020 11:00:00 PM,Sell short,Exit on session close,$5379.84,$2558.08,$5.16,$0.00,$0.00,$0.00,$0.00,$70.00,$6180.00,$800.16,2,
888,NQ 06-26,Backtest,VariableTrend,Long,1,13701.00,13684.50,7/14/2020 11:00:00 PM,7/14/2020 11:00:00 PM,Buy,Exit on session close,($335.16),$2222.92,$5.16,$0.00,$0.00,$0.00,$0.00,$475.00,$30.00,$365.16,1,
889,NQ 06-26,Backtest,VariableTrend,Short,1,13712.75,13728.25,7/15/2020 6:40:00 PM,7/15/2020 11:00:00 PM,Sell short,Close position,($315.16),$1907.76,$5.16,$0.00,$0.00,$0.00,$0.00,$800.00,$2405.00,$2720.16,5,
890,NQ 06-26,Backtest,VariableTrend,Long,1,13728.25,13731.00,7/15/2020 11:00:00 PM,7/15/2020 11:00:00 PM,Buy,Exit on session close,$49.84,$1957.60,$5.16,$0.00,$0.00,$0.00,$0.00,$180.00,$120.00,$70.16,1,
891,NQ 06-26,Backtest,VariableTrend,Short,1,13689.25,13644.50,7/16/2020 2:20:00 AM,7/16/2020 9:00:00 PM,Sell short,Close position,$889.84,$2847.44,$5.16,$0.00,$0.00,$0.00,$0.00,$125.00,$3450.00,$2560.16,17,
892,NQ 06-26,Backtest,VariableTrend,Long,1,13644.50,13614.25,7/16/2020 9:00:00 PM,7/16/2020 10:10:00 PM,Buy,Close position,($610.16),$2237.28,$5.16,$0.00,$0.00,$0.00,$0.00,$650.00,$430.00,$1040.16,2,
893,NQ 06-26,Backtest,VariableTrend,Short,1,13614.25,13664.25,7/16/2020 10:10:00 PM,7/16/2020 10:10:00 PM,Sell short,Stop loss,($1005.16),$1232.12,$5.16,$0.00,$0.00,$0.00,$0.00,$1000.00,$0.00,$1005.16,1,
894,NQ 06-26,Backtest,VariableTrend,Long,1,13642.00,13631.75,7/17/2020 5:50:00 AM,7/17/2020 7:00:00 AM,Buy,Close position,($210.16),$1021.96,$5.16,$0.00,$0.00,$0.00,$0.00,$330.00,$25.00,$235.16,2,
895,NQ 06-26,Backtest,VariableTrend,Short,1,13631.75,13635.75,7/17/2020 7:00:00 AM,7/17/2020 10:30:00 AM,Sell short,Close position,($85.16),$936.80,$5.16,$0.00,$0.00,$0.00,$0.00,$215.00,$360.00,$445.16,4,
896,NQ 06-26,Backtest,VariableTrend,Long,1,13635.75,13621.50,7/17/2020 10:30:00 AM,7/17/2020 5:30:00 PM,Buy,Close position,($290.16),$646.64,$5.16,$0.00,$0.00,$0.00,$0.00,$570.00,$1275.00,$1565.16,7,
897,NQ 06-26,Backtest,VariableTrend,Short,1,13621.50,13655.25,7/17/2020 5:30:00 PM,7/17/2020 6:40:00 PM,Sell short,Close position,($680.16),($33.52),$5.16,$0.00,$0.00,$0.00,$0.00,$835.00,$855.00,$1535.16,2,
898,NQ 06-26,Backtest,VariableTrend,Long,1,13655.25,13663.75,7/17/2020 6:40:00 PM,7/17/2020 11:00:00 PM,Buy,Exit on session close,$164.84,$131.32,$5.16,$0.00,$0.00,$0.00,$0.00,$685.00,$1115.00,$950.16,5,
899,NQ 06-26,Backtest,VariableTrend,Short,1,13625.25,13656.75,7/20/2020 4:40:00 AM,7/20/2020 12:50:00 PM,Sell short,Close position,($635.16),($503.84),$5.16,$0.00,$0.00,$0.00,$0.00,$700.00,$755.00,$1390.16,8,
900,NQ 06-26,Backtest,VariableTrend,Long,1,13656.75,13988.75,7/20/2020 12:50:00 PM,7/20/2020 11:00:00 PM,Buy,Exit on session close,$6634.84,$6131.00,$5.16,$0.00,$0.00,$0.00,$0.00,$195.00,$6980.00,$345.16,10,
901,NQ 06-26,Backtest,VariableTrend,Short,1,14035.00,13886.75,7/21/2020 4:20:00 PM,7/21/2020 11:00:00 PM,Sell short,Exit on session close,$2959.84,$9090.84,$5.16,$0.00,$0.00,$0.00,$0.00,$335.00,$4180.00,$1220.16,7,
902,NQ 06-26,Backtest,VariableTrend,Long,1,13924.25,13920.00,7/23/2020 9:20:00 AM,7/23/2020 3:10:00 PM,Buy,Close position,($90.16),$9000.68,$5.16,$0.00,$0.00,$0.00,$0.00,$350.00,$1110.00,$1200.16,6,
903,NQ 06-26,Backtest,VariableTrend,Short,1,13920.00,13606.25,7/23/2020 3:10:00 PM,7/23/2020 11:00:00 PM,Sell short,Exit on session close,$6269.84,$15270.52,$5.16,$0.00,$0.00,$0.00,$0.00,$40.00,$7285.00,$1015.16,8,
904,NQ 06-26,Backtest,VariableTrend,Long,1,13566.00,13556.50,7/27/2020 7:00:00 AM,7/27/2020 9:20:00 AM,Buy,Close position,($195.16),$15075.36,$5.16,$0.00,$0.00,$0.00,$0.00,$330.00,$350.00,$545.16,3,
905,NQ 06-26,Backtest,VariableTrend,Short,1,13556.50,13558.75,7/27/2020 9:20:00 AM,7/27/2020 11:40:00 AM,Sell short,Close position,($50.16),$15025.20,$5.16,$0.00,$0.00,$0.00,$0.00,$345.00,$420.00,$470.16,3,
906,NQ 06-26,Backtest,VariableTrend,Long,1,13558.75,13580.50,7/27/2020 11:40:00 AM,7/27/2020 6:40:00 PM,Buy,Close position,$429.84,$15455.04,$5.16,$0.00,$0.00,$0.00,$0.00,$75.00,$2365.00,$1935.16,7,
907,NQ 06-26,Backtest,VariableTrend,Short,1,13580.50,13630.50,7/27/2020 6:40:00 PM,7/27/2020 6:40:00 PM,Sell short,Stop loss,($1005.16),$14449.88,$5.16,$0.00,$0.00,$0.00,$0.00,$1000.00,$0.00,$1005.16,1,
908,NQ 06-26,Backtest,VariableTrend,Long,1,13631.75,13723.25,7/27/2020 7:50:00 PM,7/27/2020 11:00:00 PM,Buy,Exit on session close,$1824.84,$16274.72,$5.16,$0.00,$0.00,$0.00,$0.00,$395.00,$1870.00,$45.16,4,
909,NQ 06-26,Backtest,VariableTrend,Short,1,13699.75,13711.75,7/28/2020 11:40:00 AM,7/28/2020 12:50:00 PM,Sell short,Close position,($245.16),$16029.56,$5.16,$0.00,$0.00,$0.00,$0.00,$555.00,$30.00,$275.16,2,
910,NQ 06-26,Backtest,VariableTrend,Long,1,13711.75,13661.75,7/28/2020 12:50:00 PM,7/28/2020 12:50:00 PM,Buy,Stop loss,($1005.16),$15024.40,$5.16,$0.00,$0.00,$0.00,$0.00,$1000.00,$0.00,$1005.16,1,
911,NQ 06-26,Backtest,VariableTrend,Short,1,13686.25,13687.25,7/28/2020 2:00:00 PM,7/28/2020 9:00:00 PM,Sell short,Close position,($25.16),$14999.24,$5.16,$0.00,$0.00,$0.00,$0.00,$345.00,$1755.00,$1780.16,7,
912,NQ 06-26,Backtest,VariableTrend,Long,1,13687.25,13637.25,7/28/2020 9:00:00 PM,7/28/2020 9:00:00 PM,Buy,Stop loss,($1005.16),$13994.08,$5.16,$0.00,$0.00,$0.00,$0.00,$1000.00,$0.00,$1005.16,1,
913,NQ 06-26,Backtest,VariableTrend,Short,1,13640.50,13590.50,7/28/2020 10:10:00 PM,7/28/2020 11:00:00 PM,Sell short,Exit on session close,$994.84,$14988.92,$5.16,$0.00,$0.00,$0.00,$0.00,$80.00,$1705.00,$710.16,2,
914,NQ 06-26,Backtest,VariableTrend,Long,1,13632.00,13624.00,7/29/2020 11:40:00 AM,7/29/2020 12:50:00 PM,Buy,Close position,($165.16),$14823.76,$5.16,$0.00,$0.00,$0.00,$0.00,$530.00,$55.00,$220.16,2,
915,NQ 06-26,Backtest,VariableTrend,Short,1,13624.00,13640.25,7/29/2020 12:50:00 PM,7/29/2020 2:00:00 PM,Sell short,Close position,($330.16),$14493.60,$5.16,$0.00,$0.00,$0.00,$0.00,$385.00,$45.00,$375.16,2,
916,NQ 06-26,Backtest,VariableTrend,Long,1,13640.25,13740.75,7/29/2020 2:00:00 PM,7/29/2020 11:00:00 PM,Buy,Exit on session close,$2004.84,$16498.44,$5.16,$0.00,$0.00,$0.00,$0.00,$560.00,$2015.00,$10.16,9,
917,NQ 06-26,Backtest,VariableTrend,Short,1,13642.50,13654.25,7/30/2020 10:30:00 AM,7/30/2020 6:40:00 PM,Sell short,Close position,($240.16),$16258.28,$5.16,$0.00,$0.00,$0.00,$0.00,$550.00,$1970.00,$2210.16,8,
918,NQ 06-26,Backtest,VariableTrend,Long,1,13654.25,13932.25,7/30/2020 6:40:00 PM,7/30/2020 11:00:00 PM,Buy,Exit on session close,$5554.84,$21813.12,$5.16,$0.00,$0.00,$0.00,$0.00,$100.00,$5685.00,$130.16,5,
919,NQ 06-26,Backtest,VariableTrend,Short,1,13773.25,13823.25,7/31/2020 5:30:00 PM,7/31/2020 5:30:00 PM,Sell short,Stop loss,($1005.16),$20807.96,$5.16,$0.00,$0.00,$0.00,$0.00,$1000.00,$0.00,$1005.16,1,
920,NQ 06-26,Backtest,VariableTrend,Long,1,13945.00,13955.50,7/31/2020 11:00:00 PM,7/31/2020 11:00:00 PM,Buy,Exit on session close,$204.84,$21012.80,$5.16,$0.00,$0.00,$0.00,$0.00,$120.00,$345.00,$140.16,1,
921,NQ 06-26,Backtest,VariableTrend,Short,1,14046.50,14053.75,8/4/2020 12:50:00 PM,8/4/2020 2:00:00 PM,Sell short,Close position,($150.16),$20862.64,$5.16,$0.00,$0.00,$0.00,$0.00,$235.00,$145.00,$295.16,2,
922,NQ 06-26,Backtest,VariableTrend,Long,1,14053.75,14037.75,8/4/2020 2:00:00 PM,8/4/2020 3:10:00 PM,Buy,Close position,($325.16),$20537.48,$5.16,$0.00,$0.00,$0.00,$0.00,$390.00,$315.00,$640.16,2,
923,NQ 06-26,Backtest,VariableTrend,Short,1,14037.75,14052.25,8/4/2020 3:10:00 PM,8/4/2020 4:20:00 PM,Sell short,Close position,($295.16),$20242.32,$5.16,$0.00,$0.00,$0.00,$0.00,$345.00,$270.00,$565.16,2,
924,NQ 06-26,Backtest,VariableTrend,Long,1,14052.25,14119.75,8/4/2020 4:20:00 PM,8/4/2020 11:00:00 PM,Buy,Exit on session close,$1344.84,$21587.16,$5.16,$0.00,$0.00,$0.00,$0.00,$460.00,$1675.00,$330.16,7,
925,NQ 06-26,Backtest,VariableTrend,Short,1,14124.75,14140.75,8/6/2020 8:10:00 AM,8/6/2020 9:20:00 AM,Sell short,Close position,($325.16),$21262.00,$5.16,$0.00,$0.00,$0.00,$0.00,$320.00,$70.00,$395.16,2,
926,NQ 06-26,Backtest,VariableTrend,Long,1,14140.75,14115.50,8/6/2020 9:20:00 AM,8/6/2020 2:00:00 PM,Buy,Close position,($510.16),$20751.84,$5.16,$0.00,$0.00,$0.00,$0.00,$575.00,$580.00,$1090.16,5,
927,NQ 06-26,Backtest,VariableTrend,Short,1,14115.50,14138.50,8/6/2020 2:00:00 PM,8/6/2020 4:20:00 PM,Sell short,Close position,($465.16),$20286.68,$5.16,$0.00,$0.00,$0.00,$0.00,$805.00,$460.00,$925.16,3,
928,NQ 06-26,Backtest,VariableTrend,Long,1,14138.50,14299.25,8/6/2020 4:20:00 PM,8/6/2020 11:00:00 PM,Buy,Exit on session close,$3209.84,$23496.52,$5.16,$0.00,$0.00,$0.00,$0.00,$485.00,$3490.00,$280.16,7,
929,NQ 06-26,Backtest,VariableTrend,Short,1,14245.75,14173.25,8/7/2020 6:40:00 PM,8/7/2020 11:00:00 PM,Sell short,Exit on session close,$1444.84,$24941.36,$5.16,$0.00,$0.00,$0.00,$0.00,$380.00,$3385.00,$1940.16,5,
930,NQ 06-26,Backtest,VariableTrend,Long,1,14141.50,14104.75,8/11/2020 4:40:00 AM,8/11/2020 3:10:00 PM,Buy,Close position,($740.16),$24201.20,$5.16,$0.00,$0.00,$0.00,$0.00,$865.00,$1150.00,$1890.16,10,
931,NQ 06-26,Backtest,VariableTrend,Short,1,14104.75,13953.25,8/11/2020 3:10:00 PM,8/11/2020 11:00:00 PM,Sell short,Exit on session close,$3024.84,$27226.04,$5.16,$0.00,$0.00,$0.00,$0.00,$415.00,$4360.00,$1335.16,8,
932,NQ 06-26,Backtest,VariableTrend,Long,1,14109.00,14157.75,8/12/2020 5:30:00 PM,8/12/2020 11:00:00 PM,Buy,Exit on session close,$969.84,$28195.88,$5.16,$0.00,$0.00,$0.00,$0.00,$70.00,$2360.00,$1390.16,6,
933,NQ 06-26,Backtest,VariableTrend,Short,1,14200.25,14210.50,8/14/2020 11:40:00 AM,8/14/2020 2:00:00 PM,Sell short,Close position,($210.16),$27985.72,$5.16,$0.00,$0.00,$0.00,$0.00,$215.00,$420.00,$630.16,3,
934,NQ 06-26,Backtest,VariableTrend,Long,1,14210.50,14160.50,8/14/2020 2:00:00 PM,8/14/2020 4:20:00 PM,Buy,Stop loss,($1005.16),$26980.56,$5.16,$0.00,$0.00,$0.00,$0.00,$1000.00,$965.00,$1970.16,3,
935,NQ 06-26,Backtest,VariableTrend,Short,1,14161.50,14211.50,8/14/2020 5:30:00 PM,8/14/2020 6:40:00 PM,Sell short,Stop loss,($1005.16),$25975.40,$5.16,$0.00,$0.00,$0.00,$0.00,$1000.00,$485.00,$1490.16,2,
936,NQ 06-26,Backtest,VariableTrend,Long,1,14214.50,14198.00,8/14/2020 7:50:00 PM,8/14/2020 9:00:00 PM,Buy,Close position,($335.16),$25640.24,$5.16,$0.00,$0.00,$0.00,$0.00,$525.00,$110.00,$445.16,2,
937,NQ 06-26,Backtest,VariableTrend,Short,1,14198.00,14188.50,8/14/2020 9:00:00 PM,8/14/2020 11:00:00 PM,Sell short,Exit on session close,$184.84,$25825.08,$5.16,$0.00,$0.00,$0.00,$0.00,$180.00,$745.00,$560.16,3,
938,NQ 06-26,Backtest,VariableTrend,Long,1,14206.25,14328.25,8/17/2020 4:40:00 AM,8/17/2020 11:00:00 PM,Buy,Exit on session close,$2434.84,$28259.92,$5.16,$0.00,$0.00,$0.00,$0.00,$85.00,$2710.00,$275.16,17,
939,NQ 06-26,Backtest,VariableTrend,Short,1,14423.50,14449.25,8/19/2020 4:20:00 PM,8/19/2020 6:40:00 PM,Sell short,Close position,($520.16),$27739.76,$5.16,$0.00,$0.00,$0.00,$0.00,$710.00,$995.00,$1515.16,3,
940,NQ 06-26,Backtest,VariableTrend,Long,1,14449.25,14399.25,8/19/2020 6:40:00 PM,8/19/2020 9:00:00 PM,Buy,Stop loss,($1005.16),$26734.60,$5.16,$0.00,$0.00,$0.00,$0.00,$1000.00,$600.00,$1605.16,3,
941,NQ 06-26,Backtest,VariableTrend,Short,1,14413.25,14362.75,8/19/2020 10:10:00 PM,8/19/2020 11:00:00 PM,Sell short,Exit on session close,$1004.84,$27739.44,$5.16,$0.00,$0.00,$0.00,$0.00,$65.00,$1460.00,$455.16,2,
942,NQ 06-26,Backtest,VariableTrend,Long,1,14364.75,14335.00,8/20/2020 2:00:00 PM,8/20/2020 4:20:00 PM,Buy,Close position,($600.16),$27139.28,$5.16,$0.00,$0.00,$0.00,$0.00,$610.00,$265.00,$865.16,3,
943,NQ 06-26,Backtest,VariableTrend,Short,1,14335.00,14385.00,8/20/2020 4:20:00 PM,8/20/2020 4:20:00 PM,Sell short,Stop loss,($1005.16),$26134.12,$5.16,$0.00,$0.00,$0.00,$0.00,$1000.00,$0.00,$1005.16,1,
944,NQ 06-26,Backtest,VariableTrend,Long,1,14403.25,14521.25,8/20/2020 5:30:00 PM,8/20/2020 11:00:00 PM,Buy,Exit on session close,$2354.84,$28488.96,$5.16,$0.00,$0.00,$0.00,$0.00,$250.00,$2690.00,$335.16,6,
945,NQ 06-26,Backtest,VariableTrend,Short,1,14491.00,14508.00,8/21/2020 2:00:00 PM,8/21/2020 4:20:00 PM,Sell short,Close position,($345.16),$28143.80,$5.16,$0.00,$0.00,$0.00,$0.00,$500.00,$855.00,$1200.16,3,
946,NQ 06-26,Backtest,VariableTrend,Long,1,14508.00,14603.00,8/21/2020 4:20:00 PM,8/21/2020 11:00:00 PM,Buy,Exit on session close,$1894.84,$30038.64,$5.16,$0.00,$0.00,$0.00,$0.00,$225.00,$2135.00,$240.16,7,
947,NQ 06-26,Backtest,VariableTrend,Short,1,14600.25,14650.25,8/24/2020 6:40:00 PM,8/24/2020 6:40:00 PM,Sell short,Stop loss,($1005.16),$29033.48,$5.16,$0.00,$0.00,$0.00,$0.00,$1000.00,$0.00,$1005.16,1,
948,NQ 06-26,Backtest,VariableTrend,Long,1,14679.75,14675.50,8/24/2020 11:00:00 PM,8/24/2020 11:00:00 PM,Buy,Exit on session close,($90.16),$28943.32,$5.16,$0.00,$0.00,$0.00,$0.00,$215.00,$45.00,$135.16,1,
949,NQ 06-26,Backtest,VariableTrend,Short,1,14660.75,14710.75,8/25/2020 3:10:00 PM,8/25/2020 5:30:00 PM,Sell short,Stop loss,($1005.16),$27938.16,$5.16,$0.00,$0.00,$0.00,$0.00,$1000.00,$895.00,$1900.16,3,
950,NQ 06-26,Backtest,VariableTrend,Long,1,14705.75,14777.75,8/25/2020 6:40:00 PM,8/25/2020 11:00:00 PM,Buy,Exit on session close,$1434.84,$29373.00,$5.16,$0.00,$0.00,$0.00,$0.00,$800.00,$1555.00,$120.16,5,
951,NQ 06-26,Backtest,VariableTrend,Short,1,14953.00,15003.00,8/27/2020 9:00:00 PM,8/27/2020 9:00:00 PM,Sell short,Stop loss,($1005.16),$28367.84,$5.16,$0.00,$0.00,$0.00,$0.00,$1000.00,$0.00,$1005.16,1,
952,NQ 06-26,Backtest,VariableTrend,Long,1,15002.50,14988.00,8/27/2020 10:10:00 PM,8/27/2020 11:00:00 PM,Buy,Exit on session close,($295.16),$28072.68,$5.16,$0.00,$0.00,$0.00,$0.00,$825.00,$505.00,$800.16,2,
953,NQ 06-26,Backtest,VariableTrend,Short,1,14980.25,15015.75,8/28/2020 2:00:00 PM,8/28/2020 3:10:00 PM,Sell short,Close position,($715.16),$27357.52,$5.16,$0.00,$0.00,$0.00,$0.00,$805.00,$70.00,$785.16,2,
954,NQ 06-26,Backtest,VariableTrend,Long,1,15015.75,15043.25,8/28/2020 3:10:00 PM,8/28/2020 11:00:00 PM,Buy,Exit on session close,$544.84,$27902.36,$5.16,$0.00,$0.00,$0.00,$0.00,$980.00,$875.00,$330.16,8,
955,NQ 06-26,Backtest,VariableTrend,Short,1,15065.75,15097.00,8/31/2020 3:10:00 PM,8/31/2020 5:30:00 PM,Sell short,Close position,($630.16),$27272.20,$5.16,$0.00,$0.00,$0.00,$0.00,$635.00,$725.00,$1355.16,3,
956,NQ 06-26,Backtest,VariableTrend,Long,1,15097.00,15147.25,8/31/2020 5:30:00 PM,8/31/2020 11:00:00 PM,Buy,Exit on session close,$999.84,$28272.04,$5.16,$0.00,$0.00,$0.00,$0.00,$790.00,$2185.00,$1185.16,6,
957,NQ 06-26,Backtest,VariableTrend,Short,1,15371.00,15421.00,9/2/2020 5:30:00 PM,9/2/2020 7:50:00 PM,Sell short,Stop loss,($1005.16),$27266.88,$5.16,$0.00,$0.00,$0.00,$0.00,$1000.00,$3150.00,$4155.16,3,
958,NQ 06-26,Backtest,VariableTrend,Long,1,15419.00,15449.75,9/2/2020 9:00:00 PM,9/2/2020 11:00:00 PM,Buy,Exit on session close,$609.84,$27876.72,$5.16,$0.00,$0.00,$0.00,$0.00,$665.00,$1165.00,$555.16,3,
959,NQ 06-26,Backtest,VariableTrend,Short,1,15412.75,15421.25,9/3/2020 10:30:00 AM,9/3/2020 11:40:00 AM,Sell short,Close position,($175.16),$27701.56,$5.16,$0.00,$0.00,$0.00,$0.00,$790.00,$35.00,$210.16,2,
960,NQ 06-26,Backtest,VariableTrend,Long,1,15421.25,15371.25,9/3/2020 11:40:00 AM,9/3/2020 11:40:00 AM,Buy,Stop loss,($1005.16),$26696.40,$5.16,$0.00,$0.00,$0.00,$0.00,$1000.00,$0.00,$1005.16,1,
961,NQ 06-26,Backtest,VariableTrend,Short,1,15381.25,14843.50,9/3/2020 12:50:00 PM,9/3/2020 11:00:00 PM,Sell short,Exit on session close,$10749.84,$37446.24,$5.16,$0.00,$0.00,$0.00,$0.00,$60.00,$13630.00,$2880.16,10,
962,NQ 06-26,Backtest,VariableTrend,Long,1,14725.50,14675.50,9/4/2020 10:10:00 PM,9/4/2020 10:10:00 PM,Buy,Stop loss,($1005.16),$36441.08,$5.16,$0.00,$0.00,$0.00,$0.00,$1000.00,$0.00,$1005.16,1,
963,NQ 06-26,Backtest,VariableTrend,Short,1,14623.50,14579.50,9/4/2020 11:00:00 PM,9/4/2020 11:00:00 PM,Sell short,Exit on session close,$874.84,$37315.92,$5.16,$0.00,$0.00,$0.00,$0.00,$25.00,$895.00,$20.16,1,
964,NQ 06-26,Backtest,VariableTrend,Long,1,14611.75,14579.25,9/8/2020 2:20:00 AM,9/8/2020 3:30:00 AM,Buy,Close position,($655.16),$36660.76,$5.16,$0.00,$0.00,$0.00,$0.00,$810.00,$145.00,$800.16,2,
965,NQ 06-26,Backtest,VariableTrend,Short,1,14579.25,14600.25,9/8/2020 3:30:00 AM,9/8/2020 9:20:00 AM,Sell short,Close position,($425.16),$36235.60,$5.16,$0.00,$0.00,$0.00,$0.00,$720.00,$1355.00,$1780.16,6,
966,NQ 06-26,Backtest,VariableTrend,Long,1,14600.25,14568.50,9/8/2020 9:20:00 AM,9/8/2020 10:30:00 AM,Buy,Close position,($640.16),$35595.44,$5.16,$0.00,$0.00,$0.00,$0.00,$670.00,$190.00,$830.16,2,
967,NQ 06-26,Backtest,VariableTrend,Short,1,14568.50,14085.00,9/8/2020 10:30:00 AM,9/8/2020 11:00:00 PM,Sell short,Exit on session close,$9664.84,$45260.28,$5.16,$0.00,$0.00,$0.00,$0.00,$85.00,$9735.00,$70.16,12,
968,NQ 06-26,Backtest,VariableTrend,Long,1,14281.25,14231.25,9/9/2020 11:40:00 AM,9/9/2020 2:00:00 PM,Buy,Stop loss,($1005.16),$44255.12,$5.16,$0.00,$0.00,$0.00,$0.00,$1000.00,$1125.00,$2130.16,3,
969,NQ 06-26,Backtest,VariableTrend,Short,1,14278.50,14288.00,9/9/2020 3:10:00 PM,9/9/2020 4:20:00 PM,Sell short,Close position,($195.16),$44059.96,$5.16,$0.00,$0.00,$0.00,$0.00,$445.00,$890.00,$1085.16,2,
970,NQ 06-26,Backtest,VariableTrend,Long,1,14288.00,14238.00,9/9/2020 4:20:00 PM,9/9/2020 4:20:00 PM,Buy,Stop loss,($1005.16),$43054.80,$5.16,$0.00,$0.00,$0.00,$0.00,$1000.00,$0.00,$1005.16,1,
971,NQ 06-26,Backtest,VariableTrend,Short,1,14388.00,14425.00,9/10/2020 4:40:00 AM,9/10/2020 5:50:00 AM,Sell short,Close position,($745.16),$42309.64,$5.16,$0.00,$0.00,$0.00,$0.00,$875.00,$345.00,$1090.16,2,
972,NQ 06-26,Backtest,VariableTrend,Long,1,14425.00,14375.00,9/10/2020 5:50:00 AM,9/10/2020 10:30:00 AM,Buy,Stop loss,($1005.16),$41304.48,$5.16,$0.00,$0.00,$0.00,$0.00,$1000.00,$1410.00,$2415.16,5,
973,NQ 06-26,Backtest,VariableTrend,Short,1,14355.00,14405.00,9/10/2020 11:40:00 AM,9/10/2020 11:40:00 AM,Sell short,Stop loss,($1005.16),$40299.32,$5.16,$0.00,$0.00,$0.00,$0.00,$1000.00,$0.00,$1005.16,1,
974,NQ 06-26,Backtest,VariableTrend,Long,1,14402.75,14367.00,9/10/2020 12:50:00 PM,9/10/2020 2:00:00 PM,Buy,Close position,($720.16),$39579.16,$5.16,$0.00,$0.00,$0.00,$0.00,$795.00,$1195.00,$1915.16,2,
975,NQ 06-26,Backtest,VariableTrend,Short,1,14367.00,14417.00,9/10/2020 2:00:00 PM,9/10/2020 2:00:00 PM,Sell short,Stop loss,($1005.16),$38574.00,$5.16,$0.00,$0.00,$0.00,$0.00,$1000.00,$0.00,$1005.16,1,
976,NQ 06-26,Backtest,VariableTrend,Long,1,14477.00,14427.00,9/10/2020 3:10:00 PM,9/10/2020 5:30:00 PM,Buy,Stop loss,($1005.16),$37568.84,$5.16,$0.00,$0.00,$0.00,$0.00,$1000.00,$2590.00,$3595.16,3,
977,NQ 06-26,Backtest,VariableTrend,Short,1,14390.75,14440.75,9/10/2020 7:50:00 PM,9/10/2020 7:50:00 PM,Sell short,Stop loss,($1005.16),$36563.68,$5.16,$0.00,$0.00,$0.00,$0.00,$1000.00,$0.00,$1005.16,1,
978,NQ 06-26,Backtest,VariableTrend,Long,1,14367.50,14317.50,9/11/2020 10:30:00 AM,9/11/2020 12:50:00 PM,Buy,Stop loss,($1005.16),$35558.52,$5.16,$0.00,$0.00,$0.00,$0.00,$1000.00,$575.00,$1580.16,3,
979,NQ 06-26,Backtest,VariableTrend,Short,1,14306.75,14112.00,9/11/2020 2:00:00 PM,9/11/2020 11:00:00 PM,Sell short,Exit on session close,$3889.84,$39448.36,$5.16,$0.00,$0.00,$0.00,$0.00,$575.00,$6605.00,$2715.16,9,
980,NQ 06-26,Backtest,VariableTrend,Long,1,14210.50,14230.00,9/14/2020 2:20:00 AM,9/14/2020 12:50:00 PM,Buy,Close position,$384.84,$39833.20,$5.16,$0.00,$0.00,$0.00,$0.00,$315.00,$2155.00,$1770.16,10,
981,NQ 06-26,Backtest,VariableTrend,Short,1,14230.00,14269.00,9/14/2020 12:50:00 PM,9/14/2020 2:00:00 PM,Sell short,Close position,($785.16),$39048.04,$5.16,$0.00,$0.00,$0.00,$0.00,$845.00,$140.00,$925.16,2,
982,NQ 06-26,Backtest,VariableTrend,Long,1,14269.00,14244.25,9/14/2020 2:00:00 PM,9/14/2020 3:10:00 PM,Buy,Close position,($500.16),$38547.88,$5.16,$0.00,$0.00,$0.00,$0.00,$515.00,$500.00,$1000.16,2,
983,NQ 06-26,Backtest,VariableTrend,Short,1,14244.25,14254.75,9/14/2020 3:10:00 PM,9/14/2020 4:20:00 PM,Sell short,Close position,($215.16),$38332.72,$5.16,$0.00,$0.00,$0.00,$0.00,$505.00,$340.00,$555.16,2,
984,NQ 06-26,Backtest,VariableTrend,Long,1,14254.75,14313.00,9/14/2020 4:20:00 PM,9/14/2020 11:00:00 PM,Buy,Exit on session close,$1159.84,$39492.56,$5.16,$0.00,$0.00,$0.00,$0.00,$565.00,$2940.00,$1780.16,7,
985,NQ 06-26,Backtest,VariableTrend,Short,1,14457.50,14466.00,9/16/2020 3:30:00 AM,9/16/2020 4:40:00 AM,Sell short,Close position,($175.16),$39317.40,$5.16,$0.00,$0.00,$0.00,$0.00,$390.00,$75.00,$250.16,2,
986,NQ 06-26,Backtest,VariableTrend,Long,1,14466.00,14454.25,9/16/2020 4:40:00 AM,9/16/2020 5:30:00 PM,Buy,Close position,($240.16),$39077.24,$5.16,$0.00,$0.00,$0.00,$0.00,$385.00,$2510.00,$2750.16,12,
987,NQ 06-26,Backtest,VariableTrend,Short,1,14454.25,14302.50,9/16/2020 5:30:00 PM,9/16/2020 11:00:00 PM,Sell short,Exit on session close,$3029.84,$42107.08,$5.16,$0.00,$0.00,$0.00,$0.00,$635.00,$3560.00,$530.16,6,
988,NQ 06-26,Backtest,VariableTrend,Long,1,14178.50,14128.50,9/18/2020 9:20:00 AM,9/18/2020 10:30:00 AM,Buy,Stop loss,($1005.16),$41101.92,$5.16,$0.00,$0.00,$0.00,$0.00,$1000.00,$470.00,$1475.16,2,
989,NQ 06-26,Backtest,VariableTrend,Short,1,14166.25,14195.50,9/18/2020 11:40:00 AM,9/18/2020 12:50:00 PM,Sell short,Close position,($590.16),$40511.76,$5.16,$0.00,$0.00,$0.00,$0.00,$625.00,$485.00,$1075.16,2,
990,NQ 06-26,Backtest,VariableTrend,Long,1,14195.50,14159.00,9/18/2020 12:50:00 PM,9/18/2020 2:00:00 PM,Buy,Close position,($735.16),$39776.60,$5.16,$0.00,$0.00,$0.00,$0.00,$815.00,$30.00,$765.16,2,
991,NQ 06-26,Backtest,VariableTrend,Short,1,14159.00,14182.75,9/18/2020 2:00:00 PM,9/18/2020 3:10:00 PM,Sell short,Close position,($480.16),$39296.44,$5.16,$0.00,$0.00,$0.00,$0.00,$965.00,$110.00,$590.16,2,
992,NQ 06-26,Backtest,VariableTrend,Long,1,14182.75,14132.75,9/18/2020 3:10:00 PM,9/18/2020 4:20:00 PM,Buy,Stop loss,($1005.16),$38291.28,$5.16,$0.00,$0.00,$0.00,$0.00,$1000.00,$460.00,$1465.16,2,
993,NQ 06-26,Backtest,VariableTrend,Short,1,14128.50,13991.00,9/18/2020 5:30:00 PM,9/18/2020 11:00:00 PM,Sell short,Exit on session close,$2744.84,$41036.12,$5.16,$0.00,$0.00,$0.00,$0.00,$75.00,$6680.00,$3935.16,6,
994,NQ 06-26,Backtest,VariableTrend,Long,1,14038.25,14033.00,9/21/2020 11:00:00 PM,9/21/2020 11:00:00 PM,Buy,Exit on session close,($110.16),$40925.96,$5.16,$0.00,$0.00,$0.00,$0.00,$160.00,$480.00,$590.16,1,
995,NQ 06-26,Backtest,VariableTrend,Short,1,13962.25,14012.25,9/22/2020 10:30:00 AM,9/22/2020 10:30:00 AM,Sell short,Stop loss,($1005.16),$39920.80,$5.16,$0.00,$0.00,$0.00,$0.00,$1000.00,$0.00,$1005.16,1,
996,NQ 06-26,Backtest,VariableTrend,Long,1,14053.50,14003.50,9/22/2020 11:40:00 AM,9/22/2020 4:20:00 PM,Buy,Stop loss,($1005.16),$38915.64,$5.16,$0.00,$0.00,$0.00,$0.00,$1000.00,$1645.00,$2650.16,5,
997,NQ 06-26,Backtest,VariableTrend,Short,1,14089.00,14139.00,9/23/2020 5:30:00 PM,9/23/2020 5:30:00 PM,Sell short,Stop loss,($1005.16),$37910.48,$5.16,$0.00,$0.00,$0.00,$0.00,$1000.00,$0.00,$1005.16,1,
998,NQ 06-26,Backtest,VariableTrend,Long,1,13963.50,13913.50,9/24/2020 5:30:00 PM,9/24/2020 5:30:00 PM,Buy,Stop loss,($1005.16),$36905.32,$5.16,$0.00,$0.00,$0.00,$0.00,$1000.00,$0.00,$1005.16,1,
999,NQ 06-26,Backtest,VariableTrend,Short,1,13925.25,13943.00,9/25/2020 11:40:00 AM,9/25/2020 3:10:00 PM,Sell short,Close position,($360.16),$36545.16,$5.16,$0.00,$0.00,$0.00,$0.00,$695.00,$1180.00,$1540.16,4,
1000,NQ 06-26,Backtest,VariableTrend,Long,1,13943.00,13893.00,9/25/2020 3:10:00 PM,9/25/2020 4:20:00 PM,Buy,Stop loss,($1005.16),$35540.00,$5.16,$0.00,$0.00,$0.00,$0.00,$1000.00,$850.00,$1855.16,2,
1001,NQ 06-26,Backtest,VariableTrend,Short,1,14305.50,14355.50,9/28/2020 7:50:00 PM,9/28/2020 7:50:00 PM,Sell short,Stop loss,($1005.16),$34534.84,$5.16,$0.00,$0.00,$0.00,$0.00,$1000.00,$0.00,$1005.16,1,
1002,NQ 06-26,Backtest,VariableTrend,Long,1,14381.25,14446.75,9/28/2020 9:00:00 PM,9/28/2020 11:00:00 PM,Buy,Exit on session close,$1304.84,$35839.68,$5.16,$0.00,$0.00,$0.00,$0.00,$675.00,$1505.00,$200.16,3,
1003,NQ 06-26,Backtest,VariableTrend,Short,1,14401.75,14415.75,9/29/2020 10:30:00 AM,9/29/2020 2:00:00 PM,Sell short,Close position,($285.16),$35554.52,$5.16,$0.00,$0.00,$0.00,$0.00,$815.00,$310.00,$595.16,4,
1004,NQ 06-26,Backtest,VariableTrend,Long,1,14415.75,14405.00,9/29/2020 2:00:00 PM,9/29/2020 3:10:00 PM,Buy,Close position,($220.16),$35334.36,$5.16,$0.00,$0.00,$0.00,$0.00,$295.00,$590.00,$810.16,2,
1005,NQ 06-26,Backtest,VariableTrend,Short,1,14405.00,14421.50,9/29/2020 3:10:00 PM,9/29/2020 4:20:00 PM,Sell short,Close position,($335.16),$34999.20,$5.16,$0.00,$0.00,$0.00,$0.00,$445.00,$245.00,$580.16,2,
1006,NQ 06-26,Backtest,VariableTrend,Long,1,14421.50,14371.50,9/29/2020 4:20:00 PM,9/29/2020 5:30:00 PM,Buy,Stop loss,($1005.16),$33994.04,$5.16,$0.00,$0.00,$0.00,$0.00,$1000.00,$340.00,$1345.16,2,
1007,NQ 06-26,Backtest,VariableTrend,Short,1,14400.25,14372.50,9/29/2020 6:40:00 PM,9/29/2020 11:00:00 PM,Sell short,Exit on session close,$549.84,$34543.88,$5.16,$0.00,$0.00,$0.00,$0.00,$360.00,$1115.00,$565.16,5,
1008,NQ 06-26,Backtest,VariableTrend,Long,1,14405.25,14355.25,9/30/2020 3:30:00 AM,9/30/2020 5:50:00 AM,Buy,Stop loss,($1005.16),$33538.72,$5.16,$0.00,$0.00,$0.00,$0.00,$1000.00,$1485.00,$2490.16,3,
1009,NQ 06-26,Backtest,VariableTrend,Short,1,14333.75,14383.75,9/30/2020 7:00:00 AM,9/30/2020 3:10:00 PM,Sell short,Stop loss,($1005.16),$32533.56,$5.16,$0.00,$0.00,$0.00,$0.00,$1000.00,$2285.00,$3290.16,8,
1010,NQ 06-26,Backtest,VariableTrend,Long,1,14376.00,14410.50,9/30/2020 4:20:00 PM,9/30/2020 11:00:00 PM,Buy,Close position,$684.84,$33218.40,$5.16,$0.00,$0.00,$0.00,$0.00,$265.00,$4050.00,$3365.16,7,
1011,NQ 06-26,Backtest,VariableTrend,Short,1,14410.50,14409.75,9/30/2020 11:00:00 PM,9/30/2020 11:00:00 PM,Sell short,Exit on session close,$9.84,$33228.24,$5.16,$0.00,$0.00,$0.00,$0.00,$175.00,$240.00,$230.16,1,
1012,NQ 06-26,Backtest,VariableTrend,Long,1,14488.00,14625.50,10/1/2020 2:20:00 AM,10/1/2020 11:00:00 PM,Buy,Exit on session close,$2744.84,$35973.08,$5.16,$0.00,$0.00,$0.00,$0.00,$515.00,$3275.00,$530.16,19,
1013,NQ 06-26,Backtest,VariableTrend,Short,1,14514.50,14507.75,10/2/2020 8:10:00 AM,10/2/2020 5:30:00 PM,Sell short,Close position,$129.84,$36102.92,$5.16,$0.00,$0.00,$0.00,$0.00,$95.00,$3640.00,$3510.16,9,
1014,NQ 06-26,Backtest,VariableTrend,Long,1,14507.75,14457.75,10/2/2020 5:30:00 PM,10/2/2020 5:30:00 PM,Buy,Stop loss,($1005.16),$35097.76,$5.16,$0.00,$0.00,$0.00,$0.00,$1000.00,$0.00,$1005.16,1,
1015,NQ 06-26,Backtest,VariableTrend,Short,1,14426.00,14304.00,10/2/2020 6:40:00 PM,10/2/2020 11:00:00 PM,Sell short,Exit on session close,$2434.84,$37532.60,$5.16,$0.00,$0.00,$0.00,$0.00,$10.00,$3380.00,$945.16,5,
1016,NQ 06-26,Backtest,VariableTrend,Long,1,14460.00,14521.75,10/5/2020 5:30:00 PM,10/5/2020 11:00:00 PM,Buy,Exit on session close,$1229.84,$38762.44,$5.16,$0.00,$0.00,$0.00,$0.00,$405.00,$1800.00,$570.16,6,
1017,NQ 06-26,Backtest,VariableTrend,Short,1,14451.00,14483.50,10/6/2020 6:40:00 PM,10/6/2020 7:50:00 PM,Sell short,Close position,($655.16),$38107.28,$5.16,$0.00,$0.00,$0.00,$0.00,$705.00,$825.00,$1480.16,2,
1018,NQ 06-26,Backtest,VariableTrend,Long,1,14483.50,14433.50,10/6/2020 7:50:00 PM,10/6/2020 9:00:00 PM,Buy,Stop loss,($1005.16),$37102.12,$5.16,$0.00,$0.00,$0.00,$0.00,$1000.00,$700.00,$1705.16,2,
1019,NQ 06-26,Backtest,VariableTrend,Short,1,14395.50,14259.75,10/6/2020 10:10:00 PM,10/6/2020 11:00:00 PM,Sell short,Exit on session close,$2709.84,$39811.96,$5.16,$0.00,$0.00,$0.00,$0.00,$125.00,$2910.00,$200.16,2,
1020,NQ 06-26,Backtest,VariableTrend,Long,1,14397.50,14384.75,10/7/2020 10:30:00 AM,10/7/2020 11:40:00 AM,Buy,Close position,($260.16),$39551.80,$5.16,$0.00,$0.00,$0.00,$0.00,$255.00,$185.00,$445.16,2,
1021,NQ 06-26,Backtest,VariableTrend,Short,1,14384.75,14395.50,10/7/2020 11:40:00 AM,10/7/2020 12:50:00 PM,Sell short,Close position,($220.16),$39331.64,$5.16,$0.00,$0.00,$0.00,$0.00,$315.00,$245.00,$465.16,2,
1022,NQ 06-26,Backtest,VariableTrend,Long,1,14395.50,14367.00,10/7/2020 12:50:00 PM,10/7/2020 2:00:00 PM,Buy,Close position,($575.16),$38756.48,$5.16,$0.00,$0.00,$0.00,$0.00,$735.00,$65.00,$640.16,2,
1023,NQ 06-26,Backtest,VariableTrend,Short,1,14367.00,14410.75,10/7/2020 2:00:00 PM,10/7/2020 3:10:00 PM,Sell short,Close position,($880.16),$37876.32,$5.16,$0.00,$0.00,$0.00,$0.00,$995.00,$10.00,$890.16,2,
1024,NQ 06-26,Backtest,VariableTrend,Long,1,14410.75,14527.00,10/7/2020 3:10:00 PM,10/7/2020 11:00:00 PM,Buy,Exit on session close,$2319.84,$40196.16,$5.16,$0.00,$0.00,$0.00,$0.00,$135.00,$2965.00,$645.16,8,
1025,NQ 06-26,Backtest,VariableTrend,Short,1,15138.00,15172.75,10/14/2020 2:00:00 PM,10/14/2020 3:10:00 PM,Sell short,Close position,($700.16),$39496.00,$5.16,$0.00,$0.00,$0.00,$0.00,$860.00,$285.00,$985.16,2,
1026,NQ 06-26,Backtest,VariableTrend,Long,1,15172.75,15138.75,10/14/2020 3:10:00 PM,10/14/2020 5:30:00 PM,Buy,Close position,($685.16),$38810.84,$5.16,$0.00,$0.00,$0.00,$0.00,$980.00,$655.00,$1340.16,3,
1027,NQ 06-26,Backtest,VariableTrend,Short,1,15138.75,14996.75,10/14/2020 5:30:00 PM,10/14/2020 11:00:00 PM,Sell short,Exit on session close,$2834.84,$41645.68,$5.16,$0.00,$0.00,$0.00,$0.00,$360.00,$3690.00,$855.16,6,
1028,NQ 06-26,Backtest,VariableTrend,Long,1,14929.00,14936.50,10/15/2020 11:00:00 PM,10/15/2020 11:00:00 PM,Buy,Exit on session close,$144.84,$41790.52,$5.16,$0.00,$0.00,$0.00,$0.00,$95.00,$255.00,$110.16,1,
1029,NQ 06-26,Backtest,VariableTrend,Short,1,14910.00,14960.00,10/16/2020 7:00:00 AM,10/16/2020 10:30:00 AM,Sell short,Stop loss,($1005.16),$40785.36,$5.16,$0.00,$0.00,$0.00,$0.00,$1000.00,$420.00,$1425.16,4,
1030,NQ 06-26,Backtest,VariableTrend,Long,1,14957.50,14928.25,10/16/2020 11:40:00 AM,10/16/2020 12:50:00 PM,Buy,Close position,($590.16),$40195.20,$5.16,$0.00,$0.00,$0.00,$0.00,$670.00,$245.00,$835.16,2,
1031,NQ 06-26,Backtest,VariableTrend,Short,1,14928.25,14978.25,10/16/2020 12:50:00 PM,10/16/2020 12:50:00 PM,Sell short,Stop loss,($1005.16),$39190.04,$5.16,$0.00,$0.00,$0.00,$0.00,$1000.00,$0.00,$1005.16,1,
1032,NQ 06-26,Backtest,VariableTrend,Long,1,14955.00,14952.25,10/16/2020 2:00:00 PM,10/16/2020 7:50:00 PM,Buy,Close position,($60.16),$39129.88,$5.16,$0.00,$0.00,$0.00,$0.00,$575.00,$2390.00,$2450.16,6,
1033,NQ 06-26,Backtest,VariableTrend,Short,1,14952.25,14994.50,10/16/2020 7:50:00 PM,10/16/2020 9:00:00 PM,Sell short,Close position,($850.16),$38279.72,$5.16,$0.00,$0.00,$0.00,$0.00,$965.00,$415.00,$1265.16,2,
1034,NQ 06-26,Backtest,VariableTrend,Long,1,14994.50,14944.50,10/16/2020 9:00:00 PM,10/16/2020 10:10:00 PM,Buy,Stop loss,($1005.16),$37274.56,$5.16,$0.00,$0.00,$0.00,$0.00,$1000.00,$400.00,$1405.16,2,
1035,NQ 06-26,Backtest,VariableTrend,Short,1,14853.25,14847.75,10/16/2020 11:00:00 PM,10/16/2020 11:00:00 PM,Sell short,Exit on session close,$104.84,$37379.40,$5.16,$0.00,$0.00,$0.00,$0.00,$165.00,$175.00,$70.16,1,
1036,NQ 06-26,Backtest,VariableTrend,Long,1,14971.25,14921.25,10/19/2020 2:20:00 AM,10/19/2020 5:50:00 AM,Buy,Stop loss,($1005.16),$36374.24,$5.16,$0.00,$0.00,$0.00,$0.00,$1000.00,$635.00,$1640.16,4,
1037,NQ 06-26,Backtest,VariableTrend,Short,1,14865.50,14778.00,10/19/2020 7:00:00 AM,10/19/2020 11:00:00 PM,Sell short,Exit on session close,$1744.84,$38119.08,$5.16,$0.00,$0.00,$0.00,$0.00,$530.00,$4435.00,$2690.16,15,
1038,NQ 06-26,Backtest,VariableTrend,Long,1,14814.00,14764.00,10/20/2020 9:20:00 AM,10/20/2020 10:30:00 AM,Buy,Stop loss,($1005.16),$37113.92,$5.16,$0.00,$0.00,$0.00,$0.00,$1000.00,$610.00,$1615.16,2,
1039,NQ 06-26,Backtest,VariableTrend,Short,1,14761.75,14715.00,10/20/2020 11:40:00 AM,10/20/2020 11:00:00 PM,Sell short,Exit on session close,$929.84,$38043.76,$5.16,$0.00,$0.00,$0.00,$0.00,$715.00,$1750.00,$820.16,11,
1040,NQ 06-26,Backtest,VariableTrend,Long,1,14798.00,14748.00,10/21/2020 5:50:00 AM,10/21/2020 5:50:00 AM,Buy,Stop loss,($1005.16),$37038.60,$5.16,$0.00,$0.00,$0.00,$0.00,$1000.00,$0.00,$1005.16,1,
1041,NQ 06-26,Backtest,VariableTrend,Short,1,14761.25,14772.00,10/21/2020 7:00:00 AM,10/21/2020 10:30:00 AM,Sell short,Close position,($220.16),$36818.44,$5.16,$0.00,$0.00,$0.00,$0.00,$585.00,$1575.00,$1795.16,4,
1042,NQ 06-26,Backtest,VariableTrend,Long,1,14772.00,14753.25,10/21/2020 10:30:00 AM,10/21/2020 11:40:00 AM,Buy,Close position,($380.16),$36438.28,$5.16,$0.00,$0.00,$0.00,$0.00,$415.00,$645.00,$1025.16,2,
1043,NQ 06-26,Backtest,VariableTrend,Short,1,14753.25,14697.50,10/21/2020 11:40:00 AM,10/21/2020 11:00:00 PM,Sell short,Exit on session close,$1109.84,$37548.12,$5.16,$0.00,$0.00,$0.00,$0.00,$100.00,$2195.00,$1085.16,11,
1044,NQ 06-26,Backtest,VariableTrend,Long,1,14731.00,14681.00,10/22/2020 2:20:00 AM,10/22/2020 5:50:00 AM,Buy,Stop loss,($1005.16),$36542.96,$5.16,$0.00,$0.00,$0.00,$0.00,$1000.00,$910.00,$1915.16,4,
1045,NQ 06-26,Backtest,VariableTrend,Short,1,14637.75,14687.75,10/22/2020 7:00:00 AM,10/22/2020 8:10:00 AM,Sell short,Stop loss,($1005.16),$35537.80,$5.16,$0.00,$0.00,$0.00,$0.00,$1000.00,$750.00,$1755.16,2,
1046,NQ 06-26,Backtest,VariableTrend,Long,1,14726.75,14705.25,10/22/2020 11:40:00 AM,10/22/2020 12:50:00 PM,Buy,Close position,($435.16),$35102.64,$5.16,$0.00,$0.00,$0.00,$0.00,$880.00,$85.00,$520.16,2,
1047,NQ 06-26,Backtest,VariableTrend,Short,1,14705.25,14723.75,10/22/2020 12:50:00 PM,10/22/2020 2:00:00 PM,Sell short,Close position,($375.16),$34727.48,$5.16,$0.00,$0.00,$0.00,$0.00,$525.00,$145.00,$520.16,2,
1048,NQ 06-26,Backtest,VariableTrend,Long,1,14723.75,14716.00,10/22/2020 2:00:00 PM,10/22/2020 3:10:00 PM,Buy,Close position,($160.16),$34567.32,$5.16,$0.00,$0.00,$0.00,$0.00,$165.00,$225.00,$385.16,2,
1049,NQ 06-26,Backtest,VariableTrend,Short,1,14716.00,14719.50,10/22/2020 3:10:00 PM,10/22/2020 7:50:00 PM,Sell short,Close position,($75.16),$34492.16,$5.16,$0.00,$0.00,$0.00,$0.00,$305.00,$810.00,$885.16,5,
1050,NQ 06-26,Backtest,VariableTrend,Long,1,14719.50,14681.50,10/22/2020 7:50:00 PM,10/22/2020 10:10:00 PM,Buy,Close position,($765.16),$33727.00,$5.16,$0.00,$0.00,$0.00,$0.00,$830.00,$195.00,$960.16,3,
1051,NQ 06-26,Backtest,VariableTrend,Short,1,14681.50,14731.50,10/22/2020 10:10:00 PM,10/22/2020 11:00:00 PM,Sell short,Stop loss,($1005.16),$32721.84,$5.16,$0.00,$0.00,$0.00,$0.00,$1000.00,$540.00,$1545.16,2,
1052,NQ 06-26,Backtest,VariableTrend,Short,1,14705.00,14720.75,10/23/2020 2:20:00 AM,10/23/2020 3:30:00 AM,Sell short,Close position,($320.16),$32401.68,$5.16,$0.00,$0.00,$0.00,$0.00,$430.00,$385.00,$705.16,2,
1053,NQ 06-26,Backtest,VariableTrend,Long,1,14720.75,14670.75,10/23/2020 3:30:00 AM,10/23/2020 4:40:00 AM,Buy,Stop loss,($1005.16),$31396.52,$5.16,$0.00,$0.00,$0.00,$0.00,$1000.00,$470.00,$1475.16,2,
1054,NQ 06-26,Backtest,VariableTrend,Short,1,14661.00,14711.00,10/23/2020 5:50:00 AM,10/23/2020 11:40:00 AM,Sell short,Stop loss,($1005.16),$30391.36,$5.16,$0.00,$0.00,$0.00,$0.00,$1000.00,$1150.00,$2155.16,6,
1055,NQ 06-26,Backtest,VariableTrend,Long,1,14724.25,14721.75,10/23/2020 12:50:00 PM,10/23/2020 12:50:00 PM,Buy,Exit on session close,($55.16),$30336.20,$5.16,$0.00,$0.00,$0.00,$0.00,$55.00,$50.00,$105.16,1,
1056,NQ 06-26,Backtest,VariableTrend,Short,1,14665.00,14715.00,10/26/2020 1:20:00 AM,10/26/2020 3:20:00 PM,Sell short,Stop loss,($1005.16),$29331.04,$5.16,$0.00,$0.00,$0.00,$0.00,$1000.00,$1390.00,$2395.16,13,
1057,NQ 06-26,Backtest,VariableTrend,Long,1,14724.75,14674.75,10/26/2020 4:30:00 PM,10/26/2020 4:30:00 PM,Buy,Stop loss,($1005.16),$28325.88,$5.16,$0.00,$0.00,$0.00,$0.00,$1000.00,$0.00,$1005.16,1,
1058,NQ 06-26,Backtest,VariableTrend,Short,1,14542.25,14549.25,10/26/2020 5:40:00 PM,10/26/2020 10:00:00 PM,Sell short,Exit on session close,($145.16),$28180.72,$5.16,$0.00,$0.00,$0.00,$0.00,$470.00,$2930.00,$3075.16,5,
1059,NQ 06-26,Backtest,VariableTrend,Long,1,14598.50,14552.50,10/27/2020 1:00:00 PM,10/27/2020 4:30:00 PM,Buy,Close position,($925.16),$27255.56,$5.16,$0.00,$0.00,$0.00,$0.00,$955.00,$640.00,$1565.16,4,
1060,NQ 06-26,Backtest,VariableTrend,Short,1,14552.50,14602.50,10/27/2020 4:30:00 PM,10/27/2020 4:30:00 PM,Sell short,Stop loss,($1005.16),$26250.40,$5.16,$0.00,$0.00,$0.00,$0.00,$1000.00,$0.00,$1005.16,1,
1061,NQ 06-26,Backtest,VariableTrend,Long,1,14610.50,14607.25,10/27/2020 5:40:00 PM,10/27/2020 10:00:00 PM,Buy,Exit on session close,($70.16),$26180.24,$5.16,$0.00,$0.00,$0.00,$0.00,$410.00,$1300.00,$1370.16,5,
1062,NQ 06-26,Backtest,VariableTrend,Short,1,14579.50,14615.25,10/28/2020 1:20:00 AM,10/28/2020 8:20:00 AM,Sell short,Close position,($720.16),$25460.08,$5.16,$0.00,$0.00,$0.00,$0.00,$795.00,$235.00,$955.16,7,
1063,NQ 06-26,Backtest,VariableTrend,Long,1,14615.25,14565.25,10/28/2020 8:20:00 AM,10/28/2020 8:20:00 AM,Buy,Stop loss,($1005.16),$24454.92,$5.16,$0.00,$0.00,$0.00,$0.00,$1000.00,$0.00,$1005.16,1,
1064,NQ 06-26,Backtest,VariableTrend,Short,1,14572.75,14230.25,10/28/2020 9:30:00 AM,10/28/2020 10:00:00 PM,Sell short,Exit on session close,$6844.84,$31299.76,$5.16,$0.00,$0.00,$0.00,$0.00,$155.00,$7930.00,$1085.16,12,
1065,NQ 06-26,Backtest,VariableTrend,Long,1,14311.25,14306.25,10/29/2020 8:20:00 AM,10/29/2020 9:30:00 AM,Buy,Close position,($105.16),$31194.60,$5.16,$0.00,$0.00,$0.00,$0.00,$260.00,$745.00,$850.16,2,
1066,NQ 06-26,Backtest,VariableTrend,Short,1,14306.25,14314.75,10/29/2020 9:30:00 AM,10/29/2020 11:50:00 AM,Sell short,Close position,($175.16),$31019.44,$5.16,$0.00,$0.00,$0.00,$0.00,$680.00,$830.00,$1005.16,3,
1067,NQ 06-26,Backtest,VariableTrend,Long,1,14314.75,14295.50,10/29/2020 11:50:00 AM,10/29/2020 1:00:00 PM,Buy,Close position,($390.16),$30629.28,$5.16,$0.00,$0.00,$0.00,$0.00,$795.00,$210.00,$600.16,2,
1068,NQ 06-26,Backtest,VariableTrend,Short,1,14295.50,14328.50,10/29/2020 1:00:00 PM,10/29/2020 4:30:00 PM,Sell short,Close position,($665.16),$29964.12,$5.16,$0.00,$0.00,$0.00,$0.00,$940.00,$1960.00,$2625.16,4,
1069,NQ 06-26,Backtest,VariableTrend,Long,1,14328.50,14278.50,10/29/2020 4:30:00 PM,10/29/2020 10:00:00 PM,Buy,Stop loss,($1005.16),$28958.96,$5.16,$0.00,$0.00,$0.00,$0.00,$1000.00,$3635.00,$4640.16,6,
1070,NQ 06-26,Backtest,VariableTrend,Long,1,14250.25,14200.25,10/30/2020 1:00:00 PM,10/30/2020 3:20:00 PM,Buy,Stop loss,($1005.16),$27953.80,$5.16,$0.00,$0.00,$0.00,$0.00,$1000.00,$1205.00,$2210.16,3,
1071,NQ 06-26,Backtest,VariableTrend,Short,1,14167.50,14141.50,10/30/2020 4:30:00 PM,10/30/2020 10:00:00 PM,Sell short,Exit on session close,$514.84,$28468.64,$5.16,$0.00,$0.00,$0.00,$0.00,$35.00,$3410.00,$2895.16,6,
1072,NQ 06-26,Backtest,VariableTrend,Long,1,14211.50,14181.50,11/2/2020 11:40:00 AM,11/2/2020 3:10:00 PM,Buy,Close position,($605.16),$27863.48,$5.16,$0.00,$0.00,$0.00,$0.00,$755.00,$1050.00,$1655.16,4,
1073,NQ 06-26,Backtest,VariableTrend,Short,1,14181.50,14231.50,11/2/2020 3:10:00 PM,11/2/2020 4:20:00 PM,Sell short,Stop loss,($1005.16),$26858.32,$5.16,$0.00,$0.00,$0.00,$0.00,$1000.00,$380.00,$1385.16,2,
1074,NQ 06-26,Backtest,VariableTrend,Long,1,14255.75,14205.75,11/2/2020 5:30:00 PM,11/2/2020 5:30:00 PM,Buy,Stop loss,($1005.16),$25853.16,$5.16,$0.00,$0.00,$0.00,$0.00,$1000.00,$0.00,$1005.16,1,
1075,NQ 06-26,Backtest,VariableTrend,Short,1,14128.75,14127.00,11/2/2020 6:40:00 PM,11/2/2020 11:00:00 PM,Sell short,Exit on session close,$29.84,$25883.00,$5.16,$0.00,$0.00,$0.00,$0.00,$615.00,$2680.00,$2650.16,5,
1076,NQ 06-26,Backtest,VariableTrend,Long,1,14205.00,14155.00,11/3/2020 11:40:00 AM,11/3/2020 4:20:00 PM,Buy,Stop loss,($1005.16),$24877.84,$5.16,$0.00,$0.00,$0.00,$0.00,$1000.00,$580.00,$1585.16,5,
1077,NQ 06-26,Backtest,VariableTrend,Short,1,14980.00,15019.75,11/6/2020 7:00:00 AM,11/6/2020 8:10:00 AM,Sell short,Close position,($800.16),$24077.68,$5.16,$0.00,$0.00,$0.00,$0.00,$930.00,$110.00,$910.16,2,
1078,NQ 06-26,Backtest,VariableTrend,Long,1,15019.75,15000.25,11/6/2020 8:10:00 AM,11/6/2020 11:40:00 AM,Buy,Close position,($395.16),$23682.52,$5.16,$0.00,$0.00,$0.00,$0.00,$845.00,$1215.00,$1610.16,4,
1079,NQ 06-26,Backtest,VariableTrend,Short,1,15000.25,15050.25,11/6/2020 11:40:00 AM,11/6/2020 3:10:00 PM,Sell short,Stop loss,($1005.16),$22677.36,$5.16,$0.00,$0.00,$0.00,$0.00,$1000.00,$1590.00,$2595.16,4,
1080,NQ 06-26,Backtest,VariableTrend,Long,1,15071.75,15021.75,11/6/2020 4:20:00 PM,11/6/2020 4:20:00 PM,Buy,Stop loss,($1005.16),$21672.20,$5.16,$0.00,$0.00,$0.00,$0.00,$1000.00,$0.00,$1005.16,1,
1081,NQ 06-26,Backtest,VariableTrend,Short,1,15169.25,15219.25,11/9/2020 3:10:00 PM,11/9/2020 3:10:00 PM,Sell short,Stop loss,($1005.16),$20667.04,$5.16,$0.00,$0.00,$0.00,$0.00,$1000.00,$0.00,$1005.16,1,
1082,NQ 06-26,Backtest,VariableTrend,Long,1,15306.25,15256.25,11/9/2020 5:30:00 PM,11/9/2020 5:30:00 PM,Buy,Stop loss,($1005.16),$19661.88,$5.16,$0.00,$0.00,$0.00,$0.00,$1000.00,$0.00,$1005.16,1,
1083,NQ 06-26,Backtest,VariableTrend,Short,1,15237.75,14899.00,11/9/2020 6:40:00 PM,11/9/2020 11:00:00 PM,Sell short,Exit on session close,$6769.84,$26431.72,$5.16,$0.00,$0.00,$0.00,$0.00,$20.00,$7460.00,$690.16,5,
1084,NQ 06-26,Backtest,VariableTrend,Long,1,14784.00,14775.75,11/11/2020 12:50:00 PM,11/11/2020 4:20:00 PM,Buy,Close position,($170.16),$26261.56,$5.16,$0.00,$0.00,$0.00,$0.00,$415.00,$1070.00,$1240.16,4,
1085,NQ 06-26,Backtest,VariableTrend,Short,1,14775.75,14825.75,11/11/2020 4:20:00 PM,11/11/2020 4:20:00 PM,Sell short,Stop loss,($1005.16),$25256.40,$5.16,$0.00,$0.00,$0.00,$0.00,$1000.00,$0.00,$1005.16,1,
1086,NQ 06-26,Backtest,VariableTrend,Long,1,14861.50,14945.50,11/11/2020 5:30:00 PM,11/11/2020 11:00:00 PM,Buy,Exit on session close,$1674.84,$26931.24,$5.16,$0.00,$0.00,$0.00,$0.00,$680.00,$2175.00,$500.16,6,
1087,NQ 06-26,Backtest,VariableTrend,Short,1,14849.25,14899.25,11/12/2020 5:50:00 AM,11/12/2020 7:00:00 AM,Sell short,Stop loss,($1005.16),$25926.08,$5.16,$0.00,$0.00,$0.00,$0.00,$1000.00,$60.00,$1065.16,2,
1088,NQ 06-26,Backtest,VariableTrend,Long,1,14918.75,14868.75,11/12/2020 8:10:00 AM,11/12/2020 9:20:00 AM,Buy,Stop loss,($1005.16),$24920.92,$5.16,$0.00,$0.00,$0.00,$0.00,$1000.00,$95.00,$1100.16,2,
1089,NQ 06-26,Backtest,VariableTrend,Short,1,14866.50,14916.50,11/12/2020 9:00:00 PM,11/12/2020 9:00:00 PM,Sell short,Stop loss,($1005.16),$23915.76,$5.16,$0.00,$0.00,$0.00,$0.00,$1000.00,$0.00,$1005.16,1,
1090,NQ 06-26,Backtest,VariableTrend,Short,1,14897.75,14915.50,11/13/2020 3:30:00 AM,11/13/2020 7:00:00 AM,Sell short,Close position,($360.16),$23555.60,$5.16,$0.00,$0.00,$0.00,$0.00,$495.00,$810.00,$1170.16,4,
1091,NQ 06-26,Backtest,VariableTrend,Long,1,14915.50,14900.75,11/13/2020 7:00:00 AM,11/13/2020 5:30:00 PM,Buy,Close position,($300.16),$23255.44,$5.16,$0.00,$0.00,$0.00,$0.00,$625.00,$1480.00,$1780.16,10,
1092,NQ 06-26,Backtest,VariableTrend,Short,1,14900.75,14933.75,11/13/2020 5:30:00 PM,11/13/2020 7:50:00 PM,Sell short,Close position,($665.16),$22590.28,$5.16,$0.00,$0.00,$0.00,$0.00,$815.00,$930.00,$1595.16,3,
1093,NQ 06-26,Backtest,VariableTrend,Long,1,14933.75,14997.75,11/13/2020 7:50:00 PM,11/13/2020 11:00:00 PM,Buy,Exit on session close,$1274.84,$23865.12,$5.16,$0.00,$0.00,$0.00,$0.00,$680.00,$1430.00,$155.16,4,
1094,NQ 06-26,Backtest,VariableTrend,Short,1,14973.00,15023.00,11/16/2020 3:10:00 PM,11/16/2020 4:20:00 PM,Sell short,Stop loss,($1005.16),$22859.96,$5.16,$0.00,$0.00,$0.00,$0.00,$1000.00,$765.00,$1770.16,2,
1095,NQ 06-26,Backtest,VariableTrend,Long,1,15025.50,14999.25,11/16/2020 5:30:00 PM,11/16/2020 9:00:00 PM,Buy,Close position,($530.16),$22329.80,$5.16,$0.00,$0.00,$0.00,$0.00,$855.00,$1215.00,$1745.16,4,
1096,NQ 06-26,Backtest,VariableTrend,Short,1,14999.25,15049.25,11/16/2020 9:00:00 PM,11/16/2020 10:10:00 PM,Sell short,Stop loss,($1005.16),$21324.64,$5.16,$0.00,$0.00,$0.00,$0.00,$1000.00,$40.00,$1045.16,2,
1097,NQ 06-26,Backtest,VariableTrend,Long,1,15081.75,15094.00,11/16/2020 11:00:00 PM,11/16/2020 11:00:00 PM,Buy,Exit on session close,$239.84,$21564.48,$5.16,$0.00,$0.00,$0.00,$0.00,$30.00,$270.00,$30.16,1,
1098,NQ 06-26,Backtest,VariableTrend,Short,1,15044.75,15060.75,11/17/2020 5:30:00 PM,11/17/2020 7:50:00 PM,Sell short,Close position,($325.16),$21239.32,$5.16,$0.00,$0.00,$0.00,$0.00,$885.00,$535.00,$860.16,3,
1099,NQ 06-26,Backtest,VariableTrend,Long,1,15060.75,15010.75,11/17/2020 7:50:00 PM,11/17/2020 10:10:00 PM,Buy,Stop loss,($1005.16),$20234.16,$5.16,$0.00,$0.00,$0.00,$0.00,$1000.00,$685.00,$1690.16,3,
1100,NQ 06-26,Backtest,VariableTrend,Short,1,15031.50,15021.50,11/17/2020 11:00:00 PM,11/17/2020 11:00:00 PM,Sell short,Exit on session close,$194.84,$20429.00,$5.16,$0.00,$0.00,$0.00,$0.00,$245.00,$265.00,$70.16,1,
1101,NQ 06-26,Backtest,VariableTrend,Long,1,15049.50,15016.50,11/18/2020 11:40:00 AM,11/18/2020 4:20:00 PM,Buy,Close position,($665.16),$19763.84,$5.16,$0.00,$0.00,$0.00,$0.00,$705.00,$520.00,$1185.16,5,
1102,NQ 06-26,Backtest,VariableTrend,Short,1,15016.50,15066.50,11/18/2020 4:20:00 PM,11/18/2020 6:40:00 PM,Sell short,Stop loss,($1005.16),$18758.68,$5.16,$0.00,$0.00,$0.00,$0.00,$1000.00,$1075.00,$2080.16,3,
1103,NQ 06-26,Backtest,VariableTrend,Long,1,15078.75,15028.75,11/18/2020 7:50:00 PM,11/18/2020 7:50:00 PM,Buy,Stop loss,($1005.16),$17753.52,$5.16,$0.00,$0.00,$0.00,$0.00,$1000.00,$0.00,$1005.16,1,
1104,NQ 06-26,Backtest,VariableTrend,Short,1,15018.75,15035.75,11/18/2020 9:00:00 PM,11/18/2020 10:10:00 PM,Sell short,Close position,($345.16),$17408.36,$5.16,$0.00,$0.00,$0.00,$0.00,$445.00,$505.00,$850.16,2,
1105,NQ 06-26,Backtest,VariableTrend,Long,1,15035.75,14985.75,11/18/2020 10:10:00 PM,11/18/2020 10:10:00 PM,Buy,Stop loss,($1005.16),$16403.20,$5.16,$0.00,$0.00,$0.00,$0.00,$1000.00,$0.00,$1005.16,1,
1106,NQ 06-26,Backtest,VariableTrend,Short,1,14933.00,14926.25,11/18/2020 11:00:00 PM,11/18/2020 11:00:00 PM,Sell short,Exit on session close,$129.84,$16533.04,$5.16,$0.00,$0.00,$0.00,$0.00,$175.00,$380.00,$250.16,1,
1107,NQ 06-26,Backtest,VariableTrend,Long,1,14999.75,15017.25,11/19/2020 6:40:00 PM,11/19/2020 11:00:00 PM,Buy,Exit on session close,$344.84,$16877.88,$5.16,$0.00,$0.00,$0.00,$0.00,$725.00,$1055.00,$710.16,5,
1108,NQ 06-26,Backtest,VariableTrend,Short,1,14941.50,14960.50,11/20/2020 11:00:00 PM,11/20/2020 11:00:00 PM,Sell short,Exit on session close,($385.16),$16492.72,$5.16,$0.00,$0.00,$0.00,$0.00,$405.00,$310.00,$695.16,1,
1109,NQ 06-26,Backtest,VariableTrend,Long,1,15006.75,15003.75,11/23/2020 5:50:00 AM,11/23/2020 7:00:00 AM,Buy,Close position,($65.16),$16427.56,$5.16,$0.00,$0.00,$0.00,$0.00,$140.00,$20.00,$85.16,2,
1110,NQ 06-26,Backtest,VariableTrend,Short,1,15003.75,15009.75,11/23/2020 7:00:00 AM,11/23/2020 9:20:00 AM,Sell short,Close position,($125.16),$16302.40,$5.16,$0.00,$0.00,$0.00,$0.00,$555.00,$175.00,$300.16,3,
1111,NQ 06-26,Backtest,VariableTrend,Long,1,15009.75,15004.50,11/23/2020 9:20:00 AM,11/23/2020 10:30:00 AM,Buy,Close position,($110.16),$16192.24,$5.16,$0.00,$0.00,$0.00,$0.00,$510.00,$95.00,$205.16,2,
1112,NQ 06-26,Backtest,VariableTrend,Short,1,15004.50,15012.75,11/23/2020 10:30:00 AM,11/23/2020 11:40:00 AM,Sell short,Close position,($170.16),$16022.08,$5.16,$0.00,$0.00,$0.00,$0.00,$320.00,$280.00,$450.16,2,
1113,NQ 06-26,Backtest,VariableTrend,Long,1,15012.75,15005.25,11/23/2020 11:40:00 AM,11/23/2020 12:50:00 PM,Buy,Close position,($155.16),$15866.92,$5.16,$0.00,$0.00,$0.00,$0.00,$275.00,$5.00,$160.16,2,
1114,NQ 06-26,Backtest,VariableTrend,Short,1,15005.25,14971.00,11/23/2020 12:50:00 PM,11/23/2020 11:00:00 PM,Sell short,Exit on session close,$679.84,$16546.76,$5.16,$0.00,$0.00,$0.00,$0.00,$980.00,$2890.00,$2210.16,10,
1115,NQ 06-26,Backtest,VariableTrend,Long,1,15005.00,14990.75,11/24/2020 2:20:00 AM,11/24/2020 11:40:00 AM,Buy,Close position,($290.16),$16256.60,$5.16,$0.00,$0.00,$0.00,$0.00,$430.00,$535.00,$825.16,9,
1116,NQ 06-26,Backtest,VariableTrend,Short,1,14990.75,15000.00,11/24/2020 11:40:00 AM,11/24/2020 2:00:00 PM,Sell short,Close position,($190.16),$16066.44,$5.16,$0.00,$0.00,$0.00,$0.00,$310.00,$75.00,$265.16,3,
1117,NQ 06-26,Backtest,VariableTrend,Long,1,15000.00,14991.00,11/24/2020 2:00:00 PM,11/24/2020 3:10:00 PM,Buy,Close position,($185.16),$15881.28,$5.16,$0.00,$0.00,$0.00,$0.00,$420.00,$35.00,$220.16,2,
1118,NQ 06-26,Backtest,VariableTrend,Short,1,14991.00,15002.25,11/24/2020 3:10:00 PM,11/24/2020 4:20:00 PM,Sell short,Close position,($230.16),$15651.12,$5.16,$0.00,$0.00,$0.00,$0.00,$420.00,$25.00,$255.16,2,
1119,NQ 06-26,Backtest,VariableTrend,Long,1,15002.25,14952.25,11/24/2020 4:20:00 PM,11/24/2020 4:20:00 PM,Buy,Stop loss,($1005.16),$14645.96,$5.16,$0.00,$0.00,$0.00,$0.00,$1000.00,$0.00,$1005.16,1,
1120,NQ 06-26,Backtest,VariableTrend,Short,1,14971.00,15021.00,11/24/2020 5:30:00 PM,11/24/2020 5:30:00 PM,Sell short,Stop loss,($1005.16),$13640.80,$5.16,$0.00,$0.00,$0.00,$0.00,$1000.00,$0.00,$1005.16,1,
1121,NQ 06-26,Backtest,VariableTrend,Long,1,15067.50,15153.50,11/24/2020 6:40:00 PM,11/24/2020 11:00:00 PM,Buy,Exit on session close,$1714.84,$15355.64,$5.16,$0.00,$0.00,$0.00,$0.00,$270.00,$1790.00,$75.16,5,
1122,NQ 06-26,Backtest,VariableTrend,Short,1,15211.75,15206.25,11/26/2020 7:00:00 PM,11/26/2020 7:00:00 PM,Sell short,Exit on session close,$104.84,$15460.48,$5.16,$0.00,$0.00,$0.00,$0.00,$55.00,$645.00,$540.16,1,
1123,NQ 06-26,Backtest,VariableTrend,Long,1,15225.50,15325.75,11/27/2020 7:00:00 AM,11/27/2020 7:15:00 PM,Buy,Exit on session close,$1999.84,$17460.32,$5.16,$0.00,$0.00,$0.00,$0.00,$140.00,$2690.00,$690.16,12,
1124,NQ 06-26,Backtest,VariableTrend,Short,1,15280.00,15307.50,11/30/2020 8:10:00 AM,11/30/2020 11:40:00 AM,Sell short,Close position,($555.16),$16905.16,$5.16,$0.00,$0.00,$0.00,$0.00,$760.00,$680.00,$1235.16,4,
1125,NQ 06-26,Backtest,VariableTrend,Long,1,15307.50,15284.50,11/30/2020 11:40:00 AM,11/30/2020 5:30:00 PM,Buy,Close position,($465.16),$16440.00,$5.16,$0.00,$0.00,$0.00,$0.00,$630.00,$1020.00,$1485.16,6,
1126,NQ 06-26,Backtest,VariableTrend,Short,1,15284.50,15297.75,11/30/2020 5:30:00 PM,11/30/2020 9:00:00 PM,Sell short,Close position,($270.16),$16169.84,$5.16,$0.00,$0.00,$0.00,$0.00,$290.00,$2920.00,$3190.16,4,
1127,NQ 06-26,Backtest,VariableTrend,Long,1,15297.75,15371.75,11/30/2020 9:00:00 PM,11/30/2020 11:00:00 PM,Buy,Exit on session close,$1474.84,$17644.68,$5.16,$0.00,$0.00,$0.00,$0.00,$360.00,$1480.00,$5.16,3,
1128,NQ 06-26,Backtest,VariableTrend,Short,1,15460.50,15466.25,12/2/2020 3:10:00 PM,12/2/2020 5:30:00 PM,Sell short,Close position,($120.16),$17524.52,$5.16,$0.00,$0.00,$0.00,$0.00,$225.00,$1910.00,$2030.16,3,
1129,NQ 06-26,Backtest,VariableTrend,Long,1,15466.25,15514.75,12/2/2020 5:30:00 PM,12/2/2020 11:00:00 PM,Buy,Exit on session close,$964.84,$18489.36,$5.16,$0.00,$0.00,$0.00,$0.00,$300.00,$1165.00,$200.16,6,
1130,NQ 06-26,Backtest,VariableTrend,Short,1,15590.00,15605.75,12/8/2020 2:00:00 PM,12/8/2020 3:10:00 PM,Sell short,Close position,($320.16),$18169.20,$5.16,$0.00,$0.00,$0.00,$0.00,$345.00,$200.00,$520.16,2,
1131,NQ 06-26,Backtest,VariableTrend,Long,1,15605.75,15577.75,12/8/2020 3:10:00 PM,12/8/2020 5:30:00 PM,Buy,Close position,($565.16),$17604.04,$5.16,$0.00,$0.00,$0.00,$0.00,$640.00,$680.00,$1245.16,3,
1132,NQ 06-26,Backtest,VariableTrend,Short,1,15577.75,15614.50,12/8/2020 5:30:00 PM,12/8/2020 6:40:00 PM,Sell short,Close position,($740.16),$16863.88,$5.16,$0.00,$0.00,$0.00,$0.00,$890.00,$465.00,$1205.16,2,
1133,NQ 06-26,Backtest,VariableTrend,Long,1,15614.50,15700.00,12/8/2020 6:40:00 PM,12/8/2020 11:00:00 PM,Buy,Exit on session close,$1704.84,$18568.72,$5.16,$0.00,$0.00,$0.00,$0.00,$90.00,$1810.00,$105.16,5,
1134,NQ 06-26,Backtest,VariableTrend,Short,1,15656.50,15404.25,12/9/2020 5:30:00 PM,12/9/2020 11:00:00 PM,Sell short,Exit on session close,$5039.84,$23608.56,$5.16,$0.00,$0.00,$0.00,$0.00,$370.00,$5945.00,$905.16,6,
1135,NQ 06-26,Backtest,VariableTrend,Long,1,15450.75,15416.75,12/10/2020 5:30:00 PM,12/10/2020 10:10:00 PM,Buy,Close position,($685.16),$22923.40,$5.16,$0.00,$0.00,$0.00,$0.00,$930.00,$1005.00,$1690.16,5,
1136,NQ 06-26,Backtest,VariableTrend,Short,1,15416.75,15466.75,12/10/2020 10:10:00 PM,12/10/2020 10:10:00 PM,Sell short,Stop loss,($1005.16),$21918.24,$5.16,$0.00,$0.00,$0.00,$0.00,$1000.00,$0.00,$1005.16,1,
1137,NQ 06-26,Backtest,VariableTrend,Long,1,15446.50,15442.75,12/10/2020 11:00:00 PM,12/10/2020 11:00:00 PM,Buy,Exit on session close,($80.16),$21838.08,$5.16,$0.00,$0.00,$0.00,$0.00,$225.00,$40.00,$120.16,1,
1138,NQ 06-26,Backtest,VariableTrend,Short,1,15426.50,15427.25,12/11/2020 4:40:00 AM,12/11/2020 7:00:00 AM,Sell short,Close position,($20.16),$21817.92,$5.16,$0.00,$0.00,$0.00,$0.00,$65.00,$320.00,$340.16,3,
1139,NQ 06-26,Backtest,VariableTrend,Long,1,15427.25,15418.50,12/11/2020 7:00:00 AM,12/11/2020 8:10:00 AM,Buy,Close position,($180.16),$21637.76,$5.16,$0.00,$0.00,$0.00,$0.00,$240.00,$80.00,$260.16,2,
1140,NQ 06-26,Backtest,VariableTrend,Short,1,15418.50,15429.00,12/11/2020 8:10:00 AM,12/11/2020 9:20:00 AM,Sell short,Close position,($215.16),$21422.60,$5.16,$0.00,$0.00,$0.00,$0.00,$275.00,$200.00,$415.16,2,
1141,NQ 06-26,Backtest,VariableTrend,Long,1,15429.00,15400.00,12/11/2020 9:20:00 AM,12/11/2020 10:30:00 AM,Buy,Close position,($585.16),$20837.44,$5.16,$0.00,$0.00,$0.00,$0.00,$995.00,$195.00,$780.16,2,
1142,NQ 06-26,Backtest,VariableTrend,Short,1,15400.00,15399.00,12/11/2020 10:30:00 AM,12/11/2020 10:10:00 PM,Sell short,Close position,$14.84,$20852.28,$5.16,$0.00,$0.00,$0.00,$0.00,$335.00,$2260.00,$2245.16,11,
1143,NQ 06-26,Backtest,VariableTrend,Long,1,15399.00,15422.25,12/11/2020 10:10:00 PM,12/11/2020 11:00:00 PM,Buy,Exit on session close,$459.84,$21312.12,$5.16,$0.00,$0.00,$0.00,$0.00,$320.00,$675.00,$215.16,2,
1144,NQ 06-26,Backtest,VariableTrend,Short,1,15499.00,15505.75,12/15/2020 4:40:00 AM,12/15/2020 5:50:00 AM,Sell short,Close position,($140.16),$21171.96,$5.16,$0.00,$0.00,$0.00,$0.00,$305.00,$55.00,$195.16,2,
1145,NQ 06-26,Backtest,VariableTrend,Long,1,15505.75,15547.25,12/15/2020 5:50:00 AM,12/15/2020 6:40:00 PM,Buy,Close position,$824.84,$21996.80,$5.16,$0.00,$0.00,$0.00,$0.00,$325.00,$2650.00,$1825.16,12,
1146,NQ 06-26,Backtest,VariableTrend,Short,1,15547.25,15585.75,12/15/2020 6:40:00 PM,12/15/2020 7:50:00 PM,Sell short,Close position,($775.16),$21221.64,$5.16,$0.00,$0.00,$0.00,$0.00,$810.00,$255.00,$1030.16,2,
1147,NQ 06-26,Backtest,VariableTrend,Long,1,15585.75,15651.25,12/15/2020 7:50:00 PM,12/15/2020 11:00:00 PM,Buy,Exit on session close,$1304.84,$22526.48,$5.16,$0.00,$0.00,$0.00,$0.00,$135.00,$1525.00,$220.16,4,
1148,NQ 06-26,Backtest,VariableTrend,Short,1,15646.75,15686.00,12/16/2020 5:30:00 PM,12/16/2020 6:40:00 PM,Sell short,Close position,($790.16),$21736.32,$5.16,$0.00,$0.00,$0.00,$0.00,$950.00,$380.00,$1170.16,2,
1149,NQ 06-26,Backtest,VariableTrend,Long,1,15686.00,15729.25,12/16/2020 6:40:00 PM,12/16/2020 11:00:00 PM,Buy,Exit on session close,$859.84,$22596.16,$5.16,$0.00,$0.00,$0.00,$0.00,$450.00,$1440.00,$580.16,5,
1150,NQ 06-26,Backtest,VariableTrend,Short,1,15780.00,15788.00,12/18/2020 5:30:00 PM,12/18/2020 11:00:00 PM,Sell short,Close position,($165.16),$22431.00,$5.16,$0.00,$0.00,$0.00,$0.00,$375.00,$2335.00,$2500.16,6,
1151,NQ 06-26,Backtest,VariableTrend,Long,1,15788.00,15801.75,12/18/2020 11:00:00 PM,12/18/2020 11:00:00 PM,Buy,Exit on session close,$269.84,$22700.84,$5.16,$0.00,$0.00,$0.00,$0.00,$75.00,$515.00,$245.16,1,
1152,NQ 06-26,Backtest,VariableTrend,Short,1,15779.75,15793.75,12/21/2020 9:20:00 AM,12/21/2020 10:30:00 AM,Sell short,Close position,($285.16),$22415.68,$5.16,$0.00,$0.00,$0.00,$0.00,$380.00,$625.00,$910.16,2,
1153,NQ 06-26,Backtest,VariableTrend,Long,1,15793.75,15756.75,12/21/2020 10:30:00 AM,12/21/2020 11:40:00 AM,Buy,Close position,($745.16),$21670.52,$5.16,$0.00,$0.00,$0.00,$0.00,$845.00,$10.00,$755.16,2,
1154,NQ 06-26,Backtest,VariableTrend,Short,1,15756.75,15686.50,12/21/2020 11:40:00 AM,12/21/2020 7:50:00 PM,Sell short,Close position,$1399.84,$23070.36,$5.16,$0.00,$0.00,$0.00,$0.00,$55.00,$4850.00,$3450.16,8,
1155,NQ 06-26,Backtest,VariableTrend,Long,1,15686.50,15742.25,12/21/2020 7:50:00 PM,12/21/2020 11:00:00 PM,Buy,Exit on session close,$1109.84,$24180.20,$5.16,$0.00,$0.00,$0.00,$0.00,$180.00,$1395.00,$285.16,4,
1156,NQ 06-26,Backtest,VariableTrend,Short,1,15711.75,15745.00,12/22/2020 8:10:00 AM,12/22/2020 10:30:00 AM,Sell short,Close position,($670.16),$23510.04,$5.16,$0.00,$0.00,$0.00,$0.00,$870.00,$380.00,$1050.16,3,
1157,NQ 06-26,Backtest,VariableTrend,Long,1,15745.00,15736.25,12/22/2020 10:30:00 AM,12/22/2020 6:40:00 PM,Buy,Close position,($180.16),$23329.88,$5.16,$0.00,$0.00,$0.00,$0.00,$580.00,$1365.00,$1545.16,8,
1158,NQ 06-26,Backtest,VariableTrend,Short,1,15736.25,15754.50,12/22/2020 6:40:00 PM,12/22/2020 9:00:00 PM,Sell short,Close position,($370.16),$22959.72,$5.16,$0.00,$0.00,$0.00,$0.00,$630.00,$1790.00,$2160.16,3,
1159,NQ 06-26,Backtest,VariableTrend,Long,1,15754.50,15760.50,12/22/2020 9:00:00 PM,12/22/2020 11:00:00 PM,Buy,Exit on session close,$114.84,$23074.56,$5.16,$0.00,$0.00,$0.00,$0.00,$575.00,$315.00,$200.16,3,
1160,NQ 06-26,Backtest,VariableTrend,Short,1,15728.00,15745.00,12/23/2020 3:30:00 AM,12/23/2020 5:50:00 AM,Sell short,Close position,($345.16),$22729.40,$5.16,$0.00,$0.00,$0.00,$0.00,$435.00,$510.00,$855.16,3,
1161,NQ 06-26,Backtest,VariableTrend,Long,1,15745.00,15738.25,12/23/2020 5:50:00 AM,12/23/2020 5:30:00 PM,Buy,Close position,($140.16),$22589.24,$5.16,$0.00,$0.00,$0.00,$0.00,$850.00,$940.00,$1080.16,11,
1162,NQ 06-26,Backtest,VariableTrend,Short,1,15738.25,15762.50,12/23/2020 5:30:00 PM,12/23/2020 7:50:00 PM,Sell short,Close position,($490.16),$22099.08,$5.16,$0.00,$0.00,$0.00,$0.00,$560.00,$400.00,$890.16,3,
1163,NQ 06-26,Backtest,VariableTrend,Long,1,15762.50,15712.50,12/23/2020 7:50:00 PM,12/23/2020 10:10:00 PM,Buy,Stop loss,($1005.16),$21093.92,$5.16,$0.00,$0.00,$0.00,$0.00,$1000.00,$435.00,$1440.16,3,
1164,NQ 06-26,Backtest,VariableTrend,Short,1,15688.25,15709.00,12/23/2020 11:00:00 PM,12/23/2020 11:00:00 PM,Sell short,Exit on session close,($420.16),$20673.76,$5.16,$0.00,$0.00,$0.00,$0.00,$450.00,$230.00,$650.16,1,
1165,NQ 06-26,Backtest,VariableTrend,Long,1,15761.50,15727.00,12/24/2020 5:30:00 PM,12/24/2020 6:40:00 PM,Buy,Close position,($695.16),$19978.60,$5.16,$0.00,$0.00,$0.00,$0.00,$725.00,$315.00,$1010.16,2,
1166,NQ 06-26,Backtest,VariableTrend,Short,1,15727.00,15738.75,12/24/2020 6:40:00 PM,12/24/2020 7:15:00 PM,Sell short,Close position,($240.16),$19738.44,$5.16,$0.00,$0.00,$0.00,$0.00,$395.00,$195.00,$435.16,2,
1167,NQ 06-26,Backtest,VariableTrend,Long,1,15738.75,15756.25,12/24/2020 7:15:00 PM,12/24/2020 7:15:00 PM,Buy,Exit on session close,$344.84,$20083.28,$5.16,$0.00,$0.00,$0.00,$0.00,$70.00,$465.00,$120.16,1,
1168,NQ 06-26,Backtest,VariableTrend,Short,1,15800.25,15850.25,12/28/2020 5:30:00 PM,12/28/2020 5:30:00 PM,Sell short,Stop loss,($1005.16),$19078.12,$5.16,$0.00,$0.00,$0.00,$0.00,$1000.00,$0.00,$1005.16,1,
1169,NQ 06-26,Backtest,VariableTrend,Long,1,15874.75,15895.75,12/28/2020 6:40:00 PM,12/28/2020 11:00:00 PM,Buy,Exit on session close,$414.84,$19492.96,$5.16,$0.00,$0.00,$0.00,$0.00,$305.00,$680.00,$265.16,5,
1170,NQ 06-26,Backtest,VariableTrend,Short,1,15886.25,15936.25,12/29/2020 5:30:00 PM,12/29/2020 5:30:00 PM,Sell short,Stop loss,($1005.16),$18487.80,$5.16,$0.00,$0.00,$0.00,$0.00,$1000.00,$0.00,$1005.16,1,
1171,NQ 06-26,Backtest,VariableTrend,Long,1,15927.00,15877.00,12/29/2020 6:40:00 PM,12/29/2020 6:40:00 PM,Buy,Stop loss,($1005.16),$17482.64,$5.16,$0.00,$0.00,$0.00,$0.00,$1000.00,$0.00,$1005.16,1,
1172,NQ 06-26,Backtest,VariableTrend,Short,1,15879.25,15911.00,12/29/2020 7:50:00 PM,12/29/2020 11:00:00 PM,Sell short,Exit on session close,($640.16),$16842.48,$5.16,$0.00,$0.00,$0.00,$0.00,$775.00,$355.00,$995.16,4,
1173,NQ 06-26,Backtest,VariableTrend,Short,1,15888.00,15910.75,12/30/2020 2:20:00 AM,12/30/2020 4:40:00 AM,Sell short,Close position,($460.16),$16382.32,$5.16,$0.00,$0.00,$0.00,$0.00,$460.00,$135.00,$595.16,3,
1174,NQ 06-26,Backtest,VariableTrend,Long,1,15910.75,15909.50,12/30/2020 4:40:00 AM,12/30/2020 5:30:00 PM,Buy,Close position,($30.16),$16352.16,$5.16,$0.00,$0.00,$0.00,$0.00,$450.00,$1045.00,$1075.16,12,
1175,NQ 06-26,Backtest,VariableTrend,Short,1,15909.50,15922.50,12/30/2020 5:30:00 PM,12/30/2020 9:00:00 PM,Sell short,Close position,($265.16),$16087.00,$5.16,$0.00,$0.00,$0.00,$0.00,$330.00,$715.00,$980.16,4,
1176,NQ 06-26,Backtest,VariableTrend,Long,1,15922.50,15901.25,12/30/2020 9:00:00 PM,12/30/2020 10:10:00 PM,Buy,Close position,($430.16),$15656.84,$5.16,$0.00,$0.00,$0.00,$0.00,$585.00,$65.00,$495.16,2,
1177,NQ 06-26,Backtest,VariableTrend,Short,1,15901.25,15894.50,12/30/2020 10:10:00 PM,12/30/2020 11:00:00 PM,Sell short,Exit on session close,$129.84,$15786.68,$5.16,$0.00,$0.00,$0.00,$0.00,$215.00,$515.00,$385.16,2,
1178,NQ 06-26,Backtest,VariableTrend,Long,1,15912.50,15907.25,12/31/2020 2:00:00 PM,12/31/2020 3:10:00 PM,Buy,Close position,($110.16),$15676.52,$5.16,$0.00,$0.00,$0.00,$0.00,$170.00,$90.00,$200.16,2,
1179,NQ 06-26,Backtest,VariableTrend,Short,1,15907.25,15936.50,12/31/2020 3:10:00 PM,12/31/2020 11:00:00 PM,Sell short,Close position,($590.16),$15086.36,$5.16,$0.00,$0.00,$0.00,$0.00,$840.00,$1150.00,$1740.16,8,
1180,NQ 06-26,Backtest,VariableTrend,Long,1,15936.50,15936.25,12/31/2020 11:00:00 PM,12/31/2020 11:00:00 PM,Buy,Exit on session close,($10.16),$15076.20,$5.16,$0.00,$0.00,$0.00,$0.00,$160.00,$70.00,$80.16,1,
1181,NQ 06-26,Backtest,VariableTrend,Short,1,15904.00,15914.25,1/4/2021 2:20:00 AM,1/4/2021 4:40:00 AM,Sell short,Close position,($210.16),$14866.04,$5.16,$0.00,$0.00,$0.00,$0.00,$250.00,$510.00,$720.16,3,
1182,NQ 06-26,Backtest,VariableTrend,Long,1,15914.25,15918.75,1/4/2021 4:40:00 AM,1/4/2021 5:30:00 PM,Buy,Close position,$84.84,$14950.88,$5.16,$0.00,$0.00,$0.00,$0.00,$290.00,$1975.00,$1890.16,12,
1183,NQ 06-26,Backtest,VariableTrend,Short,1,15918.75,15741.50,1/4/2021 5:30:00 PM,1/4/2021 11:00:00 PM,Sell short,Exit on session close,$3539.84,$18490.72,$5.16,$0.00,$0.00,$0.00,$0.00,$450.00,$6860.00,$3320.16,6,
1184,NQ 06-26,Backtest,VariableTrend,Long,1,15784.75,15776.25,1/5/2021 5:30:00 PM,1/5/2021 7:50:00 PM,Buy,Close position,($175.16),$18315.56,$5.16,$0.00,$0.00,$0.00,$0.00,$870.00,$570.00,$745.16,3,
1185,NQ 06-26,Backtest,VariableTrend,Short,1,15776.25,15804.25,1/5/2021 7:50:00 PM,1/5/2021 9:00:00 PM,Sell short,Close position,($565.16),$17750.40,$5.16,$0.00,$0.00,$0.00,$0.00,$675.00,$390.00,$955.16,2,
1186,NQ 06-26,Backtest,VariableTrend,Long,1,15804.25,15856.75,1/5/2021 9:00:00 PM,1/5/2021 11:00:00 PM,Buy,Exit on session close,$1044.84,$18795.24,$5.16,$0.00,$0.00,$0.00,$0.00,$75.00,$1160.00,$115.16,3,
1187,NQ 06-26,Backtest,VariableTrend,Short,1,15789.00,15743.50,1/6/2021 3:30:00 AM,1/6/2021 5:30:00 PM,Sell short,Close position,$904.84,$19700.08,$5.16,$0.00,$0.00,$0.00,$0.00,$50.00,$4890.00,$3985.16,13,
1188,NQ 06-26,Backtest,VariableTrend,Long,1,15743.50,15693.50,1/6/2021 5:30:00 PM,1/6/2021 9:00:00 PM,Buy,Stop loss,($1005.16),$18694.92,$5.16,$0.00,$0.00,$0.00,$0.00,$1000.00,$2115.00,$3120.16,4,
1189,NQ 06-26,Backtest,VariableTrend,Short,1,15681.25,15711.25,1/6/2021 11:00:00 PM,1/6/2021 11:00:00 PM,Sell short,Exit on session close,($605.16),$18089.76,$5.16,$0.00,$0.00,$0.00,$0.00,$820.00,$100.00,$705.16,1,
1190,NQ 06-26,Backtest,VariableTrend,Long,1,15752.75,15731.25,1/7/2021 3:30:00 AM,1/7/2021 10:30:00 AM,Buy,Close position,($435.16),$17654.60,$5.16,$0.00,$0.00,$0.00,$0.00,$675.00,$1250.00,$1685.16,7,
1191,NQ 06-26,Backtest,VariableTrend,Short,1,15731.25,15757.50,1/7/2021 10:30:00 AM,1/7/2021 11:40:00 AM,Sell short,Close position,($530.16),$17124.44,$5.16,$0.00,$0.00,$0.00,$0.00,$795.00,$355.00,$885.16,2,
1192,NQ 06-26,Backtest,VariableTrend,Long,1,15757.50,15979.00,1/7/2021 11:40:00 AM,1/7/2021 11:00:00 PM,Buy,Exit on session close,$4424.84,$21549.28,$5.16,$0.00,$0.00,$0.00,$0.00,$835.00,$5095.00,$670.16,11,
1193,NQ 06-26,Backtest,VariableTrend,Short,1,16027.25,16077.25,1/8/2021 9:00:00 PM,1/8/2021 9:00:00 PM,Sell short,Stop loss,($1005.16),$20544.12,$5.16,$0.00,$0.00,$0.00,$0.00,$1000.00,$0.00,$1005.16,1,
1194,NQ 06-26,Backtest,VariableTrend,Long,1,16096.00,16176.50,1/8/2021 10:10:00 PM,1/8/2021 11:00:00 PM,Buy,Exit on session close,$1604.84,$22148.96,$5.16,$0.00,$0.00,$0.00,$0.00,$125.00,$1645.00,$40.16,2,
1195,NQ 06-26,Backtest,VariableTrend,Short,1,16030.25,15959.00,1/11/2021 4:20:00 PM,1/11/2021 11:00:00 PM,Sell short,Exit on session close,$1419.84,$23568.80,$5.16,$0.00,$0.00,$0.00,$0.00,$740.00,$2105.00,$685.16,7,
1196,NQ 06-26,Backtest,VariableTrend,Long,1,15976.75,15968.75,1/13/2021 4:40:00 AM,1/13/2021 8:10:00 AM,Buy,Close position,($165.16),$23403.64,$5.16,$0.00,$0.00,$0.00,$0.00,$245.00,$230.00,$395.16,4,
1197,NQ 06-26,Backtest,VariableTrend,Short,1,15968.75,15983.25,1/13/2021 8:10:00 AM,1/13/2021 10:30:00 AM,Sell short,Close position,($295.16),$23108.48,$5.16,$0.00,$0.00,$0.00,$0.00,$320.00,$80.00,$375.16,3,
1198,NQ 06-26,Backtest,VariableTrend,Long,1,15983.25,15933.25,1/13/2021 10:30:00 AM,1/13/2021 11:40:00 AM,Buy,Stop loss,($1005.16),$22103.32,$5.16,$0.00,$0.00,$0.00,$0.00,$1000.00,$20.00,$1025.16,2,
1199,NQ 06-26,Backtest,VariableTrend,Short,1,15935.25,15985.25,1/13/2021 12:50:00 PM,1/13/2021 4:20:00 PM,Sell short,Stop loss,($1005.16),$21098.16,$5.16,$0.00,$0.00,$0.00,$0.00,$1000.00,$1225.00,$2230.16,4,
1200,NQ 06-26,Backtest,VariableTrend,Long,1,15969.25,16026.25,1/13/2021 5:30:00 PM,1/13/2021 11:00:00 PM,Buy,Exit on session close,$1134.84,$22233.00,$5.16,$0.00,$0.00,$0.00,$0.00,$255.00,$1740.00,$605.16,6,
1201,NQ 06-26,Backtest,VariableTrend,Short,1,15980.50,16005.25,1/14/2021 12:50:00 PM,1/14/2021 2:00:00 PM,Sell short,Close position,($500.16),$21732.84,$5.16,$0.00,$0.00,$0.00,$0.00,$575.00,$45.00,$545.16,2,
1202,NQ 06-26,Backtest,VariableTrend,Long,1,16005.25,16010.00,1/14/2021 2:00:00 PM,1/14/2021 7:50:00 PM,Buy,Close position,$89.84,$21822.68,$5.16,$0.00,$0.00,$0.00,$0.00,$0.00,$1535.00,$1445.16,6,
1203,NQ 06-26,Backtest,VariableTrend,Short,1,16010.00,16014.00,1/14/2021 7:50:00 PM,1/14/2021 9:00:00 PM,Sell short,Close position,($85.16),$21737.52,$5.16,$0.00,$0.00,$0.00,$0.00,$560.00,$465.00,$550.16,2,
1204,NQ 06-26,Backtest,VariableTrend,Long,1,16014.00,16002.25,1/14/2021 9:00:00 PM,1/14/2021 10:10:00 PM,Buy,Close position,($240.16),$21497.36,$5.16,$0.00,$0.00,$0.00,$0.00,$490.00,$75.00,$315.16,2,
1205,NQ 06-26,Backtest,VariableTrend,Short,1,16002.25,15953.00,1/14/2021 10:10:00 PM,1/14/2021 11:00:00 PM,Sell short,Exit on session close,$979.84,$22477.20,$5.16,$0.00,$0.00,$0.00,$0.00,$115.00,$1360.00,$380.16,2,
1206,NQ 06-26,Backtest,VariableTrend,Short,1,15940.00,15984.25,1/19/2021 5:30:00 PM,1/19/2021 7:50:00 PM,Sell short,Close position,($890.16),$21587.04,$5.16,$0.00,$0.00,$0.00,$0.00,$955.00,$750.00,$1640.16,3,
1207,NQ 06-26,Backtest,VariableTrend,Long,1,15984.25,16086.00,1/19/2021 7:50:00 PM,1/19/2021 11:00:00 PM,Buy,Exit on session close,$2029.84,$23616.88,$5.16,$0.00,$0.00,$0.00,$0.00,$145.00,$2035.00,$5.16,4,
1208,NQ 06-26,Backtest,VariableTrend,Short,1,16392.75,16442.75,1/22/2021 10:30:00 AM,1/22/2021 4:20:00 PM,Sell short,Stop loss,($1005.16),$22611.72,$5.16,$0.00,$0.00,$0.00,$0.00,$1000.00,$785.00,$1790.16,6,
1209,NQ 06-26,Backtest,VariableTrend,Long,1,16423.75,16408.50,1/22/2021 5:30:00 PM,1/22/2021 11:00:00 PM,Buy,Exit on session close,($310.16),$22301.56,$5.16,$0.00,$0.00,$0.00,$0.00,$950.00,$530.00,$840.16,6,
1210,NQ 06-26,Backtest,VariableTrend,Short,1,16382.00,16432.00,1/25/2021 6:40:00 PM,1/25/2021 6:40:00 PM,Sell short,Stop loss,($1005.16),$21296.40,$5.16,$0.00,$0.00,$0.00,$0.00,$1000.00,$0.00,$1005.16,1,
1211,NQ 06-26,Backtest,VariableTrend,Long,1,16518.75,16517.50,1/25/2021 11:00:00 PM,1/25/2021 11:00:00 PM,Buy,Exit on session close,($30.16),$21266.24,$5.16,$0.00,$0.00,$0.00,$0.00,$150.00,$115.00,$145.16,1,
1212,NQ 06-26,Backtest,VariableTrend,Short,1,16492.50,16501.50,1/26/2021 4:40:00 AM,1/26/2021 11:40:00 AM,Sell short,Close position,($185.16),$21081.08,$5.16,$0.00,$0.00,$0.00,$0.00,$350.00,$1180.00,$1365.16,7,
1213,NQ 06-26,Backtest,VariableTrend,Long,1,16501.50,16605.50,1/26/2021 11:40:00 AM,1/26/2021 11:00:00 PM,Buy,Exit on session close,$2074.84,$23155.92,$5.16,$0.00,$0.00,$0.00,$0.00,$555.00,$3030.00,$955.16,11,
1214,NQ 06-26,Backtest,VariableTrend,Short,1,16512.25,16115.00,1/27/2021 2:00:00 PM,1/27/2021 11:00:00 PM,Sell short,Exit on session close,$7939.84,$31095.76,$5.16,$0.00,$0.00,$0.00,$0.00,$450.00,$11485.00,$3545.16,9,
1215,NQ 06-26,Backtest,VariableTrend,Long,1,16214.25,16237.75,1/28/2021 4:20:00 PM,1/28/2021 11:00:00 PM,Buy,Close position,$464.84,$31560.60,$5.16,$0.00,$0.00,$0.00,$0.00,$655.00,$4660.00,$4195.16,7,
1216,NQ 06-26,Backtest,VariableTrend,Short,1,16237.75,16205.00,1/28/2021 11:00:00 PM,1/28/2021 11:00:00 PM,Sell short,Exit on session close,$649.84,$32210.44,$5.16,$0.00,$0.00,$0.00,$0.00,$165.00,$1230.00,$580.16,1,
1217,NQ 06-26,Backtest,VariableTrend,Long,1,16170.50,16120.50,1/29/2021 4:20:00 PM,1/29/2021 4:20:00 PM,Buy,Stop loss,($1005.16),$31205.28,$5.16,$0.00,$0.00,$0.00,$0.00,$1000.00,$0.00,$1005.16,1,
1218,NQ 06-26,Backtest,VariableTrend,Short,1,16047.25,16097.25,1/29/2021 6:40:00 PM,1/29/2021 6:40:00 PM,Sell short,Stop loss,($1005.16),$30200.12,$5.16,$0.00,$0.00,$0.00,$0.00,$1000.00,$0.00,$1005.16,1,
1219,NQ 06-26,Backtest,VariableTrend,Long,1,16028.50,15995.00,2/1/2021 8:10:00 AM,2/1/2021 9:20:00 AM,Buy,Close position,($675.16),$29524.96,$5.16,$0.00,$0.00,$0.00,$0.00,$670.00,$90.00,$765.16,2,
1220,NQ 06-26,Backtest,VariableTrend,Short,1,15995.00,16045.00,2/1/2021 9:20:00 AM,2/1/2021 9:20:00 AM,Sell short,Stop loss,($1005.16),$28519.80,$5.16,$0.00,$0.00,$0.00,$0.00,$1000.00,$0.00,$1005.16,1,
1221,NQ 06-26,Backtest,VariableTrend,Long,1,16077.25,16027.25,2/1/2021 10:30:00 AM,2/1/2021 4:20:00 PM,Buy,Stop loss,($1005.16),$27514.64,$5.16,$0.00,$0.00,$0.00,$0.00,$1000.00,$1200.00,$2205.16,6,
1222,NQ 06-26,Backtest,VariableTrend,Short,1,16484.50,16534.50,2/3/2021 5:30:00 PM,2/3/2021 7:50:00 PM,Sell short,Stop loss,($1005.16),$26509.48,$5.16,$0.00,$0.00,$0.00,$0.00,$1000.00,$805.00,$1810.16,3,
1223,NQ 06-26,Backtest,VariableTrend,Long,1,16547.00,16503.25,2/3/2021 9:00:00 PM,2/3/2021 10:10:00 PM,Buy,Close position,($880.16),$25629.32,$5.16,$0.00,$0.00,$0.00,$0.00,$875.00,$45.00,$925.16,2,
1224,NQ 06-26,Backtest,VariableTrend,Short,1,16503.25,16469.25,2/3/2021 10:10:00 PM,2/3/2021 11:00:00 PM,Sell short,Exit on session close,$674.84,$26304.16,$5.16,$0.00,$0.00,$0.00,$0.00,$160.00,$1265.00,$590.16,2,
1225,NQ 06-26,Backtest,VariableTrend,Long,1,16497.50,16482.25,2/4/2021 12:50:00 PM,2/4/2021 2:00:00 PM,Buy,Close position,($310.16),$25994.00,$5.16,$0.00,$0.00,$0.00,$0.00,$355.00,$180.00,$490.16,2,
1226,NQ 06-26,Backtest,VariableTrend,Short,1,16482.25,16501.25,2/4/2021 2:00:00 PM,2/4/2021 3:10:00 PM,Sell short,Close position,($385.16),$25608.84,$5.16,$0.00,$0.00,$0.00,$0.00,$500.00,$205.00,$590.16,2,
1227,NQ 06-26,Backtest,VariableTrend,Long,1,16501.25,16451.25,2/4/2021 3:10:00 PM,2/4/2021 4:20:00 PM,Buy,Stop loss,($1005.16),$24603.68,$5.16,$0.00,$0.00,$0.00,$0.00,$1000.00,$310.00,$1315.16,2,
1228,NQ 06-26,Backtest,VariableTrend,Short,1,16496.50,16529.50,2/4/2021 5:30:00 PM,2/4/2021 7:50:00 PM,Sell short,Close position,($665.16),$23938.52,$5.16,$0.00,$0.00,$0.00,$0.00,$835.00,$805.00,$1470.16,3,
1229,NQ 06-26,Backtest,VariableTrend,Long,1,16529.50,16616.50,2/4/2021 7:50:00 PM,2/4/2021 11:00:00 PM,Buy,Exit on session close,$1734.84,$25673.36,$5.16,$0.00,$0.00,$0.00,$0.00,$145.00,$1850.00,$115.16,4,
1230,NQ 06-26,Backtest,VariableTrend,Short,1,16581.50,16631.50,2/5/2021 5:30:00 PM,2/5/2021 6:40:00 PM,Sell short,Stop loss,($1005.16),$24668.20,$5.16,$0.00,$0.00,$0.00,$0.00,$1000.00,$175.00,$1180.16,2,
1231,NQ 06-26,Backtest,VariableTrend,Long,1,16662.50,16656.75,2/5/2021 7:50:00 PM,2/5/2021 11:00:00 PM,Buy,Exit on session close,($120.16),$24548.04,$5.16,$0.00,$0.00,$0.00,$0.00,$815.00,$585.00,$705.16,4,
1232,NQ 06-26,Backtest,VariableTrend,Short,1,16697.75,16747.75,2/9/2021 4:20:00 PM,2/9/2021 4:20:00 PM,Sell short,Stop loss,($1005.16),$23542.88,$5.16,$0.00,$0.00,$0.00,$0.00,$1000.00,$0.00,$1005.16,1,
1233,NQ 06-26,Backtest,VariableTrend,Long,1,16778.50,16728.50,2/9/2021 5:30:00 PM,2/9/2021 5:30:00 PM,Buy,Stop loss,($1005.16),$22537.72,$5.16,$0.00,$0.00,$0.00,$0.00,$1000.00,$0.00,$1005.16,1,
1234,NQ 06-26,Backtest,VariableTrend,Short,1,16728.00,16734.75,2/10/2021 5:30:00 PM,2/10/2021 10:10:00 PM,Sell short,Close position,($140.16),$22397.56,$5.16,$0.00,$0.00,$0.00,$0.00,$280.00,$3160.00,$3300.16,5,
1235,NQ 06-26,Backtest,VariableTrend,Long,1,16734.75,16684.75,2/10/2021 10:10:00 PM,2/10/2021 10:10:00 PM,Buy,Stop loss,($1005.16),$21392.40,$5.16,$0.00,$0.00,$0.00,$0.00,$1000.00,$0.00,$1005.16,1,
1236,NQ 06-26,Backtest,VariableTrend,Short,1,16714.75,16717.50,2/10/2021 11:00:00 PM,2/10/2021 11:00:00 PM,Sell short,Exit on session close,($60.16),$21332.24,$5.16,$0.00,$0.00,$0.00,$0.00,$200.00,$145.00,$205.16,1,
1237,NQ 06-26,Backtest,VariableTrend,Long,1,16724.00,16729.00,2/11/2021 10:30:00 AM,2/11/2021 7:50:00 PM,Buy,Close position,$94.84,$21427.08,$5.16,$0.00,$0.00,$0.00,$0.00,$510.00,$1460.00,$1365.16,9,
1238,NQ 06-26,Backtest,VariableTrend,Short,1,16729.00,16759.75,2/11/2021 7:50:00 PM,2/11/2021 9:00:00 PM,Sell short,Close position,($620.16),$20806.92,$5.16,$0.00,$0.00,$0.00,$0.00,$825.00,$1025.00,$1645.16,2,
1239,NQ 06-26,Backtest,VariableTrend,Long,1,16759.75,16709.75,2/11/2021 9:00:00 PM,2/11/2021 9:00:00 PM,Buy,Stop loss,($1005.16),$19801.76,$5.16,$0.00,$0.00,$0.00,$0.00,$1000.00,$0.00,$1005.16,1,
1240,NQ 06-26,Backtest,VariableTrend,Short,1,16742.50,16766.50,2/11/2021 10:10:00 PM,2/11/2021 11:00:00 PM,Sell short,Close position,($485.16),$19316.60,$5.16,$0.00,$0.00,$0.00,$0.00,$920.00,$135.00,$620.16,2,
1241,NQ 06-26,Backtest,VariableTrend,Long,1,16766.50,16763.50,2/11/2021 11:00:00 PM,2/11/2021 11:00:00 PM,Buy,Exit on session close,($65.16),$19251.44,$5.16,$0.00,$0.00,$0.00,$0.00,$160.00,$200.00,$265.16,1,
1242,NQ 06-26,Backtest,VariableTrend,Short,1,16745.50,16795.50,2/12/2021 4:20:00 PM,2/12/2021 5:30:00 PM,Sell short,Stop loss,($1005.16),$18246.28,$5.16,$0.00,$0.00,$0.00,$0.00,$1000.00,$925.00,$1930.16,2,
1243,NQ 06-26,Backtest,VariableTrend,Long,1,16796.25,16874.00,2/12/2021 6:40:00 PM,2/12/2021 11:00:00 PM,Buy,Exit on session close,$1549.84,$19796.12,$5.16,$0.00,$0.00,$0.00,$0.00,$670.00,$1555.00,$5.16,5,
1244,NQ 06-26,Backtest,VariableTrend,Short,1,16907.50,16919.75,2/16/2021 11:40:00 AM,2/16/2021 12:50:00 PM,Sell short,Close position,($250.16),$19545.96,$5.16,$0.00,$0.00,$0.00,$0.00,$255.00,$165.00,$415.16,2,
1245,NQ 06-26,Backtest,VariableTrend,Long,1,16919.75,16905.00,2/16/2021 12:50:00 PM,2/16/2021 4:20:00 PM,Buy,Close position,($300.16),$19245.80,$5.16,$0.00,$0.00,$0.00,$0.00,$645.00,$295.00,$595.16,4,
1246,NQ 06-26,Backtest,VariableTrend,Short,1,16905.00,16808.50,2/16/2021 4:20:00 PM,2/16/2021 11:00:00 PM,Sell short,Exit on session close,$1924.84,$21170.64,$5.16,$0.00,$0.00,$0.00,$0.00,$475.00,$2715.00,$790.16,7,
1247,NQ 06-26,Backtest,VariableTrend,Long,1,16772.75,16722.75,2/18/2021 2:20:00 AM,2/18/2021 3:30:00 AM,Buy,Stop loss,($1005.16),$20165.48,$5.16,$0.00,$0.00,$0.00,$0.00,$1000.00,$75.00,$1080.16,2,
1248,NQ 06-26,Backtest,VariableTrend,Short,1,16724.75,16657.75,2/18/2021 4:40:00 AM,2/18/2021 9:00:00 PM,Sell short,Close position,$1334.84,$21500.32,$5.16,$0.00,$0.00,$0.00,$0.00,$560.00,$4070.00,$2735.16,15,
1249,NQ 06-26,Backtest,VariableTrend,Long,1,16657.75,16693.25,2/18/2021 9:00:00 PM,2/18/2021 11:00:00 PM,Buy,Exit on session close,$704.84,$22205.16,$5.16,$0.00,$0.00,$0.00,$0.00,$115.00,$1300.00,$595.16,3,
1250,NQ 06-26,Backtest,VariableTrend,Short,1,16621.25,16671.25,2/19/2021 4:40:00 AM,2/19/2021 7:00:00 AM,Sell short,Stop loss,($1005.16),$21200.00,$5.16,$0.00,$0.00,$0.00,$0.00,$1000.00,$360.00,$1365.16,3,
1251,NQ 06-26,Backtest,VariableTrend,Long,1,16670.00,16693.75,2/19/2021 8:10:00 AM,2/19/2021 5:30:00 PM,Buy,Close position,$469.84,$21669.84,$5.16,$0.00,$0.00,$0.00,$0.00,$165.00,$2245.00,$1775.16,9,
1252,NQ 06-26,Backtest,VariableTrend,Short,1,16693.75,16743.75,2/19/2021 5:30:00 PM,2/19/2021 5:30:00 PM,Sell short,Stop loss,($1005.16),$20664.68,$5.16,$0.00,$0.00,$0.00,$0.00,$1000.00,$0.00,$1005.16,1,
1253,NQ 06-26,Backtest,VariableTrend,Long,1,16746.00,16696.00,2/19/2021 6:40:00 PM,2/19/2021 6:40:00 PM,Buy,Stop loss,($1005.16),$19659.52,$5.16,$0.00,$0.00,$0.00,$0.00,$1000.00,$0.00,$1005.16,1,
1254,NQ 06-26,Backtest,VariableTrend,Short,1,16641.25,16626.25,2/19/2021 7:50:00 PM,2/19/2021 11:00:00 PM,Sell short,Exit on session close,$294.84,$19954.36,$5.16,$0.00,$0.00,$0.00,$0.00,$450.00,$1065.00,$770.16,4,
1255,NQ 06-26,Backtest,VariableTrend,Long,1,16182.00,16210.75,2/23/2021 10:10:00 PM,2/23/2021 11:00:00 PM,Buy,Exit on session close,$569.84,$20524.20,$5.16,$0.00,$0.00,$0.00,$0.00,$225.00,$2570.00,$2000.16,2,
1256,NQ 06-26,Backtest,VariableTrend,Short,1,16141.25,16191.25,2/24/2021 8:10:00 AM,2/24/2021 9:20:00 AM,Sell short,Stop loss,($1005.16),$19519.04,$5.16,$0.00,$0.00,$0.00,$0.00,$1000.00,$1220.00,$2225.16,2,
1257,NQ 06-26,Backtest,VariableTrend,Long,1,16225.25,16175.25,2/24/2021 10:30:00 AM,2/24/2021 3:10:00 PM,Buy,Stop loss,($1005.16),$18513.88,$5.16,$0.00,$0.00,$0.00,$0.00,$1000.00,$2470.00,$3475.16,5,
1258,NQ 06-26,Backtest,VariableTrend,Short,1,16161.50,16211.50,2/24/2021 4:20:00 PM,2/24/2021 5:30:00 PM,Sell short,Stop loss,($1005.16),$17508.72,$5.16,$0.00,$0.00,$0.00,$0.00,$1000.00,$3005.00,$4010.16,2,
1259,NQ 06-26,Backtest,VariableTrend,Long,1,16213.25,16367.25,2/24/2021 6:40:00 PM,2/24/2021 11:00:00 PM,Buy,Exit on session close,$3074.84,$20583.56,$5.16,$0.00,$0.00,$0.00,$0.00,$350.00,$3480.00,$405.16,5,
1260,NQ 06-26,Backtest,VariableTrend,Short,1,16289.50,16339.50,2/25/2021 10:30:00 AM,2/25/2021 4:20:00 PM,Sell short,Stop loss,($1005.16),$19578.40,$5.16,$0.00,$0.00,$0.00,$0.00,$1000.00,$1805.00,$2810.16,6,
1261,NQ 06-26,Backtest,VariableTrend,Long,1,15992.50,15942.50,2/26/2021 4:20:00 PM,2/26/2021 4:20:00 PM,Buy,Stop loss,($1005.16),$18573.24,$5.16,$0.00,$0.00,$0.00,$0.00,$1000.00,$0.00,$1005.16,1,
1262,NQ 06-26,Backtest,VariableTrend,Short,1,15927.75,15959.00,2/26/2021 11:00:00 PM,2/26/2021 11:00:00 PM,Sell short,Exit on session close,($630.16),$17943.08,$5.16,$0.00,$0.00,$0.00,$0.00,$810.00,$80.00,$710.16,1,
1263,NQ 06-26,Backtest,VariableTrend,Short,1,16245.50,16279.50,3/2/2021 11:40:00 AM,3/2/2021 12:50:00 PM,Sell short,Close position,($685.16),$17257.92,$5.16,$0.00,$0.00,$0.00,$0.00,$690.00,$165.00,$850.16,2,
1264,NQ 06-26,Backtest,VariableTrend,Long,1,16279.50,16266.75,3/2/2021 12:50:00 PM,3/2/2021 5:30:00 PM,Buy,Close position,($260.16),$16997.76,$5.16,$0.00,$0.00,$0.00,$0.00,$940.00,$1535.00,$1795.16,5,
1265,NQ 06-26,Backtest,VariableTrend,Short,1,16266.75,16108.00,3/2/2021 5:30:00 PM,3/2/2021 11:00:00 PM,Sell short,Exit on session close,$3169.84,$20167.60,$5.16,$0.00,$0.00,$0.00,$0.00,$430.00,$3305.00,$135.16,6,
1266,NQ 06-26,Backtest,VariableTrend,Long,1,16236.00,16216.00,3/3/2021 10:30:00 AM,3/3/2021 11:40:00 AM,Buy,Close position,($405.16),$19762.44,$5.16,$0.00,$0.00,$0.00,$0.00,$635.00,$50.00,$455.16,2,
1267,NQ 06-26,Backtest,VariableTrend,Short,1,16216.00,15730.75,3/3/2021 11:40:00 AM,3/3/2021 11:00:00 PM,Sell short,Exit on session close,$9699.84,$29462.28,$5.16,$0.00,$0.00,$0.00,$0.00,$160.00,$9990.00,$290.16,11,
1268,NQ 06-26,Backtest,VariableTrend,Long,1,15758.75,15708.75,3/4/2021 6:40:00 PM,3/4/2021 6:40:00 PM,Buy,Stop loss,($1005.16),$28457.12,$5.16,$0.00,$0.00,$0.00,$0.00,$1000.00,$0.00,$1005.16,1,
1269,NQ 06-26,Backtest,VariableTrend,Short,1,15659.75,15485.25,3/4/2021 7:50:00 PM,3/4/2021 11:00:00 PM,Sell short,Exit on session close,$3484.84,$31941.96,$5.16,$0.00,$0.00,$0.00,$0.00,$395.00,$6000.00,$2515.16,4,
1270,NQ 06-26,Backtest,VariableTrend,Long,1,15649.75,15599.75,3/5/2021 4:20:00 PM,3/5/2021 4:20:00 PM,Buy,Stop loss,($1005.16),$30936.80,$5.16,$0.00,$0.00,$0.00,$0.00,$1000.00,$0.00,$1005.16,1,
1271,NQ 06-26,Backtest,VariableTrend,Short,1,15454.75,15504.75,3/5/2021 5:30:00 PM,3/5/2021 6:40:00 PM,Sell short,Stop loss,($1005.16),$29931.64,$5.16,$0.00,$0.00,$0.00,$0.00,$1000.00,$3885.00,$4890.16,2,
1272,NQ 06-26,Backtest,VariableTrend,Long,1,15649.50,15599.50,3/5/2021 9:00:00 PM,3/5/2021 9:00:00 PM,Buy,Stop loss,($1005.16),$28926.48,$5.16,$0.00,$0.00,$0.00,$0.00,$1000.00,$0.00,$1005.16,1,
1273,NQ 06-26,Backtest,VariableTrend,Short,1,15604.50,15654.50,3/8/2021 5:50:00 AM,3/8/2021 3:10:00 PM,Sell short,Stop loss,($1005.16),$27921.32,$5.16,$0.00,$0.00,$0.00,$0.00,$1000.00,$3505.00,$4510.16,9,
1274,NQ 06-26,Backtest,VariableTrend,Long,1,15657.50,15607.50,3/8/2021 4:20:00 PM,3/8/2021 4:20:00 PM,Buy,Stop loss,($1005.16),$26916.16,$5.16,$0.00,$0.00,$0.00,$0.00,$1000.00,$0.00,$1005.16,1,
1275,NQ 06-26,Backtest,VariableTrend,Short,1,15523.00,15386.75,3/8/2021 9:00:00 PM,3/8/2021 11:00:00 PM,Sell short,Exit on session close,$2719.84,$29636.00,$5.16,$0.00,$0.00,$0.00,$0.00,$520.00,$3760.00,$1040.16,3,
1276,NQ 06-26,Backtest,VariableTrend,Long,1,15537.00,15841.25,3/9/2021 10:30:00 AM,3/9/2021 11:00:00 PM,Buy,Exit on session close,$6079.84,$35715.84,$5.16,$0.00,$0.00,$0.00,$0.00,$65.00,$7675.00,$1595.16,12,
1277,NQ 06-26,Backtest,VariableTrend,Short,1,15802.75,15852.75,3/10/2021 7:50:00 PM,3/10/2021 7:50:00 PM,Sell short,Stop loss,($1005.16),$34710.68,$5.16,$0.00,$0.00,$0.00,$0.00,$1000.00,$0.00,$1005.16,1,
1278,NQ 06-26,Backtest,VariableTrend,Long,1,15868.50,15818.50,3/10/2021 10:10:00 PM,3/10/2021 10:10:00 PM,Buy,Stop loss,($1005.16),$33705.52,$5.16,$0.00,$0.00,$0.00,$0.00,$1000.00,$0.00,$1005.16,1,
1279,NQ 06-26,Backtest,VariableTrend,Short,1,15795.75,15845.75,3/11/2021 3:30:00 AM,3/11/2021 3:30:00 AM,Sell short,Stop loss,($1005.16),$32700.36,$5.16,$0.00,$0.00,$0.00,$0.00,$1000.00,$0.00,$1005.16,1,
1280,NQ 06-26,Backtest,VariableTrend,Long,1,15888.50,16098.25,3/11/2021 4:40:00 AM,3/11/2021 11:00:00 PM,Buy,Exit on session close,$4189.84,$36890.20,$5.16,$0.00,$0.00,$0.00,$0.00,$360.00,$5650.00,$1460.16,17,
1281,NQ 06-26,Backtest,VariableTrend,Short,1,16016.50,15964.00,3/12/2021 9:20:00 AM,3/12/2021 7:50:00 PM,Sell short,Close position,$1044.84,$37935.04,$5.16,$0.00,$0.00,$0.00,$0.00,$100.00,$3920.00,$2875.16,10,
1282,NQ 06-26,Backtest,VariableTrend,Long,1,15964.00,15914.00,3/12/2021 7:50:00 PM,3/12/2021 7:50:00 PM,Buy,Stop loss,($1005.16),$36929.88,$5.16,$0.00,$0.00,$0.00,$0.00,$1000.00,$0.00,$1005.16,1,
1283,NQ 06-26,Backtest,VariableTrend,Short,1,15929.50,15960.50,3/12/2021 9:00:00 PM,3/12/2021 10:10:00 PM,Sell short,Close position,($625.16),$36304.72,$5.16,$0.00,$0.00,$0.00,$0.00,$905.00,$180.00,$805.16,2,
1284,NQ 06-26,Backtest,VariableTrend,Long,1,15960.50,15987.25,3/12/2021 10:10:00 PM,3/12/2021 11:00:00 PM,Buy,Exit on session close,$529.84,$36834.56,$5.16,$0.00,$0.00,$0.00,$0.00,$625.00,$755.00,$225.16,2,
1285,NQ 06-26,Backtest,VariableTrend,Short,1,15956.00,15984.25,3/15/2021 8:20:00 AM,3/15/2021 10:40:00 AM,Sell short,Close position,($570.16),$36264.40,$5.16,$0.00,$0.00,$0.00,$0.00,$830.00,$660.00,$1230.16,3,
1286,NQ 06-26,Backtest,VariableTrend,Long,1,15984.25,15966.25,3/15/2021 10:40:00 AM,3/15/2021 5:40:00 PM,Buy,Close position,($365.16),$35899.24,$5.16,$0.00,$0.00,$0.00,$0.00,$725.00,$1275.00,$1640.16,7,
1287,NQ 06-26,Backtest,VariableTrend,Short,1,15966.25,16016.25,3/15/2021 5:40:00 PM,3/15/2021 5:40:00 PM,Sell short,Stop loss,($1005.16),$34894.08,$5.16,$0.00,$0.00,$0.00,$0.00,$1000.00,$0.00,$1005.16,1,
1288,NQ 06-26,Backtest,VariableTrend,Long,1,16005.00,16133.00,3/15/2021 6:50:00 PM,3/15/2021 10:00:00 PM,Buy,Exit on session close,$2554.84,$37448.92,$5.16,$0.00,$0.00,$0.00,$0.00,$315.00,$2895.00,$340.16,4,
1289,NQ 06-26,Backtest,VariableTrend,Short,1,16180.00,16189.00,3/17/2021 3:40:00 AM,3/17/2021 4:50:00 AM,Sell short,Close position,($185.16),$37263.76,$5.16,$0.00,$0.00,$0.00,$0.00,$385.00,$260.00,$445.16,2,
1290,NQ 06-26,Backtest,VariableTrend,Long,1,16189.00,16181.50,3/17/2021 4:50:00 AM,3/17/2021 6:00:00 AM,Buy,Close position,($155.16),$37108.60,$5.16,$0.00,$0.00,$0.00,$0.00,$330.00,$195.00,$350.16,2,
1291,NQ 06-26,Backtest,VariableTrend,Short,1,16181.50,16190.75,3/17/2021 6:00:00 AM,3/17/2021 8:20:00 AM,Sell short,Close position,($190.16),$36918.44,$5.16,$0.00,$0.00,$0.00,$0.00,$350.00,$325.00,$515.16,3,
1292,NQ 06-26,Backtest,VariableTrend,Long,1,16190.75,16174.75,3/17/2021 8:20:00 AM,3/17/2021 9:30:00 AM,Buy,Close position,($325.16),$36593.28,$5.16,$0.00,$0.00,$0.00,$0.00,$370.00,$220.00,$545.16,2,
1293,NQ 06-26,Backtest,VariableTrend,Short,1,16174.75,16224.75,3/17/2021 9:30:00 AM,3/17/2021 8:00:00 PM,Sell short,Stop loss,($1005.16),$35588.12,$5.16,$0.00,$0.00,$0.00,$0.00,$1000.00,$3600.00,$4605.16,10,
1294,NQ 06-26,Backtest,VariableTrend,Long,1,16295.75,16245.75,3/17/2021 9:10:00 PM,3/17/2021 9:10:00 PM,Buy,Stop loss,($1005.16),$34582.96,$5.16,$0.00,$0.00,$0.00,$0.00,$1000.00,$0.00,$1005.16,1,
1295,NQ 06-26,Backtest,VariableTrend,Short,1,16138.00,15850.50,3/18/2021 10:40:00 AM,3/18/2021 10:00:00 PM,Sell short,Exit on session close,$5744.84,$40327.80,$5.16,$0.00,$0.00,$0.00,$0.00,$65.00,$6310.00,$565.16,11,
1296,NQ 06-26,Backtest,VariableTrend,Long,1,15895.50,15845.50,3/19/2021 9:30:00 AM,3/19/2021 2:10:00 PM,Buy,Stop loss,($1005.16),$39322.64,$5.16,$0.00,$0.00,$0.00,$0.00,$1000.00,$1265.00,$2270.16,5,
1297,NQ 06-26,Backtest,VariableTrend,Short,1,15858.75,15908.75,3/19/2021 3:20:00 PM,3/19/2021 4:30:00 PM,Sell short,Stop loss,($1005.16),$38317.48,$5.16,$0.00,$0.00,$0.00,$0.00,$1000.00,$2330.00,$3335.16,2,
1298,NQ 06-26,Backtest,VariableTrend,Long,1,15909.25,15892.50,3/19/2021 6:50:00 PM,3/19/2021 10:00:00 PM,Buy,Close position,($340.16),$37977.32,$5.16,$0.00,$0.00,$0.00,$0.00,$500.00,$850.00,$1190.16,4,
1299,NQ 06-26,Backtest,VariableTrend,Short,1,15892.50,15886.00,3/19/2021 10:00:00 PM,3/19/2021 10:00:00 PM,Sell short,Exit on session close,$124.84,$38102.16,$5.16,$0.00,$0.00,$0.00,$0.00,$95.00,$180.00,$55.16,1,
1300,NQ 06-26,Backtest,VariableTrend,Long,1,15909.00,15886.50,3/22/2021 1:20:00 AM,3/22/2021 3:40:00 AM,Buy,Close position,($455.16),$37647.00,$5.16,$0.00,$0.00,$0.00,$0.00,$580.00,$440.00,$895.16,3,
1301,NQ 06-26,Backtest,VariableTrend,Short,1,15886.50,15936.50,3/22/2021 3:40:00 AM,3/22/2021 3:40:00 AM,Sell short,Stop loss,($1005.16),$36641.84,$5.16,$0.00,$0.00,$0.00,$0.00,$1000.00,$0.00,$1005.16,1,
1302,NQ 06-26,Backtest,VariableTrend,Long,1,15956.00,16122.50,3/22/2021 4:50:00 AM,3/22/2021 10:00:00 PM,Buy,Exit on session close,$3324.84,$39966.68,$5.16,$0.00,$0.00,$0.00,$0.00,$510.00,$5230.00,$1905.16,16,
1303,NQ 06-26,Backtest,VariableTrend,Short,1,16089.75,16102.50,3/23/2021 4:50:00 AM,3/23/2021 9:30:00 AM,Sell short,Close position,($260.16),$39706.52,$5.16,$0.00,$0.00,$0.00,$0.00,$375.00,$535.00,$795.16,5,
1304,NQ 06-26,Backtest,VariableTrend,Long,1,16102.50,16092.50,3/23/2021 9:30:00 AM,3/23/2021 10:40:00 AM,Buy,Close position,($205.16),$39501.36,$5.16,$0.00,$0.00,$0.00,$0.00,$670.00,$315.00,$520.16,2,
1305,NQ 06-26,Backtest,VariableTrend,Short,1,16092.50,16114.50,3/23/2021 10:40:00 AM,3/23/2021 1:00:00 PM,Sell short,Close position,($445.16),$39056.20,$5.16,$0.00,$0.00,$0.00,$0.00,$680.00,$330.00,$775.16,3,
1306,NQ 06-26,Backtest,VariableTrend,Long,1,16114.50,16103.75,3/23/2021 1:00:00 PM,3/23/2021 9:10:00 PM,Buy,Close position,($220.16),$38836.04,$5.16,$0.00,$0.00,$0.00,$0.00,$230.00,$2360.00,$2580.16,8,
1307,NQ 06-26,Backtest,VariableTrend,Short,1,16103.75,16090.75,3/23/2021 9:10:00 PM,3/23/2021 10:00:00 PM,Sell short,Exit on session close,$254.84,$39090.88,$5.16,$0.00,$0.00,$0.00,$0.00,$370.00,$1285.00,$1030.16,2,
1308,NQ 06-26,Backtest,VariableTrend,Long,1,16126.25,16097.75,3/24/2021 3:40:00 AM,3/24/2021 4:50:00 AM,Buy,Close position,($575.16),$38515.72,$5.16,$0.00,$0.00,$0.00,$0.00,$890.00,$150.00,$725.16,2,
1309,NQ 06-26,Backtest,VariableTrend,Short,1,16097.75,16123.75,3/24/2021 4:50:00 AM,3/24/2021 6:00:00 AM,Sell short,Close position,($525.16),$37990.56,$5.16,$0.00,$0.00,$0.00,$0.00,$680.00,$160.00,$685.16,2,
1310,NQ 06-26,Backtest,VariableTrend,Long,1,16123.75,16109.00,3/24/2021 6:00:00 AM,3/24/2021 7:10:00 AM,Buy,Close position,($300.16),$37690.40,$5.16,$0.00,$0.00,$0.00,$0.00,$465.00,$60.00,$360.16,2,
1311,NQ 06-26,Backtest,VariableTrend,Short,1,16109.00,16159.00,3/24/2021 7:10:00 AM,3/24/2021 9:30:00 AM,Sell short,Stop loss,($1005.16),$36685.24,$5.16,$0.00,$0.00,$0.00,$0.00,$1000.00,$490.00,$1495.16,3,
1312,NQ 06-26,Backtest,VariableTrend,Long,1,16159.75,16109.75,3/24/2021 10:40:00 AM,3/24/2021 3:20:00 PM,Buy,Stop loss,($1005.16),$35680.08,$5.16,$0.00,$0.00,$0.00,$0.00,$1000.00,$920.00,$1925.16,5,
1313,NQ 06-26,Backtest,VariableTrend,Short,1,15977.25,16027.25,3/24/2021 4:30:00 PM,3/24/2021 4:30:00 PM,Sell short,Stop loss,($1005.16),$34674.92,$5.16,$0.00,$0.00,$0.00,$0.00,$1000.00,$0.00,$1005.16,1,
1314,NQ 06-26,Backtest,VariableTrend,Long,1,15896.75,15878.75,3/26/2021 7:10:00 AM,3/26/2021 10:40:00 AM,Buy,Close position,($365.16),$34309.76,$5.16,$0.00,$0.00,$0.00,$0.00,$475.00,$895.00,$1260.16,4,
1315,NQ 06-26,Backtest,VariableTrend,Short,1,15878.75,15914.50,3/26/2021 10:40:00 AM,3/26/2021 6:50:00 PM,Sell short,Close position,($720.16),$33589.60,$5.16,$0.00,$0.00,$0.00,$0.00,$920.00,$2840.00,$3560.16,8,
1316,NQ 06-26,Backtest,VariableTrend,Long,1,15914.50,15864.50,3/26/2021 6:50:00 PM,3/26/2021 6:50:00 PM,Buy,Stop loss,($1005.16),$32584.44,$5.16,$0.00,$0.00,$0.00,$0.00,$1000.00,$0.00,$1005.16,1,
1317,NQ 06-26,Backtest,VariableTrend,Short,1,15846.50,15896.50,3/26/2021 8:00:00 PM,3/26/2021 9:10:00 PM,Sell short,Stop loss,($1005.16),$31579.28,$5.16,$0.00,$0.00,$0.00,$0.00,$1000.00,$1700.00,$2705.16,2,
1318,NQ 06-26,Backtest,VariableTrend,Long,1,16018.50,16019.50,3/26/2021 10:00:00 PM,3/26/2021 10:00:00 PM,Buy,Exit on session close,$14.84,$31594.12,$5.16,$0.00,$0.00,$0.00,$0.00,$65.00,$400.00,$385.16,1,
1319,NQ 06-26,Backtest,VariableTrend,Short,1,15912.75,15962.75,3/29/2021 9:20:00 AM,3/29/2021 9:20:00 AM,Sell short,Stop loss,($1005.16),$30588.96,$5.16,$0.00,$0.00,$0.00,$0.00,$1000.00,$0.00,$1005.16,1,
1320,NQ 06-26,Backtest,VariableTrend,Long,1,15949.25,15899.25,3/29/2021 10:30:00 AM,3/29/2021 4:20:00 PM,Buy,Stop loss,($1005.16),$29583.80,$5.16,$0.00,$0.00,$0.00,$0.00,$1000.00,$1615.00,$2620.16,6,
1321,NQ 06-26,Backtest,VariableTrend,Short,1,15925.00,15941.25,3/29/2021 5:30:00 PM,3/29/2021 6:40:00 PM,Sell short,Close position,($330.16),$29253.64,$5.16,$0.00,$0.00,$0.00,$0.00,$845.00,$730.00,$1060.16,2,
1322,NQ 06-26,Backtest,VariableTrend,Long,1,15941.25,16024.75,3/29/2021 6:40:00 PM,3/29/2021 11:00:00 PM,Buy,Exit on session close,$1664.84,$30918.48,$5.16,$0.00,$0.00,$0.00,$0.00,$520.00,$2445.00,$780.16,5,
1323,NQ 06-26,Backtest,VariableTrend,Short,1,15931.50,15935.50,3/30/2021 11:40:00 AM,3/30/2021 6:40:00 PM,Sell short,Close position,($85.16),$30833.32,$5.16,$0.00,$0.00,$0.00,$0.00,$645.00,$1890.00,$1975.16,7,
1324,NQ 06-26,Backtest,VariableTrend,Long,1,15935.50,15926.00,3/30/2021 6:40:00 PM,3/30/2021 7:50:00 PM,Buy,Close position,($195.16),$30638.16,$5.16,$0.00,$0.00,$0.00,$0.00,$880.00,$825.00,$1020.16,2,
1325,NQ 06-26,Backtest,VariableTrend,Short,1,15926.00,15954.25,3/30/2021 7:50:00 PM,3/30/2021 10:10:00 PM,Sell short,Close position,($570.16),$30068.00,$5.16,$0.00,$0.00,$0.00,$0.00,$670.00,$800.00,$1370.16,3,
1326,NQ 06-26,Backtest,VariableTrend,Long,1,15954.25,15904.25,3/30/2021 10:10:00 PM,3/30/2021 10:10:00 PM,Buy,Stop loss,($1005.16),$29062.84,$5.16,$0.00,$0.00,$0.00,$0.00,$1000.00,$0.00,$1005.16,1,
1327,NQ 06-26,Backtest,VariableTrend,Short,1,15932.50,15940.75,3/31/2021 2:20:00 AM,3/31/2021 3:30:00 AM,Sell short,Close position,($170.16),$28892.68,$5.16,$0.00,$0.00,$0.00,$0.00,$585.00,$20.00,$190.16,2,
1328,NQ 06-26,Backtest,VariableTrend,Long,1,15940.75,15926.25,3/31/2021 3:30:00 AM,3/31/2021 9:20:00 AM,Buy,Close position,($295.16),$28597.52,$5.16,$0.00,$0.00,$0.00,$0.00,$400.00,$890.00,$1185.16,6,
1329,NQ 06-26,Backtest,VariableTrend,Short,1,15926.25,15951.25,3/31/2021 9:20:00 AM,3/31/2021 10:30:00 AM,Sell short,Close position,($505.16),$28092.36,$5.16,$0.00,$0.00,$0.00,$0.00,$670.00,$5.00,$510.16,2,
1330,NQ 06-26,Backtest,VariableTrend,Long,1,15951.25,16149.50,3/31/2021 10:30:00 AM,3/31/2021 11:00:00 PM,Buy,Exit on session close,$3959.84,$32052.20,$5.16,$0.00,$0.00,$0.00,$0.00,$155.00,$5345.00,$1385.16,12,
1331,NQ 06-26,Backtest,VariableTrend,Short,1,16377.50,16394.25,4/5/2021 2:20:00 AM,4/5/2021 3:30:00 AM,Sell short,Close position,($340.16),$31712.04,$5.16,$0.00,$0.00,$0.00,$0.00,$780.00,$20.00,$360.16,2,
1332,NQ 06-26,Backtest,VariableTrend,Long,1,16394.25,16385.00,4/5/2021 3:30:00 AM,4/5/2021 5:50:00 AM,Buy,Close position,($190.16),$31521.88,$5.16,$0.00,$0.00,$0.00,$0.00,$240.00,$310.00,$500.16,3,
1333,NQ 06-26,Backtest,VariableTrend,Short,1,16385.00,16410.25,4/5/2021 5:50:00 AM,4/5/2021 11:40:00 AM,Sell short,Close position,($510.16),$31011.72,$5.16,$0.00,$0.00,$0.00,$0.00,$700.00,$265.00,$775.16,6,
1334,NQ 06-26,Backtest,VariableTrend,Long,1,16410.25,16661.00,4/5/2021 11:40:00 AM,4/5/2021 11:00:00 PM,Buy,Exit on session close,$5009.84,$36021.56,$5.16,$0.00,$0.00,$0.00,$0.00,$5.00,$5305.00,$295.16,11,
1335,NQ 06-26,Backtest,VariableTrend,Short,1,16595.75,16613.75,4/6/2021 10:30:00 AM,4/6/2021 12:50:00 PM,Sell short,Close position,($365.16),$35656.40,$5.16,$0.00,$0.00,$0.00,$0.00,$660.00,$220.00,$585.16,3,
1336,NQ 06-26,Backtest,VariableTrend,Long,1,16613.75,16610.25,4/6/2021 12:50:00 PM,4/6/2021 2:00:00 PM,Buy,Close position,($75.16),$35581.24,$5.16,$0.00,$0.00,$0.00,$0.00,$235.00,$155.00,$230.16,2,
1337,NQ 06-26,Backtest,VariableTrend,Short,1,16610.25,16635.00,4/6/2021 2:00:00 PM,4/6/2021 3:10:00 PM,Sell short,Close position,($500.16),$35081.08,$5.16,$0.00,$0.00,$0.00,$0.00,$545.00,$295.00,$795.16,2,
1338,NQ 06-26,Backtest,VariableTrend,Long,1,16635.00,16643.75,4/6/2021 3:10:00 PM,4/6/2021 11:00:00 PM,Buy,Exit on session close,$169.84,$35250.92,$5.16,$0.00,$0.00,$0.00,$0.00,$715.00,$1610.00,$1440.16,8,
1339,NQ 06-26,Backtest,VariableTrend,Short,1,16623.50,16636.50,4/7/2021 5:50:00 AM,4/7/2021 9:20:00 AM,Sell short,Close position,($265.16),$34985.76,$5.16,$0.00,$0.00,$0.00,$0.00,$455.00,$290.00,$555.16,4,
1340,NQ 06-26,Backtest,VariableTrend,Long,1,16636.50,16623.50,4/7/2021 9:20:00 AM,4/7/2021 3:10:00 PM,Buy,Close position,($265.16),$34720.60,$5.16,$0.00,$0.00,$0.00,$0.00,$360.00,$635.00,$900.16,6,
1341,NQ 06-26,Backtest,VariableTrend,Short,1,16623.50,16673.50,4/7/2021 3:10:00 PM,4/7/2021 4:20:00 PM,Sell short,Stop loss,($1005.16),$33715.44,$5.16,$0.00,$0.00,$0.00,$0.00,$1000.00,$660.00,$1665.16,2,
1342,NQ 06-26,Backtest,VariableTrend,Long,1,16671.25,16621.25,4/7/2021 5:30:00 PM,4/7/2021 6:40:00 PM,Buy,Stop loss,($1005.16),$32710.28,$5.16,$0.00,$0.00,$0.00,$0.00,$1000.00,$405.00,$1410.16,2,
1343,NQ 06-26,Backtest,VariableTrend,Short,1,16804.75,16798.75,4/9/2021 9:20:00 AM,4/9/2021 5:30:00 PM,Sell short,Close position,$114.84,$32825.12,$5.16,$0.00,$0.00,$0.00,$0.00,$210.00,$1920.00,$1805.16,8,
1344,NQ 06-26,Backtest,VariableTrend,Long,1,16798.75,16784.00,4/9/2021 5:30:00 PM,4/9/2021 6:40:00 PM,Buy,Close position,($300.16),$32524.96,$5.16,$0.00,$0.00,$0.00,$0.00,$870.00,$175.00,$475.16,2,
1345,NQ 06-26,Backtest,VariableTrend,Short,1,16784.00,16834.00,4/9/2021 6:40:00 PM,4/9/2021 6:40:00 PM,Sell short,Stop loss,($1005.16),$31519.80,$5.16,$0.00,$0.00,$0.00,$0.00,$1000.00,$0.00,$1005.16,1,
1346,NQ 06-26,Backtest,VariableTrend,Long,1,16820.50,16871.50,4/9/2021 7:50:00 PM,4/9/2021 11:00:00 PM,Buy,Exit on session close,$1014.84,$32534.64,$5.16,$0.00,$0.00,$0.00,$0.00,$120.00,$1595.00,$580.16,4,
1347,NQ 06-26,Backtest,VariableTrend,Short,1,17014.50,16887.75,4/14/2021 5:30:00 PM,4/14/2021 11:00:00 PM,Sell short,Exit on session close,$2529.84,$35064.48,$5.16,$0.00,$0.00,$0.00,$0.00,$120.00,$3625.00,$1095.16,6,
1348,NQ 06-26,Backtest,VariableTrend,Long,1,16929.50,17059.50,4/15/2021 10:30:00 AM,4/15/2021 11:00:00 PM,Buy,Exit on session close,$2594.84,$37659.32,$5.16,$0.00,$0.00,$0.00,$0.00,$90.00,$3305.00,$710.16,12,
1349,NQ 06-26,Backtest,VariableTrend,Short,1,17033.75,17047.50,4/16/2021 4:40:00 AM,4/16/2021 8:10:00 AM,Sell short,Close position,($280.16),$37379.16,$5.16,$0.00,$0.00,$0.00,$0.00,$285.00,$410.00,$690.16,4,
1350,NQ 06-26,Backtest,VariableTrend,Long,1,17047.50,17035.25,4/16/2021 8:10:00 AM,4/16/2021 11:40:00 AM,Buy,Close position,($250.16),$37129.00,$5.16,$0.00,$0.00,$0.00,$0.00,$435.00,$135.00,$385.16,4,
1351,NQ 06-26,Backtest,VariableTrend,Short,1,17035.25,17046.75,4/16/2021 11:40:00 AM,4/16/2021 12:50:00 PM,Sell short,Close position,($235.16),$36893.84,$5.16,$0.00,$0.00,$0.00,$0.00,$320.00,$80.00,$315.16,2,
1352,NQ 06-26,Backtest,VariableTrend,Long,1,17046.75,17051.25,4/16/2021 12:50:00 PM,4/16/2021 6:40:00 PM,Buy,Close position,$84.84,$36978.68,$5.16,$0.00,$0.00,$0.00,$0.00,$650.00,$1465.00,$1380.16,6,
1353,NQ 06-26,Backtest,VariableTrend,Short,1,17051.25,17090.25,4/16/2021 6:40:00 PM,4/16/2021 7:50:00 PM,Sell short,Close position,($785.16),$36193.52,$5.16,$0.00,$0.00,$0.00,$0.00,$900.00,$65.00,$850.16,2,
1354,NQ 06-26,Backtest,VariableTrend,Long,1,17090.25,17084.50,4/16/2021 7:50:00 PM,4/16/2021 11:00:00 PM,Buy,Exit on session close,($120.16),$36073.36,$5.16,$0.00,$0.00,$0.00,$0.00,$670.00,$225.00,$345.16,4,
1355,NQ 06-26,Backtest,VariableTrend,Short,1,17052.50,17090.00,4/19/2021 3:30:00 AM,4/19/2021 5:50:00 AM,Sell short,Close position,($755.16),$35318.20,$5.16,$0.00,$0.00,$0.00,$0.00,$830.00,$120.00,$875.16,3,
1356,NQ 06-26,Backtest,VariableTrend,Long,1,17090.00,17040.00,4/19/2021 5:50:00 AM,4/19/2021 12:50:00 PM,Buy,Stop loss,($1005.16),$34313.04,$5.16,$0.00,$0.00,$0.00,$0.00,$1000.00,$455.00,$1460.16,7,
1357,NQ 06-26,Backtest,VariableTrend,Short,1,17045.25,16954.50,4/19/2021 2:00:00 PM,4/19/2021 11:00:00 PM,Sell short,Exit on session close,$1809.84,$36122.88,$5.16,$0.00,$0.00,$0.00,$0.00,$570.00,$3275.00,$1465.16,9,
1358,NQ 06-26,Backtest,VariableTrend,Long,1,16907.75,16951.75,4/21/2021 6:40:00 PM,4/21/2021 11:00:00 PM,Buy,Exit on session close,$874.84,$36997.72,$5.16,$0.00,$0.00,$0.00,$0.00,$290.00,$1585.00,$710.16,5,
1359,NQ 06-26,Backtest,VariableTrend,Short,1,16947.75,16997.75,4/22/2021 5:30:00 PM,4/22/2021 5:30:00 PM,Sell short,Stop loss,($1005.16),$35992.56,$5.16,$0.00,$0.00,$0.00,$0.00,$1000.00,$0.00,$1005.16,1,
1360,NQ 06-26,Backtest,VariableTrend,Long,1,16965.00,16915.00,4/22/2021 6:40:00 PM,4/22/2021 7:50:00 PM,Buy,Stop loss,($1005.16),$34987.40,$5.16,$0.00,$0.00,$0.00,$0.00,$1000.00,$660.00,$1665.16,2,
1361,NQ 06-26,Backtest,VariableTrend,Short,1,16819.75,16822.00,4/22/2021 9:00:00 PM,4/22/2021 11:00:00 PM,Sell short,Exit on session close,($50.16),$34937.24,$5.16,$0.00,$0.00,$0.00,$0.00,$650.00,$1150.00,$1200.16,3,
1362,NQ 06-26,Backtest,VariableTrend,Long,1,16899.25,16964.00,4/23/2021 5:30:00 PM,4/23/2021 11:00:00 PM,Buy,Exit on session close,$1289.84,$36227.08,$5.16,$0.00,$0.00,$0.00,$0.00,$275.00,$2845.00,$1555.16,6,
1363,NQ 06-26,Backtest,VariableTrend,Short,1,16959.50,16981.75,4/26/2021 11:40:00 AM,4/26/2021 4:20:00 PM,Sell short,Close position,($450.16),$35776.92,$5.16,$0.00,$0.00,$0.00,$0.00,$500.00,$670.00,$1120.16,5,
1364,NQ 06-26,Backtest,VariableTrend,Long,1,16981.75,17082.25,4/26/2021 4:20:00 PM,4/26/2021 11:00:00 PM,Buy,Exit on session close,$2004.84,$37781.76,$5.16,$0.00,$0.00,$0.00,$0.00,$380.00,$2360.00,$355.16,7,
1365,NQ 06-26,Backtest,VariableTrend,Short,1,16998.50,17011.00,4/27/2021 5:30:00 PM,4/27/2021 11:00:00 PM,Sell short,Exit on session close,($255.16),$37526.60,$5.16,$0.00,$0.00,$0.00,$0.00,$955.00,$510.00,$765.16,6,
1366,NQ 06-26,Backtest,VariableTrend,Long,1,17026.00,16976.00,4/28/2021 5:30:00 PM,4/28/2021 5:30:00 PM,Buy,Stop loss,($1005.16),$36521.44,$5.16,$0.00,$0.00,$0.00,$0.00,$1000.00,$0.00,$1005.16,1,
1367,NQ 06-26,Backtest,VariableTrend,Short,1,16976.00,17026.00,4/28/2021 6:40:00 PM,4/28/2021 9:00:00 PM,Sell short,Stop loss,($1005.16),$35516.28,$5.16,$0.00,$0.00,$0.00,$0.00,$1000.00,$750.00,$1755.16,3,
1368,NQ 06-26,Backtest,VariableTrend,Long,1,17014.00,16964.00,4/28/2021 10:10:00 PM,4/28/2021 10:10:00 PM,Buy,Stop loss,($1005.16),$34511.12,$5.16,$0.00,$0.00,$0.00,$0.00,$1000.00,$0.00,$1005.16,1,
1369,NQ 06-26,Backtest,VariableTrend,Short,1,16992.75,17042.75,4/28/2021 11:00:00 PM,4/28/2021 11:00:00 PM,Sell short,Stop loss,($1005.16),$33505.96,$5.16,$0.00,$0.00,$0.00,$0.00,$1000.00,$0.00,$1005.16,1,
1370,NQ 06-26,Backtest,VariableTrend,Short,1,16988.75,17028.00,4/29/2021 5:30:00 PM,4/29/2021 10:10:00 PM,Sell short,Close position,($790.16),$32715.80,$5.16,$0.00,$0.00,$0.00,$0.00,$960.00,$2195.00,$2985.16,5,
1371,NQ 06-26,Backtest,VariableTrend,Long,1,17028.00,17014.75,4/29/2021 10:10:00 PM,4/29/2021 11:00:00 PM,Buy,Close position,($270.16),$32445.64,$5.16,$0.00,$0.00,$0.00,$0.00,$505.00,$265.00,$535.16,2,
1372,NQ 06-26,Backtest,VariableTrend,Short,1,17014.75,17005.75,4/29/2021 11:00:00 PM,4/29/2021 11:00:00 PM,Sell short,Exit on session close,$174.84,$32620.48,$5.16,$0.00,$0.00,$0.00,$0.00,$55.00,$335.00,$160.16,1,
1373,NQ 06-26,Backtest,VariableTrend,Long,1,16960.00,16910.00,5/3/2021 4:20:00 PM,5/3/2021 5:30:00 PM,Buy,Stop loss,($1005.16),$31615.32,$5.16,$0.00,$0.00,$0.00,$0.00,$1000.00,$915.00,$1920.16,2,
1374,NQ 06-26,Backtest,VariableTrend,Short,1,16842.75,16845.50,5/3/2021 6:40:00 PM,5/3/2021 11:00:00 PM,Sell short,Exit on session close,($60.16),$31555.16,$5.16,$0.00,$0.00,$0.00,$0.00,$835.00,$205.00,$265.16,5,
1375,NQ 06-26,Backtest,VariableTrend,Long,1,16630.75,16620.50,5/5/2021 5:50:00 AM,5/5/2021 9:20:00 AM,Buy,Close position,($210.16),$31345.00,$5.16,$0.00,$0.00,$0.00,$0.00,$860.00,$270.00,$480.16,4,
1376,NQ 06-26,Backtest,VariableTrend,Short,1,16620.50,16660.00,5/5/2021 9:20:00 AM,5/5/2021 11:40:00 AM,Sell short,Close position,($795.16),$30549.84,$5.16,$0.00,$0.00,$0.00,$0.00,$835.00,$570.00,$1365.16,3,
1377,NQ 06-26,Backtest,VariableTrend,Long,1,16660.00,16610.00,5/5/2021 11:40:00 AM,5/5/2021 4:20:00 PM,Buy,Stop loss,($1005.16),$29544.68,$5.16,$0.00,$0.00,$0.00,$0.00,$1000.00,$1075.00,$2080.16,5,
1378,NQ 06-26,Backtest,VariableTrend,Short,1,16629.75,16679.75,5/5/2021 5:30:00 PM,5/5/2021 5:30:00 PM,Sell short,Stop loss,($1005.16),$28539.52,$5.16,$0.00,$0.00,$0.00,$0.00,$1000.00,$0.00,$1005.16,1,
1379,NQ 06-26,Backtest,VariableTrend,Long,1,16651.75,16640.25,5/5/2021 6:40:00 PM,5/5/2021 7:50:00 PM,Buy,Close position,($235.16),$28304.36,$5.16,$0.00,$0.00,$0.00,$0.00,$245.00,$805.00,$1040.16,2,
1380,NQ 06-26,Backtest,VariableTrend,Short,1,16640.25,16651.00,5/5/2021 7:50:00 PM,5/5/2021 9:00:00 PM,Sell short,Close position,($220.16),$28084.20,$5.16,$0.00,$0.00,$0.00,$0.00,$360.00,$615.00,$835.16,2,
1381,NQ 06-26,Backtest,VariableTrend,Long,1,16651.00,16601.00,5/5/2021 9:00:00 PM,5/5/2021 9:00:00 PM,Buy,Stop loss,($1005.16),$27079.04,$5.16,$0.00,$0.00,$0.00,$0.00,$1000.00,$0.00,$1005.16,1,
1382,NQ 06-26,Backtest,VariableTrend,Short,1,16602.75,16544.00,5/5/2021 10:10:00 PM,5/5/2021 11:00:00 PM,Sell short,Exit on session close,$1169.84,$28248.88,$5.16,$0.00,$0.00,$0.00,$0.00,$130.00,$1590.00,$420.16,2,
1383,NQ 06-26,Backtest,VariableTrend,Long,1,16610.00,16560.00,5/6/2021 10:30:00 AM,5/6/2021 11:40:00 AM,Buy,Stop loss,($1005.16),$27243.72,$5.16,$0.00,$0.00,$0.00,$0.00,$1000.00,$420.00,$1425.16,2,
1384,NQ 06-26,Backtest,VariableTrend,Short,1,16561.75,16611.75,5/6/2021 12:50:00 PM,5/6/2021 6:40:00 PM,Sell short,Stop loss,($1005.16),$26238.56,$5.16,$0.00,$0.00,$0.00,$0.00,$1000.00,$2250.00,$3255.16,6,
1385,NQ 06-26,Backtest,VariableTrend,Long,1,16629.25,16579.25,5/6/2021 7:50:00 PM,5/6/2021 7:50:00 PM,Buy,Stop loss,($1005.16),$25233.40,$5.16,$0.00,$0.00,$0.00,$0.00,$1000.00,$0.00,$1005.16,1,
1386,NQ 06-26,Backtest,VariableTrend,Short,1,16577.00,16627.00,5/6/2021 9:00:00 PM,5/6/2021 10:10:00 PM,Sell short,Stop loss,($1005.16),$24228.24,$5.16,$0.00,$0.00,$0.00,$0.00,$1000.00,$1005.00,$2010.16,2,
1387,NQ 06-26,Backtest,VariableTrend,Long,1,16654.50,16666.25,5/6/2021 11:00:00 PM,5/6/2021 11:00:00 PM,Buy,Exit on session close,$229.84,$24458.08,$5.16,$0.00,$0.00,$0.00,$0.00,$40.00,$315.00,$85.16,1,
1388,NQ 06-26,Backtest,VariableTrend,Short,1,16732.50,16741.50,5/10/2021 10:30:00 AM,5/10/2021 11:40:00 AM,Sell short,Close position,($185.16),$24272.92,$5.16,$0.00,$0.00,$0.00,$0.00,$350.00,$710.00,$895.16,2,
1389,NQ 06-26,Backtest,VariableTrend,Long,1,16741.50,16727.00,5/10/2021 11:40:00 AM,5/10/2021 12:50:00 PM,Buy,Close position,($295.16),$23977.76,$5.16,$0.00,$0.00,$0.00,$0.00,$510.00,$75.00,$370.16,2,
1390,NQ 06-26,Backtest,VariableTrend,Short,1,16727.00,16372.00,5/10/2021 12:50:00 PM,5/10/2021 11:00:00 PM,Sell short,Exit on session close,$7094.84,$31072.60,$5.16,$0.00,$0.00,$0.00,$0.00,$295.00,$7220.00,$125.16,10,
1391,NQ 06-26,Backtest,VariableTrend,Long,1,16370.00,16320.00,5/11/2021 6:40:00 PM,5/11/2021 7:50:00 PM,Buy,Stop loss,($1005.16),$30067.44,$5.16,$0.00,$0.00,$0.00,$0.00,$1000.00,$595.00,$1600.16,2,
1392,NQ 06-26,Backtest,VariableTrend,Short,1,16290.25,16340.25,5/12/2021 7:00:00 AM,5/12/2021 8:10:00 AM,Sell short,Stop loss,($1005.16),$29062.28,$5.16,$0.00,$0.00,$0.00,$0.00,$1000.00,$900.00,$1905.16,2,
1393,NQ 06-26,Backtest,VariableTrend,Long,1,16349.00,16323.00,5/12/2021 10:30:00 AM,5/12/2021 12:50:00 PM,Buy,Close position,($525.16),$28537.12,$5.16,$0.00,$0.00,$0.00,$0.00,$645.00,$990.00,$1515.16,3,
1394,NQ 06-26,Backtest,VariableTrend,Short,1,16323.00,16025.75,5/12/2021 12:50:00 PM,5/12/2021 11:00:00 PM,Sell short,Exit on session close,$5939.84,$34476.96,$5.16,$0.00,$0.00,$0.00,$0.00,$850.00,$6055.00,$115.16,10,
1395,NQ 06-26,Backtest,VariableTrend,Long,1,16165.50,16115.50,5/13/2021 4:20:00 PM,5/13/2021 7:50:00 PM,Buy,Stop loss,($1005.16),$33471.80,$5.16,$0.00,$0.00,$0.00,$0.00,$1000.00,$2375.00,$3380.16,4,
1396,NQ 06-26,Backtest,VariableTrend,Short,1,16069.00,16119.00,5/13/2021 9:00:00 PM,5/13/2021 9:00:00 PM,Sell short,Stop loss,($1005.16),$32466.64,$5.16,$0.00,$0.00,$0.00,$0.00,$1000.00,$0.00,$1005.16,1,
1397,NQ 06-26,Backtest,VariableTrend,Long,1,16185.00,16135.00,5/13/2021 10:10:00 PM,5/13/2021 10:10:00 PM,Buy,Stop loss,($1005.16),$31461.48,$5.16,$0.00,$0.00,$0.00,$0.00,$1000.00,$0.00,$1005.16,1,
1398,NQ 06-26,Backtest,VariableTrend,Short,1,16132.50,16151.75,5/13/2021 11:00:00 PM,5/13/2021 11:00:00 PM,Sell short,Exit on session close,($390.16),$31071.32,$5.16,$0.00,$0.00,$0.00,$0.00,$430.00,$60.00,$450.16,1,
1399,NQ 06-26,Backtest,VariableTrend,Short,1,16393.75,16374.75,5/17/2021 2:00:00 PM,5/17/2021 11:00:00 PM,Sell short,Close position,$374.84,$31446.16,$5.16,$0.00,$0.00,$0.00,$0.00,$270.00,$3010.00,$2635.16,9,
1400,NQ 06-26,Backtest,VariableTrend,Long,1,16374.75,16372.50,5/17/2021 11:00:00 PM,5/17/2021 11:00:00 PM,Buy,Exit on session close,($50.16),$31396.00,$5.16,$0.00,$0.00,$0.00,$0.00,$190.00,$50.00,$100.16,1,
1401,NQ 06-26,Backtest,VariableTrend,Short,1,16395.75,16249.25,5/18/2021 9:00:00 PM,5/18/2021 11:00:00 PM,Sell short,Exit on session close,$2924.84,$34320.84,$5.16,$0.00,$0.00,$0.00,$0.00,$80.00,$3135.00,$210.16,3,
1402,NQ 06-26,Backtest,VariableTrend,Long,1,16186.00,16279.25,5/19/2021 6:40:00 PM,5/19/2021 11:00:00 PM,Buy,Exit on session close,$1859.84,$36180.68,$5.16,$0.00,$0.00,$0.00,$0.00,$590.00,$2350.00,$490.16,5,
1403,NQ 06-26,Backtest,VariableTrend,Short,1,16214.00,16243.25,5/20/2021 12:50:00 PM,5/20/2021 2:00:00 PM,Sell short,Close position,($590.16),$35590.52,$5.16,$0.00,$0.00,$0.00,$0.00,$805.00,$10.00,$600.16,2,
1404,NQ 06-26,Backtest,VariableTrend,Long,1,16243.25,16549.75,5/20/2021 2:00:00 PM,5/20/2021 11:00:00 PM,Buy,Exit on session close,$6124.84,$41715.36,$5.16,$0.00,$0.00,$0.00,$0.00,$45.00,$6800.00,$675.16,9,
1405,NQ 06-26,Backtest,VariableTrend,Short,1,16500.50,16474.50,5/21/2021 6:40:00 PM,5/21/2021 11:00:00 PM,Sell short,Exit on session close,$514.84,$42230.20,$5.16,$0.00,$0.00,$0.00,$0.00,$475.00,$885.00,$370.16,5,
1406,NQ 06-26,Backtest,VariableTrend,Long,1,16516.25,16710.00,5/24/2021 10:30:00 AM,5/24/2021 11:00:00 PM,Buy,Exit on session close,$3869.84,$46100.04,$5.16,$0.00,$0.00,$0.00,$0.00,$125.00,$4605.00,$735.16,12,
1407,NQ 06-26,Backtest,VariableTrend,Short,1,16712.50,16728.75,5/25/2021 5:30:00 PM,5/25/2021 11:00:00 PM,Sell short,Exit on session close,($330.16),$45769.88,$5.16,$0.00,$0.00,$0.00,$0.00,$690.00,$905.00,$1235.16,6,
1408,NQ 06-26,Backtest,VariableTrend,Short,1,16738.25,16761.00,5/26/2021 5:30:00 PM,5/26/2021 6:40:00 PM,Sell short,Close position,($460.16),$45309.72,$5.16,$0.00,$0.00,$0.00,$0.00,$805.00,$65.00,$525.16,2,
1409,NQ 06-26,Backtest,VariableTrend,Long,1,16761.00,16763.25,5/26/2021 6:40:00 PM,5/26/2021 11:00:00 PM,Buy,Exit on session close,$39.84,$45349.56,$5.16,$0.00,$0.00,$0.00,$0.00,$495.00,$485.00,$445.16,5,
1410,NQ 06-26,Backtest,VariableTrend,Short,1,16738.00,16759.50,5/27/2021 4:40:00 AM,5/27/2021 5:30:00 PM,Sell short,Close position,($435.16),$44914.40,$5.16,$0.00,$0.00,$0.00,$0.00,$480.00,$1145.00,$1580.16,12,
1411,NQ 06-26,Backtest,VariableTrend,Long,1,16759.50,16725.50,5/27/2021 5:30:00 PM,5/27/2021 10:10:00 PM,Buy,Close position,($685.16),$44229.24,$5.16,$0.00,$0.00,$0.00,$0.00,$975.00,$435.00,$1120.16,5,
1412,NQ 06-26,Backtest,VariableTrend,Short,1,16725.50,16740.75,5/27/2021 10:10:00 PM,5/27/2021 11:00:00 PM,Sell short,Close position,($310.16),$43919.08,$5.16,$0.00,$0.00,$0.00,$0.00,$315.00,$365.00,$675.16,2,
1413,NQ 06-26,Backtest,VariableTrend,Long,1,16740.75,16753.25,5/27/2021 11:00:00 PM,5/27/2021 11:00:00 PM,Buy,Exit on session close,$244.84,$44163.92,$5.16,$0.00,$0.00,$0.00,$0.00,$95.00,$275.00,$30.16,1,
1414,NQ 06-26,Backtest,VariableTrend,Short,1,16731.50,16741.75,5/28/2021 9:20:00 AM,5/28/2021 10:30:00 AM,Sell short,Close position,($210.16),$43953.76,$5.16,$0.00,$0.00,$0.00,$0.00,$235.00,$165.00,$375.16,2,
1415,NQ 06-26,Backtest,VariableTrend,Long,1,16741.75,16754.50,5/28/2021 10:30:00 AM,5/28/2021 11:00:00 PM,Buy,Close position,$249.84,$44203.60,$5.16,$0.00,$0.00,$0.00,$0.00,$120.00,$1645.00,$1395.16,12,
1416,NQ 06-26,Backtest,VariableTrend,Short,1,16754.50,16747.00,5/28/2021 11:00:00 PM,5/28/2021 11:00:00 PM,Sell short,Exit on session close,$144.84,$44348.44,$5.16,$0.00,$0.00,$0.00,$0.00,$15.00,$150.00,$5.16,1,
1417,NQ 06-26,Backtest,VariableTrend,Long,1,16774.50,16755.25,5/31/2021 2:20:00 AM,5/31/2021 8:10:00 AM,Buy,Close position,($390.16),$43958.28,$5.16,$0.00,$0.00,$0.00,$0.00,$475.00,$110.00,$500.16,6,
1418,NQ 06-26,Backtest,VariableTrend,Short,1,16755.25,16757.00,5/31/2021 8:10:00 AM,5/31/2021 9:20:00 AM,Sell short,Close position,($40.16),$43918.12,$5.16,$0.00,$0.00,$0.00,$0.00,$165.00,$25.00,$65.16,2,
1419,NQ 06-26,Backtest,VariableTrend,Long,1,16757.00,16749.75,5/31/2021 9:20:00 AM,5/31/2021 11:40:00 AM,Buy,Close position,($150.16),$43767.96,$5.16,$0.00,$0.00,$0.00,$0.00,$340.00,$310.00,$460.16,3,
1420,NQ 06-26,Backtest,VariableTrend,Short,1,16749.75,16715.25,5/31/2021 11:40:00 AM,5/31/2021 7:00:00 PM,Sell short,Exit on session close,$684.84,$44452.80,$5.16,$0.00,$0.00,$0.00,$0.00,$70.00,$755.00,$70.16,8,
1421,NQ 06-26,Backtest,VariableTrend,Long,1,16740.50,16690.50,6/1/2021 2:20:00 AM,6/1/2021 4:20:00 PM,Buy,Stop loss,($1005.16),$43447.64,$5.16,$0.00,$0.00,$0.00,$0.00,$1000.00,$1535.00,$2540.16,13,
1422,NQ 06-26,Backtest,VariableTrend,Short,1,16708.75,16708.00,6/1/2021 5:30:00 PM,6/1/2021 11:00:00 PM,Sell short,Exit on session close,$9.84,$43457.48,$5.16,$0.00,$0.00,$0.00,$0.00,$900.00,$1120.00,$1110.16,6,
1423,NQ 06-26,Backtest,VariableTrend,Long,1,16743.75,16724.25,6/2/2021 5:30:00 PM,6/2/2021 7:50:00 PM,Buy,Close position,($395.16),$43062.32,$5.16,$0.00,$0.00,$0.00,$0.00,$545.00,$590.00,$985.16,3,
1424,NQ 06-26,Backtest,VariableTrend,Short,1,16724.25,16738.75,6/2/2021 7:50:00 PM,6/2/2021 11:00:00 PM,Sell short,Close position,($295.16),$42767.16,$5.16,$0.00,$0.00,$0.00,$0.00,$295.00,$1210.00,$1505.16,4,
1425,NQ 06-26,Backtest,VariableTrend,Long,1,16738.75,16737.50,6/2/2021 11:00:00 PM,6/2/2021 11:00:00 PM,Buy,Exit on session close,($30.16),$42737.00,$5.16,$0.00,$0.00,$0.00,$0.00,$305.00,$5.00,$35.16,1,
1426,NQ 06-26,Backtest,VariableTrend,Short,1,16717.00,16590.75,6/3/2021 10:30:00 AM,6/3/2021 11:00:00 PM,Sell short,Exit on session close,$2519.84,$45256.84,$5.16,$0.00,$0.00,$0.00,$0.00,$245.00,$3885.00,$1365.16,12,
1427,NQ 06-26,Backtest,VariableTrend,Long,1,16617.00,16823.75,6/4/2021 3:10:00 PM,6/4/2021 11:00:00 PM,Buy,Exit on session close,$4129.84,$49386.68,$5.16,$0.00,$0.00,$0.00,$0.00,$595.00,$4545.00,$415.16,8,
1428,NQ 06-26,Backtest,VariableTrend,Short,1,16776.25,16812.75,6/7/2021 10:30:00 AM,6/7/2021 3:10:00 PM,Sell short,Close position,($735.16),$48651.52,$5.16,$0.00,$0.00,$0.00,$0.00,$880.00,$485.00,$1220.16,5,
1429,NQ 06-26,Backtest,VariableTrend,Long,1,16812.75,16775.75,6/7/2021 3:10:00 PM,6/7/2021 5:30:00 PM,Buy,Close position,($745.16),$47906.36,$5.16,$0.00,$0.00,$0.00,$0.00,$780.00,$340.00,$1085.16,3,
1430,NQ 06-26,Backtest,VariableTrend,Short,1,16775.75,16817.25,6/7/2021 5:30:00 PM,6/7/2021 7:50:00 PM,Sell short,Close position,($835.16),$47071.20,$5.16,$0.00,$0.00,$0.00,$0.00,$950.00,$55.00,$890.16,3,
1431,NQ 06-26,Backtest,VariableTrend,Long,1,16817.25,16883.25,6/7/2021 7:50:00 PM,6/7/2021 11:00:00 PM,Buy,Exit on session close,$1314.84,$48386.04,$5.16,$0.00,$0.00,$0.00,$0.00,$480.00,$1345.00,$30.16,4,
1432,NQ 06-26,Backtest,VariableTrend,Short,1,16830.50,16868.50,6/8/2021 6:40:00 PM,6/8/2021 7:50:00 PM,Sell short,Close position,($765.16),$47620.88,$5.16,$0.00,$0.00,$0.00,$0.00,$885.00,$340.00,$1105.16,2,
1433,NQ 06-26,Backtest,VariableTrend,Long,1,16868.50,16873.25,6/8/2021 7:50:00 PM,6/8/2021 11:00:00 PM,Buy,Exit on session close,$89.84,$47710.72,$5.16,$0.00,$0.00,$0.00,$0.00,$280.00,$600.00,$510.16,4,
1434,NQ 06-26,Backtest,VariableTrend,Short,1,16873.50,16872.00,6/9/2021 11:00:00 PM,6/9/2021 11:00:00 PM,Sell short,Exit on session close,$24.84,$47735.56,$5.16,$0.00,$0.00,$0.00,$0.00,$155.00,$65.00,$40.16,1,
1435,NQ 06-26,Backtest,VariableTrend,Long,1,16894.75,16891.75,6/10/2021 5:50:00 AM,6/10/2021 8:10:00 AM,Buy,Close position,($65.16),$47670.40,$5.16,$0.00,$0.00,$0.00,$0.00,$135.00,$50.00,$115.16,3,
1436,NQ 06-26,Backtest,VariableTrend,Short,1,16891.75,16891.00,6/10/2021 8:10:00 AM,6/10/2021 4:20:00 PM,Sell short,Close position,$9.84,$47680.24,$5.16,$0.00,$0.00,$0.00,$0.00,$400.00,$2080.00,$2070.16,8,
1437,NQ 06-26,Backtest,VariableTrend,Long,1,16891.00,17034.75,6/10/2021 4:20:00 PM,6/10/2021 11:00:00 PM,Buy,Exit on session close,$2869.84,$50550.08,$5.16,$0.00,$0.00,$0.00,$0.00,$395.00,$2935.00,$65.16,7,
1438,NQ 06-26,Backtest,VariableTrend,Short,1,17172.75,17109.25,6/15/2021 4:20:00 PM,6/15/2021 11:00:00 PM,Sell short,Exit on session close,$1264.84,$51814.92,$5.16,$0.00,$0.00,$0.00,$0.00,$425.00,$2010.00,$745.16,7,
1439,NQ 06-26,Backtest,VariableTrend,Long,1,17157.25,17121.25,6/16/2021 5:30:00 PM,6/16/2021 6:40:00 PM,Buy,Close position,($725.16),$51089.76,$5.16,$0.00,$0.00,$0.00,$0.00,$865.00,$200.00,$925.16,2,
1440,NQ 06-26,Backtest,VariableTrend,Short,1,17121.25,17002.25,6/16/2021 6:40:00 PM,6/16/2021 11:00:00 PM,Sell short,Exit on session close,$2374.84,$53464.60,$5.16,$0.00,$0.00,$0.00,$0.00,$60.00,$4390.00,$2015.16,5,
1441,NQ 06-26,Backtest,VariableTrend,Long,1,17132.00,17248.50,6/17/2021 5:30:00 PM,6/17/2021 11:00:00 PM,Buy,Exit on session close,$2324.84,$55789.44,$5.16,$0.00,$0.00,$0.00,$0.00,$80.00,$2770.00,$445.16,6,
1442,NQ 06-26,Backtest,VariableTrend,Short,1,17158.25,17089.25,6/18/2021 4:20:00 PM,6/18/2021 11:00:00 PM,Sell short,Exit on session close,$1374.84,$57164.28,$5.16,$0.00,$0.00,$0.00,$0.00,$895.00,$1535.00,$160.16,7,
1443,NQ 06-26,Backtest,VariableTrend,Long,1,17123.50,17073.50,6/21/2021 10:30:00 AM,6/21/2021 4:20:00 PM,Buy,Stop loss,($1005.16),$56159.12,$5.16,$0.00,$0.00,$0.00,$0.00,$1000.00,$1495.00,$2500.16,6,
1444,NQ 06-26,Backtest,VariableTrend,Short,1,17093.00,17143.00,6/21/2021 5:30:00 PM,6/21/2021 5:30:00 PM,Sell short,Stop loss,($1005.16),$55153.96,$5.16,$0.00,$0.00,$0.00,$0.00,$1000.00,$0.00,$1005.16,1,
1445,NQ 06-26,Backtest,VariableTrend,Long,1,17177.75,17209.00,6/21/2021 6:40:00 PM,6/21/2021 11:00:00 PM,Buy,Exit on session close,$619.84,$55773.80,$5.16,$0.00,$0.00,$0.00,$0.00,$285.00,$755.00,$135.16,5,
1446,NQ 06-26,Backtest,VariableTrend,Short,1,17154.75,17174.50,6/22/2021 11:40:00 AM,6/22/2021 12:50:00 PM,Sell short,Close position,($400.16),$55373.64,$5.16,$0.00,$0.00,$0.00,$0.00,$655.00,$90.00,$490.16,2,
1447,NQ 06-26,Backtest,VariableTrend,Long,1,17174.50,17340.00,6/22/2021 12:50:00 PM,6/22/2021 11:00:00 PM,Buy,Exit on session close,$3304.84,$58678.48,$5.16,$0.00,$0.00,$0.00,$0.00,$125.00,$3525.00,$220.16,10,
1448,NQ 06-26,Backtest,VariableTrend,Short,1,17306.50,17345.75,6/23/2021 7:50:00 PM,6/23/2021 9:00:00 PM,Sell short,Close position,($790.16),$57888.32,$5.16,$0.00,$0.00,$0.00,$0.00,$985.00,$65.00,$855.16,2,
1449,NQ 06-26,Backtest,VariableTrend,Long,1,17345.75,17345.75,6/23/2021 9:00:00 PM,6/23/2021 11:00:00 PM,Buy,Exit on session close,($5.16),$57883.16,$5.16,$0.00,$0.00,$0.00,$0.00,$415.00,$390.00,$395.16,3,
1450,NQ 06-26,Backtest,VariableTrend,Short,1,17406.50,17440.25,6/24/2021 9:00:00 PM,6/24/2021 10:10:00 PM,Sell short,Close position,($680.16),$57203.00,$5.16,$0.00,$0.00,$0.00,$0.00,$900.00,$155.00,$835.16,2,
1451,NQ 06-26,Backtest,VariableTrend,Long,1,17440.25,17430.50,6/24/2021 10:10:00 PM,6/24/2021 11:00:00 PM,Buy,Exit on session close,($200.16),$57002.84,$5.16,$0.00,$0.00,$0.00,$0.00,$735.00,$70.00,$270.16,2,
1452,NQ 06-26,Backtest,VariableTrend,Short,1,17417.50,17430.50,6/25/2021 3:30:00 AM,6/25/2021 5:50:00 AM,Sell short,Close position,($265.16),$56737.68,$5.16,$0.00,$0.00,$0.00,$0.00,$300.00,$280.00,$545.16,3,
1453,NQ 06-26,Backtest,VariableTrend,Long,1,17430.50,17422.00,6/25/2021 5:50:00 AM,6/25/2021 5:30:00 PM,Buy,Close position,($175.16),$56562.52,$5.16,$0.00,$0.00,$0.00,$0.00,$915.00,$705.00,$880.16,11,
1454,NQ 06-26,Backtest,VariableTrend,Short,1,17422.00,17402.50,6/25/2021 5:30:00 PM,6/25/2021 11:00:00 PM,Sell short,Exit on session close,$384.84,$56947.36,$5.16,$0.00,$0.00,$0.00,$0.00,$445.00,$655.00,$270.16,6,
1455,NQ 06-26,Backtest,VariableTrend,Long,1,17431.75,17414.75,6/28/2021 2:20:00 AM,6/28/2021 3:30:00 AM,Buy,Close position,($345.16),$56602.20,$5.16,$0.00,$0.00,$0.00,$0.00,$375.00,$15.00,$360.16,2,
1456,NQ 06-26,Backtest,VariableTrend,Short,1,17414.75,17428.75,6/28/2021 3:30:00 AM,6/28/2021 8:10:00 AM,Sell short,Close position,($285.16),$56317.04,$5.16,$0.00,$0.00,$0.00,$0.00,$325.00,$200.00,$485.16,5,
1457,NQ 06-26,Backtest,VariableTrend,Long,1,17428.75,17574.25,6/28/2021 8:10:00 AM,6/28/2021 11:00:00 PM,Buy,Exit on session close,$2904.84,$59221.88,$5.16,$0.00,$0.00,$0.00,$0.00,$155.00,$3250.00,$345.16,14,
1458,NQ 06-26,Backtest,VariableTrend,Short,1,17608.00,17632.25,6/30/2021 12:50:00 PM,6/30/2021 3:10:00 PM,Sell short,Close position,($490.16),$58731.72,$5.16,$0.00,$0.00,$0.00,$0.00,$780.00,$190.00,$680.16,3,
1459,NQ 06-26,Backtest,VariableTrend,Long,1,17632.25,17625.00,6/30/2021 3:10:00 PM,6/30/2021 4:20:00 PM,Buy,Close position,($150.16),$58581.56,$5.16,$0.00,$0.00,$0.00,$0.00,$295.00,$205.00,$355.16,2,
1460,NQ 06-26,Backtest,VariableTrend,Short,1,17625.00,17627.00,6/30/2021 4:20:00 PM,6/30/2021 11:00:00 PM,Sell short,Exit on session close,($45.16),$58536.40,$5.16,$0.00,$0.00,$0.00,$0.00,$465.00,$705.00,$750.16,7,
1461,NQ 06-26,Backtest,VariableTrend,Short,1,17620.50,17670.50,7/1/2021 8:10:00 AM,7/1/2021 10:30:00 AM,Sell short,Stop loss,($1005.16),$57531.24,$5.16,$0.00,$0.00,$0.00,$0.00,$1000.00,$100.00,$1105.16,3,
1462,NQ 06-26,Backtest,VariableTrend,Long,1,17643.00,17622.25,7/1/2021 11:40:00 AM,7/1/2021 12:50:00 PM,Buy,Close position,($420.16),$57111.08,$5.16,$0.00,$0.00,$0.00,$0.00,$705.00,$70.00,$490.16,2,
1463,NQ 06-26,Backtest,VariableTrend,Short,1,17622.25,17614.25,7/1/2021 12:50:00 PM,7/1/2021 10:10:00 PM,Sell short,Close position,$154.84,$57265.92,$5.16,$0.00,$0.00,$0.00,$0.00,$385.00,$1595.00,$1440.16,9,
1464,NQ 06-26,Backtest,VariableTrend,Long,1,17614.25,17609.00,7/1/2021 10:10:00 PM,7/1/2021 11:00:00 PM,Buy,Close position,($110.16),$57155.76,$5.16,$0.00,$0.00,$0.00,$0.00,$295.00,$210.00,$320.16,2,
1465,NQ 06-26,Backtest,VariableTrend,Short,1,17609.00,17611.50,7/1/2021 11:00:00 PM,7/1/2021 11:00:00 PM,Sell short,Exit on session close,($55.16),$57100.60,$5.16,$0.00,$0.00,$0.00,$0.00,$190.00,$80.00,$135.16,1,
1466,NQ 06-26,Backtest,VariableTrend,Long,1,17616.00,17609.00,7/2/2021 3:30:00 AM,7/2/2021 4:40:00 AM,Buy,Close position,($145.16),$56955.44,$5.16,$0.00,$0.00,$0.00,$0.00,$175.00,$40.00,$185.16,2,
1467,NQ 06-26,Backtest,VariableTrend,Short,1,17609.00,17629.75,7/2/2021 4:40:00 AM,7/2/2021 10:30:00 AM,Sell short,Close position,($420.16),$56535.28,$5.16,$0.00,$0.00,$0.00,$0.00,$435.00,$485.00,$905.16,6,
1468,NQ 06-26,Backtest,VariableTrend,Long,1,17629.75,17772.50,7/2/2021 10:30:00 AM,7/2/2021 11:00:00 PM,Buy,Exit on session close,$2849.84,$59385.12,$5.16,$0.00,$0.00,$0.00,$0.00,$55.00,$3415.00,$565.16,12,
1469,NQ 06-26,Backtest,VariableTrend,Short,1,17756.75,17758.75,7/6/2021 5:50:00 AM,7/6/2021 7:00:00 AM,Sell short,Close position,($45.16),$59339.96,$5.16,$0.00,$0.00,$0.00,$0.00,$100.00,$85.00,$130.16,2,
1470,NQ 06-26,Backtest,VariableTrend,Long,1,17758.75,17756.25,7/6/2021 7:00:00 AM,7/6/2021 9:20:00 AM,Buy,Close position,($55.16),$59284.80,$5.16,$0.00,$0.00,$0.00,$0.00,$125.00,$140.00,$195.16,3,
1471,NQ 06-26,Backtest,VariableTrend,Short,1,17756.25,17758.75,7/6/2021 9:20:00 AM,7/6/2021 10:30:00 AM,Sell short,Close position,($55.16),$59229.64,$5.16,$0.00,$0.00,$0.00,$0.00,$405.00,$275.00,$330.16,2,
1472,NQ 06-26,Backtest,VariableTrend,Long,1,17758.75,17708.75,7/6/2021 10:30:00 AM,7/6/2021 6:40:00 PM,Buy,Stop loss,($1005.16),$58224.48,$5.16,$0.00,$0.00,$0.00,$0.00,$1000.00,$2055.00,$3060.16,8,
1473,NQ 06-26,Backtest,VariableTrend,Short,1,17735.50,17785.50,7/6/2021 7:50:00 PM,7/6/2021 7:50:00 PM,Sell short,Stop loss,($1005.16),$57219.32,$5.16,$0.00,$0.00,$0.00,$0.00,$1000.00,$0.00,$1005.16,1,
1474,NQ 06-26,Backtest,VariableTrend,Long,1,17809.25,17835.25,7/6/2021 9:00:00 PM,7/6/2021 11:00:00 PM,Buy,Exit on session close,$514.84,$57734.16,$5.16,$0.00,$0.00,$0.00,$0.00,$205.00,$925.00,$410.16,3,
1475,NQ 06-26,Backtest,VariableTrend,Short,1,17838.00,17888.00,7/7/2021 6:40:00 PM,7/7/2021 6:40:00 PM,Sell short,Stop loss,($1005.16),$56729.00,$5.16,$0.00,$0.00,$0.00,$0.00,$1000.00,$0.00,$1005.16,1,
1476,NQ 06-26,Backtest,VariableTrend,Long,1,17889.00,17881.50,7/8/2021 3:30:00 AM,7/8/2021 4:40:00 AM,Buy,Close position,($155.16),$56573.84,$5.16,$0.00,$0.00,$0.00,$0.00,$405.00,$45.00,$200.16,2,
1477,NQ 06-26,Backtest,VariableTrend,Short,1,17881.50,17783.50,7/8/2021 4:40:00 AM,7/8/2021 7:50:00 PM,Sell short,Close position,$1954.84,$58528.68,$5.16,$0.00,$0.00,$0.00,$0.00,$45.00,$5390.00,$3435.16,14,
1478,NQ 06-26,Backtest,VariableTrend,Long,1,17783.50,17733.50,7/8/2021 7:50:00 PM,7/8/2021 10:10:00 PM,Buy,Stop loss,($1005.16),$57523.52,$5.16,$0.00,$0.00,$0.00,$0.00,$1000.00,$860.00,$1865.16,3,
1479,NQ 06-26,Backtest,VariableTrend,Short,1,17744.25,17752.25,7/9/2021 4:40:00 AM,7/9/2021 7:00:00 AM,Sell short,Close position,($165.16),$57358.36,$5.16,$0.00,$0.00,$0.00,$0.00,$430.00,$640.00,$805.16,3,
1480,NQ 06-26,Backtest,VariableTrend,Long,1,17752.25,17885.75,7/9/2021 7:00:00 AM,7/9/2021 11:00:00 PM,Buy,Exit on session close,$2664.84,$60023.20,$5.16,$0.00,$0.00,$0.00,$0.00,$370.00,$3025.00,$360.16,15,
1481,NQ 06-26,Backtest,VariableTrend,Short,1,17901.50,17951.50,7/13/2021 4:20:00 PM,7/13/2021 4:20:00 PM,Sell short,Stop loss,($1005.16),$59018.04,$5.16,$0.00,$0.00,$0.00,$0.00,$1000.00,$0.00,$1005.16,1,
1482,NQ 06-26,Backtest,VariableTrend,Long,1,18012.25,17962.25,7/13/2021 5:30:00 PM,7/13/2021 7:50:00 PM,Buy,Stop loss,($1005.16),$58012.88,$5.16,$0.00,$0.00,$0.00,$0.00,$1000.00,$1080.00,$2085.16,3,
1483,NQ 06-26,Backtest,VariableTrend,Short,1,17941.00,17936.50,7/13/2021 11:00:00 PM,7/13/2021 11:00:00 PM,Sell short,Exit on session close,$84.84,$58097.72,$5.16,$0.00,$0.00,$0.00,$0.00,$25.00,$310.00,$225.16,1,
1484,NQ 06-26,Backtest,VariableTrend,Long,1,17949.00,17942.50,7/14/2021 4:40:00 AM,7/14/2021 5:50:00 AM,Buy,Close position,($135.16),$57962.56,$5.16,$0.00,$0.00,$0.00,$0.00,$195.00,$195.00,$330.16,2,
1485,NQ 06-26,Backtest,VariableTrend,Short,1,17942.50,17946.00,7/14/2021 5:50:00 AM,7/14/2021 10:30:00 AM,Sell short,Close position,($75.16),$57887.40,$5.16,$0.00,$0.00,$0.00,$0.00,$250.00,$595.00,$670.16,5,
1486,NQ 06-26,Backtest,VariableTrend,Long,1,17946.00,17972.50,7/14/2021 10:30:00 AM,7/14/2021 11:00:00 PM,Buy,Close position,$524.84,$58412.24,$5.16,$0.00,$0.00,$0.00,$0.00,$375.00,$2430.00,$1905.16,12,
1487,NQ 06-26,Backtest,VariableTrend,Short,1,17972.50,17968.25,7/14/2021 11:00:00 PM,7/14/2021 11:00:00 PM,Sell short,Exit on session close,$79.84,$58492.08,$5.16,$0.00,$0.00,$0.00,$0.00,$155.00,$155.00,$75.16,1,
1488,NQ 06-26,Backtest,VariableTrend,Long,1,17983.50,17963.00,7/15/2021 7:00:00 AM,7/15/2021 3:10:00 PM,Buy,Close position,($415.16),$58076.92,$5.16,$0.00,$0.00,$0.00,$0.00,$960.00,$1015.00,$1430.16,8,
1489,NQ 06-26,Backtest,VariableTrend,Short,1,17963.00,17848.00,7/15/2021 3:10:00 PM,7/15/2021 11:00:00 PM,Sell short,Exit on session close,$2294.84,$60371.76,$5.16,$0.00,$0.00,$0.00,$0.00,$325.00,$3665.00,$1370.16,8,
1490,NQ 06-26,Backtest,VariableTrend,Long,1,17878.25,17860.50,7/16/2021 12:50:00 PM,7/16/2021 5:30:00 PM,Buy,Close position,($360.16),$60011.60,$5.16,$0.00,$0.00,$0.00,$0.00,$685.00,$1255.00,$1615.16,5,
1491,NQ 06-26,Backtest,VariableTrend,Short,1,17860.50,17740.00,7/16/2021 5:30:00 PM,7/16/2021 11:00:00 PM,Sell short,Exit on session close,$2404.84,$62416.44,$5.16,$0.00,$0.00,$0.00,$0.00,$20.00,$2660.00,$255.16,6,
1492,NQ 06-26,Backtest,VariableTrend,Short,1,17668.75,17679.25,7/20/2021 2:00:00 PM,7/20/2021 3:10:00 PM,Sell short,Close position,($215.16),$62201.28,$5.16,$0.00,$0.00,$0.00,$0.00,$595.00,$140.00,$355.16,2,
1493,NQ 06-26,Backtest,VariableTrend,Long,1,17679.25,17669.00,7/20/2021 3:10:00 PM,7/20/2021 4:20:00 PM,Buy,Close position,($210.16),$61991.12,$5.16,$0.00,$0.00,$0.00,$0.00,$335.00,$50.00,$260.16,2,
1494,NQ 06-26,Backtest,VariableTrend,Short,1,17669.00,17719.00,7/20/2021 4:20:00 PM,7/20/2021 5:30:00 PM,Sell short,Stop loss,($1005.16),$60985.96,$5.16,$0.00,$0.00,$0.00,$0.00,$1000.00,$1615.00,$2620.16,2,
1495,NQ 06-26,Backtest,VariableTrend,Long,1,17733.50,17798.25,7/20/2021 6:40:00 PM,7/20/2021 11:00:00 PM,Buy,Exit on session close,$1289.84,$62275.80,$5.16,$0.00,$0.00,$0.00,$0.00,$70.00,$2410.00,$1120.16,5,
1496,NQ 06-26,Backtest,VariableTrend,Short,1,17752.50,17767.50,7/21/2021 3:10:00 PM,7/21/2021 4:20:00 PM,Sell short,Close position,($305.16),$61970.64,$5.16,$0.00,$0.00,$0.00,$0.00,$635.00,$140.00,$445.16,2,
1497,NQ 06-26,Backtest,VariableTrend,Long,1,17767.50,17909.75,7/21/2021 4:20:00 PM,7/21/2021 11:00:00 PM,Buy,Exit on session close,$2839.84,$64810.48,$5.16,$0.00,$0.00,$0.00,$0.00,$80.00,$2870.00,$30.16,7,
1498,NQ 06-26,Backtest,VariableTrend,Short,1,18116.50,18159.00,7/26/2021 11:40:00 AM,7/26/2021 12:50:00 PM,Sell short,Close position,($855.16),$63955.32,$5.16,$0.00,$0.00,$0.00,$0.00,$910.00,$50.00,$905.16,2,
1499,NQ 06-26,Backtest,VariableTrend,Long,1,18159.00,18196.00,7/26/2021 12:50:00 PM,7/26/2021 11:00:00 PM,Buy,Exit on session close,$734.84,$64690.16,$5.16,$0.00,$0.00,$0.00,$0.00,$945.00,$930.00,$195.16,10,
1500,NQ 06-26,Backtest,VariableTrend,Short,1,18149.75,18168.50,7/27/2021 10:30:00 AM,7/27/2021 12:50:00 PM,Sell short,Close position,($380.16),$64310.00,$5.16,$0.00,$0.00,$0.00,$0.00,$480.00,$525.00,$905.16,3,
1501,NQ 06-26,Backtest,VariableTrend,Long,1,18168.50,18118.50,7/27/2021 12:50:00 PM,7/27/2021 4:20:00 PM,Buy,Stop loss,($1005.16),$63304.84,$5.16,$0.00,$0.00,$0.00,$0.00,$1000.00,$690.00,$1695.16,4,
1502,NQ 06-26,Backtest,VariableTrend,Short,1,18044.00,17956.25,7/27/2021 5:30:00 PM,7/27/2021 11:00:00 PM,Sell short,Exit on session close,$1749.84,$65054.68,$5.16,$0.00,$0.00,$0.00,$0.00,$380.00,$3965.00,$2215.16,6,
1503,NQ 06-26,Backtest,VariableTrend,Long,1,18051.50,18001.50,7/28/2021 11:40:00 AM,7/28/2021 4:20:00 PM,Buy,Stop loss,($1005.16),$64049.52,$5.16,$0.00,$0.00,$0.00,$0.00,$1000.00,$785.00,$1790.16,5,
1504,NQ 06-26,Backtest,VariableTrend,Short,1,18051.25,18055.75,7/29/2021 2:20:00 AM,7/29/2021 3:30:00 AM,Sell short,Close position,($95.16),$63954.36,$5.16,$0.00,$0.00,$0.00,$0.00,$260.00,$110.00,$205.16,2,
1505,NQ 06-26,Backtest,VariableTrend,Long,1,18055.75,18049.75,7/29/2021 3:30:00 AM,7/29/2021 4:40:00 AM,Buy,Close position,($125.16),$63829.20,$5.16,$0.00,$0.00,$0.00,$0.00,$225.00,$175.00,$300.16,2,
1506,NQ 06-26,Backtest,VariableTrend,Short,1,18049.75,18054.75,7/29/2021 4:40:00 AM,7/29/2021 9:20:00 AM,Sell short,Close position,($105.16),$63724.04,$5.16,$0.00,$0.00,$0.00,$0.00,$245.00,$675.00,$780.16,5,
1507,NQ 06-26,Backtest,VariableTrend,Long,1,18054.75,18039.25,7/29/2021 9:20:00 AM,7/29/2021 2:00:00 PM,Buy,Close position,($315.16),$63408.88,$5.16,$0.00,$0.00,$0.00,$0.00,$460.00,$830.00,$1145.16,5,
1508,NQ 06-26,Backtest,VariableTrend,Short,1,18039.25,18068.25,7/29/2021 2:00:00 PM,7/29/2021 3:10:00 PM,Sell short,Close position,($585.16),$62823.72,$5.16,$0.00,$0.00,$0.00,$0.00,$610.00,$85.00,$670.16,2,
1509,NQ 06-26,Backtest,VariableTrend,Long,1,18068.25,18051.50,7/29/2021 3:10:00 PM,7/29/2021 11:00:00 PM,Buy,Close position,($340.16),$62483.56,$5.16,$0.00,$0.00,$0.00,$0.00,$395.00,$1745.00,$2085.16,8,
1510,NQ 06-26,Backtest,VariableTrend,Short,1,18051.50,17981.25,7/29/2021 11:00:00 PM,7/29/2021 11:00:00 PM,Sell short,Exit on session close,$1399.84,$63883.40,$5.16,$0.00,$0.00,$0.00,$0.00,$100.00,$1500.00,$100.16,1,
1511,NQ 06-26,Backtest,VariableTrend,Long,1,18016.00,18038.00,7/30/2021 5:30:00 PM,7/30/2021 11:00:00 PM,Buy,Exit on session close,$434.84,$64318.24,$5.16,$0.00,$0.00,$0.00,$0.00,$685.00,$690.00,$255.16,6,
1512,NQ 06-26,Backtest,VariableTrend,Short,1,18067.75,18031.25,8/2/2021 7:50:00 PM,8/2/2021 11:00:00 PM,Sell short,Exit on session close,$724.84,$65043.08,$5.16,$0.00,$0.00,$0.00,$0.00,$360.00,$1280.00,$555.16,4,
1513,NQ 06-26,Backtest,VariableTrend,Long,1,18060.50,18053.75,8/3/2021 9:20:00 AM,8/3/2021 11:40:00 AM,Buy,Close position,($140.16),$64902.92,$5.16,$0.00,$0.00,$0.00,$0.00,$295.00,$90.00,$230.16,3,
1514,NQ 06-26,Backtest,VariableTrend,Short,1,18053.75,18080.00,8/3/2021 11:40:00 AM,8/3/2021 7:50:00 PM,Sell short,Close position,($530.16),$64372.76,$5.16,$0.00,$0.00,$0.00,$0.00,$785.00,$2665.00,$3195.16,8,
1515,NQ 06-26,Backtest,VariableTrend,Long,1,18080.00,18106.50,8/3/2021 7:50:00 PM,8/3/2021 11:00:00 PM,Buy,Exit on session close,$524.84,$64897.60,$5.16,$0.00,$0.00,$0.00,$0.00,$350.00,$830.00,$305.16,4,
1516,NQ 06-26,Backtest,VariableTrend,Short,1,18098.00,18130.25,8/4/2021 4:20:00 PM,8/4/2021 7:50:00 PM,Sell short,Close position,($650.16),$64247.44,$5.16,$0.00,$0.00,$0.00,$0.00,$860.00,$590.00,$1240.16,4,
1517,NQ 06-26,Backtest,VariableTrend,Long,1,18130.25,18153.00,8/4/2021 7:50:00 PM,8/4/2021 11:00:00 PM,Buy,Exit on session close,$449.84,$64697.28,$5.16,$0.00,$0.00,$0.00,$0.00,$240.00,$985.00,$535.16,4,
1518,NQ 06-26,Backtest,VariableTrend,Short,1,18176.25,18164.25,8/6/2021 4:20:00 PM,8/6/2021 11:00:00 PM,Sell short,Exit on session close,$234.84,$64932.12,$5.16,$0.00,$0.00,$0.00,$0.00,$905.00,$1150.00,$915.16,7,
1519,NQ 06-26,Backtest,VariableTrend,Long,1,18154.50,18198.25,8/9/2021 10:30:00 AM,8/9/2021 11:00:00 PM,Buy,Exit on session close,$869.84,$65801.96,$5.16,$0.00,$0.00,$0.00,$0.00,$280.00,$1250.00,$380.16,12,
1520,NQ 06-26,Backtest,VariableTrend,Short,1,18176.75,18181.25,8/10/2021 5:50:00 AM,8/10/2021 9:20:00 AM,Sell short,Close position,($95.16),$65706.80,$5.16,$0.00,$0.00,$0.00,$0.00,$320.00,$75.00,$170.16,4,
1521,NQ 06-26,Backtest,VariableTrend,Long,1,18181.25,18187.75,8/10/2021 9:20:00 AM,8/10/2021 5:30:00 PM,Buy,Close position,$124.84,$65831.64,$5.16,$0.00,$0.00,$0.00,$0.00,$35.00,$950.00,$825.16,8,
1522,NQ 06-26,Backtest,VariableTrend,Short,1,18187.75,18119.50,8/10/2021 5:30:00 PM,8/10/2021 11:00:00 PM,Sell short,Exit on session close,$1359.84,$67191.48,$5.16,$0.00,$0.00,$0.00,$0.00,$225.00,$2435.00,$1075.16,6,
1523,NQ 06-26,Backtest,VariableTrend,Long,1,18161.25,18111.25,8/11/2021 4:20:00 PM,8/11/2021 4:20:00 PM,Buy,Stop loss,($1005.16),$66186.32,$5.16,$0.00,$0.00,$0.00,$0.00,$1000.00,$0.00,$1005.16,1,
1524,NQ 06-26,Backtest,VariableTrend,Short,1,18111.50,18080.00,8/11/2021 5:30:00 PM,8/11/2021 11:00:00 PM,Sell short,Exit on session close,$624.84,$66811.16,$5.16,$0.00,$0.00,$0.00,$0.00,$270.00,$1540.00,$915.16,6,
1525,NQ 06-26,Backtest,VariableTrend,Long,1,18102.50,18094.50,8/12/2021 2:00:00 PM,8/12/2021 3:10:00 PM,Buy,Close position,($165.16),$66646.00,$5.16,$0.00,$0.00,$0.00,$0.00,$305.00,$5.00,$170.16,2,
1526,NQ 06-26,Backtest,VariableTrend,Short,1,18094.50,18115.25,8/12/2021 3:10:00 PM,8/12/2021 6:40:00 PM,Sell short,Close position,($420.16),$66225.84,$5.16,$0.00,$0.00,$0.00,$0.00,$640.00,$1635.00,$2055.16,4,
1527,NQ 06-26,Backtest,VariableTrend,Long,1,18115.25,18151.00,8/12/2021 6:40:00 PM,8/12/2021 11:00:00 PM,Buy,Exit on session close,$709.84,$66935.68,$5.16,$0.00,$0.00,$0.00,$0.00,$215.00,$935.00,$225.16,5,
1528,NQ 06-26,Backtest,VariableTrend,Short,1,18132.50,18152.50,8/13/2021 3:10:00 PM,8/13/2021 4:20:00 PM,Sell short,Close position,($405.16),$66530.52,$5.16,$0.00,$0.00,$0.00,$0.00,$450.00,$115.00,$520.16,2,
1529,NQ 06-26,Backtest,VariableTrend,Long,1,18152.50,18193.50,8/13/2021 4:20:00 PM,8/13/2021 11:00:00 PM,Buy,Exit on session close,$814.84,$67345.36,$5.16,$0.00,$0.00,$0.00,$0.00,$255.00,$1215.00,$400.16,7,
1530,NQ 06-26,Backtest,VariableTrend,Short,1,18147.00,18142.50,8/16/2021 3:10:00 PM,8/16/2021 9:00:00 PM,Sell short,Close position,$84.84,$67430.20,$5.16,$0.00,$0.00,$0.00,$0.00,$735.00,$3165.00,$3080.16,6,
1531,NQ 06-26,Backtest,VariableTrend,Long,1,18142.50,18206.50,8/16/2021 9:00:00 PM,8/16/2021 11:00:00 PM,Buy,Exit on session close,$1274.84,$68705.04,$5.16,$0.00,$0.00,$0.00,$0.00,$90.00,$1360.00,$85.16,3,
1532,NQ 06-26,Backtest,VariableTrend,Short,1,18140.50,18150.50,8/17/2021 10:30:00 AM,8/17/2021 3:10:00 PM,Sell short,Close position,($205.16),$68499.88,$5.16,$0.00,$0.00,$0.00,$0.00,$450.00,$95.00,$300.16,5,
1533,NQ 06-26,Backtest,VariableTrend,Long,1,18150.50,18100.50,8/17/2021 3:10:00 PM,8/17/2021 3:10:00 PM,Buy,Stop loss,($1005.16),$67494.72,$5.16,$0.00,$0.00,$0.00,$0.00,$1000.00,$0.00,$1005.16,1,
1534,NQ 06-26,Backtest,VariableTrend,Short,1,18100.00,18040.75,8/17/2021 4:20:00 PM,8/17/2021 11:00:00 PM,Sell short,Exit on session close,$1179.84,$68674.56,$5.16,$0.00,$0.00,$0.00,$0.00,$590.00,$2630.00,$1450.16,7,
1535,NQ 06-26,Backtest,VariableTrend,Long,1,18072.75,18057.75,8/18/2021 5:50:00 AM,8/18/2021 11:40:00 AM,Buy,Close position,($305.16),$68369.40,$5.16,$0.00,$0.00,$0.00,$0.00,$445.00,$435.00,$740.16,6,
1536,NQ 06-26,Backtest,VariableTrend,Short,1,18057.75,18086.75,8/18/2021 11:40:00 AM,8/18/2021 2:00:00 PM,Sell short,Close position,($585.16),$67784.24,$5.16,$0.00,$0.00,$0.00,$0.00,$645.00,$155.00,$740.16,3,
1537,NQ 06-26,Backtest,VariableTrend,Long,1,18086.75,18075.00,8/18/2021 2:00:00 PM,8/18/2021 3:10:00 PM,Buy,Close position,($240.16),$67544.08,$5.16,$0.00,$0.00,$0.00,$0.00,$255.00,$260.00,$500.16,2,
1538,NQ 06-26,Backtest,VariableTrend,Short,1,18075.00,18103.75,8/18/2021 3:10:00 PM,8/18/2021 5:30:00 PM,Sell short,Close position,($580.16),$66963.92,$5.16,$0.00,$0.00,$0.00,$0.00,$675.00,$770.00,$1350.16,3,
1539,NQ 06-26,Backtest,VariableTrend,Long,1,18103.75,18053.75,8/18/2021 5:30:00 PM,8/18/2021 5:30:00 PM,Buy,Stop loss,($1005.16),$65958.76,$5.16,$0.00,$0.00,$0.00,$0.00,$1000.00,$0.00,$1005.16,1,
1540,NQ 06-26,Backtest,VariableTrend,Short,1,18054.50,17911.00,8/18/2021 6:40:00 PM,8/18/2021 11:00:00 PM,Sell short,Exit on session close,$2864.84,$68823.60,$5.16,$0.00,$0.00,$0.00,$0.00,$930.00,$3530.00,$665.16,5,
1541,NQ 06-26,Backtest,VariableTrend,Long,1,17938.50,18015.25,8/19/2021 5:30:00 PM,8/19/2021 11:00:00 PM,Buy,Exit on session close,$1529.84,$70353.44,$5.16,$0.00,$0.00,$0.00,$0.00,$870.00,$2640.00,$1110.16,6,
1542,NQ 06-26,Backtest,VariableTrend,Short,1,17942.75,17977.25,8/20/2021 11:40:00 AM,8/20/2021 12:50:00 PM,Sell short,Close position,($695.16),$69658.28,$5.16,$0.00,$0.00,$0.00,$0.00,$710.00,$110.00,$805.16,2,
1543,NQ 06-26,Backtest,VariableTrend,Long,1,17977.25,17968.75,8/20/2021 12:50:00 PM,8/20/2021 2:00:00 PM,Buy,Close position,($175.16),$69483.12,$5.16,$0.00,$0.00,$0.00,$0.00,$485.00,$95.00,$270.16,2,
1544,NQ 06-26,Backtest,VariableTrend,Short,1,17968.75,17973.00,8/20/2021 2:00:00 PM,8/20/2021 3:10:00 PM,Sell short,Close position,($90.16),$69392.96,$5.16,$0.00,$0.00,$0.00,$0.00,$340.00,$405.00,$495.16,2,
1545,NQ 06-26,Backtest,VariableTrend,Long,1,17973.00,18166.50,8/20/2021 3:10:00 PM,8/20/2021 11:00:00 PM,Buy,Exit on session close,$3864.84,$73257.80,$5.16,$0.00,$0.00,$0.00,$0.00,$55.00,$3970.00,$105.16,8,
1546,NQ 06-26,Backtest,VariableTrend,Short,1,18412.75,18408.50,8/26/2021 4:40:00 AM,8/26/2021 2:00:00 PM,Sell short,Close position,$79.84,$73337.64,$5.16,$0.00,$0.00,$0.00,$0.00,$145.00,$915.00,$835.16,9,
1547,NQ 06-26,Backtest,VariableTrend,Long,1,18408.50,18398.25,8/26/2021 2:00:00 PM,8/26/2021 4:20:00 PM,Buy,Close position,($210.16),$73127.48,$5.16,$0.00,$0.00,$0.00,$0.00,$415.00,$360.00,$570.16,3,
1548,NQ 06-26,Backtest,VariableTrend,Short,1,18398.25,18416.00,8/26/2021 4:20:00 PM,8/26/2021 5:30:00 PM,Sell short,Close position,($360.16),$72767.32,$5.16,$0.00,$0.00,$0.00,$0.00,$765.00,$25.00,$385.16,2,
1549,NQ 06-26,Backtest,VariableTrend,Long,1,18416.00,18366.00,8/26/2021 5:30:00 PM,8/26/2021 5:30:00 PM,Buy,Stop loss,($1005.16),$71762.16,$5.16,$0.00,$0.00,$0.00,$0.00,$1000.00,$0.00,$1005.16,1,
1550,NQ 06-26,Backtest,VariableTrend,Short,1,18389.75,18408.75,8/26/2021 6:40:00 PM,8/26/2021 7:50:00 PM,Sell short,Close position,($385.16),$71377.00,$5.16,$0.00,$0.00,$0.00,$0.00,$660.00,$485.00,$870.16,2,
1551,NQ 06-26,Backtest,VariableTrend,Long,1,18408.75,18393.00,8/26/2021 7:50:00 PM,8/26/2021 9:00:00 PM,Buy,Close position,($320.16),$71056.84,$5.16,$0.00,$0.00,$0.00,$0.00,$590.00,$120.00,$440.16,2,
1552,NQ 06-26,Backtest,VariableTrend,Short,1,18393.00,18358.75,8/26/2021 9:00:00 PM,8/26/2021 11:00:00 PM,Sell short,Exit on session close,$679.84,$71736.68,$5.16,$0.00,$0.00,$0.00,$0.00,$200.00,$1165.00,$485.16,3,
1553,NQ 06-26,Backtest,VariableTrend,Long,1,18394.00,18389.75,8/27/2021 5:50:00 AM,8/27/2021 10:30:00 AM,Buy,Close position,($90.16),$71646.52,$5.16,$0.00,$0.00,$0.00,$0.00,$165.00,$285.00,$375.16,5,
1554,NQ 06-26,Backtest,VariableTrend,Short,1,18389.75,18397.75,8/27/2021 10:30:00 AM,8/27/2021 12:50:00 PM,Sell short,Close position,($165.16),$71481.36,$5.16,$0.00,$0.00,$0.00,$0.00,$330.00,$135.00,$300.16,3,
1555,NQ 06-26,Backtest,VariableTrend,Long,1,18397.75,18385.00,8/27/2021 12:50:00 PM,8/27/2021 3:10:00 PM,Buy,Close position,($260.16),$71221.20,$5.16,$0.00,$0.00,$0.00,$0.00,$355.00,$110.00,$370.16,3,
1556,NQ 06-26,Backtest,VariableTrend,Short,1,18385.00,18435.00,8/27/2021 3:10:00 PM,8/27/2021 4:20:00 PM,Sell short,Stop loss,($1005.16),$70216.04,$5.16,$0.00,$0.00,$0.00,$0.00,$1000.00,$65.00,$1070.16,2,
1557,NQ 06-26,Backtest,VariableTrend,Long,1,18491.00,18441.00,8/27/2021 5:30:00 PM,8/27/2021 5:30:00 PM,Buy,Stop loss,($1005.16),$69210.88,$5.16,$0.00,$0.00,$0.00,$0.00,$1000.00,$0.00,$1005.16,1,
1558,NQ 06-26,Backtest,VariableTrend,Short,1,18665.75,18670.75,8/31/2021 2:00:00 PM,8/31/2021 10:10:00 PM,Sell short,Close position,($105.16),$69105.72,$5.16,$0.00,$0.00,$0.00,$0.00,$420.00,$1530.00,$1635.16,8,
1559,NQ 06-26,Backtest,VariableTrend,Long,1,18670.75,18665.50,8/31/2021 10:10:00 PM,8/31/2021 11:00:00 PM,Buy,Close position,($110.16),$68995.56,$5.16,$0.00,$0.00,$0.00,$0.00,$650.00,$90.00,$200.16,2,
1560,NQ 06-26,Backtest,VariableTrend,Short,1,18665.50,18671.00,8/31/2021 11:00:00 PM,8/31/2021 11:00:00 PM,Sell short,Exit on session close,($115.16),$68880.40,$5.16,$0.00,$0.00,$0.00,$0.00,$200.00,$50.00,$165.16,1,
1561,NQ 06-26,Backtest,VariableTrend,Short,1,18660.75,18676.50,9/1/2021 2:20:00 AM,9/1/2021 5:50:00 AM,Sell short,Close position,($320.16),$68560.24,$5.16,$0.00,$0.00,$0.00,$0.00,$430.00,$215.00,$535.16,4,
1562,NQ 06-26,Backtest,VariableTrend,Long,1,18676.50,18687.00,9/1/2021 5:50:00 AM,9/1/2021 11:00:00 PM,Buy,Close position,$204.84,$68765.08,$5.16,$0.00,$0.00,$0.00,$0.00,$380.00,$1880.00,$1675.16,16,
1563,NQ 06-26,Backtest,VariableTrend,Short,1,18687.00,18681.50,9/1/2021 11:00:00 PM,9/1/2021 11:00:00 PM,Sell short,Exit on session close,$104.84,$68869.92,$5.16,$0.00,$0.00,$0.00,$0.00,$190.00,$225.00,$120.16,1,
1564,NQ 06-26,Backtest,VariableTrend,Long,1,18712.25,18693.25,9/2/2021 11:40:00 AM,9/2/2021 5:30:00 PM,Buy,Close position,($385.16),$68484.76,$5.16,$0.00,$0.00,$0.00,$0.00,$395.00,$825.00,$1210.16,6,
1565,NQ 06-26,Backtest,VariableTrend,Short,1,18693.25,18723.25,9/2/2021 5:30:00 PM,9/2/2021 6:40:00 PM,Sell short,Close position,($605.16),$67879.60,$5.16,$0.00,$0.00,$0.00,$0.00,$690.00,$130.00,$735.16,2,
1566,NQ 06-26,Backtest,VariableTrend,Long,1,18723.25,18677.75,9/2/2021 6:40:00 PM,9/2/2021 7:50:00 PM,Buy,Close position,($915.16),$66964.44,$5.16,$0.00,$0.00,$0.00,$0.00,$970.00,$75.00,$990.16,2,
1567,NQ 06-26,Backtest,VariableTrend,Short,1,18677.75,18672.25,9/2/2021 7:50:00 PM,9/2/2021 11:00:00 PM,Sell short,Exit on session close,$104.84,$67069.28,$5.16,$0.00,$0.00,$0.00,$0.00,$395.00,$1090.00,$985.16,4,
1568,NQ 06-26,Backtest,VariableTrend,Long,1,18695.50,18688.50,9/3/2021 8:10:00 AM,9/3/2021 9:20:00 AM,Buy,Close position,($145.16),$66924.12,$5.16,$0.00,$0.00,$0.00,$0.00,$145.00,$55.00,$200.16,2,
1569,NQ 06-26,Backtest,VariableTrend,Short,1,18688.50,18738.50,9/3/2021 9:20:00 AM,9/3/2021 3:10:00 PM,Sell short,Stop loss,($1005.16),$65918.96,$5.16,$0.00,$0.00,$0.00,$0.00,$1000.00,$200.00,$1205.16,6,
1570,NQ 06-26,Backtest,VariableTrend,Long,1,18697.75,18726.50,9/3/2021 5:30:00 PM,9/3/2021 11:00:00 PM,Buy,Exit on session close,$569.84,$66488.80,$5.16,$0.00,$0.00,$0.00,$0.00,$450.00,$870.00,$300.16,6,
1571,NQ 06-26,Backtest,VariableTrend,Short,1,18750.25,18757.50,9/7/2021 5:50:00 AM,9/7/2021 9:20:00 AM,Sell short,Close position,($150.16),$66338.64,$5.16,$0.00,$0.00,$0.00,$0.00,$210.00,$120.00,$270.16,4,
1572,NQ 06-26,Backtest,VariableTrend,Long,1,18757.50,18743.75,9/7/2021 9:20:00 AM,9/7/2021 11:40:00 AM,Buy,Close position,($280.16),$66058.48,$5.16,$0.00,$0.00,$0.00,$0.00,$750.00,$155.00,$435.16,3,
1573,NQ 06-26,Backtest,VariableTrend,Short,1,18743.75,18757.75,9/7/2021 11:40:00 AM,9/7/2021 7:50:00 PM,Sell short,Close position,($285.16),$65773.32,$5.16,$0.00,$0.00,$0.00,$0.00,$395.00,$1310.00,$1595.16,8,
1574,NQ 06-26,Backtest,VariableTrend,Long,1,18757.75,18743.50,9/7/2021 7:50:00 PM,9/7/2021 11:00:00 PM,Buy,Exit on session close,($290.16),$65483.16,$5.16,$0.00,$0.00,$0.00,$0.00,$600.00,$305.00,$595.16,4,
1575,NQ 06-26,Backtest,VariableTrend,Short,1,18701.00,18735.00,9/8/2021 10:30:00 AM,9/8/2021 2:00:00 PM,Sell short,Close position,($685.16),$64798.00,$5.16,$0.00,$0.00,$0.00,$0.00,$820.00,$485.00,$1170.16,4,
1576,NQ 06-26,Backtest,VariableTrend,Long,1,18735.00,18685.00,9/8/2021 2:00:00 PM,9/8/2021 4:20:00 PM,Buy,Stop loss,($1005.16),$63792.84,$5.16,$0.00,$0.00,$0.00,$0.00,$1000.00,$310.00,$1315.16,3,
1577,NQ 06-26,Backtest,VariableTrend,Short,1,18719.75,18681.25,9/8/2021 5:30:00 PM,9/8/2021 11:00:00 PM,Sell short,Exit on session close,$764.84,$64557.68,$5.16,$0.00,$0.00,$0.00,$0.00,$210.00,$2490.00,$1725.16,6,
1578,NQ 06-26,Backtest,VariableTrend,Long,1,18699.25,18649.25,9/9/2021 3:10:00 PM,9/9/2021 7:50:00 PM,Buy,Stop loss,($1005.16),$63552.52,$5.16,$0.00,$0.00,$0.00,$0.00,$1000.00,$1015.00,$2020.16,5,
1579,NQ 06-26,Backtest,VariableTrend,Short,1,18657.50,18636.75,9/9/2021 9:00:00 PM,9/9/2021 11:00:00 PM,Sell short,Exit on session close,$409.84,$63962.36,$5.16,$0.00,$0.00,$0.00,$0.00,$465.00,$730.00,$320.16,3,
1580,NQ 06-26,Backtest,VariableTrend,Long,1,18693.50,18643.50,9/10/2021 11:40:00 AM,9/10/2021 5:30:00 PM,Buy,Stop loss,($1005.16),$62957.20,$5.16,$0.00,$0.00,$0.00,$0.00,$1000.00,$985.00,$1990.16,6,
1581,NQ 06-26,Backtest,VariableTrend,Short,1,18618.00,18668.00,9/10/2021 6:40:00 PM,9/10/2021 6:40:00 PM,Sell short,Stop loss,($1005.16),$61952.04,$5.16,$0.00,$0.00,$0.00,$0.00,$1000.00,$0.00,$1005.16,1,
1582,NQ 06-26,Backtest,VariableTrend,Long,1,18598.75,18548.75,9/13/2021 2:00:00 PM,9/13/2021 4:20:00 PM,Buy,Stop loss,($1005.16),$60946.88,$5.16,$0.00,$0.00,$0.00,$0.00,$1000.00,$390.00,$1395.16,3,
1583,NQ 06-26,Backtest,VariableTrend,Short,1,18458.50,18508.50,9/13/2021 5:30:00 PM,9/13/2021 5:30:00 PM,Sell short,Stop loss,($1005.16),$59941.72,$5.16,$0.00,$0.00,$0.00,$0.00,$1000.00,$0.00,$1005.16,1,
1584,NQ 06-26,Backtest,VariableTrend,Long,1,18563.75,18513.75,9/14/2021 4:20:00 PM,9/14/2021 4:20:00 PM,Buy,Stop loss,($1005.16),$58936.56,$5.16,$0.00,$0.00,$0.00,$0.00,$1000.00,$0.00,$1005.16,1,
1585,NQ 06-26,Backtest,VariableTrend,Short,1,18516.50,18566.50,9/14/2021 5:30:00 PM,9/14/2021 6:40:00 PM,Sell short,Stop loss,($1005.16),$57931.40,$5.16,$0.00,$0.00,$0.00,$0.00,$1000.00,$950.00,$1955.16,2,
1586,NQ 06-26,Backtest,VariableTrend,Long,1,18543.50,18591.00,9/15/2021 9:00:00 PM,9/15/2021 11:00:00 PM,Buy,Exit on session close,$944.84,$58876.24,$5.16,$0.00,$0.00,$0.00,$0.00,$205.00,$1075.00,$130.16,3,
1587,NQ 06-26,Backtest,VariableTrend,Short,1,18547.25,18576.25,9/16/2021 12:50:00 PM,9/16/2021 10:10:00 PM,Sell short,Close position,($585.16),$58291.08,$5.16,$0.00,$0.00,$0.00,$0.00,$680.00,$2115.00,$2700.16,9,
1588,NQ 06-26,Backtest,VariableTrend,Long,1,18576.25,18580.75,9/16/2021 10:10:00 PM,9/16/2021 11:00:00 PM,Buy,Exit on session close,$84.84,$58375.92,$5.16,$0.00,$0.00,$0.00,$0.00,$60.00,$780.00,$695.16,2,
1589,NQ 06-26,Backtest,VariableTrend,Short,1,18555.50,18572.00,9/17/2021 2:00:00 PM,9/17/2021 4:20:00 PM,Sell short,Close position,($335.16),$58040.76,$5.16,$0.00,$0.00,$0.00,$0.00,$810.00,$290.00,$625.16,3,
1590,NQ 06-26,Backtest,VariableTrend,Long,1,18572.00,18522.00,9/17/2021 4:20:00 PM,9/17/2021 4:20:00 PM,Buy,Stop loss,($1005.16),$57035.60,$5.16,$0.00,$0.00,$0.00,$0.00,$1000.00,$0.00,$1005.16,1,
1591,NQ 06-26,Backtest,VariableTrend,Short,1,18459.00,18365.50,9/17/2021 5:30:00 PM,9/17/2021 11:00:00 PM,Sell short,Exit on session close,$1864.84,$58900.44,$5.16,$0.00,$0.00,$0.00,$0.00,$225.00,$2000.00,$135.16,6,
1592,NQ 06-26,Backtest,VariableTrend,Long,1,18129.75,18155.50,9/21/2021 3:30:00 AM,9/21/2021 4:20:00 PM,Buy,Close position,$509.84,$59410.28,$5.16,$0.00,$0.00,$0.00,$0.00,$705.00,$2325.00,$1815.16,12,
1593,NQ 06-26,Backtest,VariableTrend,Short,1,18155.50,18205.50,9/21/2021 4:20:00 PM,9/21/2021 4:20:00 PM,Sell short,Stop loss,($1005.16),$58405.12,$5.16,$0.00,$0.00,$0.00,$0.00,$1000.00,$0.00,$1005.16,1,
1594,NQ 06-26,Backtest,VariableTrend,Long,1,18173.00,18123.00,9/21/2021 7:50:00 PM,9/21/2021 7:50:00 PM,Buy,Stop loss,($1005.16),$57399.96,$5.16,$0.00,$0.00,$0.00,$0.00,$1000.00,$0.00,$1005.16,1,
1595,NQ 06-26,Backtest,VariableTrend,Short,1,18115.75,18165.75,9/21/2021 9:00:00 PM,9/21/2021 9:00:00 PM,Sell short,Stop loss,($1005.16),$56394.80,$5.16,$0.00,$0.00,$0.00,$0.00,$1000.00,$0.00,$1005.16,1,
1596,NQ 06-26,Backtest,VariableTrend,Long,1,18143.00,18093.00,9/22/2021 4:40:00 AM,9/22/2021 4:40:00 AM,Buy,Stop loss,($1005.16),$55389.64,$5.16,$0.00,$0.00,$0.00,$0.00,$1000.00,$0.00,$1005.16,1,
1597,NQ 06-26,Backtest,VariableTrend,Short,1,18098.50,18148.50,9/22/2021 5:50:00 AM,9/22/2021 8:10:00 AM,Sell short,Stop loss,($1005.16),$54384.48,$5.16,$0.00,$0.00,$0.00,$0.00,$1000.00,$40.00,$1045.16,3,
1598,NQ 06-26,Backtest,VariableTrend,Long,1,18145.25,18261.00,9/22/2021 9:20:00 AM,9/22/2021 11:00:00 PM,Buy,Exit on session close,$2309.84,$56694.32,$5.16,$0.00,$0.00,$0.00,$0.00,$955.00,$3290.00,$980.16,13,
1599,NQ 06-26,Backtest,VariableTrend,Short,1,18314.75,18311.50,9/24/2021 11:40:00 AM,9/24/2021 5:30:00 PM,Sell short,Close position,$59.84,$56754.16,$5.16,$0.00,$0.00,$0.00,$0.00,$615.00,$1105.00,$1045.16,6,
1600,NQ 06-26,Backtest,VariableTrend,Long,1,18311.50,18293.25,9/24/2021 5:30:00 PM,9/24/2021 6:40:00 PM,Buy,Close position,($370.16),$56384.00,$5.16,$0.00,$0.00,$0.00,$0.00,$475.00,$535.00,$905.16,2,
1601,NQ 06-26,Backtest,VariableTrend,Short,1,18293.25,18343.25,9/24/2021 6:40:00 PM,9/24/2021 6:40:00 PM,Sell short,Stop loss,($1005.16),$55378.84,$5.16,$0.00,$0.00,$0.00,$0.00,$1000.00,$0.00,$1005.16,1,
1602,NQ 06-26,Backtest,VariableTrend,Long,1,18357.75,18401.75,9/24/2021 7:50:00 PM,9/24/2021 11:00:00 PM,Buy,Exit on session close,$874.84,$56253.68,$5.16,$0.00,$0.00,$0.00,$0.00,$315.00,$1185.00,$310.16,4,
1603,NQ 06-26,Backtest,VariableTrend,Short,1,18378.00,18254.25,9/27/2021 12:50:00 PM,9/27/2021 11:00:00 PM,Sell short,Exit on session close,$2469.84,$58723.52,$5.16,$0.00,$0.00,$0.00,$0.00,$20.00,$4225.00,$1755.16,10,
1604,NQ 06-26,Backtest,VariableTrend,Long,1,17967.75,17953.75,9/29/2021 10:30:00 AM,9/29/2021 3:10:00 PM,Buy,Close position,($285.16),$58438.36,$5.16,$0.00,$0.00,$0.00,$0.00,$855.00,$820.00,$1105.16,5,
1605,NQ 06-26,Backtest,VariableTrend,Short,1,17953.75,17845.25,9/29/2021 3:10:00 PM,9/29/2021 11:00:00 PM,Sell short,Exit on session close,$2164.84,$60603.20,$5.16,$0.00,$0.00,$0.00,$0.00,$705.00,$3200.00,$1035.16,8,
1606,NQ 06-26,Backtest,VariableTrend,Long,1,17920.50,17916.50,9/30/2021 7:00:00 AM,9/30/2021 12:50:00 PM,Buy,Close position,($85.16),$60518.04,$5.16,$0.00,$0.00,$0.00,$0.00,$450.00,$915.00,$1000.16,6,
1607,NQ 06-26,Backtest,VariableTrend,Short,1,17916.50,17944.00,9/30/2021 12:50:00 PM,9/30/2021 5:30:00 PM,Sell short,Close position,($555.16),$59962.88,$5.16,$0.00,$0.00,$0.00,$0.00,$900.00,$1150.00,$1705.16,5,
1608,NQ 06-26,Backtest,VariableTrend,Long,1,17944.00,17894.00,9/30/2021 5:30:00 PM,9/30/2021 5:30:00 PM,Buy,Stop loss,($1005.16),$58957.72,$5.16,$0.00,$0.00,$0.00,$0.00,$1000.00,$0.00,$1005.16,1,
1609,NQ 06-26,Backtest,VariableTrend,Short,1,17912.75,17775.00,9/30/2021 6:40:00 PM,9/30/2021 11:00:00 PM,Sell short,Exit on session close,$2749.84,$61707.56,$5.16,$0.00,$0.00,$0.00,$0.00,$45.00,$3195.00,$445.16,5,
1610,NQ 06-26,Backtest,VariableTrend,Long,1,17799.25,17749.25,10/1/2021 3:10:00 PM,10/1/2021 4:20:00 PM,Buy,Stop loss,($1005.16),$60702.40,$5.16,$0.00,$0.00,$0.00,$0.00,$1000.00,$535.00,$1540.16,2,
1611,NQ 06-26,Backtest,VariableTrend,Short,1,17648.75,17698.75,10/1/2021 5:30:00 PM,10/1/2021 5:30:00 PM,Sell short,Stop loss,($1005.16),$59697.24,$5.16,$0.00,$0.00,$0.00,$0.00,$1000.00,$0.00,$1005.16,1,
1612,NQ 06-26,Backtest,VariableTrend,Long,1,17822.75,17860.00,10/1/2021 9:00:00 PM,10/1/2021 11:00:00 PM,Buy,Exit on session close,$739.84,$60437.08,$5.16,$0.00,$0.00,$0.00,$0.00,$560.00,$1560.00,$820.16,3,
1613,NQ 06-26,Backtest,VariableTrend,Short,1,17766.00,17816.00,10/4/2021 9:20:00 AM,10/4/2021 3:10:00 PM,Sell short,Stop loss,($1005.16),$59431.92,$5.16,$0.00,$0.00,$0.00,$0.00,$1000.00,$995.00,$2000.16,6,
1614,NQ 06-26,Backtest,VariableTrend,Long,1,17790.00,17740.00,10/4/2021 4:20:00 PM,10/4/2021 4:20:00 PM,Buy,Stop loss,($1005.16),$58426.76,$5.16,$0.00,$0.00,$0.00,$0.00,$1000.00,$0.00,$1005.16,1,
1615,NQ 06-26,Backtest,VariableTrend,Short,1,17604.25,17571.75,10/4/2021 5:30:00 PM,10/4/2021 11:00:00 PM,Sell short,Exit on session close,$644.84,$59071.60,$5.16,$0.00,$0.00,$0.00,$0.00,$305.00,$3075.00,$2430.16,6,
1616,NQ 06-26,Backtest,VariableTrend,Long,1,17620.75,17592.25,10/5/2021 12:50:00 PM,10/5/2021 2:00:00 PM,Buy,Close position,($575.16),$58496.44,$5.16,$0.00,$0.00,$0.00,$0.00,$700.00,$215.00,$790.16,2,
1617,NQ 06-26,Backtest,VariableTrend,Short,1,17592.25,17642.25,10/5/2021 2:00:00 PM,10/5/2021 4:20:00 PM,Sell short,Stop loss,($1005.16),$57491.28,$5.16,$0.00,$0.00,$0.00,$0.00,$1000.00,$300.00,$1305.16,3,
1618,NQ 06-26,Backtest,VariableTrend,Long,1,17697.75,17744.25,10/5/2021 5:30:00 PM,10/5/2021 11:00:00 PM,Buy,Exit on session close,$924.84,$58416.12,$5.16,$0.00,$0.00,$0.00,$0.00,$205.00,$2795.00,$1870.16,6,
1619,NQ 06-26,Backtest,VariableTrend,Short,1,17698.75,17652.75,10/6/2021 4:40:00 AM,10/6/2021 5:30:00 PM,Sell short,Close position,$914.84,$59330.96,$5.16,$0.00,$0.00,$0.00,$0.00,$450.00,$3870.00,$2955.16,12,
1620,NQ 06-26,Backtest,VariableTrend,Long,1,17652.75,17848.25,10/6/2021 5:30:00 PM,10/6/2021 11:00:00 PM,Buy,Exit on session close,$3904.84,$63235.80,$5.16,$0.00,$0.00,$0.00,$0.00,$50.00,$4000.00,$95.16,6,
1621,NQ 06-26,Backtest,VariableTrend,Short,1,17960.75,17967.50,10/8/2021 8:10:00 AM,10/8/2021 2:00:00 PM,Sell short,Close position,($140.16),$63095.64,$5.16,$0.00,$0.00,$0.00,$0.00,$715.00,$850.00,$990.16,6,
1622,NQ 06-26,Backtest,VariableTrend,Long,1,17967.50,17917.50,10/8/2021 2:00:00 PM,10/8/2021 5:30:00 PM,Buy,Stop loss,($1005.16),$62090.48,$5.16,$0.00,$0.00,$0.00,$0.00,$1000.00,$2225.00,$3230.16,4,
1623,NQ 06-26,Backtest,VariableTrend,Short,1,17931.00,17888.25,10/8/2021 6:40:00 PM,10/8/2021 11:00:00 PM,Sell short,Exit on session close,$849.84,$62940.32,$5.16,$0.00,$0.00,$0.00,$0.00,$445.00,$1150.00,$300.16,5,
1624,NQ 06-26,Backtest,VariableTrend,Long,1,17971.25,17921.25,10/11/2021 5:30:00 PM,10/11/2021 6:40:00 PM,Buy,Stop loss,($1005.16),$61935.16,$5.16,$0.00,$0.00,$0.00,$0.00,$1000.00,$175.00,$1180.16,2,
1625,NQ 06-26,Backtest,VariableTrend,Short,1,17854.00,17767.75,10/11/2021 9:00:00 PM,10/11/2021 11:00:00 PM,Sell short,Exit on session close,$1719.84,$63655.00,$5.16,$0.00,$0.00,$0.00,$0.00,$895.00,$1885.00,$165.16,3,
1626,NQ 06-26,Backtest,VariableTrend,Long,1,17805.00,17755.00,10/12/2021 12:50:00 PM,10/12/2021 4:20:00 PM,Buy,Stop loss,($1005.16),$62649.84,$5.16,$0.00,$0.00,$0.00,$0.00,$1000.00,$1220.00,$2225.16,4,
1627,NQ 06-26,Backtest,VariableTrend,Short,1,17771.75,17680.00,10/12/2021 5:30:00 PM,10/12/2021 11:00:00 PM,Sell short,Exit on session close,$1829.84,$64479.68,$5.16,$0.00,$0.00,$0.00,$0.00,$865.00,$2070.00,$240.16,6,
1628,NQ 06-26,Backtest,VariableTrend,Long,1,17780.75,17850.50,10/13/2021 11:40:00 AM,10/13/2021 11:00:00 PM,Buy,Exit on session close,$1389.84,$65869.52,$5.16,$0.00,$0.00,$0.00,$0.00,$990.00,$1955.00,$565.16,11,
1629,NQ 06-26,Backtest,VariableTrend,Short,1,18145.00,18165.25,10/18/2021 10:30:00 AM,10/18/2021 11:40:00 AM,Sell short,Close position,($410.16),$65459.36,$5.16,$0.00,$0.00,$0.00,$0.00,$650.00,$470.00,$880.16,2,
1630,NQ 06-26,Backtest,VariableTrend,Long,1,18165.25,18152.50,10/18/2021 11:40:00 AM,10/18/2021 2:00:00 PM,Buy,Close position,($260.16),$65199.20,$5.16,$0.00,$0.00,$0.00,$0.00,$740.00,$95.00,$355.16,3,
1631,NQ 06-26,Backtest,VariableTrend,Short,1,18152.50,18202.50,10/18/2021 2:00:00 PM,10/18/2021 2:00:00 PM,Sell short,Stop loss,($1005.16),$64194.04,$5.16,$0.00,$0.00,$0.00,$0.00,$1000.00,$0.00,$1005.16,1,
1632,NQ 06-26,Backtest,VariableTrend,Long,1,18182.50,18132.50,10/18/2021 3:10:00 PM,10/18/2021 3:10:00 PM,Buy,Stop loss,($1005.16),$63188.88,$5.16,$0.00,$0.00,$0.00,$0.00,$1000.00,$0.00,$1005.16,1,
1633,NQ 06-26,Backtest,VariableTrend,Short,1,18151.50,18201.50,10/18/2021 4:20:00 PM,10/18/2021 4:20:00 PM,Sell short,Stop loss,($1005.16),$62183.72,$5.16,$0.00,$0.00,$0.00,$0.00,$1000.00,$0.00,$1005.16,1,
1634,NQ 06-26,Backtest,VariableTrend,Long,1,18230.75,18371.50,10/18/2021 5:30:00 PM,10/18/2021 11:00:00 PM,Buy,Exit on session close,$2809.84,$64993.56,$5.16,$0.00,$0.00,$0.00,$0.00,$450.00,$2985.00,$175.16,6,
1635,NQ 06-26,Backtest,VariableTrend,Short,1,18431.75,18455.50,10/20/2021 9:00:00 PM,10/20/2021 10:10:00 PM,Sell short,Close position,($480.16),$64513.40,$5.16,$0.00,$0.00,$0.00,$0.00,$595.00,$50.00,$530.16,2,
1636,NQ 06-26,Backtest,VariableTrend,Long,1,18455.50,18440.25,10/20/2021 10:10:00 PM,10/20/2021 11:00:00 PM,Buy,Close position,($310.16),$64203.24,$5.16,$0.00,$0.00,$0.00,$0.00,$340.00,$315.00,$625.16,2,
1637,NQ 06-26,Backtest,VariableTrend,Short,1,18440.25,18440.50,10/20/2021 11:00:00 PM,10/20/2021 11:00:00 PM,Sell short,Exit on session close,($10.16),$64193.08,$5.16,$0.00,$0.00,$0.00,$0.00,$120.00,$105.00,$115.16,1,
1638,NQ 06-26,Backtest,VariableTrend,Long,1,18447.00,18425.75,10/21/2021 5:50:00 AM,10/21/2021 7:00:00 AM,Buy,Close position,($430.16),$63762.92,$5.16,$0.00,$0.00,$0.00,$0.00,$525.00,$20.00,$450.16,2,
1639,NQ 06-26,Backtest,VariableTrend,Short,1,18425.75,18438.25,10/21/2021 7:00:00 AM,10/21/2021 12:50:00 PM,Sell short,Close position,($255.16),$63507.76,$5.16,$0.00,$0.00,$0.00,$0.00,$335.00,$840.00,$1095.16,6,
1640,NQ 06-26,Backtest,VariableTrend,Long,1,18438.25,18400.25,10/21/2021 12:50:00 PM,10/21/2021 3:10:00 PM,Buy,Close position,($765.16),$62742.60,$5.16,$0.00,$0.00,$0.00,$0.00,$820.00,$125.00,$890.16,3,
1641,NQ 06-26,Backtest,VariableTrend,Short,1,18400.25,18450.25,10/21/2021 3:10:00 PM,10/21/2021 4:20:00 PM,Sell short,Stop loss,($1005.16),$61737.44,$5.16,$0.00,$0.00,$0.00,$0.00,$1000.00,$80.00,$1085.16,2,
1642,NQ 06-26,Backtest,VariableTrend,Long,1,18491.00,18464.00,10/21/2021 5:30:00 PM,10/21/2021 11:00:00 PM,Buy,Exit on session close,($545.16),$61192.28,$5.16,$0.00,$0.00,$0.00,$0.00,$800.00,$1510.00,$2055.16,6,
1643,NQ 06-26,Backtest,VariableTrend,Long,1,18482.75,18432.75,10/22/2021 2:20:00 AM,10/22/2021 5:30:00 PM,Buy,Stop loss,($1005.16),$60187.12,$5.16,$0.00,$0.00,$0.00,$0.00,$1000.00,$1185.00,$2190.16,14,
1644,NQ 06-26,Backtest,VariableTrend,Short,1,18420.50,18406.75,10/22/2021 6:40:00 PM,10/22/2021 11:00:00 PM,Sell short,Exit on session close,$269.84,$60456.96,$5.16,$0.00,$0.00,$0.00,$0.00,$915.00,$1280.00,$1010.16,5,
1645,NQ 06-26,Backtest,VariableTrend,Long,1,18452.50,18626.50,10/25/2021 10:30:00 AM,10/25/2021 11:00:00 PM,Buy,Exit on session close,$3474.84,$63931.80,$5.16,$0.00,$0.00,$0.00,$0.00,$950.00,$3525.00,$50.16,12,
1646,NQ 06-26,Backtest,VariableTrend,Short,1,18651.25,18605.50,10/26/2021 7:50:00 PM,10/26/2021 11:00:00 PM,Sell short,Exit on session close,$909.84,$64841.64,$5.16,$0.00,$0.00,$0.00,$0.00,$515.00,$1310.00,$400.16,4,
1647,NQ 06-26,Backtest,VariableTrend,Long,1,18669.00,18619.00,10/27/2021 10:30:00 AM,10/27/2021 11:40:00 AM,Buy,Stop loss,($1005.16),$63836.48,$5.16,$0.00,$0.00,$0.00,$0.00,$1000.00,$15.00,$1020.16,2,
1648,NQ 06-26,Backtest,VariableTrend,Short,1,18618.50,18656.00,10/27/2021 12:50:00 PM,10/27/2021 4:20:00 PM,Sell short,Close position,($755.16),$63081.32,$5.16,$0.00,$0.00,$0.00,$0.00,$810.00,$570.00,$1325.16,4,
1649,NQ 06-26,Backtest,VariableTrend,Long,1,18656.00,18677.75,10/27/2021 4:20:00 PM,10/27/2021 11:00:00 PM,Buy,Close position,$429.84,$63511.16,$5.16,$0.00,$0.00,$0.00,$0.00,$290.00,$2885.00,$2455.16,7,
1650,NQ 06-26,Backtest,VariableTrend,Short,1,18677.75,18675.75,10/27/2021 11:00:00 PM,10/27/2021 11:00:00 PM,Sell short,Exit on session close,$34.84,$63546.00,$5.16,$0.00,$0.00,$0.00,$0.00,$150.00,$270.00,$235.16,1,
1651,NQ 06-26,Backtest,VariableTrend,Long,1,18701.00,18687.50,10/28/2021 2:20:00 AM,10/28/2021 9:20:00 AM,Buy,Close position,($275.16),$63270.84,$5.16,$0.00,$0.00,$0.00,$0.00,$435.00,$250.00,$525.16,7,
1652,NQ 06-26,Backtest,VariableTrend,Short,1,18687.50,18709.25,10/28/2021 9:20:00 AM,10/28/2021 10:30:00 AM,Sell short,Close position,($440.16),$62830.68,$5.16,$0.00,$0.00,$0.00,$0.00,$585.00,$260.00,$700.16,2,
1653,NQ 06-26,Backtest,VariableTrend,Long,1,18709.25,18752.75,10/28/2021 10:30:00 AM,10/28/2021 11:00:00 PM,Buy,Exit on session close,$864.84,$63695.52,$5.16,$0.00,$0.00,$0.00,$0.00,$275.00,$3010.00,$2145.16,12,
1654,NQ 06-26,Backtest,VariableTrend,Long,1,18762.75,18946.75,10/29/2021 5:30:00 PM,10/29/2021 11:00:00 PM,Buy,Exit on session close,$3674.84,$67370.36,$5.16,$0.00,$0.00,$0.00,$0.00,$230.00,$3695.00,$20.16,6,
1655,NQ 06-26,Backtest,VariableTrend,Short,1,18882.75,18927.00,11/1/2021 4:30:00 PM,11/1/2021 5:40:00 PM,Sell short,Close position,($890.16),$66480.20,$5.16,$0.00,$0.00,$0.00,$0.00,$975.00,$215.00,$1105.16,2,
1656,NQ 06-26,Backtest,VariableTrend,Long,1,18927.00,18901.75,11/1/2021 5:40:00 PM,11/1/2021 8:00:00 PM,Buy,Close position,($510.16),$65970.04,$5.16,$0.00,$0.00,$0.00,$0.00,$635.00,$550.00,$1060.16,3,
1657,NQ 06-26,Backtest,VariableTrend,Short,1,18901.75,18951.75,11/1/2021 8:00:00 PM,11/1/2021 9:10:00 PM,Sell short,Stop loss,($1005.16),$64964.88,$5.16,$0.00,$0.00,$0.00,$0.00,$1000.00,$600.00,$1605.16,2,
1658,NQ 06-26,Backtest,VariableTrend,Long,1,18959.25,18970.50,11/1/2021 10:00:00 PM,11/1/2021 10:00:00 PM,Buy,Exit on session close,$219.84,$65184.72,$5.16,$0.00,$0.00,$0.00,$0.00,$55.00,$315.00,$95.16,1,
1659,NQ 06-26,Backtest,VariableTrend,Short,1,19395.25,19406.25,11/8/2021 2:20:00 AM,11/8/2021 10:30:00 AM,Sell short,Close position,($225.16),$64959.56,$5.16,$0.00,$0.00,$0.00,$0.00,$495.00,$805.00,$1030.16,8,
1660,NQ 06-26,Backtest,VariableTrend,Long,1,19406.25,19405.75,11/8/2021 10:30:00 AM,11/8/2021 7:50:00 PM,Buy,Close position,($15.16),$64944.40,$5.16,$0.00,$0.00,$0.00,$0.00,$420.00,$1410.00,$1425.16,9,
1661,NQ 06-26,Backtest,VariableTrend,Short,1,19405.75,19442.25,11/8/2021 7:50:00 PM,11/8/2021 9:00:00 PM,Sell short,Close position,($735.16),$64209.24,$5.16,$0.00,$0.00,$0.00,$0.00,$845.00,$40.00,$775.16,2,
1662,NQ 06-26,Backtest,VariableTrend,Long,1,19442.25,19392.25,11/8/2021 9:00:00 PM,11/8/2021 10:10:00 PM,Buy,Stop loss,($1005.16),$63204.08,$5.16,$0.00,$0.00,$0.00,$0.00,$1000.00,$480.00,$1485.16,2,
1663,NQ 06-26,Backtest,VariableTrend,Short,1,19403.00,19405.50,11/8/2021 11:00:00 PM,11/8/2021 11:00:00 PM,Sell short,Exit on session close,($55.16),$63148.92,$5.16,$0.00,$0.00,$0.00,$0.00,$165.00,$125.00,$180.16,1,
1664,NQ 06-26,Backtest,VariableTrend,Long,1,19427.75,19377.75,11/9/2021 11:40:00 AM,11/9/2021 4:20:00 PM,Buy,Stop loss,($1005.16),$62143.76,$5.16,$0.00,$0.00,$0.00,$0.00,$1000.00,$855.00,$1860.16,5,
1665,NQ 06-26,Backtest,VariableTrend,Short,1,19336.75,19280.00,11/9/2021 5:30:00 PM,11/9/2021 11:00:00 PM,Sell short,Exit on session close,$1129.84,$63273.60,$5.16,$0.00,$0.00,$0.00,$0.00,$650.00,$1880.00,$750.16,6,
1666,NQ 06-26,Backtest,VariableTrend,Long,1,19170.00,19149.00,11/11/2021 3:10:00 PM,11/11/2021 5:30:00 PM,Buy,Close position,($425.16),$62848.44,$5.16,$0.00,$0.00,$0.00,$0.00,$920.00,$535.00,$960.16,3,
1667,NQ 06-26,Backtest,VariableTrend,Short,1,19149.00,19119.00,11/11/2021 5:30:00 PM,11/11/2021 11:00:00 PM,Sell short,Exit on session close,$594.84,$63443.28,$5.16,$0.00,$0.00,$0.00,$0.00,$615.00,$1240.00,$645.16,6,
1668,NQ 06-26,Backtest,VariableTrend,Long,1,19157.75,19145.75,11/12/2021 2:20:00 AM,11/12/2021 5:50:00 AM,Buy,Close position,($245.16),$63198.12,$5.16,$0.00,$0.00,$0.00,$0.00,$600.00,$375.00,$620.16,4,
1669,NQ 06-26,Backtest,VariableTrend,Short,1,19145.75,19165.75,11/12/2021 5:50:00 AM,11/12/2021 4:20:00 PM,Sell short,Close position,($405.16),$62792.96,$5.16,$0.00,$0.00,$0.00,$0.00,$415.00,$620.00,$1025.16,10,
1670,NQ 06-26,Backtest,VariableTrend,Long,1,19165.75,19115.75,11/12/2021 4:20:00 PM,11/12/2021 4:20:00 PM,Buy,Stop loss,($1005.16),$61787.80,$5.16,$0.00,$0.00,$0.00,$0.00,$1000.00,$0.00,$1005.16,1,
1671,NQ 06-26,Backtest,VariableTrend,Short,1,19151.25,19201.25,11/12/2021 5:30:00 PM,11/12/2021 5:30:00 PM,Sell short,Stop loss,($1005.16),$60782.64,$5.16,$0.00,$0.00,$0.00,$0.00,$1000.00,$0.00,$1005.16,1,
1672,NQ 06-26,Backtest,VariableTrend,Long,1,19264.75,19282.75,11/12/2021 6:40:00 PM,11/12/2021 11:00:00 PM,Buy,Exit on session close,$354.84,$61137.48,$5.16,$0.00,$0.00,$0.00,$0.00,$520.00,$625.00,$270.16,5,
1673,NQ 06-26,Backtest,VariableTrend,Short,1,19244.75,19272.25,11/15/2021 5:30:00 PM,11/15/2021 11:00:00 PM,Sell short,Close position,($555.16),$60582.32,$5.16,$0.00,$0.00,$0.00,$0.00,$680.00,$1595.00,$2150.16,6,
1674,NQ 06-26,Backtest,VariableTrend,Long,1,19272.25,19279.00,11/15/2021 11:00:00 PM,11/15/2021 11:00:00 PM,Buy,Exit on session close,$129.84,$60712.16,$5.16,$0.00,$0.00,$0.00,$0.00,$80.00,$195.00,$65.16,1,
1675,NQ 06-26,Backtest,VariableTrend,Short,1,19267.00,19273.50,11/16/2021 8:10:00 AM,11/16/2021 9:20:00 AM,Sell short,Close position,($135.16),$60577.00,$5.16,$0.00,$0.00,$0.00,$0.00,$210.00,$130.00,$265.16,2,
1676,NQ 06-26,Backtest,VariableTrend,Long,1,19273.50,19257.00,11/16/2021 9:20:00 AM,11/16/2021 11:40:00 AM,Buy,Close position,($335.16),$60241.84,$5.16,$0.00,$0.00,$0.00,$0.00,$490.00,$290.00,$625.16,3,
1677,NQ 06-26,Backtest,VariableTrend,Short,1,19257.00,19280.50,11/16/2021 11:40:00 AM,11/16/2021 2:00:00 PM,Sell short,Close position,($475.16),$59766.68,$5.16,$0.00,$0.00,$0.00,$0.00,$540.00,$460.00,$935.16,3,
1678,NQ 06-26,Backtest,VariableTrend,Long,1,19280.50,19268.50,11/16/2021 2:00:00 PM,11/16/2021 3:10:00 PM,Buy,Close position,($245.16),$59521.52,$5.16,$0.00,$0.00,$0.00,$0.00,$430.00,$130.00,$375.16,2,
1679,NQ 06-26,Backtest,VariableTrend,Short,1,19268.50,19318.50,11/16/2021 3:10:00 PM,11/16/2021 4:20:00 PM,Sell short,Stop loss,($1005.16),$58516.36,$5.16,$0.00,$0.00,$0.00,$0.00,$1000.00,$475.00,$1480.16,2,
1680,NQ 06-26,Backtest,VariableTrend,Long,1,19317.25,19377.00,11/16/2021 5:30:00 PM,11/16/2021 11:00:00 PM,Buy,Exit on session close,$1189.84,$59706.20,$5.16,$0.00,$0.00,$0.00,$0.00,$795.00,$1785.00,$595.16,6,
1681,NQ 06-26,Backtest,VariableTrend,Short,1,19373.00,19405.00,11/17/2021 11:00:00 PM,11/17/2021 11:00:00 PM,Sell short,Exit on session close,($645.16),$59061.04,$5.16,$0.00,$0.00,$0.00,$0.00,$650.00,$15.00,$660.16,1,
1682,NQ 06-26,Backtest,VariableTrend,Short,1,19401.75,19451.75,11/18/2021 5:30:00 PM,11/18/2021 5:30:00 PM,Sell short,Stop loss,($1005.16),$58055.88,$5.16,$0.00,$0.00,$0.00,$0.00,$1000.00,$0.00,$1005.16,1,
1683,NQ 06-26,Backtest,VariableTrend,Long,1,19468.75,19588.25,11/18/2021 6:40:00 PM,11/18/2021 11:00:00 PM,Buy,Exit on session close,$2384.84,$60440.72,$5.16,$0.00,$0.00,$0.00,$0.00,$5.00,$2440.00,$55.16,5,
1684,NQ 06-26,Backtest,VariableTrend,Short,1,19695.50,19481.25,11/22/2021 6:40:00 PM,11/22/2021 11:00:00 PM,Sell short,Exit on session close,$4279.84,$64720.56,$5.16,$0.00,$0.00,$0.00,$0.00,$470.00,$4965.00,$685.16,5,
1685,NQ 06-26,Backtest,VariableTrend,Long,1,19415.25,19399.50,11/24/2021 8:10:00 AM,11/24/2021 10:30:00 AM,Buy,Close position,($320.16),$64400.40,$5.16,$0.00,$0.00,$0.00,$0.00,$450.00,$470.00,$790.16,3,
1686,NQ 06-26,Backtest,VariableTrend,Short,1,19399.50,19396.50,11/24/2021 10:30:00 AM,11/24/2021 6:40:00 PM,Sell short,Close position,$54.84,$64455.24,$5.16,$0.00,$0.00,$0.00,$0.00,$125.00,$4295.00,$4240.16,8,
1687,NQ 06-26,Backtest,VariableTrend,Long,1,19396.50,19346.50,11/24/2021 6:40:00 PM,11/24/2021 9:00:00 PM,Buy,Stop loss,($1005.16),$63450.08,$5.16,$0.00,$0.00,$0.00,$0.00,$1000.00,$480.00,$1485.16,3,
1688,NQ 06-26,Backtest,VariableTrend,Short,1,19471.75,19492.50,11/25/2021 4:20:00 PM,11/25/2021 5:30:00 PM,Sell short,Close position,($420.16),$63029.92,$5.16,$0.00,$0.00,$0.00,$0.00,$565.00,$370.00,$790.16,2,
1689,NQ 06-26,Backtest,VariableTrend,Long,1,19492.50,19487.25,11/25/2021 5:30:00 PM,11/25/2021 7:00:00 PM,Buy,Exit on session close,($110.16),$62919.76,$5.16,$0.00,$0.00,$0.00,$0.00,$335.00,$165.00,$275.16,3,
1690,NQ 06-26,Backtest,VariableTrend,Short,1,19442.00,19126.25,11/26/2021 2:20:00 AM,11/26/2021 7:15:00 PM,Sell short,Exit on session close,$6309.84,$69229.60,$5.16,$0.00,$0.00,$0.00,$0.00,$290.00,$7425.00,$1115.16,16,
1691,NQ 06-26,Backtest,VariableTrend,Long,1,19289.75,19285.00,11/29/2021 3:30:00 AM,11/29/2021 10:30:00 AM,Buy,Close position,($100.16),$69129.44,$5.16,$0.00,$0.00,$0.00,$0.00,$465.00,$935.00,$1035.16,7,
1692,NQ 06-26,Backtest,VariableTrend,Short,1,19285.00,19289.25,11/29/2021 10:30:00 AM,11/29/2021 11:40:00 AM,Sell short,Close position,($90.16),$69039.28,$5.16,$0.00,$0.00,$0.00,$0.00,$495.00,$465.00,$555.16,2,
1693,NQ 06-26,Backtest,VariableTrend,Long,1,19289.25,19284.75,11/29/2021 11:40:00 AM,11/29/2021 12:50:00 PM,Buy,Close position,($95.16),$68944.12,$5.16,$0.00,$0.00,$0.00,$0.00,$800.00,$140.00,$235.16,2,
1694,NQ 06-26,Backtest,VariableTrend,Short,1,19284.75,19292.00,11/29/2021 12:50:00 PM,11/29/2021 2:00:00 PM,Sell short,Close position,($150.16),$68793.96,$5.16,$0.00,$0.00,$0.00,$0.00,$520.00,$80.00,$230.16,2,
1695,NQ 06-26,Backtest,VariableTrend,Long,1,19292.00,19287.50,11/29/2021 2:00:00 PM,11/29/2021 3:10:00 PM,Buy,Close position,($95.16),$68698.80,$5.16,$0.00,$0.00,$0.00,$0.00,$680.00,$25.00,$120.16,2,
1696,NQ 06-26,Backtest,VariableTrend,Short,1,19287.50,19337.50,11/29/2021 3:10:00 PM,11/29/2021 3:10:00 PM,Sell short,Stop loss,($1005.16),$67693.64,$5.16,$0.00,$0.00,$0.00,$0.00,$1000.00,$0.00,$1005.16,1,
1697,NQ 06-26,Backtest,VariableTrend,Long,1,19329.50,19496.50,11/29/2021 4:20:00 PM,11/29/2021 11:00:00 PM,Buy,Exit on session close,$3334.84,$71028.48,$5.16,$0.00,$0.00,$0.00,$0.00,$765.00,$3820.00,$485.16,7,
1698,NQ 06-26,Backtest,VariableTrend,Short,1,19389.75,19439.75,11/30/2021 8:10:00 AM,11/30/2021 3:10:00 PM,Sell short,Stop loss,($1005.16),$70023.32,$5.16,$0.00,$0.00,$0.00,$0.00,$1000.00,$1370.00,$2375.16,7,
1699,NQ 06-26,Backtest,VariableTrend,Long,1,19439.75,19389.75,11/30/2021 4:20:00 PM,11/30/2021 5:30:00 PM,Buy,Stop loss,($1005.16),$69018.16,$5.16,$0.00,$0.00,$0.00,$0.00,$1000.00,$1985.00,$2990.16,2,
1700,NQ 06-26,Backtest,VariableTrend,Short,1,19248.25,19298.25,11/30/2021 6:40:00 PM,11/30/2021 9:00:00 PM,Sell short,Stop loss,($1005.16),$68013.00,$5.16,$0.00,$0.00,$0.00,$0.00,$1000.00,$1935.00,$2940.16,3,
1701,NQ 06-26,Backtest,VariableTrend,Long,1,19381.00,19427.25,12/1/2021 4:40:00 AM,12/1/2021 5:30:00 PM,Buy,Close position,$919.84,$68932.84,$5.16,$0.00,$0.00,$0.00,$0.00,$555.00,$2105.00,$1185.16,12,
1702,NQ 06-26,Backtest,VariableTrend,Short,1,19427.25,19477.25,12/1/2021 5:30:00 PM,12/1/2021 5:30:00 PM,Sell short,Stop loss,($1005.16),$67927.68,$5.16,$0.00,$0.00,$0.00,$0.00,$1000.00,$0.00,$1005.16,1,
1703,NQ 06-26,Backtest,VariableTrend,Long,1,19489.00,19439.00,12/1/2021 6:40:00 PM,12/1/2021 6:40:00 PM,Buy,Stop loss,($1005.16),$66922.52,$5.16,$0.00,$0.00,$0.00,$0.00,$1000.00,$0.00,$1005.16,1,
1704,NQ 06-26,Backtest,VariableTrend,Short,1,19424.00,18941.50,12/1/2021 7:50:00 PM,12/1/2021 11:00:00 PM,Sell short,Exit on session close,$9644.84,$76567.36,$5.16,$0.00,$0.00,$0.00,$0.00,$135.00,$10320.00,$675.16,4,
1705,NQ 06-26,Backtest,VariableTrend,Long,1,19100.00,19050.00,12/2/2021 7:50:00 PM,12/2/2021 7:50:00 PM,Buy,Stop loss,($1005.16),$75562.20,$5.16,$0.00,$0.00,$0.00,$0.00,$1000.00,$0.00,$1005.16,1,
1706,NQ 06-26,Backtest,VariableTrend,Short,1,19025.75,19075.75,12/2/2021 9:00:00 PM,12/2/2021 9:00:00 PM,Sell short,Stop loss,($1005.16),$74557.04,$5.16,$0.00,$0.00,$0.00,$0.00,$1000.00,$0.00,$1005.16,1,
1707,NQ 06-26,Backtest,VariableTrend,Long,1,19079.75,19070.75,12/2/2021 10:10:00 PM,12/2/2021 11:00:00 PM,Buy,Close position,($185.16),$74371.88,$5.16,$0.00,$0.00,$0.00,$0.00,$985.00,$1385.00,$1570.16,2,
1708,NQ 06-26,Backtest,VariableTrend,Short,1,19070.75,19099.25,12/2/2021 11:00:00 PM,12/2/2021 11:00:00 PM,Sell short,Exit on session close,($575.16),$73796.72,$5.16,$0.00,$0.00,$0.00,$0.00,$595.00,$230.00,$805.16,1,
1709,NQ 06-26,Backtest,VariableTrend,Short,1,19015.25,19065.25,12/3/2021 2:20:00 AM,12/3/2021 5:50:00 AM,Sell short,Stop loss,($1005.16),$72791.56,$5.16,$0.00,$0.00,$0.00,$0.00,$1000.00,$1410.00,$2415.16,4,
1710,NQ 06-26,Backtest,VariableTrend,Long,1,19076.50,19056.00,12/3/2021 8:10:00 AM,12/3/2021 9:20:00 AM,Buy,Close position,($415.16),$72376.40,$5.16,$0.00,$0.00,$0.00,$0.00,$445.00,$470.00,$885.16,2,
1711,NQ 06-26,Backtest,VariableTrend,Short,1,19056.00,19106.00,12/3/2021 9:20:00 AM,12/3/2021 2:00:00 PM,Sell short,Stop loss,($1005.16),$71371.24,$5.16,$0.00,$0.00,$0.00,$0.00,$1000.00,$1215.00,$2220.16,5,
1712,NQ 06-26,Backtest,VariableTrend,Long,1,19102.00,19052.00,12/3/2021 3:10:00 PM,12/3/2021 4:20:00 PM,Buy,Stop loss,($1005.16),$70366.08,$5.16,$0.00,$0.00,$0.00,$0.00,$1000.00,$2050.00,$3055.16,2,
1713,NQ 06-26,Backtest,VariableTrend,Short,1,18871.00,18770.25,12/3/2021 5:30:00 PM,12/3/2021 11:00:00 PM,Sell short,Exit on session close,$2009.84,$72375.92,$5.16,$0.00,$0.00,$0.00,$0.00,$695.00,$5005.00,$2995.16,6,
1714,NQ 06-26,Backtest,VariableTrend,Long,1,18873.25,18932.00,12/6/2021 7:50:00 PM,12/6/2021 11:00:00 PM,Buy,Exit on session close,$1169.84,$73545.76,$5.16,$0.00,$0.00,$0.00,$0.00,$465.00,$2135.00,$965.16,4,
1715,NQ 06-26,Backtest,VariableTrend,Short,1,19377.00,19401.50,12/8/2021 5:30:00 PM,12/8/2021 6:40:00 PM,Sell short,Close position,($495.16),$73050.60,$5.16,$0.00,$0.00,$0.00,$0.00,$735.00,$790.00,$1285.16,2,
1716,NQ 06-26,Backtest,VariableTrend,Long,1,19401.50,19465.25,12/8/2021 6:40:00 PM,12/8/2021 11:00:00 PM,Buy,Exit on session close,$1269.84,$74320.44,$5.16,$0.00,$0.00,$0.00,$0.00,$600.00,$1580.00,$310.16,5,
1717,NQ 06-26,Backtest,VariableTrend,Short,1,19413.75,19463.75,12/9/2021 12:50:00 PM,12/9/2021 4:20:00 PM,Sell short,Stop loss,($1005.16),$73315.28,$5.16,$0.00,$0.00,$0.00,$0.00,$1000.00,$485.00,$1490.16,4,
1718,NQ 06-26,Backtest,VariableTrend,Long,1,19307.00,19269.50,12/10/2021 2:00:00 PM,12/10/2021 3:10:00 PM,Buy,Close position,($755.16),$72560.12,$5.16,$0.00,$0.00,$0.00,$0.00,$980.00,$95.00,$850.16,2,
1719,NQ 06-26,Backtest,VariableTrend,Short,1,19269.50,19319.50,12/10/2021 3:10:00 PM,12/10/2021 3:10:00 PM,Sell short,Stop loss,($1005.16),$71554.96,$5.16,$0.00,$0.00,$0.00,$0.00,$1000.00,$0.00,$1005.16,1,
1720,NQ 06-26,Backtest,VariableTrend,Long,1,19361.75,19311.75,12/10/2021 4:20:00 PM,12/10/2021 4:20:00 PM,Buy,Stop loss,($1005.16),$70549.80,$5.16,$0.00,$0.00,$0.00,$0.00,$1000.00,$0.00,$1005.16,1,
1721,NQ 06-26,Backtest,VariableTrend,Short,1,19295.75,19345.75,12/10/2021 6:40:00 PM,12/10/2021 6:40:00 PM,Sell short,Stop loss,($1005.16),$69544.64,$5.16,$0.00,$0.00,$0.00,$0.00,$1000.00,$0.00,$1005.16,1,
1722,NQ 06-26,Backtest,VariableTrend,Long,1,19330.75,19406.25,12/10/2021 9:00:00 PM,12/10/2021 11:00:00 PM,Buy,Exit on session close,$1504.84,$71049.48,$5.16,$0.00,$0.00,$0.00,$0.00,$475.00,$1780.00,$275.16,3,
1723,NQ 06-26,Backtest,VariableTrend,Short,1,19358.25,19174.50,12/13/2021 5:30:00 PM,12/13/2021 11:00:00 PM,Sell short,Exit on session close,$3669.84,$74719.32,$5.16,$0.00,$0.00,$0.00,$0.00,$100.00,$4245.00,$575.16,6,
1724,NQ 06-26,Backtest,VariableTrend,Long,1,19029.50,18996.25,12/15/2021 8:10:00 AM,12/15/2021 9:20:00 AM,Buy,Close position,($670.16),$74049.16,$5.16,$0.00,$0.00,$0.00,$0.00,$895.00,$225.00,$895.16,2,
1725,NQ 06-26,Backtest,VariableTrend,Short,1,18996.25,19041.75,12/15/2021 9:20:00 AM,12/15/2021 10:30:00 AM,Sell short,Close position,($915.16),$73134.00,$5.16,$0.00,$0.00,$0.00,$0.00,$920.00,$180.00,$1095.16,2,
1726,NQ 06-26,Backtest,VariableTrend,Long,1,19041.75,18991.75,12/15/2021 10:30:00 AM,12/15/2021 10:30:00 AM,Buy,Stop loss,($1005.16),$72128.84,$5.16,$0.00,$0.00,$0.00,$0.00,$1000.00,$0.00,$1005.16,1,
1727,NQ 06-26,Backtest,VariableTrend,Short,1,18944.00,18994.00,12/15/2021 11:40:00 AM,12/15/2021 2:00:00 PM,Sell short,Stop loss,($1005.16),$71123.68,$5.16,$0.00,$0.00,$0.00,$0.00,$1000.00,$120.00,$1125.16,3,
1728,NQ 06-26,Backtest,VariableTrend,Long,1,19076.75,19367.50,12/15/2021 10:10:00 PM,12/15/2021 11:00:00 PM,Buy,Exit on session close,$5809.84,$76933.52,$5.16,$0.00,$0.00,$0.00,$0.00,$120.00,$6110.00,$300.16,2,
1729,NQ 06-26,Backtest,VariableTrend,Short,1,19217.50,19267.50,12/16/2021 5:30:00 PM,12/16/2021 5:30:00 PM,Sell short,Stop loss,($1005.16),$75928.36,$5.16,$0.00,$0.00,$0.00,$0.00,$1000.00,$0.00,$1005.16,1,
1730,NQ 06-26,Backtest,VariableTrend,Long,1,19002.25,18952.25,12/17/2021 6:40:00 PM,12/17/2021 6:40:00 PM,Buy,Stop loss,($1005.16),$74923.20,$5.16,$0.00,$0.00,$0.00,$0.00,$1000.00,$0.00,$1005.16,1,
1731,NQ 06-26,Backtest,VariableTrend,Short,1,18902.50,18952.50,12/17/2021 7:50:00 PM,12/17/2021 7:50:00 PM,Sell short,Stop loss,($1005.16),$73918.04,$5.16,$0.00,$0.00,$0.00,$0.00,$1000.00,$0.00,$1005.16,1,
1732,NQ 06-26,Backtest,VariableTrend,Long,1,18957.50,18907.50,12/17/2021 9:00:00 PM,12/17/2021 10:10:00 PM,Buy,Stop loss,($1005.16),$72912.88,$5.16,$0.00,$0.00,$0.00,$0.00,$1000.00,$855.00,$1860.16,2,
1733,NQ 06-26,Backtest,VariableTrend,Short,1,18900.75,18910.75,12/17/2021 11:00:00 PM,12/17/2021 11:00:00 PM,Sell short,Exit on session close,($205.16),$72707.72,$5.16,$0.00,$0.00,$0.00,$0.00,$280.00,$40.00,$245.16,1,
1734,NQ 06-26,Backtest,VariableTrend,Long,1,18743.50,18758.25,12/20/2021 11:00:00 PM,12/20/2021 11:00:00 PM,Buy,Exit on session close,$289.84,$72997.56,$5.16,$0.00,$0.00,$0.00,$0.00,$5.00,$615.00,$325.16,1,
1735,NQ 06-26,Backtest,VariableTrend,Short,1,18786.50,18836.50,12/21/2021 5:30:00 PM,12/21/2021 6:40:00 PM,Sell short,Stop loss,($1005.16),$71992.40,$5.16,$0.00,$0.00,$0.00,$0.00,$1000.00,$1985.00,$2990.16,2,
1736,NQ 06-26,Backtest,VariableTrend,Long,1,18924.00,19056.25,12/21/2021 7:50:00 PM,12/21/2021 11:00:00 PM,Buy,Exit on session close,$2639.84,$74632.24,$5.16,$0.00,$0.00,$0.00,$0.00,$155.00,$2910.00,$270.16,4,
1737,NQ 06-26,Backtest,VariableTrend,Short,1,19574.50,19624.50,12/28/2021 5:30:00 PM,12/28/2021 5:30:00 PM,Sell short,Stop loss,($1005.16),$73627.08,$5.16,$0.00,$0.00,$0.00,$0.00,$1000.00,$0.00,$1005.16,1,
1738,NQ 06-26,Backtest,VariableTrend,Long,1,19631.25,19629.00,12/29/2021 8:10:00 AM,12/29/2021 9:20:00 AM,Buy,Close position,($50.16),$73576.92,$5.16,$0.00,$0.00,$0.00,$0.00,$260.00,$70.00,$120.16,2,
1739,NQ 06-26,Backtest,VariableTrend,Short,1,19629.00,19631.50,12/29/2021 9:20:00 AM,12/29/2021 11:40:00 AM,Sell short,Close position,($55.16),$73521.76,$5.16,$0.00,$0.00,$0.00,$0.00,$350.00,$370.00,$425.16,3,
1740,NQ 06-26,Backtest,VariableTrend,Long,1,19631.50,19624.75,12/29/2021 11:40:00 AM,12/29/2021 12:50:00 PM,Buy,Close position,($140.16),$73381.60,$5.16,$0.00,$0.00,$0.00,$0.00,$220.00,$150.00,$290.16,2,
1741,NQ 06-26,Backtest,VariableTrend,Short,1,19624.75,19563.75,12/29/2021 12:50:00 PM,12/29/2021 11:00:00 PM,Sell short,Exit on session close,$1214.84,$74596.44,$5.16,$0.00,$0.00,$0.00,$0.00,$160.00,$3100.00,$1885.16,10,
1742,NQ 06-26,Backtest,VariableTrend,Long,1,19582.75,19584.75,12/30/2021 10:30:00 AM,12/30/2021 4:20:00 PM,Buy,Close position,$34.84,$74631.28,$5.16,$0.00,$0.00,$0.00,$0.00,$70.00,$840.00,$805.16,6,
1743,NQ 06-26,Backtest,VariableTrend,Short,1,19584.75,19634.75,12/30/2021 4:20:00 PM,12/30/2021 4:20:00 PM,Sell short,Stop loss,($1005.16),$73626.12,$5.16,$0.00,$0.00,$0.00,$0.00,$1000.00,$0.00,$1005.16,1,
1744,NQ 06-26,Backtest,VariableTrend,Long,1,19637.00,19587.00,12/30/2021 5:30:00 PM,12/30/2021 9:00:00 PM,Buy,Stop loss,($1005.16),$72620.96,$5.16,$0.00,$0.00,$0.00,$0.00,$1000.00,$255.00,$1260.16,4,
1745,NQ 06-26,Backtest,VariableTrend,Short,1,19518.50,19514.00,12/30/2021 11:00:00 PM,12/30/2021 11:00:00 PM,Sell short,Exit on session close,$84.84,$72705.80,$5.16,$0.00,$0.00,$0.00,$0.00,$150.00,$230.00,$145.16,1,
1746,NQ 06-26,Backtest,VariableTrend,Long,1,19505.25,19483.25,1/3/2022 3:30:00 AM,1/3/2022 4:40:00 AM,Buy,Close position,($445.16),$72260.64,$5.16,$0.00,$0.00,$0.00,$0.00,$595.00,$30.00,$475.16,2,
1747,NQ 06-26,Backtest,VariableTrend,Short,1,19483.25,19491.00,1/3/2022 4:40:00 AM,1/3/2022 8:10:00 AM,Sell short,Close position,($160.16),$72100.48,$5.16,$0.00,$0.00,$0.00,$0.00,$345.00,$20.00,$180.16,4,
1748,NQ 06-26,Backtest,VariableTrend,Long,1,19491.00,19474.25,1/3/2022 8:10:00 AM,1/3/2022 9:20:00 AM,Buy,Close position,($340.16),$71760.32,$5.16,$0.00,$0.00,$0.00,$0.00,$505.00,$75.00,$415.16,2,
1749,NQ 06-26,Backtest,VariableTrend,Short,1,19474.25,19507.00,1/3/2022 9:20:00 AM,1/3/2022 12:50:00 PM,Sell short,Close position,($660.16),$71100.16,$5.16,$0.00,$0.00,$0.00,$0.00,$725.00,$190.00,$850.16,4,
1750,NQ 06-26,Backtest,VariableTrend,Long,1,19507.00,19457.00,1/3/2022 12:50:00 PM,1/3/2022 3:10:00 PM,Buy,Stop loss,($1005.16),$70095.00,$5.16,$0.00,$0.00,$0.00,$0.00,$1000.00,$555.00,$1560.16,3,
1751,NQ 06-26,Backtest,VariableTrend,Short,1,19474.00,19524.00,1/3/2022 4:20:00 PM,1/3/2022 4:20:00 PM,Sell short,Stop loss,($1005.16),$69089.84,$5.16,$0.00,$0.00,$0.00,$0.00,$1000.00,$0.00,$1005.16,1,
1752,NQ 06-26,Backtest,VariableTrend,Long,1,19494.25,19578.00,1/3/2022 6:40:00 PM,1/3/2022 11:00:00 PM,Buy,Exit on session close,$1669.84,$70759.68,$5.16,$0.00,$0.00,$0.00,$0.00,$770.00,$1920.00,$250.16,5,
1753,NQ 06-26,Backtest,VariableTrend,Short,1,19455.25,19343.50,1/4/2022 5:30:00 PM,1/4/2022 11:00:00 PM,Sell short,Exit on session close,$2229.84,$72989.52,$5.16,$0.00,$0.00,$0.00,$0.00,$685.00,$4670.00,$2440.16,6,
1754,NQ 06-26,Backtest,VariableTrend,Long,1,18901.00,18851.00,1/6/2022 6:40:00 PM,1/6/2022 10:10:00 PM,Buy,Stop loss,($1005.16),$71984.36,$5.16,$0.00,$0.00,$0.00,$0.00,$1000.00,$1345.00,$2350.16,4,
1755,NQ 06-26,Backtest,VariableTrend,Short,1,18861.50,18876.25,1/6/2022 11:00:00 PM,1/6/2022 11:00:00 PM,Sell short,Exit on session close,($300.16),$71684.20,$5.16,$0.00,$0.00,$0.00,$0.00,$305.00,$115.00,$415.16,1,
1756,NQ 06-26,Backtest,VariableTrend,Short,1,18881.00,18885.00,1/7/2022 4:40:00 AM,1/7/2022 5:50:00 AM,Sell short,Close position,($85.16),$71599.04,$5.16,$0.00,$0.00,$0.00,$0.00,$570.00,$255.00,$340.16,2,
1757,NQ 06-26,Backtest,VariableTrend,Long,1,18885.00,18865.25,1/7/2022 5:50:00 AM,1/7/2022 7:00:00 AM,Buy,Close position,($400.16),$71198.88,$5.16,$0.00,$0.00,$0.00,$0.00,$575.00,$90.00,$490.16,2,
1758,NQ 06-26,Backtest,VariableTrend,Short,1,18865.25,18880.50,1/7/2022 7:00:00 AM,1/7/2022 12:50:00 PM,Sell short,Close position,($310.16),$70888.72,$5.16,$0.00,$0.00,$0.00,$0.00,$550.00,$2330.00,$2640.16,6,
1759,NQ 06-26,Backtest,VariableTrend,Long,1,18880.50,18856.50,1/7/2022 12:50:00 PM,1/7/2022 3:10:00 PM,Buy,Close position,($485.16),$70403.56,$5.16,$0.00,$0.00,$0.00,$0.00,$660.00,$540.00,$1025.16,3,
1760,NQ 06-26,Backtest,VariableTrend,Short,1,18856.50,18906.50,1/7/2022 3:10:00 PM,1/7/2022 3:10:00 PM,Sell short,Stop loss,($1005.16),$69398.40,$5.16,$0.00,$0.00,$0.00,$0.00,$1000.00,$0.00,$1005.16,1,
1761,NQ 06-26,Backtest,VariableTrend,Long,1,18682.75,18697.75,1/10/2022 11:00:00 PM,1/10/2022 11:00:00 PM,Buy,Exit on session close,$294.84,$69693.24,$5.16,$0.00,$0.00,$0.00,$0.00,$105.00,$460.00,$165.16,1,
1762,NQ 06-26,Backtest,VariableTrend,Short,1,18926.00,18963.50,1/13/2022 4:40:00 AM,1/13/2022 10:30:00 AM,Sell short,Close position,($755.16),$68938.08,$5.16,$0.00,$0.00,$0.00,$0.00,$855.00,$450.00,$1205.16,6,
1763,NQ 06-26,Backtest,VariableTrend,Long,1,18963.50,18913.50,1/13/2022 10:30:00 AM,1/13/2022 4:20:00 PM,Buy,Stop loss,($1005.16),$67932.92,$5.16,$0.00,$0.00,$0.00,$0.00,$1000.00,$1505.00,$2510.16,6,
1764,NQ 06-26,Backtest,VariableTrend,Short,1,18930.75,18584.00,1/13/2022 5:30:00 PM,1/13/2022 11:00:00 PM,Sell short,Exit on session close,$6929.84,$74862.76,$5.16,$0.00,$0.00,$0.00,$0.00,$565.00,$7805.00,$875.16,6,
1765,NQ 06-26,Backtest,VariableTrend,Long,1,18673.00,18623.00,1/14/2022 5:30:00 PM,1/14/2022 5:30:00 PM,Buy,Stop loss,($1005.16),$73857.60,$5.16,$0.00,$0.00,$0.00,$0.00,$1000.00,$0.00,$1005.16,1,
1766,NQ 06-26,Backtest,VariableTrend,Short,1,18553.00,18603.00,1/14/2022 6:40:00 PM,1/14/2022 6:40:00 PM,Sell short,Stop loss,($1005.16),$72852.44,$5.16,$0.00,$0.00,$0.00,$0.00,$1000.00,$0.00,$1005.16,1,
1767,NQ 06-26,Backtest,VariableTrend,Long,1,18675.00,18699.00,1/14/2022 11:00:00 PM,1/14/2022 11:00:00 PM,Buy,Exit on session close,$474.84,$73327.28,$5.16,$0.00,$0.00,$0.00,$0.00,$30.00,$565.00,$90.16,1,
1768,NQ 06-26,Backtest,VariableTrend,Short,1,18625.25,18633.00,1/17/2022 3:30:00 AM,1/17/2022 5:50:00 AM,Sell short,Close position,($160.16),$73167.12,$5.16,$0.00,$0.00,$0.00,$0.00,$235.00,$715.00,$875.16,3,
1769,NQ 06-26,Backtest,VariableTrend,Long,1,18633.00,18619.50,1/17/2022 5:50:00 AM,1/17/2022 7:00:00 AM,Buy,Close position,($275.16),$72891.96,$5.16,$0.00,$0.00,$0.00,$0.00,$475.00,$125.00,$400.16,2,
1770,NQ 06-26,Backtest,VariableTrend,Short,1,18619.50,18640.25,1/17/2022 7:00:00 AM,1/17/2022 9:20:00 AM,Sell short,Close position,($420.16),$72471.80,$5.16,$0.00,$0.00,$0.00,$0.00,$540.00,$435.00,$855.16,3,
1771,NQ 06-26,Backtest,VariableTrend,Long,1,18640.25,18638.75,1/17/2022 9:20:00 AM,1/17/2022 7:00:00 PM,Buy,Close position,($35.16),$72436.64,$5.16,$0.00,$0.00,$0.00,$0.00,$520.00,$1565.00,$1600.16,10,
1772,NQ 06-26,Backtest,VariableTrend,Short,1,18638.75,18641.50,1/17/2022 7:00:00 PM,1/17/2022 7:00:00 PM,Sell short,Exit on session close,($60.16),$72376.48,$5.16,$0.00,$0.00,$0.00,$0.00,$90.00,$260.00,$320.16,1,
1773,NQ 06-26,Backtest,VariableTrend,Long,1,18668.25,18618.25,1/18/2022 2:20:00 AM,1/18/2022 4:40:00 AM,Buy,Stop loss,($1005.16),$71371.32,$5.16,$0.00,$0.00,$0.00,$0.00,$1000.00,$345.00,$1350.16,3,
1774,NQ 06-26,Backtest,VariableTrend,Short,1,18592.25,18321.75,1/18/2022 5:50:00 AM,1/18/2022 11:00:00 PM,Sell short,Exit on session close,$5404.84,$76776.16,$5.16,$0.00,$0.00,$0.00,$0.00,$25.00,$6785.00,$1380.16,16,
1775,NQ 06-26,Backtest,VariableTrend,Long,1,18322.50,18272.50,1/19/2022 12:50:00 PM,1/19/2022 5:30:00 PM,Buy,Stop loss,($1005.16),$75771.00,$5.16,$0.00,$0.00,$0.00,$0.00,$1000.00,$2635.00,$3640.16,5,
1776,NQ 06-26,Backtest,VariableTrend,Short,1,18231.25,18281.25,1/19/2022 6:40:00 PM,1/19/2022 6:40:00 PM,Sell short,Stop loss,($1005.16),$74765.84,$5.16,$0.00,$0.00,$0.00,$0.00,$1000.00,$0.00,$1005.16,1,
1777,NQ 06-26,Backtest,VariableTrend,Long,1,18357.50,18326.00,1/19/2022 7:50:00 PM,1/19/2022 9:00:00 PM,Buy,Close position,($635.16),$74130.68,$5.16,$0.00,$0.00,$0.00,$0.00,$780.00,$840.00,$1475.16,2,
1778,NQ 06-26,Backtest,VariableTrend,Short,1,18326.00,18119.25,1/19/2022 9:00:00 PM,1/19/2022 11:00:00 PM,Sell short,Exit on session close,$4129.84,$78260.52,$5.16,$0.00,$0.00,$0.00,$0.00,$575.00,$4650.00,$520.16,3,
1779,NQ 06-26,Backtest,VariableTrend,Long,1,18242.00,18228.25,1/20/2022 2:00:00 PM,1/20/2022 3:10:00 PM,Buy,Close position,($280.16),$77980.36,$5.16,$0.00,$0.00,$0.00,$0.00,$865.00,$300.00,$580.16,2,
1780,NQ 06-26,Backtest,VariableTrend,Short,1,18228.25,18278.25,1/20/2022 3:10:00 PM,1/20/2022 3:10:00 PM,Sell short,Stop loss,($1005.16),$76975.20,$5.16,$0.00,$0.00,$0.00,$0.00,$1000.00,$0.00,$1005.16,1,
1781,NQ 06-26,Backtest,VariableTrend,Long,1,18267.00,18217.00,1/20/2022 4:20:00 PM,1/20/2022 9:00:00 PM,Buy,Stop loss,($1005.16),$75970.04,$5.16,$0.00,$0.00,$0.00,$0.00,$1000.00,$3110.00,$4115.16,5,
1782,NQ 06-26,Backtest,VariableTrend,Short,1,18165.75,17808.00,1/20/2022 10:10:00 PM,1/20/2022 11:00:00 PM,Sell short,Exit on session close,$7149.84,$83119.88,$5.16,$0.00,$0.00,$0.00,$0.00,$595.00,$8735.00,$1585.16,2,
1783,NQ 06-26,Backtest,VariableTrend,Long,1,17913.00,17863.00,1/21/2022 6:40:00 PM,1/21/2022 6:40:00 PM,Buy,Stop loss,($1005.16),$82114.72,$5.16,$0.00,$0.00,$0.00,$0.00,$1000.00,$0.00,$1005.16,1,
1784,NQ 06-26,Backtest,VariableTrend,Short,1,17720.75,17770.75,1/21/2022 7:50:00 PM,1/21/2022 7:50:00 PM,Sell short,Stop loss,($1005.16),$81109.56,$5.16,$0.00,$0.00,$0.00,$0.00,$1000.00,$0.00,$1005.16,1,
1785,NQ 06-26,Backtest,VariableTrend,Long,1,17549.75,17585.00,1/24/2022 11:00:00 PM,1/24/2022 11:00:00 PM,Buy,Exit on session close,$699.84,$81809.40,$5.16,$0.00,$0.00,$0.00,$0.00,$130.00,$1145.00,$445.16,1,
1786,NQ 06-26,Backtest,VariableTrend,Short,1,17384.25,17434.25,1/25/2022 4:40:00 AM,1/25/2022 7:00:00 AM,Sell short,Stop loss,($1005.16),$80804.24,$5.16,$0.00,$0.00,$0.00,$0.00,$1000.00,$1850.00,$2855.16,3,
1787,NQ 06-26,Backtest,VariableTrend,Long,1,17394.25,17344.25,1/25/2022 8:10:00 AM,1/25/2022 8:10:00 AM,Buy,Stop loss,($1005.16),$79799.08,$5.16,$0.00,$0.00,$0.00,$0.00,$1000.00,$0.00,$1005.16,1,
1788,NQ 06-26,Backtest,VariableTrend,Short,1,17315.00,17365.00,1/25/2022 9:20:00 AM,1/25/2022 9:20:00 AM,Sell short,Stop loss,($1005.16),$78793.92,$5.16,$0.00,$0.00,$0.00,$0.00,$1000.00,$0.00,$1005.16,1,
1789,NQ 06-26,Backtest,VariableTrend,Long,1,17407.25,17357.25,1/25/2022 11:40:00 AM,1/25/2022 12:50:00 PM,Buy,Stop loss,($1005.16),$77788.76,$5.16,$0.00,$0.00,$0.00,$0.00,$1000.00,$1070.00,$2075.16,2,
1790,NQ 06-26,Backtest,VariableTrend,Short,1,17311.00,17361.00,1/25/2022 2:00:00 PM,1/25/2022 4:20:00 PM,Sell short,Stop loss,($1005.16),$76783.60,$5.16,$0.00,$0.00,$0.00,$0.00,$1000.00,$2005.00,$3010.16,3,
1791,NQ 06-26,Backtest,VariableTrend,Long,1,17471.50,17421.50,1/25/2022 10:10:00 PM,1/25/2022 10:10:00 PM,Buy,Stop loss,($1005.16),$75778.44,$5.16,$0.00,$0.00,$0.00,$0.00,$1000.00,$0.00,$1005.16,1,
1792,NQ 06-26,Backtest,VariableTrend,Short,1,17134.00,17004.50,1/25/2022 11:00:00 PM,1/25/2022 11:00:00 PM,Sell short,Exit on session close,$2584.84,$78363.28,$5.16,$0.00,$0.00,$0.00,$0.00,$580.00,$3235.00,$650.16,1,
1793,NQ 06-26,Backtest,VariableTrend,Long,1,17309.25,17276.25,1/26/2022 5:50:00 AM,1/26/2022 9:20:00 AM,Buy,Close position,($665.16),$77698.12,$5.16,$0.00,$0.00,$0.00,$0.00,$925.00,$400.00,$1065.16,4,
1794,NQ 06-26,Backtest,VariableTrend,Short,1,17276.25,17326.25,1/26/2022 9:20:00 AM,1/26/2022 9:20:00 AM,Sell short,Stop loss,($1005.16),$76692.96,$5.16,$0.00,$0.00,$0.00,$0.00,$1000.00,$0.00,$1005.16,1,
1795,NQ 06-26,Backtest,VariableTrend,Long,1,17355.25,17305.25,1/26/2022 10:30:00 AM,1/26/2022 9:00:00 PM,Buy,Stop loss,($1005.16),$75687.80,$5.16,$0.00,$0.00,$0.00,$0.00,$1000.00,$5510.00,$6515.16,10,
1796,NQ 06-26,Backtest,VariableTrend,Short,1,17344.25,17233.00,1/26/2022 10:10:00 PM,1/26/2022 11:00:00 PM,Sell short,Exit on session close,$2219.84,$77907.64,$5.16,$0.00,$0.00,$0.00,$0.00,$0.00,$5715.00,$3495.16,2,
1797,NQ 06-26,Backtest,VariableTrend,Long,1,17259.25,17209.25,1/27/2022 11:40:00 AM,1/27/2022 12:50:00 PM,Buy,Stop loss,($1005.16),$76902.48,$5.16,$0.00,$0.00,$0.00,$0.00,$1000.00,$1355.00,$2360.16,2,
1798,NQ 06-26,Backtest,VariableTrend,Short,1,17202.25,17252.25,1/27/2022 7:50:00 PM,1/27/2022 7:50:00 PM,Sell short,Stop loss,($1005.16),$75897.32,$5.16,$0.00,$0.00,$0.00,$0.00,$1000.00,$0.00,$1005.16,1,
1799,NQ 06-26,Backtest,VariableTrend,Long,1,17299.75,17249.75,1/28/2022 6:40:00 PM,1/28/2022 9:00:00 PM,Buy,Stop loss,($1005.16),$74892.16,$5.16,$0.00,$0.00,$0.00,$0.00,$1000.00,$1890.00,$2895.16,3,
1800,NQ 06-26,Backtest,VariableTrend,Short,1,17862.25,17912.25,2/1/2022 5:30:00 PM,2/1/2022 5:30:00 PM,Sell short,Stop loss,($1005.16),$73887.00,$5.16,$0.00,$0.00,$0.00,$0.00,$1000.00,$0.00,$1005.16,1,
1801,NQ 06-26,Backtest,VariableTrend,Long,1,17972.75,17922.75,2/1/2022 6:40:00 PM,2/1/2022 6:40:00 PM,Buy,Stop loss,($1005.16),$72881.84,$5.16,$0.00,$0.00,$0.00,$0.00,$1000.00,$0.00,$1005.16,1,
1802,NQ 06-26,Backtest,VariableTrend,Short,1,18184.00,18234.00,2/2/2022 5:30:00 PM,2/2/2022 10:10:00 PM,Sell short,Stop loss,($1005.16),$71876.68,$5.16,$0.00,$0.00,$0.00,$0.00,$1000.00,$3205.00,$4210.16,5,
1803,NQ 06-26,Backtest,VariableTrend,Short,1,17861.75,17886.25,2/4/2022 2:20:00 AM,2/4/2022 8:10:00 AM,Sell short,Close position,($495.16),$71381.52,$5.16,$0.00,$0.00,$0.00,$0.00,$590.00,$1590.00,$2085.16,6,
1804,NQ 06-26,Backtest,VariableTrend,Long,1,17886.25,17836.25,2/4/2022 8:10:00 AM,2/4/2022 9:20:00 AM,Buy,Stop loss,($1005.16),$70376.36,$5.16,$0.00,$0.00,$0.00,$0.00,$1000.00,$435.00,$1440.16,2,
1805,NQ 06-26,Backtest,VariableTrend,Short,1,17843.25,17813.00,2/4/2022 10:30:00 AM,2/4/2022 9:00:00 PM,Sell short,Close position,$599.84,$70976.20,$5.16,$0.00,$0.00,$0.00,$0.00,$65.00,$7965.00,$7365.16,10,
1806,NQ 06-26,Backtest,VariableTrend,Long,1,17813.00,17763.00,2/4/2022 9:00:00 PM,2/4/2022 10:10:00 PM,Buy,Stop loss,($1005.16),$69971.04,$5.16,$0.00,$0.00,$0.00,$0.00,$1000.00,$735.00,$1740.16,2,
1807,NQ 06-26,Backtest,VariableTrend,Short,1,17723.75,17727.25,2/4/2022 11:00:00 PM,2/4/2022 11:00:00 PM,Sell short,Exit on session close,($75.16),$69895.88,$5.16,$0.00,$0.00,$0.00,$0.00,$370.00,$280.00,$355.16,1,
1808,NQ 06-26,Backtest,VariableTrend,Long,1,17784.00,17734.00,2/7/2022 7:00:00 AM,2/7/2022 9:20:00 AM,Buy,Stop loss,($1005.16),$68890.72,$5.16,$0.00,$0.00,$0.00,$0.00,$1000.00,$690.00,$1695.16,3,
1809,NQ 06-26,Backtest,VariableTrend,Short,1,17726.75,17776.75,2/7/2022 10:30:00 AM,2/7/2022 2:00:00 PM,Sell short,Stop loss,($1005.16),$67885.56,$5.16,$0.00,$0.00,$0.00,$0.00,$1000.00,$555.00,$1560.16,4,
1810,NQ 06-26,Backtest,VariableTrend,Long,1,17807.00,17757.00,2/7/2022 3:10:00 PM,2/7/2022 4:20:00 PM,Buy,Stop loss,($1005.16),$66880.40,$5.16,$0.00,$0.00,$0.00,$0.00,$1000.00,$685.00,$1690.16,2,
1811,NQ 06-26,Backtest,VariableTrend,Short,1,17751.75,17801.75,2/7/2022 6:40:00 PM,2/7/2022 10:10:00 PM,Sell short,Stop loss,($1005.16),$65875.24,$5.16,$0.00,$0.00,$0.00,$0.00,$1000.00,$2280.00,$3285.16,4,
1812,NQ 06-26,Backtest,VariableTrend,Long,1,17748.00,17698.00,2/8/2022 6:40:00 PM,2/8/2022 10:10:00 PM,Buy,Stop loss,($1005.16),$64870.08,$5.16,$0.00,$0.00,$0.00,$0.00,$1000.00,$1860.00,$2865.16,4,
1813,NQ 06-26,Backtest,VariableTrend,Short,1,17821.25,17871.25,2/10/2022 4:20:00 PM,2/10/2022 4:20:00 PM,Sell short,Stop loss,($1005.16),$63864.92,$5.16,$0.00,$0.00,$0.00,$0.00,$1000.00,$0.00,$1005.16,1,
1814,NQ 06-26,Backtest,VariableTrend,Long,1,18043.50,17993.50,2/10/2022 7:50:00 PM,2/10/2022 7:50:00 PM,Buy,Stop loss,($1005.16),$62859.76,$5.16,$0.00,$0.00,$0.00,$0.00,$1000.00,$0.00,$1005.16,1,
1815,NQ 06-26,Backtest,VariableTrend,Short,1,17864.75,17777.75,2/10/2022 9:00:00 PM,2/10/2022 11:00:00 PM,Sell short,Exit on session close,$1734.84,$64594.60,$5.16,$0.00,$0.00,$0.00,$0.00,$845.00,$3210.00,$1475.16,3,
1816,NQ 06-26,Backtest,VariableTrend,Long,1,17792.25,17742.25,2/11/2022 4:20:00 PM,2/11/2022 4:20:00 PM,Buy,Stop loss,($1005.16),$63589.44,$5.16,$0.00,$0.00,$0.00,$0.00,$1000.00,$0.00,$1005.16,1,
1817,NQ 06-26,Backtest,VariableTrend,Short,1,17703.00,17753.00,2/11/2022 5:30:00 PM,2/11/2022 5:30:00 PM,Sell short,Stop loss,($1005.16),$62584.28,$5.16,$0.00,$0.00,$0.00,$0.00,$1000.00,$0.00,$1005.16,1,
1818,NQ 06-26,Backtest,VariableTrend,Long,1,17441.00,17391.00,2/14/2022 6:40:00 PM,2/14/2022 7:50:00 PM,Buy,Stop loss,($1005.16),$61579.12,$5.16,$0.00,$0.00,$0.00,$0.00,$1000.00,$705.00,$1710.16,2,
1819,NQ 06-26,Backtest,VariableTrend,Short,1,17333.75,17343.00,2/14/2022 9:00:00 PM,2/14/2022 11:00:00 PM,Sell short,Exit on session close,($190.16),$61388.96,$5.16,$0.00,$0.00,$0.00,$0.00,$855.00,$2990.00,$3180.16,3,
1820,NQ 06-26,Backtest,VariableTrend,Long,1,17391.75,17341.75,2/15/2022 2:20:00 AM,2/15/2022 2:20:00 AM,Buy,Stop loss,($1005.16),$60383.80,$5.16,$0.00,$0.00,$0.00,$0.00,$1000.00,$0.00,$1005.16,1,
1821,NQ 06-26,Backtest,VariableTrend,Short,1,17363.00,17373.25,2/15/2022 7:00:00 AM,2/15/2022 9:20:00 AM,Sell short,Close position,($210.16),$60173.64,$5.16,$0.00,$0.00,$0.00,$0.00,$320.00,$1150.00,$1360.16,3,
1822,NQ 06-26,Backtest,VariableTrend,Long,1,17373.25,17323.25,2/15/2022 9:20:00 AM,2/15/2022 9:20:00 AM,Buy,Stop loss,($1005.16),$59168.48,$5.16,$0.00,$0.00,$0.00,$0.00,$1000.00,$0.00,$1005.16,1,
1823,NQ 06-26,Backtest,VariableTrend,Short,1,17594.25,17644.25,2/16/2022 4:20:00 PM,2/16/2022 9:00:00 PM,Sell short,Stop loss,($1005.16),$58163.32,$5.16,$0.00,$0.00,$0.00,$0.00,$1000.00,$2620.00,$3625.16,5,
1824,NQ 06-26,Backtest,VariableTrend,Long,1,17669.25,17674.75,2/16/2022 10:10:00 PM,2/16/2022 11:00:00 PM,Buy,Exit on session close,$104.84,$58268.16,$5.16,$0.00,$0.00,$0.00,$0.00,$515.00,$1160.00,$1055.16,2,
1825,NQ 06-26,Backtest,VariableTrend,Short,1,17575.00,17602.75,2/17/2022 7:00:00 AM,2/17/2022 8:10:00 AM,Sell short,Close position,($560.16),$57708.00,$5.16,$0.00,$0.00,$0.00,$0.00,$895.00,$340.00,$900.16,2,
1826,NQ 06-26,Backtest,VariableTrend,Long,1,17602.75,17552.75,2/17/2022 8:10:00 AM,2/17/2022 10:30:00 AM,Buy,Stop loss,($1005.16),$56702.84,$5.16,$0.00,$0.00,$0.00,$0.00,$1000.00,$1275.00,$2280.16,3,
1827,NQ 06-26,Backtest,VariableTrend,Short,1,17592.00,17629.00,2/17/2022 11:40:00 AM,2/17/2022 3:10:00 PM,Sell short,Close position,($745.16),$55957.68,$5.16,$0.00,$0.00,$0.00,$0.00,$925.00,$670.00,$1415.16,4,
1828,NQ 06-26,Backtest,VariableTrend,Long,1,17629.00,17579.00,2/17/2022 3:10:00 PM,2/17/2022 3:10:00 PM,Buy,Stop loss,($1005.16),$54952.52,$5.16,$0.00,$0.00,$0.00,$0.00,$1000.00,$0.00,$1005.16,1,
1829,NQ 06-26,Backtest,VariableTrend,Short,1,17562.50,17239.00,2/17/2022 4:20:00 PM,2/17/2022 11:00:00 PM,Sell short,Exit on session close,$6464.84,$61417.36,$5.16,$0.00,$0.00,$0.00,$0.00,$460.00,$6975.00,$510.16,7,
1830,NQ 06-26,Backtest,VariableTrend,Long,1,17215.25,17165.25,2/21/2022 9:20:00 AM,2/21/2022 9:20:00 AM,Buy,Stop loss,($1005.16),$60412.20,$5.16,$0.00,$0.00,$0.00,$0.00,$1000.00,$0.00,$1005.16,1,
1831,NQ 06-26,Backtest,VariableTrend,Short,1,17178.50,16817.75,2/21/2022 10:30:00 AM,2/21/2022 7:00:00 PM,Sell short,Exit on session close,$7209.84,$67622.04,$5.16,$0.00,$0.00,$0.00,$0.00,$245.00,$7600.00,$390.16,9,
1832,NQ 06-26,Backtest,VariableTrend,Long,1,17010.50,16960.50,2/22/2022 12:50:00 PM,2/22/2022 12:50:00 PM,Buy,Stop loss,($1005.16),$66616.88,$5.16,$0.00,$0.00,$0.00,$0.00,$1000.00,$0.00,$1005.16,1,
1833,NQ 06-26,Backtest,VariableTrend,Short,1,16933.00,16983.00,2/22/2022 7:50:00 PM,2/22/2022 9:00:00 PM,Sell short,Stop loss,($1005.16),$65611.72,$5.16,$0.00,$0.00,$0.00,$0.00,$1000.00,$1605.00,$2610.16,2,
1834,NQ 06-26,Backtest,VariableTrend,Long,1,17008.75,16958.75,2/22/2022 10:10:00 PM,2/22/2022 10:10:00 PM,Buy,Stop loss,($1005.16),$64606.56,$5.16,$0.00,$0.00,$0.00,$0.00,$1000.00,$0.00,$1005.16,1,
1835,NQ 06-26,Backtest,VariableTrend,Short,1,16928.00,16569.75,2/23/2022 5:30:00 PM,2/23/2022 11:00:00 PM,Sell short,Exit on session close,$7159.84,$71766.40,$5.16,$0.00,$0.00,$0.00,$0.00,$640.00,$7490.00,$330.16,6,
1836,NQ 06-26,Backtest,VariableTrend,Long,1,16525.00,16475.00,2/24/2022 5:30:00 PM,2/24/2022 5:30:00 PM,Buy,Stop loss,($1005.16),$70761.24,$5.16,$0.00,$0.00,$0.00,$0.00,$1000.00,$0.00,$1005.16,1,
1837,NQ 06-26,Backtest,VariableTrend,Short,1,16927.75,16977.75,2/28/2022 2:20:00 AM,2/28/2022 2:20:00 AM,Sell short,Stop loss,($1005.16),$69756.08,$5.16,$0.00,$0.00,$0.00,$0.00,$1000.00,$0.00,$1005.16,1,
1838,NQ 06-26,Backtest,VariableTrend,Long,1,17049.25,16999.25,2/28/2022 10:30:00 AM,2/28/2022 10:30:00 AM,Buy,Stop loss,($1005.16),$68750.92,$5.16,$0.00,$0.00,$0.00,$0.00,$1000.00,$0.00,$1005.16,1,
1839,NQ 06-26,Backtest,VariableTrend,Short,1,17217.50,17267.50,3/1/2022 11:40:00 AM,3/1/2022 3:10:00 PM,Sell short,Stop loss,($1005.16),$67745.76,$5.16,$0.00,$0.00,$0.00,$0.00,$1000.00,$1300.00,$2305.16,4,
1840,NQ 06-26,Backtest,VariableTrend,Long,1,17260.75,17210.75,3/1/2022 4:20:00 PM,3/1/2022 6:40:00 PM,Buy,Stop loss,($1005.16),$66740.60,$5.16,$0.00,$0.00,$0.00,$0.00,$1000.00,$1890.00,$2895.16,3,
1841,NQ 06-26,Backtest,VariableTrend,Short,1,17124.50,17174.50,3/1/2022 7:50:00 PM,3/1/2022 7:50:00 PM,Sell short,Stop loss,($1005.16),$65735.44,$5.16,$0.00,$0.00,$0.00,$0.00,$1000.00,$0.00,$1005.16,1,
1842,NQ 06-26,Backtest,VariableTrend,Long,1,17186.25,17136.25,3/2/2022 12:50:00 PM,3/2/2022 3:10:00 PM,Buy,Stop loss,($1005.16),$64730.28,$5.16,$0.00,$0.00,$0.00,$0.00,$1000.00,$760.00,$1765.16,3,
1843,NQ 06-26,Backtest,VariableTrend,Short,1,17133.50,17183.50,3/2/2022 4:20:00 PM,3/2/2022 4:20:00 PM,Sell short,Stop loss,($1005.16),$63725.12,$5.16,$0.00,$0.00,$0.00,$0.00,$1000.00,$0.00,$1005.16,1,
1844,NQ 06-26,Backtest,VariableTrend,Long,1,17249.00,17279.00,3/2/2022 6:40:00 PM,3/2/2022 11:00:00 PM,Buy,Exit on session close,$594.84,$64319.96,$5.16,$0.00,$0.00,$0.00,$0.00,$520.00,$2465.00,$1870.16,5,
1845,NQ 06-26,Backtest,VariableTrend,Short,1,17263.00,17140.75,3/3/2022 5:30:00 PM,3/3/2022 11:00:00 PM,Sell short,Exit on session close,$2439.84,$66759.80,$5.16,$0.00,$0.00,$0.00,$0.00,$670.00,$4515.00,$2075.16,6,
1846,NQ 06-26,Backtest,VariableTrend,Long,1,16904.50,16854.50,3/7/2022 4:20:00 PM,3/7/2022 4:20:00 PM,Buy,Stop loss,($1005.16),$65754.64,$5.16,$0.00,$0.00,$0.00,$0.00,$1000.00,$0.00,$1005.16,1,
1847,NQ 06-26,Backtest,VariableTrend,Short,1,16693.00,16352.25,3/7/2022 5:30:00 PM,3/7/2022 11:00:00 PM,Sell short,Exit on session close,$6809.84,$72564.48,$5.16,$0.00,$0.00,$0.00,$0.00,$655.00,$6915.00,$105.16,6,
1848,NQ 06-26,Backtest,VariableTrend,Long,1,16673.25,16623.25,3/8/2022 7:50:00 PM,3/8/2022 7:50:00 PM,Buy,Stop loss,($1005.16),$71559.32,$5.16,$0.00,$0.00,$0.00,$0.00,$1000.00,$0.00,$1005.16,1,
1849,NQ 06-26,Backtest,VariableTrend,Short,1,16503.75,16553.75,3/8/2022 10:10:00 PM,3/8/2022 10:10:00 PM,Sell short,Stop loss,($1005.16),$70554.16,$5.16,$0.00,$0.00,$0.00,$0.00,$1000.00,$0.00,$1005.16,1,
1850,NQ 06-26,Backtest,VariableTrend,Long,1,16477.00,16856.25,3/9/2022 10:30:00 AM,3/9/2022 11:00:00 PM,Buy,Exit on session close,$7579.84,$78134.00,$5.16,$0.00,$0.00,$0.00,$0.00,$645.00,$8540.00,$960.16,12,
1851,NQ 06-26,Backtest,VariableTrend,Short,1,16690.50,16687.50,3/10/2022 12:50:00 PM,3/10/2022 5:30:00 PM,Sell short,Close position,$54.84,$78188.84,$5.16,$0.00,$0.00,$0.00,$0.00,$420.00,$2380.00,$2325.16,5,
1852,NQ 06-26,Backtest,VariableTrend,Long,1,16687.50,16637.50,3/10/2022 5:30:00 PM,3/10/2022 5:30:00 PM,Buy,Stop loss,($1005.16),$77183.68,$5.16,$0.00,$0.00,$0.00,$0.00,$1000.00,$0.00,$1005.16,1,
1853,NQ 06-26,Backtest,VariableTrend,Short,1,16494.00,16544.00,3/10/2022 6:40:00 PM,3/10/2022 6:40:00 PM,Sell short,Stop loss,($1005.16),$76178.52,$5.16,$0.00,$0.00,$0.00,$0.00,$1000.00,$0.00,$1005.16,1,
1854,NQ 06-26,Backtest,VariableTrend,Long,1,16705.50,16655.50,3/10/2022 10:10:00 PM,3/10/2022 10:10:00 PM,Buy,Stop loss,($1005.16),$75173.36,$5.16,$0.00,$0.00,$0.00,$0.00,$1000.00,$0.00,$1005.16,1,
1855,NQ 06-26,Backtest,VariableTrend,Short,1,16626.75,16676.75,3/11/2022 3:30:00 AM,3/11/2022 8:10:00 AM,Sell short,Stop loss,($1005.16),$74168.20,$5.16,$0.00,$0.00,$0.00,$0.00,$1000.00,$1780.00,$2785.16,5,
1856,NQ 06-26,Backtest,VariableTrend,Long,1,16728.50,16678.50,3/11/2022 9:20:00 AM,3/11/2022 9:20:00 AM,Buy,Stop loss,($1005.16),$73163.04,$5.16,$0.00,$0.00,$0.00,$0.00,$1000.00,$0.00,$1005.16,1,
1857,NQ 06-26,Backtest,VariableTrend,Short,1,16629.50,16679.50,3/11/2022 10:30:00 AM,3/11/2022 10:30:00 AM,Sell short,Stop loss,($1005.16),$72157.88,$5.16,$0.00,$0.00,$0.00,$0.00,$1000.00,$0.00,$1005.16,1,
1858,NQ 06-26,Backtest,VariableTrend,Long,1,16704.25,16654.25,3/11/2022 11:40:00 AM,3/11/2022 4:20:00 PM,Buy,Stop loss,($1005.16),$71152.72,$5.16,$0.00,$0.00,$0.00,$0.00,$1000.00,$4800.00,$5805.16,5,
1859,NQ 06-26,Backtest,VariableTrend,Short,1,16607.25,16657.25,3/11/2022 5:30:00 PM,3/11/2022 5:30:00 PM,Sell short,Stop loss,($1005.16),$70147.56,$5.16,$0.00,$0.00,$0.00,$0.00,$1000.00,$0.00,$1005.16,1,
1860,NQ 06-26,Backtest,VariableTrend,Long,1,16289.25,16529.50,3/15/2022 4:30:00 PM,3/15/2022 10:00:00 PM,Buy,Exit on session close,$4799.84,$74947.40,$5.16,$0.00,$0.00,$0.00,$0.00,$140.00,$5670.00,$870.16,6,
1861,NQ 06-26,Backtest,VariableTrend,Short,1,17353.50,17403.50,3/21/2022 4:30:00 PM,3/21/2022 4:30:00 PM,Sell short,Stop loss,($1005.16),$73942.24,$5.16,$0.00,$0.00,$0.00,$0.00,$1000.00,$0.00,$1005.16,1,
1862,NQ 06-26,Backtest,VariableTrend,Long,1,17518.50,17468.50,3/21/2022 5:40:00 PM,3/21/2022 5:40:00 PM,Buy,Stop loss,($1005.16),$72937.08,$5.16,$0.00,$0.00,$0.00,$0.00,$1000.00,$0.00,$1005.16,1,
1863,NQ 06-26,Backtest,VariableTrend,Short,1,17397.50,17447.50,3/21/2022 6:50:00 PM,3/21/2022 9:10:00 PM,Sell short,Stop loss,($1005.16),$71931.92,$5.16,$0.00,$0.00,$0.00,$0.00,$1000.00,$2550.00,$3555.16,3,
1864,NQ 06-26,Backtest,VariableTrend,Long,1,17469.75,17481.00,3/21/2022 10:00:00 PM,3/21/2022 10:00:00 PM,Buy,Exit on session close,$219.84,$72151.76,$5.16,$0.00,$0.00,$0.00,$0.00,$15.00,$310.00,$90.16,1,
1865,NQ 06-26,Backtest,VariableTrend,Short,1,17403.25,17413.75,3/22/2022 3:40:00 AM,3/22/2022 4:50:00 AM,Sell short,Close position,($215.16),$71936.60,$5.16,$0.00,$0.00,$0.00,$0.00,$220.00,$265.00,$480.16,2,
1866,NQ 06-26,Backtest,VariableTrend,Long,1,17413.75,17401.75,3/22/2022 4:50:00 AM,3/22/2022 7:10:00 AM,Buy,Close position,($245.16),$71691.44,$5.16,$0.00,$0.00,$0.00,$0.00,$430.00,$405.00,$650.16,3,
1867,NQ 06-26,Backtest,VariableTrend,Short,1,17401.75,17423.25,3/22/2022 7:10:00 AM,3/22/2022 8:20:00 AM,Sell short,Close position,($435.16),$71256.28,$5.16,$0.00,$0.00,$0.00,$0.00,$615.00,$290.00,$725.16,2,
1868,NQ 06-26,Backtest,VariableTrend,Long,1,17423.25,17740.75,3/22/2022 8:20:00 AM,3/22/2022 10:00:00 PM,Buy,Exit on session close,$6344.84,$77601.12,$5.16,$0.00,$0.00,$0.00,$0.00,$260.00,$7075.00,$730.16,13,
1869,NQ 06-26,Backtest,VariableTrend,Short,1,17655.25,17668.00,3/23/2022 1:00:00 PM,3/23/2022 4:30:00 PM,Sell short,Close position,($260.16),$77340.96,$5.16,$0.00,$0.00,$0.00,$0.00,$530.00,$2165.00,$2425.16,4,
1870,NQ 06-26,Backtest,VariableTrend,Long,1,17668.00,17618.00,3/23/2022 4:30:00 PM,3/23/2022 4:30:00 PM,Buy,Stop loss,($1005.16),$76335.80,$5.16,$0.00,$0.00,$0.00,$0.00,$1000.00,$0.00,$1005.16,1,
1871,NQ 06-26,Backtest,VariableTrend,Short,1,17590.50,17640.50,3/23/2022 8:00:00 PM,3/23/2022 8:00:00 PM,Sell short,Stop loss,($1005.16),$75330.64,$5.16,$0.00,$0.00,$0.00,$0.00,$1000.00,$0.00,$1005.16,1,
1872,NQ 06-26,Backtest,VariableTrend,Long,1,17618.75,17605.25,3/24/2022 8:20:00 AM,3/24/2022 1:00:00 PM,Buy,Close position,($275.16),$75055.48,$5.16,$0.00,$0.00,$0.00,$0.00,$595.00,$755.00,$1030.16,5,
1873,NQ 06-26,Backtest,VariableTrend,Short,1,17605.25,17655.25,3/24/2022 1:00:00 PM,3/24/2022 1:00:00 PM,Sell short,Stop loss,($1005.16),$74050.32,$5.16,$0.00,$0.00,$0.00,$0.00,$1000.00,$0.00,$1005.16,1,
1874,NQ 06-26,Backtest,VariableTrend,Long,1,17622.75,17572.75,3/24/2022 3:20:00 PM,3/24/2022 3:20:00 PM,Buy,Stop loss,($1005.16),$73045.16,$5.16,$0.00,$0.00,$0.00,$0.00,$1000.00,$0.00,$1005.16,1,
1875,NQ 06-26,Backtest,VariableTrend,Short,1,17544.75,17594.75,3/24/2022 4:30:00 PM,3/24/2022 4:30:00 PM,Sell short,Stop loss,($1005.16),$72040.00,$5.16,$0.00,$0.00,$0.00,$0.00,$1000.00,$0.00,$1005.16,1,
1876,NQ 06-26,Backtest,VariableTrend,Long,1,17712.00,17849.25,3/24/2022 5:40:00 PM,3/24/2022 10:00:00 PM,Buy,Exit on session close,$2739.84,$74779.84,$5.16,$0.00,$0.00,$0.00,$0.00,$855.00,$2880.00,$140.16,5,
1877,NQ 06-26,Backtest,VariableTrend,Short,1,17684.25,17734.25,3/25/2022 5:40:00 PM,3/25/2022 5:40:00 PM,Sell short,Stop loss,($1005.16),$73774.68,$5.16,$0.00,$0.00,$0.00,$0.00,$1000.00,$0.00,$1005.16,1,
1878,NQ 06-26,Backtest,VariableTrend,Long,1,17824.75,17774.75,3/25/2022 9:10:00 PM,3/25/2022 9:10:00 PM,Buy,Stop loss,($1005.16),$72769.52,$5.16,$0.00,$0.00,$0.00,$0.00,$1000.00,$0.00,$1005.16,1,
1879,NQ 06-26,Backtest,VariableTrend,Short,1,17780.00,17798.75,3/28/2022 5:50:00 AM,3/28/2022 7:00:00 AM,Sell short,Close position,($380.16),$72389.36,$5.16,$0.00,$0.00,$0.00,$0.00,$505.00,$5.00,$385.16,2,
1880,NQ 06-26,Backtest,VariableTrend,Long,1,17798.75,17748.75,3/28/2022 7:00:00 AM,3/28/2022 8:10:00 AM,Buy,Stop loss,($1005.16),$71384.20,$5.16,$0.00,$0.00,$0.00,$0.00,$1000.00,$40.00,$1045.16,2,
1881,NQ 06-26,Backtest,VariableTrend,Short,1,17749.75,17799.75,3/28/2022 9:20:00 AM,3/28/2022 9:20:00 AM,Sell short,Stop loss,($1005.16),$70379.04,$5.16,$0.00,$0.00,$0.00,$0.00,$1000.00,$0.00,$1005.16,1,
1882,NQ 06-26,Backtest,VariableTrend,Long,1,17792.50,18067.25,3/28/2022 10:30:00 AM,3/28/2022 11:00:00 PM,Buy,Exit on session close,$5489.84,$75868.88,$5.16,$0.00,$0.00,$0.00,$0.00,$505.00,$5815.00,$325.16,12,
1883,NQ 06-26,Backtest,VariableTrend,Short,1,18204.25,18254.25,3/30/2022 6:40:00 PM,3/30/2022 6:40:00 PM,Sell short,Stop loss,($1005.16),$74863.72,$5.16,$0.00,$0.00,$0.00,$0.00,$1000.00,$0.00,$1005.16,1,
1884,NQ 06-26,Backtest,VariableTrend,Long,1,18265.25,18215.25,3/30/2022 7:50:00 PM,3/30/2022 9:00:00 PM,Buy,Stop loss,($1005.16),$73858.56,$5.16,$0.00,$0.00,$0.00,$0.00,$1000.00,$355.00,$1360.16,2,
1885,NQ 06-26,Backtest,VariableTrend,Short,1,18167.75,18191.25,3/30/2022 10:10:00 PM,3/30/2022 11:00:00 PM,Sell short,Exit on session close,($475.16),$73383.40,$5.16,$0.00,$0.00,$0.00,$0.00,$650.00,$1385.00,$1860.16,2,
1886,NQ 06-26,Backtest,VariableTrend,Long,1,18241.50,18219.75,3/31/2022 4:40:00 AM,3/31/2022 9:20:00 AM,Buy,Close position,($440.16),$72943.24,$5.16,$0.00,$0.00,$0.00,$0.00,$640.00,$195.00,$635.16,5,
1887,NQ 06-26,Backtest,VariableTrend,Short,1,18219.75,18258.00,3/31/2022 9:20:00 AM,3/31/2022 10:30:00 AM,Sell short,Close position,($770.16),$72173.08,$5.16,$0.00,$0.00,$0.00,$0.00,$895.00,$290.00,$1060.16,2,
1888,NQ 06-26,Backtest,VariableTrend,Long,1,18258.00,18226.00,3/31/2022 10:30:00 AM,3/31/2022 11:40:00 AM,Buy,Close position,($645.16),$71527.92,$5.16,$0.00,$0.00,$0.00,$0.00,$815.00,$180.00,$825.16,2,
1889,NQ 06-26,Backtest,VariableTrend,Short,1,18226.00,18003.50,3/31/2022 11:40:00 AM,3/31/2022 11:00:00 PM,Sell short,Exit on session close,$4444.84,$75972.76,$5.16,$0.00,$0.00,$0.00,$0.00,$210.00,$5685.00,$1240.16,11,
1890,NQ 06-26,Backtest,VariableTrend,Long,1,17979.50,17929.50,4/4/2022 9:20:00 AM,4/4/2022 9:20:00 AM,Buy,Stop loss,($1005.16),$74967.60,$5.16,$0.00,$0.00,$0.00,$0.00,$1000.00,$0.00,$1005.16,1,
1891,NQ 06-26,Backtest,VariableTrend,Short,1,17923.25,17958.00,4/4/2022 10:30:00 AM,4/4/2022 11:40:00 AM,Sell short,Close position,($700.16),$74267.44,$5.16,$0.00,$0.00,$0.00,$0.00,$700.00,$180.00,$880.16,2,
1892,NQ 06-26,Backtest,VariableTrend,Long,1,17958.00,18245.75,4/4/2022 11:40:00 AM,4/4/2022 11:00:00 PM,Buy,Exit on session close,$5749.84,$80017.28,$5.16,$0.00,$0.00,$0.00,$0.00,$210.00,$6055.00,$305.16,11,
1893,NQ 06-26,Backtest,VariableTrend,Short,1,18033.75,17947.75,4/5/2022 5:30:00 PM,4/5/2022 11:00:00 PM,Sell short,Exit on session close,$1714.84,$81732.12,$5.16,$0.00,$0.00,$0.00,$0.00,$765.00,$3345.00,$1630.16,6,
1894,NQ 06-26,Backtest,VariableTrend,Long,1,17661.00,17638.25,4/7/2022 12:50:00 PM,4/7/2022 3:10:00 PM,Buy,Close position,($460.16),$81271.96,$5.16,$0.00,$0.00,$0.00,$0.00,$810.00,$585.00,$1045.16,3,
1895,NQ 06-26,Backtest,VariableTrend,Short,1,17638.25,17688.25,4/7/2022 3:10:00 PM,4/7/2022 4:20:00 PM,Sell short,Stop loss,($1005.16),$80266.80,$5.16,$0.00,$0.00,$0.00,$0.00,$1000.00,$1980.00,$2985.16,2,
1896,NQ 06-26,Backtest,VariableTrend,Long,1,17651.50,17631.50,4/7/2022 10:10:00 PM,4/7/2022 11:00:00 PM,Buy,Close position,($405.16),$79861.64,$5.16,$0.00,$0.00,$0.00,$0.00,$700.00,$1370.00,$1775.16,2,
1897,NQ 06-26,Backtest,VariableTrend,Short,1,17631.50,17620.25,4/7/2022 11:00:00 PM,4/7/2022 11:00:00 PM,Sell short,Exit on session close,$219.84,$80081.48,$5.16,$0.00,$0.00,$0.00,$0.00,$145.00,$465.00,$245.16,1,
1898,NQ 06-26,Backtest,VariableTrend,Long,1,17637.00,17613.00,4/8/2022 3:30:00 AM,4/8/2022 4:40:00 AM,Buy,Close position,($485.16),$79596.32,$5.16,$0.00,$0.00,$0.00,$0.00,$595.00,$105.00,$590.16,2,
1899,NQ 06-26,Backtest,VariableTrend,Short,1,17613.00,17663.00,4/8/2022 4:40:00 AM,4/8/2022 8:10:00 AM,Sell short,Stop loss,($1005.16),$78591.16,$5.16,$0.00,$0.00,$0.00,$0.00,$1000.00,$180.00,$1185.16,4,
1900,NQ 06-26,Backtest,VariableTrend,Long,1,17662.75,17612.75,4/8/2022 9:20:00 AM,4/8/2022 3:10:00 PM,Buy,Stop loss,($1005.16),$77586.00,$5.16,$0.00,$0.00,$0.00,$0.00,$1000.00,$1315.00,$2320.16,6,
1901,NQ 06-26,Backtest,VariableTrend,Short,1,17571.50,17414.25,4/8/2022 4:20:00 PM,4/8/2022 11:00:00 PM,Sell short,Exit on session close,$3139.84,$80725.84,$5.16,$0.00,$0.00,$0.00,$0.00,$260.00,$3495.00,$355.16,7,
1902,NQ 06-26,Backtest,VariableTrend,Long,1,17107.50,17171.25,4/12/2022 12:50:00 PM,4/12/2022 7:50:00 PM,Buy,Close position,$1269.84,$81995.68,$5.16,$0.00,$0.00,$0.00,$0.00,$690.00,$5260.00,$3990.16,7,
1903,NQ 06-26,Backtest,VariableTrend,Short,1,17171.25,17039.75,4/12/2022 7:50:00 PM,4/12/2022 11:00:00 PM,Sell short,Exit on session close,$2624.84,$84620.52,$5.16,$0.00,$0.00,$0.00,$0.00,$970.00,$4075.00,$1450.16,4,
1904,NQ 06-26,Backtest,VariableTrend,Long,1,17156.00,17106.00,4/13/2022 9:20:00 AM,4/13/2022 9:20:00 AM,Buy,Stop loss,($1005.16),$83615.36,$5.16,$0.00,$0.00,$0.00,$0.00,$1000.00,$0.00,$1005.16,1,
1905,NQ 06-26,Backtest,VariableTrend,Short,1,17123.00,17173.00,4/13/2022 10:30:00 AM,4/13/2022 4:20:00 PM,Sell short,Stop loss,($1005.16),$82610.20,$5.16,$0.00,$0.00,$0.00,$0.00,$1000.00,$2225.00,$3230.16,6,
1906,NQ 06-26,Backtest,VariableTrend,Long,1,17168.00,17298.50,4/13/2022 5:30:00 PM,4/13/2022 11:00:00 PM,Buy,Exit on session close,$2604.84,$85215.04,$5.16,$0.00,$0.00,$0.00,$0.00,$790.00,$3695.00,$1090.16,6,
1907,NQ 06-26,Backtest,VariableTrend,Short,1,17139.25,16978.50,4/14/2022 5:30:00 PM,4/14/2022 11:00:00 PM,Sell short,Exit on session close,$3209.84,$88424.88,$5.16,$0.00,$0.00,$0.00,$0.00,$675.00,$3530.00,$320.16,6,
1908,NQ 06-26,Backtest,VariableTrend,Long,1,16942.75,16892.75,4/18/2022 4:20:00 PM,4/18/2022 6:40:00 PM,Buy,Stop loss,($1005.16),$87419.72,$5.16,$0.00,$0.00,$0.00,$0.00,$1000.00,$2920.00,$3925.16,3,
1909,NQ 06-26,Backtest,VariableTrend,Short,1,16884.25,16934.25,4/18/2022 7:50:00 PM,4/18/2022 7:50:00 PM,Sell short,Stop loss,($1005.16),$86414.56,$5.16,$0.00,$0.00,$0.00,$0.00,$1000.00,$0.00,$1005.16,1,
1910,NQ 06-26,Backtest,VariableTrend,Long,1,17040.75,16990.75,4/18/2022 9:00:00 PM,4/18/2022 10:10:00 PM,Buy,Stop loss,($1005.16),$85409.40,$5.16,$0.00,$0.00,$0.00,$0.00,$1000.00,$825.00,$1830.16,2,
1911,NQ 06-26,Backtest,VariableTrend,Short,1,16936.00,16986.00,4/19/2022 12:50:00 PM,4/19/2022 2:00:00 PM,Sell short,Stop loss,($1005.16),$84404.24,$5.16,$0.00,$0.00,$0.00,$0.00,$1000.00,$290.00,$1295.16,2,
1912,NQ 06-26,Backtest,VariableTrend,Long,1,17008.75,16958.75,4/19/2022 3:10:00 PM,4/19/2022 3:10:00 PM,Buy,Stop loss,($1005.16),$83399.08,$5.16,$0.00,$0.00,$0.00,$0.00,$1000.00,$0.00,$1005.16,1,
1913,NQ 06-26,Backtest,VariableTrend,Short,1,16952.75,17002.75,4/19/2022 4:20:00 PM,4/19/2022 4:20:00 PM,Sell short,Stop loss,($1005.16),$82393.92,$5.16,$0.00,$0.00,$0.00,$0.00,$1000.00,$0.00,$1005.16,1,
1914,NQ 06-26,Backtest,VariableTrend,Long,1,17172.50,17182.00,4/19/2022 5:30:00 PM,4/19/2022 11:00:00 PM,Buy,Exit on session close,$184.84,$82578.76,$5.16,$0.00,$0.00,$0.00,$0.00,$425.00,$3115.00,$2930.16,6,
1915,NQ 06-26,Backtest,VariableTrend,Short,1,17183.00,17233.00,4/20/2022 5:30:00 PM,4/20/2022 5:30:00 PM,Sell short,Stop loss,($1005.16),$81573.60,$5.16,$0.00,$0.00,$0.00,$0.00,$1000.00,$0.00,$1005.16,1,
1916,NQ 06-26,Backtest,VariableTrend,Long,1,17246.25,17196.25,4/21/2022 11:40:00 AM,4/21/2022 5:30:00 PM,Buy,Stop loss,($1005.16),$80568.44,$5.16,$0.00,$0.00,$0.00,$0.00,$1000.00,$2460.00,$3465.16,6,
1917,NQ 06-26,Backtest,VariableTrend,Short,1,17165.75,16801.75,4/21/2022 6:40:00 PM,4/21/2022 11:00:00 PM,Sell short,Exit on session close,$7274.84,$87843.28,$5.16,$0.00,$0.00,$0.00,$0.00,$225.00,$8240.00,$965.16,5,
1918,NQ 06-26,Backtest,VariableTrend,Long,1,16453.75,16403.75,4/25/2022 7:50:00 PM,4/25/2022 7:50:00 PM,Buy,Stop loss,($1005.16),$86838.12,$5.16,$0.00,$0.00,$0.00,$0.00,$1000.00,$0.00,$1005.16,1,
1919,NQ 06-26,Backtest,VariableTrend,Short,1,16537.25,16587.25,4/26/2022 10:30:00 AM,4/26/2022 10:30:00 AM,Sell short,Stop loss,($1005.16),$85832.96,$5.16,$0.00,$0.00,$0.00,$0.00,$1000.00,$0.00,$1005.16,1,
1920,NQ 06-26,Backtest,VariableTrend,Long,1,16598.00,16576.25,4/26/2022 11:40:00 AM,4/26/2022 2:00:00 PM,Buy,Close position,($440.16),$85392.80,$5.16,$0.00,$0.00,$0.00,$0.00,$715.00,$365.00,$805.16,3,
1921,NQ 06-26,Backtest,VariableTrend,Short,1,16576.25,15901.75,4/26/2022 2:00:00 PM,4/26/2022 11:00:00 PM,Sell short,Exit on session close,$13484.84,$98877.64,$5.16,$0.00,$0.00,$0.00,$0.00,$125.00,$13770.00,$285.16,9,
1922,NQ 06-26,Backtest,VariableTrend,Long,1,16241.75,16191.75,4/27/2022 11:40:00 AM,4/27/2022 11:40:00 AM,Buy,Stop loss,($1005.16),$97872.48,$5.16,$0.00,$0.00,$0.00,$0.00,$1000.00,$0.00,$1005.16,1,
1923,NQ 06-26,Backtest,VariableTrend,Short,1,16126.50,16176.50,4/27/2022 3:10:00 PM,4/27/2022 4:20:00 PM,Sell short,Stop loss,($1005.16),$96867.32,$5.16,$0.00,$0.00,$0.00,$0.00,$1000.00,$870.00,$1875.16,2,
1924,NQ 06-26,Backtest,VariableTrend,Long,1,16281.25,16231.25,4/27/2022 7:50:00 PM,4/27/2022 7:50:00 PM,Buy,Stop loss,($1005.16),$95862.16,$5.16,$0.00,$0.00,$0.00,$0.00,$1000.00,$0.00,$1005.16,1,
1925,NQ 06-26,Backtest,VariableTrend,Short,1,16135.00,16185.00,4/27/2022 10:10:00 PM,4/27/2022 10:10:00 PM,Sell short,Stop loss,($1005.16),$94857.00,$5.16,$0.00,$0.00,$0.00,$0.00,$1000.00,$0.00,$1005.16,1,
1926,NQ 06-26,Backtest,VariableTrend,Short,1,16255.25,16305.25,4/28/2022 5:30:00 PM,4/28/2022 6:40:00 PM,Sell short,Stop loss,($1005.16),$93851.84,$5.16,$0.00,$0.00,$0.00,$0.00,$1000.00,$2720.00,$3725.16,2,
1927,NQ 06-26,Backtest,VariableTrend,Long,1,16378.00,16394.25,4/28/2022 7:50:00 PM,4/28/2022 11:00:00 PM,Buy,Exit on session close,$319.84,$94171.68,$5.16,$0.00,$0.00,$0.00,$0.00,$415.00,$5005.00,$4685.16,4,
1928,NQ 06-26,Backtest,VariableTrend,Short,1,16331.75,16357.50,4/29/2022 2:20:00 AM,4/29/2022 3:30:00 AM,Sell short,Close position,($520.16),$93651.52,$5.16,$0.00,$0.00,$0.00,$0.00,$595.00,$75.00,$595.16,2,
1929,NQ 06-26,Backtest,VariableTrend,Long,1,16357.50,16352.25,4/29/2022 3:30:00 AM,4/29/2022 3:10:00 PM,Buy,Close position,($110.16),$93541.36,$5.16,$0.00,$0.00,$0.00,$0.00,$445.00,$2985.00,$3095.16,11,
1930,NQ 06-26,Backtest,VariableTrend,Short,1,16352.25,16402.25,4/29/2022 3:10:00 PM,4/29/2022 3:10:00 PM,Sell short,Stop loss,($1005.16),$92536.20,$5.16,$0.00,$0.00,$0.00,$0.00,$1000.00,$0.00,$1005.16,1,
1931,NQ 06-26,Backtest,VariableTrend,Long,1,16155.50,16137.50,5/2/2022 11:00:00 PM,5/2/2022 11:00:00 PM,Buy,Exit on session close,($365.16),$92171.04,$5.16,$0.00,$0.00,$0.00,$0.00,$945.00,$20.00,$385.16,1,
1932,NQ 06-26,Backtest,VariableTrend,Short,1,16101.25,16145.00,5/3/2022 2:00:00 PM,5/3/2022 3:10:00 PM,Sell short,Close position,($880.16),$91290.88,$5.16,$0.00,$0.00,$0.00,$0.00,$980.00,$255.00,$1135.16,2,
1933,NQ 06-26,Backtest,VariableTrend,Long,1,16145.00,16095.00,5/3/2022 3:10:00 PM,5/3/2022 4:20:00 PM,Buy,Stop loss,($1005.16),$90285.72,$5.16,$0.00,$0.00,$0.00,$0.00,$1000.00,$1255.00,$2260.16,2,
1934,NQ 06-26,Backtest,VariableTrend,Short,1,16032.25,16082.25,5/4/2022 5:30:00 PM,5/4/2022 6:40:00 PM,Sell short,Stop loss,($1005.16),$89280.56,$5.16,$0.00,$0.00,$0.00,$0.00,$1000.00,$1165.00,$2170.16,2,
1935,NQ 06-26,Backtest,VariableTrend,Long,1,16165.25,16115.25,5/4/2022 7:50:00 PM,5/4/2022 9:00:00 PM,Buy,Stop loss,($1005.16),$88275.40,$5.16,$0.00,$0.00,$0.00,$0.00,$1000.00,$1125.00,$2130.16,2,
1936,NQ 06-26,Backtest,VariableTrend,Short,1,16455.25,15983.25,5/5/2022 4:20:00 PM,5/5/2022 11:00:00 PM,Sell short,Exit on session close,$9434.84,$97710.24,$5.16,$0.00,$0.00,$0.00,$0.00,$240.00,$13275.00,$3840.16,7,
1937,NQ 06-26,Backtest,VariableTrend,Long,1,15437.50,15443.75,5/10/2022 9:20:00 AM,5/10/2022 2:00:00 PM,Buy,Close position,$119.84,$97830.08,$5.16,$0.00,$0.00,$0.00,$0.00,$305.00,$1350.00,$1230.16,5,
1938,NQ 06-26,Backtest,VariableTrend,Short,1,15443.75,15493.75,5/10/2022 2:00:00 PM,5/10/2022 3:10:00 PM,Sell short,Stop loss,($1005.16),$96824.92,$5.16,$0.00,$0.00,$0.00,$0.00,$1000.00,$1275.00,$2280.16,2,
1939,NQ 06-26,Backtest,VariableTrend,Long,1,15578.25,15528.25,5/10/2022 4:20:00 PM,5/10/2022 4:20:00 PM,Buy,Stop loss,($1005.16),$95819.76,$5.16,$0.00,$0.00,$0.00,$0.00,$1000.00,$0.00,$1005.16,1,
1940,NQ 06-26,Backtest,VariableTrend,Short,1,15315.25,15365.25,5/10/2022 6:40:00 PM,5/10/2022 6:40:00 PM,Sell short,Stop loss,($1005.16),$94814.60,$5.16,$0.00,$0.00,$0.00,$0.00,$1000.00,$0.00,$1005.16,1,
1941,NQ 06-26,Backtest,VariableTrend,Long,1,15587.75,15537.75,5/10/2022 9:00:00 PM,5/10/2022 9:00:00 PM,Buy,Stop loss,($1005.16),$93809.44,$5.16,$0.00,$0.00,$0.00,$0.00,$1000.00,$0.00,$1005.16,1,
1942,NQ 06-26,Backtest,VariableTrend,Short,1,15430.25,15420.50,5/10/2022 11:00:00 PM,5/10/2022 11:00:00 PM,Sell short,Exit on session close,$189.84,$93999.28,$5.16,$0.00,$0.00,$0.00,$0.00,$115.00,$470.00,$280.16,1,
1943,NQ 06-26,Backtest,VariableTrend,Long,1,15477.25,15427.25,5/11/2022 3:30:00 AM,5/11/2022 3:10:00 PM,Buy,Stop loss,($1005.16),$92994.12,$5.16,$0.00,$0.00,$0.00,$0.00,$1000.00,$3245.00,$4250.16,11,
1944,NQ 06-26,Backtest,VariableTrend,Short,1,15290.50,15340.50,5/11/2022 4:20:00 PM,5/11/2022 4:20:00 PM,Sell short,Stop loss,($1005.16),$91988.96,$5.16,$0.00,$0.00,$0.00,$0.00,$1000.00,$0.00,$1005.16,1,
1945,NQ 06-26,Backtest,VariableTrend,Long,1,15124.50,15074.50,5/12/2022 6:40:00 PM,5/12/2022 6:40:00 PM,Buy,Stop loss,($1005.16),$90983.80,$5.16,$0.00,$0.00,$0.00,$0.00,$1000.00,$0.00,$1005.16,1,
1946,NQ 06-26,Backtest,VariableTrend,Short,1,15017.50,15067.50,5/12/2022 7:50:00 PM,5/12/2022 7:50:00 PM,Sell short,Stop loss,($1005.16),$89978.64,$5.16,$0.00,$0.00,$0.00,$0.00,$1000.00,$0.00,$1005.16,1,
1947,NQ 06-26,Backtest,VariableTrend,Long,1,15033.00,14983.00,5/12/2022 11:00:00 PM,5/12/2022 11:00:00 PM,Buy,Stop loss,($1005.16),$88973.48,$5.16,$0.00,$0.00,$0.00,$0.00,$1000.00,$0.00,$1005.16,1,
1948,NQ 06-26,Backtest,VariableTrend,Long,1,15046.50,15450.25,5/13/2022 2:20:00 AM,5/13/2022 11:00:00 PM,Buy,Exit on session close,$8069.84,$97043.32,$5.16,$0.00,$0.00,$0.00,$0.00,$100.00,$9435.00,$1365.16,19,
1949,NQ 06-26,Backtest,VariableTrend,Short,1,15366.50,15416.50,5/16/2022 7:00:00 AM,5/16/2022 7:00:00 AM,Sell short,Stop loss,($1005.16),$96038.16,$5.16,$0.00,$0.00,$0.00,$0.00,$1000.00,$0.00,$1005.16,1,
1950,NQ 06-26,Backtest,VariableTrend,Long,1,15399.50,15349.50,5/16/2022 8:10:00 AM,5/16/2022 9:20:00 AM,Buy,Stop loss,($1005.16),$95033.00,$5.16,$0.00,$0.00,$0.00,$0.00,$1000.00,$360.00,$1365.16,2,
1951,NQ 06-26,Backtest,VariableTrend,Short,1,15333.75,15383.75,5/16/2022 10:30:00 AM,5/16/2022 10:30:00 AM,Sell short,Stop loss,($1005.16),$94027.84,$5.16,$0.00,$0.00,$0.00,$0.00,$1000.00,$0.00,$1005.16,1,
1952,NQ 06-26,Backtest,VariableTrend,Long,1,15396.25,15346.25,5/16/2022 11:40:00 AM,5/16/2022 4:20:00 PM,Buy,Stop loss,($1005.16),$93022.68,$5.16,$0.00,$0.00,$0.00,$0.00,$1000.00,$2075.00,$3080.16,5,
1953,NQ 06-26,Backtest,VariableTrend,Short,1,15317.75,15367.75,5/16/2022 6:40:00 PM,5/16/2022 6:40:00 PM,Sell short,Stop loss,($1005.16),$92017.52,$5.16,$0.00,$0.00,$0.00,$0.00,$1000.00,$0.00,$1005.16,1,
1954,NQ 06-26,Backtest,VariableTrend,Long,1,15404.00,15354.00,5/16/2022 9:00:00 PM,5/16/2022 10:10:00 PM,Buy,Stop loss,($1005.16),$91012.36,$5.16,$0.00,$0.00,$0.00,$0.00,$1000.00,$1705.00,$2710.16,2,
1955,NQ 06-26,Backtest,VariableTrend,Short,1,15327.00,15323.00,5/16/2022 11:00:00 PM,5/16/2022 11:00:00 PM,Sell short,Exit on session close,$74.84,$91087.20,$5.16,$0.00,$0.00,$0.00,$0.00,$245.00,$195.00,$120.16,1,
1956,NQ 06-26,Backtest,VariableTrend,Long,1,15383.00,15660.00,5/17/2022 4:40:00 AM,5/17/2022 11:00:00 PM,Buy,Exit on session close,$5534.84,$96622.04,$5.16,$0.00,$0.00,$0.00,$0.00,$275.00,$5625.00,$90.16,17,
1957,NQ 06-26,Backtest,VariableTrend,Short,1,15557.25,14978.75,5/18/2022 2:00:00 PM,5/18/2022 11:00:00 PM,Sell short,Exit on session close,$11564.84,$108186.88,$5.16,$0.00,$0.00,$0.00,$0.00,$365.00,$12165.00,$600.16,9,
1958,NQ 06-26,Backtest,VariableTrend,Long,1,15025.25,14975.25,5/19/2022 5:30:00 PM,5/19/2022 5:30:00 PM,Buy,Stop loss,($1005.16),$107181.72,$5.16,$0.00,$0.00,$0.00,$0.00,$1000.00,$0.00,$1005.16,1,
1959,NQ 06-26,Backtest,VariableTrend,Short,1,14947.25,14997.25,5/19/2022 9:00:00 PM,5/19/2022 9:00:00 PM,Sell short,Stop loss,($1005.16),$106176.56,$5.16,$0.00,$0.00,$0.00,$0.00,$1000.00,$0.00,$1005.16,1,
1960,NQ 06-26,Backtest,VariableTrend,Long,1,15098.75,15048.75,5/19/2022 10:10:00 PM,5/19/2022 10:10:00 PM,Buy,Stop loss,($1005.16),$105171.40,$5.16,$0.00,$0.00,$0.00,$0.00,$1000.00,$0.00,$1005.16,1,
1961,NQ 06-26,Backtest,VariableTrend,Short,1,14960.00,14984.50,5/19/2022 11:00:00 PM,5/19/2022 11:00:00 PM,Sell short,Exit on session close,($495.16),$104676.24,$5.16,$0.00,$0.00,$0.00,$0.00,$775.00,$30.00,$525.16,1,
1962,NQ 06-26,Backtest,VariableTrend,Long,1,15046.25,14996.25,5/20/2022 3:30:00 AM,5/20/2022 4:20:00 PM,Buy,Stop loss,($1005.16),$103671.08,$5.16,$0.00,$0.00,$0.00,$0.00,$1000.00,$2735.00,$3740.16,12,
1963,NQ 06-26,Backtest,VariableTrend,Short,1,14996.75,14901.50,5/20/2022 5:30:00 PM,5/20/2022 11:00:00 PM,Sell short,Close position,$1899.84,$105570.92,$5.16,$0.00,$0.00,$0.00,$0.00,$865.00,$8385.00,$6485.16,6,
1964,NQ 06-26,Backtest,VariableTrend,Long,1,14901.50,14924.25,5/20/2022 11:00:00 PM,5/20/2022 11:00:00 PM,Buy,Exit on session close,$449.84,$106020.76,$5.16,$0.00,$0.00,$0.00,$0.00,$305.00,$465.00,$15.16,1,
1965,NQ 06-26,Backtest,VariableTrend,Short,1,14959.75,15009.75,5/23/2022 5:30:00 PM,5/23/2022 5:30:00 PM,Sell short,Stop loss,($1005.16),$105015.60,$5.16,$0.00,$0.00,$0.00,$0.00,$1000.00,$0.00,$1005.16,1,
1966,NQ 06-26,Backtest,VariableTrend,Long,1,15039.00,15142.25,5/23/2022 6:40:00 PM,5/23/2022 11:00:00 PM,Buy,Exit on session close,$2059.84,$107075.44,$5.16,$0.00,$0.00,$0.00,$0.00,$710.00,$2455.00,$395.16,5,
1967,NQ 06-26,Backtest,VariableTrend,Short,1,14978.50,14886.75,5/24/2022 2:20:00 AM,5/24/2022 11:00:00 PM,Sell short,Close position,$1829.84,$108905.28,$5.16,$0.00,$0.00,$0.00,$0.00,$115.00,$6320.00,$4490.16,19,
1968,NQ 06-26,Backtest,VariableTrend,Long,1,14886.75,14897.00,5/24/2022 11:00:00 PM,5/24/2022 11:00:00 PM,Buy,Exit on session close,$199.84,$109105.12,$5.16,$0.00,$0.00,$0.00,$0.00,$470.00,$235.00,$35.16,1,
1969,NQ 06-26,Backtest,VariableTrend,Short,1,14865.50,14915.50,5/25/2022 11:40:00 AM,5/25/2022 4:20:00 PM,Sell short,Stop loss,($1005.16),$108099.96,$5.16,$0.00,$0.00,$0.00,$0.00,$1000.00,$2145.00,$3150.16,5,
1970,NQ 06-26,Backtest,VariableTrend,Long,1,14935.00,14885.00,5/25/2022 5:30:00 PM,5/25/2022 6:40:00 PM,Buy,Stop loss,($1005.16),$107094.80,$5.16,$0.00,$0.00,$0.00,$0.00,$1000.00,$1625.00,$2630.16,2,
1971,NQ 06-26,Backtest,VariableTrend,Short,1,15851.25,15893.75,5/30/2022 5:30:00 PM,5/30/2022 6:40:00 PM,Sell short,Close position,($855.16),$106239.64,$5.16,$0.00,$0.00,$0.00,$0.00,$885.00,$290.00,$1145.16,2,
1972,NQ 06-26,Backtest,VariableTrend,Long,1,15893.75,15896.25,5/30/2022 6:40:00 PM,5/30/2022 7:00:00 PM,Buy,Exit on session close,$44.84,$106284.48,$5.16,$0.00,$0.00,$0.00,$0.00,$445.00,$565.00,$520.16,2,
1973,NQ 06-26,Backtest,VariableTrend,Short,1,15816.75,15821.75,5/31/2022 4:40:00 AM,5/31/2022 7:50:00 PM,Sell short,Close position,($105.16),$106179.32,$5.16,$0.00,$0.00,$0.00,$0.00,$790.00,$5010.00,$5115.16,14,
1974,NQ 06-26,Backtest,VariableTrend,Long,1,15821.75,15771.75,5/31/2022 7:50:00 PM,5/31/2022 7:50:00 PM,Buy,Stop loss,($1005.16),$105174.16,$5.16,$0.00,$0.00,$0.00,$0.00,$1000.00,$0.00,$1005.16,1,
1975,NQ 06-26,Backtest,VariableTrend,Short,1,15718.25,15768.25,5/31/2022 10:10:00 PM,5/31/2022 10:10:00 PM,Sell short,Stop loss,($1005.16),$104169.00,$5.16,$0.00,$0.00,$0.00,$0.00,$1000.00,$0.00,$1005.16,1,
1976,NQ 06-26,Backtest,VariableTrend,Long,1,15801.25,15789.00,6/1/2022 4:40:00 AM,6/1/2022 5:50:00 AM,Buy,Close position,($250.16),$103918.84,$5.16,$0.00,$0.00,$0.00,$0.00,$395.00,$140.00,$390.16,2,
1977,NQ 06-26,Backtest,VariableTrend,Short,1,15789.00,15794.75,6/1/2022 5:50:00 AM,6/1/2022 4:20:00 PM,Sell short,Close position,($120.16),$103798.68,$5.16,$0.00,$0.00,$0.00,$0.00,$295.00,$2425.00,$2545.16,10,
1978,NQ 06-26,Backtest,VariableTrend,Long,1,15794.75,15744.75,6/1/2022 4:20:00 PM,6/1/2022 4:20:00 PM,Buy,Stop loss,($1005.16),$102793.52,$5.16,$0.00,$0.00,$0.00,$0.00,$1000.00,$0.00,$1005.16,1,
1979,NQ 06-26,Backtest,VariableTrend,Long,1,15728.00,15678.00,6/2/2022 11:40:00 AM,6/2/2022 3:10:00 PM,Buy,Stop loss,($1005.16),$101788.36,$5.16,$0.00,$0.00,$0.00,$0.00,$1000.00,$275.00,$1280.16,4,
1980,NQ 06-26,Backtest,VariableTrend,Short,1,15603.00,15653.00,6/2/2022 4:20:00 PM,6/2/2022 4:20:00 PM,Sell short,Stop loss,($1005.16),$100783.20,$5.16,$0.00,$0.00,$0.00,$0.00,$1000.00,$0.00,$1005.16,1,
1981,NQ 06-26,Backtest,VariableTrend,Long,1,15761.25,15983.00,6/2/2022 6:40:00 PM,6/2/2022 11:00:00 PM,Buy,Exit on session close,$4429.84,$105213.04,$5.16,$0.00,$0.00,$0.00,$0.00,$620.00,$4575.00,$145.16,5,
1982,NQ 06-26,Backtest,VariableTrend,Short,1,15900.00,15635.75,6/3/2022 12:50:00 PM,6/3/2022 11:00:00 PM,Sell short,Exit on session close,$5279.84,$110492.88,$5.16,$0.00,$0.00,$0.00,$0.00,$325.00,$6215.00,$935.16,10,
1983,NQ 06-26,Backtest,VariableTrend,Long,1,15727.00,15745.75,6/6/2022 7:00:00 AM,6/6/2022 6:40:00 PM,Buy,Close position,$369.84,$110862.72,$5.16,$0.00,$0.00,$0.00,$0.00,$470.00,$3385.00,$3015.16,11,
1984,NQ 06-26,Backtest,VariableTrend,Short,1,15745.75,15693.00,6/6/2022 6:40:00 PM,6/6/2022 11:00:00 PM,Sell short,Exit on session close,$1049.84,$111912.56,$5.16,$0.00,$0.00,$0.00,$0.00,$540.00,$2535.00,$1485.16,5,
1985,NQ 06-26,Backtest,VariableTrend,Long,1,15684.25,15767.75,6/7/2022 6:40:00 PM,6/7/2022 11:00:00 PM,Buy,Exit on session close,$1664.84,$113577.40,$5.16,$0.00,$0.00,$0.00,$0.00,$720.00,$2845.00,$1180.16,5,
1986,NQ 06-26,Backtest,VariableTrend,Short,1,15725.25,15747.00,6/8/2022 8:10:00 AM,6/8/2022 9:20:00 AM,Sell short,Close position,($440.16),$113137.24,$5.16,$0.00,$0.00,$0.00,$0.00,$630.00,$35.00,$475.16,2,
1987,NQ 06-26,Backtest,VariableTrend,Long,1,15747.00,15731.50,6/8/2022 9:20:00 AM,6/8/2022 10:30:00 AM,Buy,Close position,($315.16),$112822.08,$5.16,$0.00,$0.00,$0.00,$0.00,$730.00,$485.00,$800.16,2,
1988,NQ 06-26,Backtest,VariableTrend,Short,1,15731.50,15761.75,6/8/2022 10:30:00 AM,6/8/2022 11:40:00 AM,Sell short,Close position,($610.16),$112211.92,$5.16,$0.00,$0.00,$0.00,$0.00,$655.00,$220.00,$830.16,2,
1989,NQ 06-26,Backtest,VariableTrend,Long,1,15761.75,15713.00,6/8/2022 11:40:00 AM,6/8/2022 7:50:00 PM,Buy,Close position,($980.16),$111231.76,$5.16,$0.00,$0.00,$0.00,$0.00,$985.00,$2150.00,$3130.16,8,
1990,NQ 06-26,Backtest,VariableTrend,Short,1,15713.00,15705.50,6/8/2022 7:50:00 PM,6/8/2022 11:00:00 PM,Sell short,Exit on session close,$144.84,$111376.60,$5.16,$0.00,$0.00,$0.00,$0.00,$630.00,$950.00,$805.16,4,
1991,NQ 06-26,Backtest,VariableTrend,Long,1,15753.50,15703.50,6/9/2022 12:50:00 PM,6/9/2022 3:10:00 PM,Buy,Stop loss,($1005.16),$110371.44,$5.16,$0.00,$0.00,$0.00,$0.00,$1000.00,$1065.00,$2070.16,3,
1992,NQ 06-26,Backtest,VariableTrend,Short,1,15622.75,15672.75,6/9/2022 4:20:00 PM,6/9/2022 4:20:00 PM,Sell short,Stop loss,($1005.16),$109366.28,$5.16,$0.00,$0.00,$0.00,$0.00,$1000.00,$0.00,$1005.16,1,
1993,NQ 06-26,Backtest,VariableTrend,Long,1,14481.50,14475.25,6/15/2022 4:40:00 AM,6/15/2022 7:00:00 AM,Buy,Close position,($130.16),$109236.12,$5.16,$0.00,$0.00,$0.00,$0.00,$265.00,$370.00,$500.16,3,
1994,NQ 06-26,Backtest,VariableTrend,Short,1,14475.25,14495.75,6/15/2022 7:00:00 AM,6/15/2022 11:40:00 AM,Sell short,Close position,($415.16),$108820.96,$5.16,$0.00,$0.00,$0.00,$0.00,$580.00,$1305.00,$1720.16,5,
1995,NQ 06-26,Backtest,VariableTrend,Long,1,14495.75,14463.25,6/15/2022 11:40:00 AM,6/15/2022 12:50:00 PM,Buy,Close position,($655.16),$108165.80,$5.16,$0.00,$0.00,$0.00,$0.00,$915.00,$340.00,$995.16,2,
1996,NQ 06-26,Backtest,VariableTrend,Short,1,14463.25,14513.25,6/15/2022 12:50:00 PM,6/15/2022 2:00:00 PM,Sell short,Stop loss,($1005.16),$107160.64,$5.16,$0.00,$0.00,$0.00,$0.00,$1000.00,$225.00,$1230.16,2,
1997,NQ 06-26,Backtest,VariableTrend,Long,1,14531.75,14481.75,6/15/2022 3:10:00 PM,6/15/2022 9:00:00 PM,Buy,Stop loss,($1005.16),$106155.48,$5.16,$0.00,$0.00,$0.00,$0.00,$1000.00,$1875.00,$2880.16,6,
1998,NQ 06-26,Backtest,VariableTrend,Short,1,14629.25,14255.75,6/16/2022 9:20:00 AM,6/16/2022 11:00:00 PM,Sell short,Exit on session close,$7464.84,$113620.32,$5.16,$0.00,$0.00,$0.00,$0.00,$95.00,$10185.00,$2720.16,13,
1999,NQ 06-26,Backtest,VariableTrend,Long,1,14331.25,14281.25,6/17/2022 8:10:00 AM,6/17/2022 8:10:00 AM,Buy,Stop loss,($1005.16),$112615.16,$5.16,$0.00,$0.00,$0.00,$0.00,$1000.00,$0.00,$1005.16,1,
2000,NQ 06-26,Backtest,VariableTrend,Short,1,14270.00,14320.00,6/17/2022 9:20:00 AM,6/17/2022 10:30:00 AM,Sell short,Stop loss,($1005.16),$111610.00,$5.16,$0.00,$0.00,$0.00,$0.00,$1000.00,$460.00,$1465.16,2,
2001,NQ 06-26,Backtest,VariableTrend,Long,1,14328.50,14278.50,6/17/2022 11:40:00 AM,6/17/2022 3:10:00 PM,Buy,Stop loss,($1005.16),$110604.84,$5.16,$0.00,$0.00,$0.00,$0.00,$1000.00,$895.00,$1900.16,4,
2002,NQ 06-26,Backtest,VariableTrend,Short,1,14243.50,14293.50,6/17/2022 4:20:00 PM,6/17/2022 4:20:00 PM,Sell short,Stop loss,($1005.16),$109599.68,$5.16,$0.00,$0.00,$0.00,$0.00,$1000.00,$0.00,$1005.16,1,
2003,NQ 06-26,Backtest,VariableTrend,Long,1,14345.75,14295.75,6/17/2022 6:40:00 PM,6/17/2022 6:40:00 PM,Buy,Stop loss,($1005.16),$108594.52,$5.16,$0.00,$0.00,$0.00,$0.00,$1000.00,$0.00,$1005.16,1,
2004,NQ 06-26,Backtest,VariableTrend,Short,1,14549.75,14599.75,6/22/2022 5:50:00 AM,6/22/2022 4:20:00 PM,Sell short,Stop loss,($1005.16),$107589.36,$5.16,$0.00,$0.00,$0.00,$0.00,$1000.00,$3555.00,$4560.16,10,
2005,NQ 06-26,Backtest,VariableTrend,Long,1,14715.00,14665.00,6/22/2022 5:30:00 PM,6/22/2022 6:40:00 PM,Buy,Stop loss,($1005.16),$106584.20,$5.16,$0.00,$0.00,$0.00,$0.00,$1000.00,$1645.00,$2650.16,2,
2006,NQ 06-26,Backtest,VariableTrend,Short,1,14561.25,14611.25,6/23/2022 2:20:00 AM,6/23/2022 3:30:00 AM,Sell short,Stop loss,($1005.16),$105579.04,$5.16,$0.00,$0.00,$0.00,$0.00,$1000.00,$985.00,$1990.16,2,
2007,NQ 06-26,Backtest,VariableTrend,Long,1,14622.50,14572.50,6/23/2022 4:40:00 AM,6/23/2022 4:40:00 AM,Buy,Stop loss,($1005.16),$104573.88,$5.16,$0.00,$0.00,$0.00,$0.00,$1000.00,$0.00,$1005.16,1,
2008,NQ 06-26,Backtest,VariableTrend,Short,1,14569.75,14619.75,6/23/2022 10:30:00 AM,6/23/2022 10:30:00 AM,Sell short,Stop loss,($1005.16),$103568.72,$5.16,$0.00,$0.00,$0.00,$0.00,$1000.00,$0.00,$1005.16,1,
2009,NQ 06-26,Backtest,VariableTrend,Long,1,14640.50,14639.00,6/23/2022 11:40:00 AM,6/23/2022 7:50:00 PM,Buy,Close position,($35.16),$103533.56,$5.16,$0.00,$0.00,$0.00,$0.00,$920.00,$3100.00,$3135.16,8,
2010,NQ 06-26,Backtest,VariableTrend,Short,1,14639.00,14689.00,6/23/2022 7:50:00 PM,6/23/2022 9:00:00 PM,Sell short,Stop loss,($1005.16),$102528.40,$5.16,$0.00,$0.00,$0.00,$0.00,$1000.00,$810.00,$1815.16,2,
2011,NQ 06-26,Backtest,VariableTrend,Long,1,14720.25,14739.50,6/23/2022 10:10:00 PM,6/23/2022 11:00:00 PM,Buy,Exit on session close,$379.84,$102908.24,$5.16,$0.00,$0.00,$0.00,$0.00,$365.00,$1960.00,$1580.16,2,
2012,NQ 06-26,Backtest,VariableTrend,Short,1,15100.50,15150.50,6/27/2022 5:30:00 PM,6/27/2022 5:30:00 PM,Sell short,Stop loss,($1005.16),$101903.08,$5.16,$0.00,$0.00,$0.00,$0.00,$1000.00,$0.00,$1005.16,1,
2013,NQ 06-26,Backtest,VariableTrend,Long,1,15188.50,15138.50,6/27/2022 6:40:00 PM,6/27/2022 6:40:00 PM,Buy,Stop loss,($1005.16),$100897.92,$5.16,$0.00,$0.00,$0.00,$0.00,$1000.00,$0.00,$1005.16,1,
2014,NQ 06-26,Backtest,VariableTrend,Short,1,15110.25,15126.25,6/27/2022 7:50:00 PM,6/27/2022 11:00:00 PM,Sell short,Exit on session close,($325.16),$100572.76,$5.16,$0.00,$0.00,$0.00,$0.00,$795.00,$1290.00,$1615.16,4,
2015,NQ 06-26,Backtest,VariableTrend,Long,1,15139.75,15117.75,6/28/2022 3:30:00 AM,6/28/2022 4:40:00 AM,Buy,Close position,($445.16),$100127.60,$5.16,$0.00,$0.00,$0.00,$0.00,$565.00,$55.00,$500.16,2,
2016,NQ 06-26,Backtest,VariableTrend,Short,1,15117.75,15145.25,6/28/2022 4:40:00 AM,6/28/2022 9:20:00 AM,Sell short,Close position,($555.16),$99572.44,$5.16,$0.00,$0.00,$0.00,$0.00,$655.00,$1905.00,$2460.16,5,
2017,NQ 06-26,Backtest,VariableTrend,Long,1,15145.25,15095.25,6/28/2022 9:20:00 AM,6/28/2022 3:10:00 PM,Buy,Stop loss,($1005.16),$98567.28,$5.16,$0.00,$0.00,$0.00,$0.00,$1000.00,$1400.00,$2405.16,6,
2018,NQ 06-26,Backtest,VariableTrend,Short,1,15078.50,14732.00,6/28/2022 5:30:00 PM,6/28/2022 11:00:00 PM,Sell short,Exit on session close,$6924.84,$105492.12,$5.16,$0.00,$0.00,$0.00,$0.00,$175.00,$7310.00,$385.16,6,
2019,NQ 06-26,Backtest,VariableTrend,Long,1,14625.25,14601.50,6/30/2022 6:40:00 PM,6/30/2022 10:10:00 PM,Buy,Close position,($480.16),$105011.96,$5.16,$0.00,$0.00,$0.00,$0.00,$765.00,$2225.00,$2705.16,4,
2020,NQ 06-26,Backtest,VariableTrend,Short,1,14601.50,14651.50,6/30/2022 10:10:00 PM,6/30/2022 10:10:00 PM,Sell short,Stop loss,($1005.16),$104006.80,$5.16,$0.00,$0.00,$0.00,$0.00,$1000.00,$0.00,$1005.16,1,
2021,NQ 06-26,Backtest,VariableTrend,Long,1,14573.00,14662.00,7/1/2022 9:00:00 PM,7/1/2022 11:00:00 PM,Buy,Exit on session close,$1774.84,$105781.64,$5.16,$0.00,$0.00,$0.00,$0.00,$760.00,$2165.00,$390.16,3,
2022,NQ 06-26,Backtest,VariableTrend,Short,1,14571.75,14603.75,7/4/2022 4:40:00 AM,7/4/2022 9:20:00 AM,Sell short,Close position,($645.16),$105136.48,$5.16,$0.00,$0.00,$0.00,$0.00,$725.00,$405.00,$1050.16,5,
2023,NQ 06-26,Backtest,VariableTrend,Long,1,14603.75,14591.25,7/4/2022 9:20:00 AM,7/4/2022 5:30:00 PM,Buy,Close position,($255.16),$104881.32,$5.16,$0.00,$0.00,$0.00,$0.00,$785.00,$555.00,$810.16,8,
2024,NQ 06-26,Backtest,VariableTrend,Short,1,14591.25,14609.00,7/4/2022 5:30:00 PM,7/4/2022 6:40:00 PM,Sell short,Close position,($360.16),$104521.16,$5.16,$0.00,$0.00,$0.00,$0.00,$595.00,$160.00,$520.16,2,
2025,NQ 06-26,Backtest,VariableTrend,Long,1,14609.00,14605.50,7/4/2022 6:40:00 PM,7/4/2022 7:00:00 PM,Buy,Exit on session close,($75.16),$104446.00,$5.16,$0.00,$0.00,$0.00,$0.00,$140.00,$340.00,$415.16,2,
2026,NQ 06-26,Backtest,VariableTrend,Short,1,14614.75,14664.75,7/5/2022 11:40:00 AM,7/5/2022 6:40:00 PM,Sell short,Stop loss,($1005.16),$103440.84,$5.16,$0.00,$0.00,$0.00,$0.00,$1000.00,$3480.00,$4485.16,7,
2027,NQ 06-26,Backtest,VariableTrend,Long,1,14682.00,14632.00,7/5/2022 7:50:00 PM,7/5/2022 7:50:00 PM,Buy,Stop loss,($1005.16),$102435.68,$5.16,$0.00,$0.00,$0.00,$0.00,$1000.00,$0.00,$1005.16,1,
2028,NQ 06-26,Backtest,VariableTrend,Short,1,14787.50,14837.50,7/6/2022 9:20:00 AM,7/6/2022 9:20:00 AM,Sell short,Stop loss,($1005.16),$101430.52,$5.16,$0.00,$0.00,$0.00,$0.00,$1000.00,$0.00,$1005.16,1,
2029,NQ 06-26,Backtest,VariableTrend,Long,1,14870.00,14820.00,7/6/2022 10:30:00 AM,7/6/2022 11:40:00 AM,Buy,Stop loss,($1005.16),$100425.36,$5.16,$0.00,$0.00,$0.00,$0.00,$1000.00,$915.00,$1920.16,2,
2030,NQ 06-26,Backtest,VariableTrend,Short,1,15059.75,15109.75,7/8/2022 4:20:00 PM,7/8/2022 4:20:00 PM,Sell short,Stop loss,($1005.16),$99420.20,$5.16,$0.00,$0.00,$0.00,$0.00,$1000.00,$0.00,$1005.16,1,
2031,NQ 06-26,Backtest,VariableTrend,Long,1,15254.25,15204.25,7/8/2022 6:40:00 PM,7/8/2022 6:40:00 PM,Buy,Stop loss,($1005.16),$98415.04,$5.16,$0.00,$0.00,$0.00,$0.00,$1000.00,$0.00,$1005.16,1,
2032,NQ 06-26,Backtest,VariableTrend,Short,1,15108.00,15158.00,7/8/2022 7:50:00 PM,7/8/2022 7:50:00 PM,Sell short,Stop loss,($1005.16),$97409.88,$5.16,$0.00,$0.00,$0.00,$0.00,$1000.00,$0.00,$1005.16,1,
2033,NQ 06-26,Backtest,VariableTrend,Long,1,15193.50,15211.75,7/8/2022 9:00:00 PM,7/8/2022 11:00:00 PM,Buy,Exit on session close,$359.84,$97769.72,$5.16,$0.00,$0.00,$0.00,$0.00,$645.00,$960.00,$600.16,3,
2034,NQ 06-26,Backtest,VariableTrend,Short,1,15106.25,15111.25,7/11/2022 5:50:00 AM,7/11/2022 11:40:00 AM,Sell short,Close position,($105.16),$97664.56,$5.16,$0.00,$0.00,$0.00,$0.00,$390.00,$1165.00,$1270.16,6,
2035,NQ 06-26,Backtest,VariableTrend,Long,1,15111.25,15095.50,7/11/2022 11:40:00 AM,7/11/2022 3:10:00 PM,Buy,Close position,($320.16),$97344.40,$5.16,$0.00,$0.00,$0.00,$0.00,$450.00,$520.00,$840.16,4,
2036,NQ 06-26,Backtest,VariableTrend,Short,1,15095.50,15119.25,7/11/2022 3:10:00 PM,7/11/2022 4:20:00 PM,Sell short,Close position,($480.16),$96864.24,$5.16,$0.00,$0.00,$0.00,$0.00,$640.00,$115.00,$595.16,2,
2037,NQ 06-26,Backtest,VariableTrend,Long,1,15119.25,15069.25,7/11/2022 4:20:00 PM,7/11/2022 4:20:00 PM,Buy,Stop loss,($1005.16),$95859.08,$5.16,$0.00,$0.00,$0.00,$0.00,$1000.00,$0.00,$1005.16,1,
2038,NQ 06-26,Backtest,VariableTrend,Short,1,14948.50,14998.50,7/11/2022 5:30:00 PM,7/11/2022 5:30:00 PM,Sell short,Stop loss,($1005.16),$94853.92,$5.16,$0.00,$0.00,$0.00,$0.00,$1000.00,$0.00,$1005.16,1,
2039,NQ 06-26,Backtest,VariableTrend,Long,1,14932.50,14882.50,7/12/2022 3:10:00 PM,7/12/2022 4:20:00 PM,Buy,Stop loss,($1005.16),$93848.76,$5.16,$0.00,$0.00,$0.00,$0.00,$1000.00,$1080.00,$2085.16,2,
2040,NQ 06-26,Backtest,VariableTrend,Short,1,14907.00,14957.00,7/12/2022 5:30:00 PM,7/12/2022 5:30:00 PM,Sell short,Stop loss,($1005.16),$92843.60,$5.16,$0.00,$0.00,$0.00,$0.00,$1000.00,$0.00,$1005.16,1,
2041,NQ 06-26,Backtest,VariableTrend,Long,1,14972.00,14922.00,7/12/2022 6:40:00 PM,7/12/2022 6:40:00 PM,Buy,Stop loss,($1005.16),$91838.44,$5.16,$0.00,$0.00,$0.00,$0.00,$1000.00,$0.00,$1005.16,1,
2042,NQ 06-26,Backtest,VariableTrend,Short,1,14881.00,14832.25,7/12/2022 10:10:00 PM,7/12/2022 11:00:00 PM,Sell short,Exit on session close,$969.84,$92808.28,$5.16,$0.00,$0.00,$0.00,$0.00,$0.00,$2350.00,$1380.16,2,
2043,NQ 06-26,Backtest,VariableTrend,Long,1,14846.25,14796.25,7/13/2022 7:50:00 PM,7/13/2022 9:00:00 PM,Buy,Stop loss,($1005.16),$91803.12,$5.16,$0.00,$0.00,$0.00,$0.00,$1000.00,$1195.00,$2200.16,2,
2044,NQ 06-26,Backtest,VariableTrend,Short,1,14799.25,14784.25,7/13/2022 11:00:00 PM,7/13/2022 11:00:00 PM,Sell short,Exit on session close,$294.84,$92097.96,$5.16,$0.00,$0.00,$0.00,$0.00,$80.00,$415.00,$120.16,1,
2045,NQ 06-26,Backtest,VariableTrend,Long,1,14781.75,14858.75,7/14/2022 9:00:00 PM,7/14/2022 11:00:00 PM,Buy,Exit on session close,$1534.84,$93632.80,$5.16,$0.00,$0.00,$0.00,$0.00,$445.00,$2095.00,$560.16,3,
2046,NQ 06-26,Backtest,VariableTrend,Short,1,15077.50,14967.75,7/18/2022 9:00:00 PM,7/18/2022 11:00:00 PM,Sell short,Exit on session close,$2189.84,$95822.64,$5.16,$0.00,$0.00,$0.00,$0.00,$250.00,$3380.00,$1190.16,3,
2047,NQ 06-26,Backtest,VariableTrend,Long,1,15032.75,15371.50,7/19/2022 12:50:00 PM,7/19/2022 11:00:00 PM,Buy,Exit on session close,$6769.84,$102592.48,$5.16,$0.00,$0.00,$0.00,$0.00,$110.00,$6945.00,$175.16,10,
2048,NQ 06-26,Backtest,VariableTrend,Short,1,15300.25,15350.25,7/20/2022 2:00:00 PM,7/20/2022 4:20:00 PM,Sell short,Stop loss,($1005.16),$101587.32,$5.16,$0.00,$0.00,$0.00,$0.00,$1000.00,$260.00,$1265.16,3,
2049,NQ 06-26,Backtest,VariableTrend,Long,1,15383.50,15479.50,7/20/2022 5:30:00 PM,7/20/2022 11:00:00 PM,Buy,Exit on session close,$1914.84,$103502.16,$5.16,$0.00,$0.00,$0.00,$0.00,$130.00,$3710.00,$1795.16,6,
2050,NQ 06-26,Backtest,VariableTrend,Short,1,15538.75,15480.50,7/22/2022 6:40:00 PM,7/22/2022 11:00:00 PM,Sell short,Exit on session close,$1159.84,$104662.00,$5.16,$0.00,$0.00,$0.00,$0.00,$185.00,$2870.00,$1710.16,5,
2051,NQ 06-26,Backtest,VariableTrend,Long,1,15523.75,15498.75,7/25/2022 12:50:00 PM,7/25/2022 4:20:00 PM,Buy,Close position,($505.16),$104156.84,$5.16,$0.00,$0.00,$0.00,$0.00,$665.00,$525.00,$1030.16,4,
2052,NQ 06-26,Backtest,VariableTrend,Short,1,15498.75,15379.00,7/25/2022 4:20:00 PM,7/25/2022 11:00:00 PM,Sell short,Exit on session close,$2389.84,$106546.68,$5.16,$0.00,$0.00,$0.00,$0.00,$80.00,$3615.00,$1225.16,7,
2053,NQ 06-26,Backtest,VariableTrend,Long,1,15306.00,15631.75,7/27/2022 2:20:00 AM,7/27/2022 11:00:00 PM,Buy,Exit on session close,$6509.84,$113056.52,$5.16,$0.00,$0.00,$0.00,$0.00,$45.00,$8710.00,$2200.16,19,
2054,NQ 06-26,Backtest,VariableTrend,Short,1,15549.00,15599.00,7/28/2022 5:30:00 PM,7/28/2022 5:30:00 PM,Sell short,Stop loss,($1005.16),$112051.36,$5.16,$0.00,$0.00,$0.00,$0.00,$1000.00,$0.00,$1005.16,1,
2055,NQ 06-26,Backtest,VariableTrend,Long,1,15717.25,15975.75,7/28/2022 6:40:00 PM,7/28/2022 11:00:00 PM,Buy,Exit on session close,$5164.84,$117216.20,$5.16,$0.00,$0.00,$0.00,$0.00,$835.00,$5645.00,$480.16,5,
2056,NQ 06-26,Backtest,VariableTrend,Short,1,15856.50,15906.50,7/29/2022 4:20:00 PM,7/29/2022 4:20:00 PM,Sell short,Stop loss,($1005.16),$116211.04,$5.16,$0.00,$0.00,$0.00,$0.00,$1000.00,$0.00,$1005.16,1,
2057,NQ 06-26,Backtest,VariableTrend,Long,1,15938.50,15888.50,7/29/2022 5:30:00 PM,7/29/2022 5:30:00 PM,Buy,Stop loss,($1005.16),$115205.88,$5.16,$0.00,$0.00,$0.00,$0.00,$1000.00,$0.00,$1005.16,1,
2058,NQ 06-26,Backtest,VariableTrend,Short,1,15852.75,15902.75,7/29/2022 6:40:00 PM,7/29/2022 6:40:00 PM,Sell short,Stop loss,($1005.16),$114200.72,$5.16,$0.00,$0.00,$0.00,$0.00,$1000.00,$0.00,$1005.16,1,
2059,NQ 06-26,Backtest,VariableTrend,Long,1,15922.00,16028.50,7/29/2022 7:50:00 PM,7/29/2022 11:00:00 PM,Buy,Exit on session close,$2124.84,$116325.56,$5.16,$0.00,$0.00,$0.00,$0.00,$225.00,$2830.00,$705.16,4,
2060,NQ 06-26,Backtest,VariableTrend,Short,1,15947.75,15964.50,8/2/2022 5:50:00 AM,8/2/2022 7:00:00 AM,Sell short,Close position,($340.16),$115985.40,$5.16,$0.00,$0.00,$0.00,$0.00,$575.00,$135.00,$475.16,2,
2061,NQ 06-26,Backtest,VariableTrend,Long,1,15964.50,15957.00,8/2/2022 7:00:00 AM,8/2/2022 8:10:00 AM,Buy,Close position,($155.16),$115830.24,$5.16,$0.00,$0.00,$0.00,$0.00,$290.00,$10.00,$165.16,2,
2062,NQ 06-26,Backtest,VariableTrend,Short,1,15957.00,16007.00,8/2/2022 8:10:00 AM,8/2/2022 4:20:00 PM,Sell short,Stop loss,($1005.16),$114825.08,$5.16,$0.00,$0.00,$0.00,$0.00,$1000.00,$1815.00,$2820.16,8,
2063,NQ 06-26,Backtest,VariableTrend,Long,1,15943.25,15954.50,8/2/2022 5:30:00 PM,8/2/2022 11:00:00 PM,Buy,Close position,$219.84,$115044.92,$5.16,$0.00,$0.00,$0.00,$0.00,$650.00,$4105.00,$3885.16,6,
2064,NQ 06-26,Backtest,VariableTrend,Short,1,15954.50,15971.75,8/2/2022 11:00:00 PM,8/2/2022 11:00:00 PM,Sell short,Exit on session close,($350.16),$114694.76,$5.16,$0.00,$0.00,$0.00,$0.00,$390.00,$170.00,$520.16,1,
2065,NQ 06-26,Backtest,VariableTrend,Short,1,15961.50,15966.50,8/3/2022 3:30:00 AM,8/3/2022 5:50:00 AM,Sell short,Close position,($105.16),$114589.60,$5.16,$0.00,$0.00,$0.00,$0.00,$450.00,$855.00,$960.16,3,
2066,NQ 06-26,Backtest,VariableTrend,Long,1,15966.50,16299.50,8/3/2022 5:50:00 AM,8/3/2022 11:00:00 PM,Buy,Exit on session close,$6654.84,$121244.44,$5.16,$0.00,$0.00,$0.00,$0.00,$445.00,$7905.00,$1250.16,16,
2067,NQ 06-26,Backtest,VariableTrend,Short,1,16274.75,16324.75,8/4/2022 6:40:00 PM,8/4/2022 6:40:00 PM,Sell short,Stop loss,($1005.16),$120239.28,$5.16,$0.00,$0.00,$0.00,$0.00,$1000.00,$0.00,$1005.16,1,
2068,NQ 06-26,Backtest,VariableTrend,Long,1,16346.25,16296.25,8/4/2022 7:50:00 PM,8/4/2022 7:50:00 PM,Buy,Stop loss,($1005.16),$119234.12,$5.16,$0.00,$0.00,$0.00,$0.00,$1000.00,$0.00,$1005.16,1,
2069,NQ 06-26,Backtest,VariableTrend,Short,1,16359.25,16386.50,8/5/2022 2:00:00 PM,8/5/2022 3:10:00 PM,Sell short,Close position,($550.16),$118683.96,$5.16,$0.00,$0.00,$0.00,$0.00,$615.00,$350.00,$900.16,2,
2070,NQ 06-26,Backtest,VariableTrend,Long,1,16386.50,16336.50,8/5/2022 3:10:00 PM,8/5/2022 3:10:00 PM,Buy,Stop loss,($1005.16),$117678.80,$5.16,$0.00,$0.00,$0.00,$0.00,$1000.00,$0.00,$1005.16,1,
2071,NQ 06-26,Backtest,VariableTrend,Short,1,16185.75,16235.75,8/5/2022 4:20:00 PM,8/5/2022 4:20:00 PM,Sell short,Stop loss,($1005.16),$116673.64,$5.16,$0.00,$0.00,$0.00,$0.00,$1000.00,$0.00,$1005.16,1,
2072,NQ 06-26,Backtest,VariableTrend,Long,1,16341.00,16291.00,8/5/2022 5:30:00 PM,8/5/2022 5:30:00 PM,Buy,Stop loss,($1005.16),$115668.48,$5.16,$0.00,$0.00,$0.00,$0.00,$1000.00,$0.00,$1005.16,1,
2073,NQ 06-26,Backtest,VariableTrend,Short,1,16143.00,16193.00,8/5/2022 6:40:00 PM,8/5/2022 6:40:00 PM,Sell short,Stop loss,($1005.16),$114663.32,$5.16,$0.00,$0.00,$0.00,$0.00,$1000.00,$0.00,$1005.16,1,
2074,NQ 06-26,Backtest,VariableTrend,Long,1,16304.25,16317.00,8/8/2022 9:20:00 AM,8/8/2022 4:20:00 PM,Buy,Close position,$249.84,$114913.16,$5.16,$0.00,$0.00,$0.00,$0.00,$115.00,$1925.00,$1675.16,7,
2075,NQ 06-26,Backtest,VariableTrend,Short,1,16317.00,16367.00,8/8/2022 4:20:00 PM,8/8/2022 4:20:00 PM,Sell short,Stop loss,($1005.16),$113908.00,$5.16,$0.00,$0.00,$0.00,$0.00,$1000.00,$0.00,$1005.16,1,
2076,NQ 06-26,Backtest,VariableTrend,Long,1,16422.00,16372.00,8/8/2022 5:30:00 PM,8/8/2022 5:30:00 PM,Buy,Stop loss,($1005.16),$112902.84,$5.16,$0.00,$0.00,$0.00,$0.00,$1000.00,$0.00,$1005.16,1,
2077,NQ 06-26,Backtest,VariableTrend,Short,1,16335.25,16264.50,8/8/2022 6:40:00 PM,8/8/2022 11:00:00 PM,Sell short,Exit on session close,$1409.84,$114312.68,$5.16,$0.00,$0.00,$0.00,$0.00,$380.00,$3265.00,$1855.16,5,
2078,NQ 06-26,Backtest,VariableTrend,Long,1,16130.00,16100.00,8/10/2022 12:50:00 PM,8/10/2022 2:00:00 PM,Buy,Close position,($605.16),$113707.52,$5.16,$0.00,$0.00,$0.00,$0.00,$625.00,$50.00,$655.16,2,
2079,NQ 06-26,Backtest,VariableTrend,Short,1,16100.00,16139.00,8/10/2022 2:00:00 PM,8/10/2022 3:10:00 PM,Sell short,Close position,($785.16),$112922.36,$5.16,$0.00,$0.00,$0.00,$0.00,$785.00,$0.00,$785.16,2,
2080,NQ 06-26,Backtest,VariableTrend,Long,1,16139.00,16432.50,8/10/2022 3:10:00 PM,8/10/2022 11:00:00 PM,Buy,Exit on session close,$5864.84,$118787.20,$5.16,$0.00,$0.00,$0.00,$0.00,$120.00,$6410.00,$545.16,8,
2081,NQ 06-26,Backtest,VariableTrend,Short,1,16371.75,16398.25,8/11/2022 10:10:00 PM,8/11/2022 11:00:00 PM,Sell short,Exit on session close,($535.16),$118252.04,$5.16,$0.00,$0.00,$0.00,$0.00,$535.00,$705.00,$1240.16,2,
2082,NQ 06-26,Backtest,VariableTrend,Long,1,16414.25,16399.25,8/12/2022 9:20:00 AM,8/12/2022 10:30:00 AM,Buy,Close position,($305.16),$117946.88,$5.16,$0.00,$0.00,$0.00,$0.00,$545.00,$0.00,$305.16,2,
2083,NQ 06-26,Backtest,VariableTrend,Short,1,16399.25,16449.25,8/12/2022 10:30:00 AM,8/12/2022 10:30:00 AM,Sell short,Stop loss,($1005.16),$116941.72,$5.16,$0.00,$0.00,$0.00,$0.00,$1000.00,$0.00,$1005.16,1,
2084,NQ 06-26,Backtest,VariableTrend,Long,1,16447.75,16397.75,8/12/2022 11:40:00 AM,8/12/2022 2:00:00 PM,Buy,Stop loss,($1005.16),$115936.56,$5.16,$0.00,$0.00,$0.00,$0.00,$1000.00,$235.00,$1240.16,3,
2085,NQ 06-26,Backtest,VariableTrend,Short,1,16416.50,16444.00,8/12/2022 3:10:00 PM,8/12/2022 4:20:00 PM,Sell short,Close position,($555.16),$115381.40,$5.16,$0.00,$0.00,$0.00,$0.00,$795.00,$180.00,$735.16,2,
2086,NQ 06-26,Backtest,VariableTrend,Long,1,16444.00,16631.50,8/12/2022 4:20:00 PM,8/12/2022 11:00:00 PM,Buy,Exit on session close,$3744.84,$119126.24,$5.16,$0.00,$0.00,$0.00,$0.00,$665.00,$3815.00,$70.16,7,
2087,NQ 06-26,Backtest,VariableTrend,Short,1,16550.25,16596.50,8/15/2022 12:50:00 PM,8/15/2022 2:00:00 PM,Sell short,Close position,($930.16),$118196.08,$5.16,$0.00,$0.00,$0.00,$0.00,$965.00,$0.00,$930.16,2,
2088,NQ 06-26,Backtest,VariableTrend,Long,1,16596.50,16730.25,8/15/2022 2:00:00 PM,8/15/2022 11:00:00 PM,Buy,Exit on session close,$2669.84,$120865.92,$5.16,$0.00,$0.00,$0.00,$0.00,$870.00,$3220.00,$550.16,9,
2089,NQ 06-26,Backtest,VariableTrend,Short,1,16638.00,16688.00,8/16/2022 5:30:00 PM,8/16/2022 6:40:00 PM,Sell short,Stop loss,($1005.16),$119860.76,$5.16,$0.00,$0.00,$0.00,$0.00,$1000.00,$1275.00,$2280.16,2,
2090,NQ 06-26,Backtest,VariableTrend,Long,1,16699.50,16649.50,8/16/2022 7:50:00 PM,8/16/2022 9:00:00 PM,Buy,Stop loss,($1005.16),$118855.60,$5.16,$0.00,$0.00,$0.00,$0.00,$1000.00,$1080.00,$2085.16,2,
2091,NQ 06-26,Backtest,VariableTrend,Short,1,16672.00,16722.00,8/16/2022 10:10:00 PM,8/16/2022 10:10:00 PM,Sell short,Stop loss,($1005.16),$117850.44,$5.16,$0.00,$0.00,$0.00,$0.00,$1000.00,$0.00,$1005.16,1,
2092,NQ 06-26,Backtest,VariableTrend,Long,1,16697.25,16715.00,8/16/2022 11:00:00 PM,8/16/2022 11:00:00 PM,Buy,Exit on session close,$349.84,$118200.28,$5.16,$0.00,$0.00,$0.00,$0.00,$115.00,$370.00,$20.16,1,
2093,NQ 06-26,Backtest,VariableTrend,Short,1,16664.25,16597.75,8/17/2022 10:30:00 AM,8/17/2022 10:10:00 PM,Sell short,Close position,$1324.84,$119525.12,$5.16,$0.00,$0.00,$0.00,$0.00,$415.00,$4130.00,$2805.16,11,
2094,NQ 06-26,Backtest,VariableTrend,Long,1,16597.75,16547.75,8/17/2022 10:10:00 PM,8/17/2022 10:10:00 PM,Buy,Stop loss,($1005.16),$118519.96,$5.16,$0.00,$0.00,$0.00,$0.00,$1000.00,$0.00,$1005.16,1,
2095,NQ 06-26,Backtest,VariableTrend,Short,1,16558.25,16562.50,8/17/2022 11:00:00 PM,8/17/2022 11:00:00 PM,Sell short,Exit on session close,($90.16),$118429.80,$5.16,$0.00,$0.00,$0.00,$0.00,$115.00,$120.00,$210.16,1,
2096,NQ 06-26,Backtest,VariableTrend,Long,1,16551.75,16550.25,8/18/2022 12:50:00 PM,8/18/2022 4:20:00 PM,Buy,Close position,($35.16),$118394.64,$5.16,$0.00,$0.00,$0.00,$0.00,$175.00,$1175.00,$1210.16,4,
2097,NQ 06-26,Backtest,VariableTrend,Short,1,16550.25,16600.25,8/18/2022 4:20:00 PM,8/18/2022 5:30:00 PM,Sell short,Stop loss,($1005.16),$117389.48,$5.16,$0.00,$0.00,$0.00,$0.00,$1000.00,$1525.00,$2530.16,2,
2098,NQ 06-26,Backtest,VariableTrend,Long,1,16604.75,16554.75,8/18/2022 6:40:00 PM,8/18/2022 7:50:00 PM,Buy,Stop loss,($1005.16),$116384.32,$5.16,$0.00,$0.00,$0.00,$0.00,$1000.00,$445.00,$1450.16,2,
2099,NQ 06-26,Backtest,VariableTrend,Short,1,16558.50,16565.75,8/19/2022 3:30:00 AM,8/19/2022 5:50:00 AM,Sell short,Close position,($150.16),$116234.16,$5.16,$0.00,$0.00,$0.00,$0.00,$180.00,$360.00,$510.16,3,
2100,NQ 06-26,Backtest,VariableTrend,Long,1,16565.75,16555.50,8/19/2022 5:50:00 AM,8/19/2022 7:00:00 AM,Buy,Close position,($210.16),$116024.00,$5.16,$0.00,$0.00,$0.00,$0.00,$290.00,$120.00,$330.16,2,
2101,NQ 06-26,Backtest,VariableTrend,Short,1,16555.50,16301.50,8/19/2022 7:00:00 AM,8/19/2022 11:00:00 PM,Sell short,Exit on session close,$5074.84,$121098.84,$5.16,$0.00,$0.00,$0.00,$0.00,$30.00,$5505.00,$430.16,15,
2102,NQ 06-26,Backtest,VariableTrend,Long,1,16047.50,15997.50,8/23/2022 5:30:00 PM,8/23/2022 5:30:00 PM,Buy,Stop loss,($1005.16),$120093.68,$5.16,$0.00,$0.00,$0.00,$0.00,$1000.00,$0.00,$1005.16,1,
2103,NQ 06-26,Backtest,VariableTrend,Short,1,15961.50,16011.50,8/23/2022 6:40:00 PM,8/23/2022 7:50:00 PM,Sell short,Stop loss,($1005.16),$119088.52,$5.16,$0.00,$0.00,$0.00,$0.00,$1000.00,$565.00,$1570.16,2,
2104,NQ 06-26,Backtest,VariableTrend,Long,1,15992.50,15982.75,8/24/2022 5:30:00 PM,8/24/2022 9:00:00 PM,Buy,Close position,($200.16),$118888.36,$5.16,$0.00,$0.00,$0.00,$0.00,$665.00,$1405.00,$1605.16,4,
2105,NQ 06-26,Backtest,VariableTrend,Short,1,15982.75,15991.25,8/24/2022 9:00:00 PM,8/24/2022 10:10:00 PM,Sell short,Close position,($175.16),$118713.20,$5.16,$0.00,$0.00,$0.00,$0.00,$435.00,$340.00,$515.16,2,
2106,NQ 06-26,Backtest,VariableTrend,Long,1,15991.25,16007.50,8/24/2022 10:10:00 PM,8/24/2022 11:00:00 PM,Buy,Exit on session close,$319.84,$119033.04,$5.16,$0.00,$0.00,$0.00,$0.00,$310.00,$635.00,$315.16,2,
2107,NQ 06-26,Backtest,VariableTrend,Short,1,15989.50,16015.75,8/25/2022 3:30:00 AM,8/25/2022 4:40:00 AM,Sell short,Close position,($530.16),$118502.88,$5.16,$0.00,$0.00,$0.00,$0.00,$650.00,$25.00,$555.16,2,
2108,NQ 06-26,Backtest,VariableTrend,Long,1,16015.75,16196.25,8/25/2022 4:40:00 AM,8/25/2022 11:00:00 PM,Buy,Exit on session close,$3604.84,$122107.72,$5.16,$0.00,$0.00,$0.00,$0.00,$85.00,$3945.00,$340.16,17,
2109,NQ 06-26,Backtest,VariableTrend,Short,1,15880.00,15610.50,8/26/2022 6:40:00 PM,8/26/2022 11:00:00 PM,Sell short,Exit on session close,$5384.84,$127492.56,$5.16,$0.00,$0.00,$0.00,$0.00,$330.00,$5420.00,$35.16,5,
2110,NQ 06-26,Backtest,VariableTrend,Long,1,15649.25,15599.25,8/29/2022 5:30:00 PM,8/29/2022 5:30:00 PM,Buy,Stop loss,($1005.16),$126487.40,$5.16,$0.00,$0.00,$0.00,$0.00,$1000.00,$0.00,$1005.16,1,
2111,NQ 06-26,Backtest,VariableTrend,Short,1,15519.50,15569.50,8/29/2022 6:40:00 PM,8/29/2022 6:40:00 PM,Sell short,Stop loss,($1005.16),$125482.24,$5.16,$0.00,$0.00,$0.00,$0.00,$1000.00,$0.00,$1005.16,1,
2112,NQ 06-26,Backtest,VariableTrend,Long,1,15619.00,15569.00,8/29/2022 9:00:00 PM,8/29/2022 10:10:00 PM,Buy,Stop loss,($1005.16),$124477.08,$5.16,$0.00,$0.00,$0.00,$0.00,$1000.00,$290.00,$1295.16,2,
2113,NQ 06-26,Backtest,VariableTrend,Short,1,15538.00,15556.75,8/29/2022 11:00:00 PM,8/29/2022 11:00:00 PM,Sell short,Exit on session close,($380.16),$124096.92,$5.16,$0.00,$0.00,$0.00,$0.00,$380.00,$110.00,$490.16,1,
2114,NQ 06-26,Backtest,VariableTrend,Long,1,15601.00,15589.75,8/30/2022 8:10:00 AM,8/30/2022 9:20:00 AM,Buy,Close position,($230.16),$123866.76,$5.16,$0.00,$0.00,$0.00,$0.00,$390.00,$130.00,$360.16,2,
2115,NQ 06-26,Backtest,VariableTrend,Short,1,15589.75,15631.00,8/30/2022 9:20:00 AM,8/30/2022 10:30:00 AM,Sell short,Close position,($830.16),$123036.60,$5.16,$0.00,$0.00,$0.00,$0.00,$905.00,$195.00,$1025.16,2,
2116,NQ 06-26,Backtest,VariableTrend,Long,1,15631.00,15610.75,8/30/2022 10:30:00 AM,8/30/2022 4:20:00 PM,Buy,Close position,($410.16),$122626.44,$5.16,$0.00,$0.00,$0.00,$0.00,$540.00,$1575.00,$1985.16,6,
2117,NQ 06-26,Backtest,VariableTrend,Short,1,15610.75,15412.00,8/30/2022 4:20:00 PM,8/30/2022 11:00:00 PM,Sell short,Exit on session close,$3969.84,$126596.28,$5.16,$0.00,$0.00,$0.00,$0.00,$560.00,$6235.00,$2265.16,7,
2118,NQ 06-26,Backtest,VariableTrend,Long,1,15477.25,15427.25,8/31/2022 5:50:00 AM,8/31/2022 10:30:00 AM,Buy,Stop loss,($1005.16),$125591.12,$5.16,$0.00,$0.00,$0.00,$0.00,$1000.00,$1305.00,$2310.16,5,
2119,NQ 06-26,Backtest,VariableTrend,Short,1,15434.25,15484.25,8/31/2022 11:40:00 AM,8/31/2022 12:50:00 PM,Sell short,Stop loss,($1005.16),$124585.96,$5.16,$0.00,$0.00,$0.00,$0.00,$1000.00,$465.00,$1470.16,2,
2120,NQ 06-26,Backtest,VariableTrend,Long,1,15499.50,15485.75,8/31/2022 2:00:00 PM,8/31/2022 3:10:00 PM,Buy,Close position,($280.16),$124305.80,$5.16,$0.00,$0.00,$0.00,$0.00,$730.00,$460.00,$740.16,2,
2121,NQ 06-26,Backtest,VariableTrend,Short,1,15485.75,15514.50,8/31/2022 3:10:00 PM,8/31/2022 4:20:00 PM,Sell short,Close position,($580.16),$123725.64,$5.16,$0.00,$0.00,$0.00,$0.00,$795.00,$260.00,$840.16,2,
2122,NQ 06-26,Backtest,VariableTrend,Long,1,15514.50,15464.50,8/31/2022 4:20:00 PM,8/31/2022 4:20:00 PM,Buy,Stop loss,($1005.16),$122720.48,$5.16,$0.00,$0.00,$0.00,$0.00,$1000.00,$0.00,$1005.16,1,
2123,NQ 06-26,Backtest,VariableTrend,Short,1,15474.75,15357.00,8/31/2022 5:30:00 PM,8/31/2022 11:00:00 PM,Sell short,Exit on session close,$2349.84,$125070.32,$5.16,$0.00,$0.00,$0.00,$0.00,$315.00,$2940.00,$590.16,6,
2124,NQ 06-26,Backtest,VariableTrend,Long,1,15242.25,15343.75,9/1/2022 10:10:00 PM,9/1/2022 11:00:00 PM,Buy,Exit on session close,$2024.84,$127095.16,$5.16,$0.00,$0.00,$0.00,$0.00,$185.00,$2175.00,$150.16,2,
2125,NQ 06-26,Backtest,VariableTrend,Short,1,15319.25,15181.75,9/2/2022 7:50:00 PM,9/2/2022 11:00:00 PM,Sell short,Exit on session close,$2744.84,$129840.00,$5.16,$0.00,$0.00,$0.00,$0.00,$110.00,$4550.00,$1805.16,4,
2126,NQ 06-26,Backtest,VariableTrend,Long,1,15217.50,15211.25,9/6/2022 2:20:00 AM,9/6/2022 7:00:00 AM,Buy,Close position,($130.16),$129709.84,$5.16,$0.00,$0.00,$0.00,$0.00,$680.00,$1360.00,$1490.16,5,
2127,NQ 06-26,Backtest,VariableTrend,Short,1,15211.25,15261.25,9/6/2022 7:00:00 AM,9/6/2022 9:20:00 AM,Sell short,Stop loss,($1005.16),$128704.68,$5.16,$0.00,$0.00,$0.00,$0.00,$1000.00,$260.00,$1265.16,3,
2128,NQ 06-26,Backtest,VariableTrend,Long,1,15270.00,15220.00,9/6/2022 10:30:00 AM,9/6/2022 10:30:00 AM,Buy,Stop loss,($1005.16),$127699.52,$5.16,$0.00,$0.00,$0.00,$0.00,$1000.00,$0.00,$1005.16,1,
2129,NQ 06-26,Backtest,VariableTrend,Short,1,15209.00,15071.75,9/6/2022 4:20:00 PM,9/6/2022 11:00:00 PM,Sell short,Exit on session close,$2739.84,$130439.36,$5.16,$0.00,$0.00,$0.00,$0.00,$230.00,$4550.00,$1810.16,7,
2130,NQ 06-26,Backtest,VariableTrend,Long,1,15115.00,15315.00,9/7/2022 5:30:00 PM,9/7/2022 11:00:00 PM,Buy,Exit on session close,$3994.84,$134434.20,$5.16,$0.00,$0.00,$0.00,$0.00,$575.00,$4855.00,$860.16,6,
2131,NQ 06-26,Backtest,VariableTrend,Short,1,15227.25,15277.25,9/8/2022 4:20:00 PM,9/8/2022 4:20:00 PM,Sell short,Stop loss,($1005.16),$133429.04,$5.16,$0.00,$0.00,$0.00,$0.00,$1000.00,$0.00,$1005.16,1,
2132,NQ 06-26,Backtest,VariableTrend,Long,1,15318.00,15268.00,9/8/2022 5:30:00 PM,9/8/2022 6:40:00 PM,Buy,Stop loss,($1005.16),$132423.88,$5.16,$0.00,$0.00,$0.00,$0.00,$1000.00,$2210.00,$3215.16,2,
2133,NQ 06-26,Backtest,VariableTrend,Short,1,15249.75,15299.75,9/8/2022 7:50:00 PM,9/8/2022 7:50:00 PM,Sell short,Stop loss,($1005.16),$131418.72,$5.16,$0.00,$0.00,$0.00,$0.00,$1000.00,$0.00,$1005.16,1,
2134,NQ 06-26,Backtest,VariableTrend,Long,1,15339.75,15289.75,9/8/2022 9:00:00 PM,9/8/2022 9:00:00 PM,Buy,Stop loss,($1005.16),$130413.56,$5.16,$0.00,$0.00,$0.00,$0.00,$1000.00,$0.00,$1005.16,1,
2135,NQ 06-26,Backtest,VariableTrend,Short,1,15436.25,15102.00,9/13/2022 4:20:00 PM,9/13/2022 11:00:00 PM,Sell short,Exit on session close,$6679.84,$137093.40,$5.16,$0.00,$0.00,$0.00,$0.00,$945.00,$7580.00,$900.16,7,
2136,NQ 06-26,Backtest,VariableTrend,Long,1,15193.25,15143.25,9/14/2022 7:50:00 PM,9/14/2022 7:50:00 PM,Buy,Stop loss,($1005.16),$136088.24,$5.16,$0.00,$0.00,$0.00,$0.00,$1000.00,$0.00,$1005.16,1,
2137,NQ 06-26,Backtest,VariableTrend,Short,1,15125.75,15175.75,9/14/2022 9:00:00 PM,9/14/2022 10:10:00 PM,Sell short,Stop loss,($1005.16),$135083.08,$5.16,$0.00,$0.00,$0.00,$0.00,$1000.00,$655.00,$1660.16,2,
2138,NQ 06-26,Backtest,VariableTrend,Long,1,15196.00,15225.00,9/14/2022 11:00:00 PM,9/14/2022 11:00:00 PM,Buy,Exit on session close,$574.84,$135657.92,$5.16,$0.00,$0.00,$0.00,$0.00,$65.00,$615.00,$40.16,1,
2139,NQ 06-26,Backtest,VariableTrend,Short,1,15147.00,15197.00,9/15/2022 2:00:00 PM,9/15/2022 4:20:00 PM,Sell short,Stop loss,($1005.16),$134652.76,$5.16,$0.00,$0.00,$0.00,$0.00,$1000.00,$625.00,$1630.16,3,
2140,NQ 06-26,Backtest,VariableTrend,Long,1,15180.25,15130.25,9/15/2022 5:30:00 PM,9/15/2022 5:30:00 PM,Buy,Stop loss,($1005.16),$133647.60,$5.16,$0.00,$0.00,$0.00,$0.00,$1000.00,$0.00,$1005.16,1,
2141,NQ 06-26,Backtest,VariableTrend,Short,1,15024.00,15074.00,9/15/2022 6:40:00 PM,9/15/2022 7:50:00 PM,Sell short,Stop loss,($1005.16),$132642.44,$5.16,$0.00,$0.00,$0.00,$0.00,$1000.00,$1025.00,$2030.16,2,
2142,NQ 06-26,Backtest,VariableTrend,Long,1,14914.00,14935.75,9/16/2022 11:00:00 PM,9/16/2022 11:00:00 PM,Buy,Exit on session close,$429.84,$133072.28,$5.16,$0.00,$0.00,$0.00,$0.00,$240.00,$445.00,$15.16,1,
2143,NQ 06-26,Backtest,VariableTrend,Short,1,14848.50,14898.50,9/19/2022 5:50:00 AM,9/19/2022 4:20:00 PM,Sell short,Stop loss,($1005.16),$132067.12,$5.16,$0.00,$0.00,$0.00,$0.00,$1000.00,$1625.00,$2630.16,10,
2144,NQ 06-26,Backtest,VariableTrend,Long,1,14866.00,15020.50,9/19/2022 5:30:00 PM,9/19/2022 11:00:00 PM,Buy,Exit on session close,$3084.84,$135151.96,$5.16,$0.00,$0.00,$0.00,$0.00,$845.00,$3505.00,$420.16,6,
2145,NQ 06-26,Backtest,VariableTrend,Short,1,14968.00,14924.00,9/20/2022 11:40:00 AM,9/20/2022 11:00:00 PM,Sell short,Exit on session close,$874.84,$136026.80,$5.16,$0.00,$0.00,$0.00,$0.00,$605.00,$3295.00,$2420.16,11,
2146,NQ 06-26,Backtest,VariableTrend,Long,1,14954.75,14904.75,9/21/2022 4:20:00 PM,9/21/2022 9:00:00 PM,Buy,Stop loss,($1005.16),$135021.64,$5.16,$0.00,$0.00,$0.00,$0.00,$1000.00,$690.00,$1695.16,5,
2147,NQ 06-26,Backtest,VariableTrend,Short,1,14672.75,14643.00,9/21/2022 11:00:00 PM,9/21/2022 11:00:00 PM,Sell short,Exit on session close,$589.84,$135611.48,$5.16,$0.00,$0.00,$0.00,$0.00,$155.00,$1005.00,$415.16,1,
2148,NQ 06-26,Backtest,VariableTrend,Long,1,14717.50,14669.00,9/22/2022 11:40:00 AM,9/22/2022 12:50:00 PM,Buy,Close position,($975.16),$134636.32,$5.16,$0.00,$0.00,$0.00,$0.00,$995.00,$1070.00,$2045.16,2,
2149,NQ 06-26,Backtest,VariableTrend,Short,1,14669.00,14719.00,9/22/2022 12:50:00 PM,9/22/2022 3:10:00 PM,Sell short,Stop loss,($1005.16),$133631.16,$5.16,$0.00,$0.00,$0.00,$0.00,$1000.00,$1080.00,$2085.16,3,
2150,NQ 06-26,Backtest,VariableTrend,Long,1,14501.75,14451.75,9/26/2022 5:30:00 PM,9/26/2022 5:30:00 PM,Buy,Stop loss,($1005.16),$132626.00,$5.16,$0.00,$0.00,$0.00,$0.00,$1000.00,$0.00,$1005.16,1,
2151,NQ 06-26,Backtest,VariableTrend,Short,1,14353.25,14290.50,9/26/2022 6:40:00 PM,9/26/2022 11:00:00 PM,Sell short,Exit on session close,$1249.84,$133875.84,$5.16,$0.00,$0.00,$0.00,$0.00,$945.00,$1750.00,$500.16,5,
2152,NQ 06-26,Backtest,VariableTrend,Long,1,14393.75,14403.50,9/27/2022 9:20:00 AM,9/27/2022 12:50:00 PM,Buy,Close position,$189.84,$134065.68,$5.16,$0.00,$0.00,$0.00,$0.00,$110.00,$1850.00,$1660.16,4,
2153,NQ 06-26,Backtest,VariableTrend,Short,1,14403.50,14453.50,9/27/2022 12:50:00 PM,9/27/2022 12:50:00 PM,Sell short,Stop loss,($1005.16),$133060.52,$5.16,$0.00,$0.00,$0.00,$0.00,$1000.00,$0.00,$1005.16,1,
2154,NQ 06-26,Backtest,VariableTrend,Long,1,14456.50,14406.50,9/27/2022 2:00:00 PM,9/27/2022 4:20:00 PM,Buy,Stop loss,($1005.16),$132055.36,$5.16,$0.00,$0.00,$0.00,$0.00,$1000.00,$840.00,$1845.16,3,
2155,NQ 06-26,Backtest,VariableTrend,Short,1,14355.00,14329.25,9/27/2022 6:40:00 PM,9/27/2022 11:00:00 PM,Sell short,Exit on session close,$509.84,$132565.20,$5.16,$0.00,$0.00,$0.00,$0.00,$530.00,$2930.00,$2420.16,5,
2156,NQ 06-26,Backtest,VariableTrend,Long,1,14286.00,14514.25,9/28/2022 4:20:00 PM,9/28/2022 11:00:00 PM,Buy,Exit on session close,$4559.84,$137125.04,$5.16,$0.00,$0.00,$0.00,$0.00,$900.00,$6050.00,$1490.16,7,
2157,NQ 06-26,Backtest,VariableTrend,Short,1,14440.00,14209.00,9/29/2022 9:20:00 AM,9/29/2022 11:00:00 PM,Sell short,Exit on session close,$4614.84,$141739.88,$5.16,$0.00,$0.00,$0.00,$0.00,$380.00,$7470.00,$2855.16,13,
2158,NQ 06-26,Backtest,VariableTrend,Long,1,14281.75,14231.75,9/30/2022 10:30:00 AM,9/30/2022 2:00:00 PM,Buy,Stop loss,($1005.16),$140734.72,$5.16,$0.00,$0.00,$0.00,$0.00,$1000.00,$885.00,$1890.16,4,
2159,NQ 06-26,Backtest,VariableTrend,Short,1,14223.25,14273.25,9/30/2022 3:10:00 PM,9/30/2022 3:10:00 PM,Sell short,Stop loss,($1005.16),$139729.56,$5.16,$0.00,$0.00,$0.00,$0.00,$1000.00,$0.00,$1005.16,1,
2160,NQ 06-26,Backtest,VariableTrend,Long,1,14304.50,14254.50,9/30/2022 6:40:00 PM,9/30/2022 6:40:00 PM,Buy,Stop loss,($1005.16),$138724.40,$5.16,$0.00,$0.00,$0.00,$0.00,$1000.00,$0.00,$1005.16,1,
2161,NQ 06-26,Backtest,VariableTrend,Short,1,14228.75,14033.25,9/30/2022 7:50:00 PM,9/30/2022 11:00:00 PM,Sell short,Exit on session close,$3904.84,$142629.24,$5.16,$0.00,$0.00,$0.00,$0.00,$175.00,$4590.00,$685.16,4,
2162,NQ 06-26,Backtest,VariableTrend,Long,1,14089.25,14039.25,10/3/2022 4:20:00 PM,10/3/2022 4:20:00 PM,Buy,Stop loss,($1005.16),$141624.08,$5.16,$0.00,$0.00,$0.00,$0.00,$1000.00,$0.00,$1005.16,1,
2163,NQ 06-26,Backtest,VariableTrend,Short,1,14494.50,14544.50,10/5/2022 11:40:00 AM,10/5/2022 7:50:00 PM,Sell short,Stop loss,($1005.16),$140618.92,$5.16,$0.00,$0.00,$0.00,$0.00,$1000.00,$3060.00,$4065.16,8,
2164,NQ 06-26,Backtest,VariableTrend,Long,1,14582.50,14603.00,10/5/2022 9:00:00 PM,10/5/2022 11:00:00 PM,Buy,Exit on session close,$404.84,$141023.76,$5.16,$0.00,$0.00,$0.00,$0.00,$965.00,$2070.00,$1665.16,3,
2165,NQ 06-26,Backtest,VariableTrend,Short,1,14566.00,14616.00,10/6/2022 11:40:00 AM,10/6/2022 3:10:00 PM,Sell short,Stop loss,($1005.16),$140018.60,$5.16,$0.00,$0.00,$0.00,$0.00,$1000.00,$1345.00,$2350.16,4,
2166,NQ 06-26,Backtest,VariableTrend,Long,1,14580.25,14530.25,10/6/2022 4:20:00 PM,10/6/2022 4:20:00 PM,Buy,Stop loss,($1005.16),$139013.44,$5.16,$0.00,$0.00,$0.00,$0.00,$1000.00,$0.00,$1005.16,1,
2167,NQ 06-26,Backtest,VariableTrend,Short,1,14538.75,14588.75,10/6/2022 5:30:00 PM,10/6/2022 5:30:00 PM,Sell short,Stop loss,($1005.16),$138008.28,$5.16,$0.00,$0.00,$0.00,$0.00,$1000.00,$0.00,$1005.16,1,
2168,NQ 06-26,Backtest,VariableTrend,Long,1,14623.50,14573.50,10/6/2022 6:40:00 PM,10/6/2022 6:40:00 PM,Buy,Stop loss,($1005.16),$137003.12,$5.16,$0.00,$0.00,$0.00,$0.00,$1000.00,$0.00,$1005.16,1,
2169,NQ 06-26,Backtest,VariableTrend,Short,1,14531.50,14480.75,10/6/2022 10:10:00 PM,10/6/2022 11:00:00 PM,Sell short,Exit on session close,$1009.84,$138012.96,$5.16,$0.00,$0.00,$0.00,$0.00,$630.00,$1025.00,$15.16,2,
2170,NQ 06-26,Backtest,VariableTrend,Long,1,14096.25,14046.25,10/10/2022 4:20:00 PM,10/10/2022 4:20:00 PM,Buy,Stop loss,($1005.16),$137007.80,$5.16,$0.00,$0.00,$0.00,$0.00,$1000.00,$0.00,$1005.16,1,
2171,NQ 06-26,Backtest,VariableTrend,Short,1,13993.00,14043.00,10/10/2022 5:30:00 PM,10/10/2022 5:30:00 PM,Sell short,Stop loss,($1005.16),$136002.64,$5.16,$0.00,$0.00,$0.00,$0.00,$1000.00,$0.00,$1005.16,1,
2172,NQ 06-26,Backtest,VariableTrend,Long,1,13966.75,13916.75,10/11/2022 7:50:00 PM,10/11/2022 7:50:00 PM,Buy,Stop loss,($1005.16),$134997.48,$5.16,$0.00,$0.00,$0.00,$0.00,$1000.00,$0.00,$1005.16,1,
2173,NQ 06-26,Backtest,VariableTrend,Short,1,13940.25,13855.50,10/11/2022 9:00:00 PM,10/11/2022 11:00:00 PM,Sell short,Exit on session close,$1689.84,$136687.32,$5.16,$0.00,$0.00,$0.00,$0.00,$400.00,$3960.00,$2270.16,3,
2174,NQ 06-26,Backtest,VariableTrend,Long,1,13935.75,13892.50,10/12/2022 12:50:00 PM,10/12/2022 2:00:00 PM,Buy,Close position,($870.16),$135817.16,$5.16,$0.00,$0.00,$0.00,$0.00,$925.00,$120.00,$990.16,2,
2175,NQ 06-26,Backtest,VariableTrend,Short,1,13892.50,13942.50,10/12/2022 2:00:00 PM,10/12/2022 3:10:00 PM,Sell short,Stop loss,($1005.16),$134812.00,$5.16,$0.00,$0.00,$0.00,$0.00,$1000.00,$140.00,$1145.16,2,
2176,NQ 06-26,Backtest,VariableTrend,Long,1,13890.75,13840.75,10/13/2022 3:10:00 PM,10/13/2022 3:10:00 PM,Buy,Stop loss,($1005.16),$133806.84,$5.16,$0.00,$0.00,$0.00,$0.00,$1000.00,$0.00,$1005.16,1,
2177,NQ 06-26,Backtest,VariableTrend,Short,1,13511.25,13561.25,10/13/2022 4:20:00 PM,10/13/2022 4:20:00 PM,Sell short,Stop loss,($1005.16),$132801.68,$5.16,$0.00,$0.00,$0.00,$0.00,$1000.00,$0.00,$1005.16,1,
2178,NQ 06-26,Backtest,VariableTrend,Long,1,13898.25,14040.50,10/13/2022 6:40:00 PM,10/13/2022 11:00:00 PM,Buy,Exit on session close,$2839.84,$135641.52,$5.16,$0.00,$0.00,$0.00,$0.00,$555.00,$4390.00,$1550.16,5,
2179,NQ 06-26,Backtest,VariableTrend,Short,1,13897.00,13721.25,10/14/2022 5:30:00 PM,10/14/2022 11:00:00 PM,Sell short,Exit on session close,$3509.84,$139151.36,$5.16,$0.00,$0.00,$0.00,$0.00,$990.00,$3905.00,$395.16,6,
2180,NQ 06-26,Backtest,VariableTrend,Long,1,13856.00,14109.00,10/17/2022 12:50:00 PM,10/17/2022 11:00:00 PM,Buy,Exit on session close,$5054.84,$144206.20,$5.16,$0.00,$0.00,$0.00,$0.00,$160.00,$5305.00,$250.16,10,
2181,NQ 06-26,Backtest,VariableTrend,Short,1,14104.25,14154.25,10/18/2022 6:40:00 PM,10/18/2022 6:40:00 PM,Sell short,Stop loss,($1005.16),$143201.04,$5.16,$0.00,$0.00,$0.00,$0.00,$1000.00,$0.00,$1005.16,1,
2182,NQ 06-26,Backtest,VariableTrend,Long,1,14211.00,14161.00,10/18/2022 9:00:00 PM,10/18/2022 9:00:00 PM,Buy,Stop loss,($1005.16),$142195.88,$5.16,$0.00,$0.00,$0.00,$0.00,$1000.00,$0.00,$1005.16,1,
2183,NQ 06-26,Backtest,VariableTrend,Short,1,14114.75,14164.75,10/18/2022 10:10:00 PM,10/18/2022 10:10:00 PM,Sell short,Stop loss,($1005.16),$141190.72,$5.16,$0.00,$0.00,$0.00,$0.00,$1000.00,$0.00,$1005.16,1,
2184,NQ 06-26,Backtest,VariableTrend,Long,1,14245.25,14297.75,10/18/2022 11:00:00 PM,10/18/2022 11:00:00 PM,Buy,Exit on session close,$1044.84,$142235.56,$5.16,$0.00,$0.00,$0.00,$0.00,$90.00,$1365.00,$320.16,1,
2185,NQ 06-26,Backtest,VariableTrend,Short,1,14160.75,14210.75,10/19/2022 11:40:00 AM,10/19/2022 11:40:00 AM,Sell short,Stop loss,($1005.16),$141230.40,$5.16,$0.00,$0.00,$0.00,$0.00,$1000.00,$0.00,$1005.16,1,
2186,NQ 06-26,Backtest,VariableTrend,Long,1,14198.75,14148.75,10/19/2022 5:30:00 PM,10/19/2022 5:30:00 PM,Buy,Stop loss,($1005.16),$140225.24,$5.16,$0.00,$0.00,$0.00,$0.00,$1000.00,$0.00,$1005.16,1,
2187,NQ 06-26,Backtest,VariableTrend,Short,1,14161.50,14126.00,10/19/2022 6:40:00 PM,10/19/2022 11:00:00 PM,Sell short,Exit on session close,$704.84,$140930.08,$5.16,$0.00,$0.00,$0.00,$0.00,$800.00,$2750.00,$2045.16,5,
2188,NQ 06-26,Backtest,VariableTrend,Long,1,14134.00,14084.00,10/20/2022 3:10:00 PM,10/20/2022 3:10:00 PM,Buy,Stop loss,($1005.16),$139924.92,$5.16,$0.00,$0.00,$0.00,$0.00,$1000.00,$0.00,$1005.16,1,
2189,NQ 06-26,Backtest,VariableTrend,Short,1,14098.25,14148.25,10/20/2022 4:20:00 PM,10/20/2022 4:20:00 PM,Sell short,Stop loss,($1005.16),$138919.76,$5.16,$0.00,$0.00,$0.00,$0.00,$1000.00,$0.00,$1005.16,1,
2190,NQ 06-26,Backtest,VariableTrend,Long,1,14286.50,14236.50,10/20/2022 5:30:00 PM,10/20/2022 5:30:00 PM,Buy,Stop loss,($1005.16),$137914.60,$5.16,$0.00,$0.00,$0.00,$0.00,$1000.00,$0.00,$1005.16,1,
2191,NQ 06-26,Backtest,VariableTrend,Short,1,14063.25,14034.75,10/20/2022 9:00:00 PM,10/20/2022 11:00:00 PM,Sell short,Exit on session close,$564.84,$138479.44,$5.16,$0.00,$0.00,$0.00,$0.00,$770.00,$940.00,$375.16,3,
2192,NQ 06-26,Backtest,VariableTrend,Long,1,14061.50,14011.50,10/21/2022 4:20:00 PM,10/21/2022 4:20:00 PM,Buy,Stop loss,($1005.16),$137474.28,$5.16,$0.00,$0.00,$0.00,$0.00,$1000.00,$0.00,$1005.16,1,
2193,NQ 06-26,Backtest,VariableTrend,Short,1,14245.75,14295.75,10/24/2022 11:40:00 AM,10/24/2022 12:50:00 PM,Sell short,Stop loss,($1005.16),$136469.12,$5.16,$0.00,$0.00,$0.00,$0.00,$1000.00,$200.00,$1205.16,2,
2194,NQ 06-26,Backtest,VariableTrend,Long,1,14321.00,14271.00,10/24/2022 2:00:00 PM,10/24/2022 4:20:00 PM,Buy,Stop loss,($1005.16),$135463.96,$5.16,$0.00,$0.00,$0.00,$0.00,$1000.00,$2085.00,$3090.16,3,
2195,NQ 06-26,Backtest,VariableTrend,Short,1,14236.00,14286.00,10/24/2022 5:30:00 PM,10/24/2022 5:30:00 PM,Sell short,Stop loss,($1005.16),$134458.80,$5.16,$0.00,$0.00,$0.00,$0.00,$1000.00,$0.00,$1005.16,1,
2196,NQ 06-26,Backtest,VariableTrend,Long,1,14345.50,14434.25,10/24/2022 6:40:00 PM,10/24/2022 11:00:00 PM,Buy,Exit on session close,$1769.84,$136228.64,$5.16,$0.00,$0.00,$0.00,$0.00,$515.00,$2905.00,$1135.16,5,
2197,NQ 06-26,Backtest,VariableTrend,Short,1,14429.25,14479.25,10/26/2022 2:20:00 AM,10/26/2022 5:50:00 AM,Sell short,Stop loss,($1005.16),$135223.48,$5.16,$0.00,$0.00,$0.00,$0.00,$1000.00,$360.00,$1365.16,4,
2198,NQ 06-26,Backtest,VariableTrend,Long,1,14492.25,14490.00,10/26/2022 10:30:00 AM,10/26/2022 3:10:00 PM,Buy,Close position,($50.16),$135173.32,$5.16,$0.00,$0.00,$0.00,$0.00,$300.00,$1025.00,$1075.16,5,
2199,NQ 06-26,Backtest,VariableTrend,Short,1,14490.00,14540.00,10/26/2022 3:10:00 PM,10/26/2022 4:20:00 PM,Sell short,Stop loss,($1005.16),$134168.16,$5.16,$0.00,$0.00,$0.00,$0.00,$1000.00,$720.00,$1725.16,2,
2200,NQ 06-26,Backtest,VariableTrend,Long,1,14541.75,14491.75,10/26/2022 5:30:00 PM,10/26/2022 7:50:00 PM,Buy,Stop loss,($1005.16),$133163.00,$5.16,$0.00,$0.00,$0.00,$0.00,$1000.00,$2735.00,$3740.16,3,
2201,NQ 06-26,Backtest,VariableTrend,Short,1,14473.75,14449.25,10/26/2022 9:00:00 PM,10/26/2022 11:00:00 PM,Sell short,Exit on session close,$484.84,$133647.84,$5.16,$0.00,$0.00,$0.00,$0.00,$890.00,$1675.00,$1190.16,3,
2202,NQ 06-26,Backtest,VariableTrend,Long,1,14294.75,14600.50,10/28/2022 5:30:00 PM,10/28/2022 11:00:00 PM,Buy,Exit on session close,$6109.84,$139757.68,$5.16,$0.00,$0.00,$0.00,$0.00,$175.00,$6125.00,$15.16,6,
2203,NQ 06-26,Backtest,VariableTrend,Short,1,14479.00,14491.50,10/31/2022 10:40:00 AM,10/31/2022 11:50:00 AM,Sell short,Close position,($255.16),$139502.52,$5.16,$0.00,$0.00,$0.00,$0.00,$295.00,$405.00,$660.16,2,
2204,NQ 06-26,Backtest,VariableTrend,Long,1,14491.50,14476.50,10/31/2022 11:50:00 AM,10/31/2022 1:00:00 PM,Buy,Close position,($305.16),$139197.36,$5.16,$0.00,$0.00,$0.00,$0.00,$445.00,$110.00,$415.16,2,
2205,NQ 06-26,Backtest,VariableTrend,Short,1,14476.50,14498.00,10/31/2022 1:00:00 PM,10/31/2022 2:10:00 PM,Sell short,Close position,($435.16),$138762.20,$5.16,$0.00,$0.00,$0.00,$0.00,$880.00,$130.00,$565.16,2,
2206,NQ 06-26,Backtest,VariableTrend,Long,1,14498.00,14448.00,10/31/2022 2:10:00 PM,10/31/2022 3:20:00 PM,Buy,Stop loss,($1005.16),$137757.04,$5.16,$0.00,$0.00,$0.00,$0.00,$1000.00,$40.00,$1045.16,2,
2207,NQ 06-26,Backtest,VariableTrend,Short,1,14405.75,14455.75,10/31/2022 4:30:00 PM,10/31/2022 5:40:00 PM,Sell short,Stop loss,($1005.16),$136751.88,$5.16,$0.00,$0.00,$0.00,$0.00,$1000.00,$1270.00,$2275.16,2,
2208,NQ 06-26,Backtest,VariableTrend,Long,1,14469.75,14460.50,11/1/2022 3:40:00 AM,11/1/2022 6:00:00 AM,Buy,Close position,($190.16),$136561.72,$5.16,$0.00,$0.00,$0.00,$0.00,$280.00,$105.00,$295.16,3,
2209,NQ 06-26,Backtest,VariableTrend,Short,1,14460.50,14504.25,11/1/2022 6:00:00 AM,11/1/2022 8:20:00 AM,Sell short,Close position,($880.16),$135681.56,$5.16,$0.00,$0.00,$0.00,$0.00,$925.00,$145.00,$1025.16,3,
2210,NQ 06-26,Backtest,VariableTrend,Long,1,14504.25,14454.25,11/1/2022 8:20:00 AM,11/1/2022 3:20:00 PM,Buy,Stop loss,($1005.16),$134676.40,$5.16,$0.00,$0.00,$0.00,$0.00,$1000.00,$1705.00,$2710.16,7,
2211,NQ 06-26,Backtest,VariableTrend,Short,1,14374.75,14295.50,11/1/2022 4:30:00 PM,11/1/2022 10:00:00 PM,Sell short,Exit on session close,$1579.84,$136256.24,$5.16,$0.00,$0.00,$0.00,$0.00,$915.00,$2220.00,$640.16,6,
2212,NQ 06-26,Backtest,VariableTrend,Long,1,13778.50,13728.50,11/4/2022 11:50:00 AM,11/4/2022 2:10:00 PM,Buy,Stop loss,($1005.16),$135251.08,$5.16,$0.00,$0.00,$0.00,$0.00,$1000.00,$815.00,$1820.16,3,
2213,NQ 06-26,Backtest,VariableTrend,Short,1,13790.50,13840.50,11/4/2022 5:40:00 PM,11/4/2022 9:10:00 PM,Sell short,Stop loss,($1005.16),$134245.92,$5.16,$0.00,$0.00,$0.00,$0.00,$1000.00,$3055.00,$4060.16,4,
2214,NQ 06-26,Backtest,VariableTrend,Long,1,13868.75,13846.25,11/4/2022 10:00:00 PM,11/4/2022 10:00:00 PM,Buy,Exit on session close,($455.16),$133790.76,$5.16,$0.00,$0.00,$0.00,$0.00,$550.00,$0.00,$455.16,1,
2215,NQ 06-26,Backtest,VariableTrend,Short,1,13909.50,13904.25,11/7/2022 11:40:00 AM,11/7/2022 12:50:00 PM,Sell short,Close position,$99.84,$133890.60,$5.16,$0.00,$0.00,$0.00,$0.00,$55.00,$175.00,$75.16,2,
2216,NQ 06-26,Backtest,VariableTrend,Long,1,13904.25,13854.25,11/7/2022 12:50:00 PM,11/7/2022 4:20:00 PM,Buy,Stop loss,($1005.16),$132885.44,$5.16,$0.00,$0.00,$0.00,$0.00,$1000.00,$855.00,$1860.16,4,
2217,NQ 06-26,Backtest,VariableTrend,Short,1,13997.00,14047.00,11/8/2022 10:10:00 PM,11/8/2022 10:10:00 PM,Sell short,Stop loss,($1005.16),$131880.28,$5.16,$0.00,$0.00,$0.00,$0.00,$1000.00,$0.00,$1005.16,1,
2218,NQ 06-26,Backtest,VariableTrend,Long,1,14039.75,14063.75,11/8/2022 11:00:00 PM,11/8/2022 11:00:00 PM,Buy,Exit on session close,$474.84,$132355.12,$5.16,$0.00,$0.00,$0.00,$0.00,$20.00,$690.00,$215.16,1,
2219,NQ 06-26,Backtest,VariableTrend,Short,1,14002.75,13817.75,11/9/2022 4:20:00 PM,11/9/2022 11:00:00 PM,Sell short,Exit on session close,$3694.84,$136049.96,$5.16,$0.00,$0.00,$0.00,$0.00,$490.00,$4110.00,$415.16,7,
2220,NQ 06-26,Backtest,VariableTrend,Long,1,14265.25,14650.25,11/10/2022 4:20:00 PM,11/10/2022 11:00:00 PM,Buy,Exit on session close,$7694.84,$143744.80,$5.16,$0.00,$0.00,$0.00,$0.00,$420.00,$7735.00,$40.16,7,
2221,NQ 06-26,Backtest,VariableTrend,Short,1,14789.50,14839.50,11/15/2022 9:00:00 PM,11/15/2022 9:00:00 PM,Sell short,Stop loss,($1005.16),$142739.64,$5.16,$0.00,$0.00,$0.00,$0.00,$1000.00,$0.00,$1005.16,1,
2222,NQ 06-26,Backtest,VariableTrend,Long,1,14895.50,14869.00,11/15/2022 10:10:00 PM,11/15/2022 11:00:00 PM,Buy,Exit on session close,($535.16),$142204.48,$5.16,$0.00,$0.00,$0.00,$0.00,$955.00,$630.00,$1165.16,2,
2223,NQ 06-26,Backtest,VariableTrend,Long,1,14897.50,14875.75,11/16/2022 8:10:00 AM,11/16/2022 2:00:00 PM,Buy,Close position,($440.16),$141764.32,$5.16,$0.00,$0.00,$0.00,$0.00,$900.00,$810.00,$1250.16,6,
2224,NQ 06-26,Backtest,VariableTrend,Short,1,14875.75,14746.50,11/16/2022 2:00:00 PM,11/16/2022 11:00:00 PM,Sell short,Exit on session close,$2579.84,$144344.16,$5.16,$0.00,$0.00,$0.00,$0.00,$175.00,$3885.00,$1305.16,9,
2225,NQ 06-26,Backtest,VariableTrend,Long,1,14793.75,14743.75,11/17/2022 10:30:00 AM,11/17/2022 10:30:00 AM,Buy,Stop loss,($1005.16),$143339.00,$5.16,$0.00,$0.00,$0.00,$0.00,$1000.00,$0.00,$1005.16,1,
2226,NQ 06-26,Backtest,VariableTrend,Short,1,14742.25,14721.50,11/17/2022 11:40:00 AM,11/17/2022 11:00:00 PM,Sell short,Exit on session close,$409.84,$143748.84,$5.16,$0.00,$0.00,$0.00,$0.00,$155.00,$4780.00,$4370.16,11,
2227,NQ 06-26,Backtest,VariableTrend,Short,1,14698.50,14717.00,11/18/2022 2:20:00 AM,11/18/2022 3:30:00 AM,Sell short,Close position,($375.16),$143373.68,$5.16,$0.00,$0.00,$0.00,$0.00,$515.00,$135.00,$510.16,2,
2228,NQ 06-26,Backtest,VariableTrend,Long,1,14717.00,14712.25,11/18/2022 3:30:00 AM,11/18/2022 5:50:00 AM,Buy,Close position,($100.16),$143273.52,$5.16,$0.00,$0.00,$0.00,$0.00,$490.00,$155.00,$255.16,3,
2229,NQ 06-26,Backtest,VariableTrend,Short,1,14712.25,14734.75,11/18/2022 5:50:00 AM,11/18/2022 11:40:00 AM,Sell short,Close position,($455.16),$142818.36,$5.16,$0.00,$0.00,$0.00,$0.00,$540.00,$1300.00,$1755.16,6,
2230,NQ 06-26,Backtest,VariableTrend,Long,1,14734.75,14684.75,11/18/2022 11:40:00 AM,11/18/2022 4:20:00 PM,Buy,Stop loss,($1005.16),$141813.20,$5.16,$0.00,$0.00,$0.00,$0.00,$1000.00,$1665.00,$2670.16,5,
2231,NQ 06-26,Backtest,VariableTrend,Short,1,14673.50,14686.00,11/18/2022 5:30:00 PM,11/18/2022 11:00:00 PM,Sell short,Exit on session close,($255.16),$141558.04,$5.16,$0.00,$0.00,$0.00,$0.00,$855.00,$1830.00,$2085.16,6,
2232,NQ 06-26,Backtest,VariableTrend,Long,1,14617.50,14714.25,11/22/2022 6:40:00 PM,11/22/2022 11:00:00 PM,Buy,Exit on session close,$1929.84,$143487.88,$5.16,$0.00,$0.00,$0.00,$0.00,$530.00,$2335.00,$405.16,5,
2233,NQ 06-26,Backtest,VariableTrend,Short,1,14854.25,14761.75,11/25/2022 11:40:00 AM,11/25/2022 7:15:00 PM,Sell short,Exit on session close,$1844.84,$145332.72,$5.16,$0.00,$0.00,$0.00,$0.00,$260.00,$2260.00,$415.16,8,
2234,NQ 06-26,Backtest,VariableTrend,Long,1,14713.50,14663.50,11/28/2022 5:30:00 PM,11/28/2022 5:30:00 PM,Buy,Stop loss,($1005.16),$144327.56,$5.16,$0.00,$0.00,$0.00,$0.00,$1000.00,$0.00,$1005.16,1,
2235,NQ 06-26,Backtest,VariableTrend,Short,1,14668.75,14598.25,11/28/2022 6:40:00 PM,11/28/2022 11:00:00 PM,Sell short,Exit on session close,$1404.84,$145732.40,$5.16,$0.00,$0.00,$0.00,$0.00,$800.00,$2370.00,$965.16,5,
2236,NQ 06-26,Backtest,VariableTrend,Long,1,14657.75,14646.25,11/29/2022 10:30:00 AM,11/29/2022 11:40:00 AM,Buy,Close position,($235.16),$145497.24,$5.16,$0.00,$0.00,$0.00,$0.00,$280.00,$435.00,$670.16,2,
2237,NQ 06-26,Backtest,VariableTrend,Short,1,14646.25,14494.25,11/29/2022 11:40:00 AM,11/29/2022 11:00:00 PM,Sell short,Exit on session close,$3034.84,$148532.08,$5.16,$0.00,$0.00,$0.00,$0.00,$230.00,$4125.00,$1090.16,11,
2238,NQ 06-26,Backtest,VariableTrend,Long,1,14557.25,14534.75,11/30/2022 11:40:00 AM,11/30/2022 3:10:00 PM,Buy,Close position,($455.16),$148076.92,$5.16,$0.00,$0.00,$0.00,$0.00,$640.00,$85.00,$540.16,4,
2239,NQ 06-26,Backtest,VariableTrend,Short,1,14534.75,14584.75,11/30/2022 3:10:00 PM,11/30/2022 7:50:00 PM,Sell short,Stop loss,($1005.16),$147071.76,$5.16,$0.00,$0.00,$0.00,$0.00,$1000.00,$1235.00,$2240.16,5,
2240,NQ 06-26,Backtest,VariableTrend,Long,1,14657.00,15052.00,11/30/2022 9:00:00 PM,11/30/2022 11:00:00 PM,Buy,Exit on session close,$7894.84,$154966.60,$5.16,$0.00,$0.00,$0.00,$0.00,$355.00,$7930.00,$35.16,3,
2241,NQ 06-26,Backtest,VariableTrend,Short,1,14951.50,15001.50,12/1/2022 5:30:00 PM,12/1/2022 5:30:00 PM,Sell short,Stop loss,($1005.16),$153961.44,$5.16,$0.00,$0.00,$0.00,$0.00,$1000.00,$0.00,$1005.16,1,
2242,NQ 06-26,Backtest,VariableTrend,Long,1,14999.25,15011.50,12/1/2022 6:40:00 PM,12/1/2022 11:00:00 PM,Buy,Exit on session close,$239.84,$154201.28,$5.16,$0.00,$0.00,$0.00,$0.00,$795.00,$1495.00,$1255.16,5,
2243,NQ 06-26,Backtest,VariableTrend,Short,1,14778.25,14828.25,12/2/2022 4:20:00 PM,12/2/2022 4:20:00 PM,Sell short,Stop loss,($1005.16),$153196.12,$5.16,$0.00,$0.00,$0.00,$0.00,$1000.00,$0.00,$1005.16,1,
2244,NQ 06-26,Backtest,VariableTrend,Long,1,14963.50,14954.00,12/2/2022 10:10:00 PM,12/2/2022 11:00:00 PM,Buy,Exit on session close,($195.16),$153000.96,$5.16,$0.00,$0.00,$0.00,$0.00,$355.00,$1180.00,$1375.16,2,
2245,NQ 06-26,Backtest,VariableTrend,Short,1,14955.00,14968.75,12/5/2022 9:20:00 AM,12/5/2022 2:00:00 PM,Sell short,Close position,($280.16),$152720.80,$5.16,$0.00,$0.00,$0.00,$0.00,$275.00,$750.00,$1030.16,5,
2246,NQ 06-26,Backtest,VariableTrend,Long,1,14968.75,14937.75,12/5/2022 2:00:00 PM,12/5/2022 3:10:00 PM,Buy,Close position,($625.16),$152095.64,$5.16,$0.00,$0.00,$0.00,$0.00,$850.00,$95.00,$720.16,2,
2247,NQ 06-26,Backtest,VariableTrend,Short,1,14937.75,14788.50,12/5/2022 3:10:00 PM,12/5/2022 11:00:00 PM,Sell short,Exit on session close,$2979.84,$155075.48,$5.16,$0.00,$0.00,$0.00,$0.00,$190.00,$4345.00,$1365.16,8,
2248,NQ 06-26,Backtest,VariableTrend,Long,1,14505.75,14455.75,12/8/2022 11:40:00 AM,12/8/2022 4:20:00 PM,Buy,Stop loss,($1005.16),$154070.32,$5.16,$0.00,$0.00,$0.00,$0.00,$1000.00,$1345.00,$2350.16,5,
2249,NQ 06-26,Backtest,VariableTrend,Short,1,14573.75,14623.75,12/9/2022 4:20:00 PM,12/9/2022 4:20:00 PM,Sell short,Stop loss,($1005.16),$153065.16,$5.16,$0.00,$0.00,$0.00,$0.00,$1000.00,$0.00,$1005.16,1,
2250,NQ 06-26,Backtest,VariableTrend,Long,1,14663.00,14613.00,12/9/2022 6:40:00 PM,12/9/2022 7:50:00 PM,Buy,Stop loss,($1005.16),$152060.00,$5.16,$0.00,$0.00,$0.00,$0.00,$1000.00,$605.00,$1610.16,2,
2251,NQ 06-26,Backtest,VariableTrend,Short,1,14633.00,14528.00,12/9/2022 10:10:00 PM,12/9/2022 11:00:00 PM,Sell short,Exit on session close,$2094.84,$154154.84,$5.16,$0.00,$0.00,$0.00,$0.00,$300.00,$2155.00,$60.16,2,
2252,NQ 06-26,Backtest,VariableTrend,Long,1,14575.25,14525.25,12/12/2022 12:50:00 PM,12/12/2022 4:20:00 PM,Buy,Stop loss,($1005.16),$153149.68,$5.16,$0.00,$0.00,$0.00,$0.00,$1000.00,$380.00,$1385.16,4,
2253,NQ 06-26,Backtest,VariableTrend,Short,1,14542.75,14574.50,12/12/2022 5:30:00 PM,12/12/2022 7:50:00 PM,Sell short,Close position,($640.16),$152509.52,$5.16,$0.00,$0.00,$0.00,$0.00,$815.00,$630.00,$1270.16,3,
2254,NQ 06-26,Backtest,VariableTrend,Long,1,14574.50,14678.25,12/12/2022 7:50:00 PM,12/12/2022 11:00:00 PM,Buy,Exit on session close,$2069.84,$154579.36,$5.16,$0.00,$0.00,$0.00,$0.00,$405.00,$2475.00,$405.16,4,
2255,NQ 06-26,Backtest,VariableTrend,Short,1,14768.50,14818.50,12/13/2022 7:50:00 PM,12/13/2022 7:50:00 PM,Sell short,Stop loss,($1005.16),$153574.20,$5.16,$0.00,$0.00,$0.00,$0.00,$1000.00,$0.00,$1005.16,1,
2256,NQ 06-26,Backtest,VariableTrend,Long,1,14831.50,14815.00,12/13/2022 11:00:00 PM,12/13/2022 11:00:00 PM,Buy,Exit on session close,($335.16),$153239.04,$5.16,$0.00,$0.00,$0.00,$0.00,$395.00,$30.00,$365.16,1,
2257,NQ 06-26,Backtest,VariableTrend,Long,1,14851.75,14831.50,12/14/2022 3:30:00 AM,12/14/2022 10:30:00 AM,Buy,Close position,($410.16),$152828.88,$5.16,$0.00,$0.00,$0.00,$0.00,$610.00,$520.00,$930.16,7,
2258,NQ 06-26,Backtest,VariableTrend,Short,1,14831.50,14881.50,12/14/2022 10:30:00 AM,12/14/2022 4:20:00 PM,Sell short,Stop loss,($1005.16),$151823.72,$5.16,$0.00,$0.00,$0.00,$0.00,$1000.00,$965.00,$1970.16,6,
2259,NQ 06-26,Backtest,VariableTrend,Long,1,14898.25,14848.25,12/14/2022 5:30:00 PM,12/14/2022 9:00:00 PM,Buy,Stop loss,($1005.16),$150818.56,$5.16,$0.00,$0.00,$0.00,$0.00,$1000.00,$670.00,$1675.16,4,
2260,NQ 06-26,Backtest,VariableTrend,Short,1,14699.25,14749.25,12/14/2022 10:10:00 PM,12/14/2022 10:10:00 PM,Sell short,Stop loss,($1005.16),$149813.40,$5.16,$0.00,$0.00,$0.00,$0.00,$1000.00,$0.00,$1005.16,1,
2261,NQ 06-26,Backtest,VariableTrend,Long,1,14065.75,14040.75,12/20/2022 9:00:00 PM,12/20/2022 10:10:00 PM,Buy,Close position,($505.16),$149308.24,$5.16,$0.00,$0.00,$0.00,$0.00,$730.00,$300.00,$805.16,2,
2262,NQ 06-26,Backtest,VariableTrend,Short,1,14040.75,14052.75,12/20/2022 10:10:00 PM,12/20/2022 11:00:00 PM,Sell short,Close position,($245.16),$149063.08,$5.16,$0.00,$0.00,$0.00,$0.00,$595.00,$370.00,$615.16,2,
2263,NQ 06-26,Backtest,VariableTrend,Long,1,14052.75,14056.75,12/20/2022 11:00:00 PM,12/20/2022 11:00:00 PM,Buy,Exit on session close,$74.84,$149137.92,$5.16,$0.00,$0.00,$0.00,$0.00,$265.00,$130.00,$55.16,1,
2264,NQ 06-26,Backtest,VariableTrend,Short,1,14190.25,13908.00,12/22/2022 12:50:00 PM,12/22/2022 11:00:00 PM,Sell short,Exit on session close,$5639.84,$154777.76,$5.16,$0.00,$0.00,$0.00,$0.00,$100.00,$9120.00,$3480.16,10,
2265,NQ 06-26,Backtest,VariableTrend,Long,1,13950.25,13900.25,12/23/2022 12:50:00 PM,12/23/2022 3:10:00 PM,Buy,Stop loss,($1005.16),$153772.60,$5.16,$0.00,$0.00,$0.00,$0.00,$1000.00,$490.00,$1495.16,3,
2266,NQ 06-26,Backtest,VariableTrend,Short,1,13906.50,13956.50,12/23/2022 4:20:00 PM,12/23/2022 5:30:00 PM,Sell short,Stop loss,($1005.16),$152767.44,$5.16,$0.00,$0.00,$0.00,$0.00,$1000.00,$2530.00,$3535.16,2,
2267,NQ 06-26,Backtest,VariableTrend,Long,1,13934.75,13930.75,12/23/2022 10:10:00 PM,12/23/2022 11:00:00 PM,Buy,Exit on session close,($85.16),$152682.28,$5.16,$0.00,$0.00,$0.00,$0.00,$690.00,$345.00,$430.16,2,
2268,NQ 06-26,Backtest,VariableTrend,Long,1,14018.25,13968.25,12/27/2022 2:20:00 AM,12/27/2022 2:00:00 PM,Buy,Stop loss,($1005.16),$151677.12,$5.16,$0.00,$0.00,$0.00,$0.00,$1000.00,$585.00,$1590.16,11,
2269,NQ 06-26,Backtest,VariableTrend,Short,1,13952.25,13775.75,12/27/2022 3:10:00 PM,12/27/2022 11:00:00 PM,Sell short,Exit on session close,$3524.84,$155201.96,$5.16,$0.00,$0.00,$0.00,$0.00,$325.00,$3850.00,$325.16,8,
2270,NQ 06-26,Backtest,VariableTrend,Long,1,13828.00,13778.00,12/28/2022 5:30:00 PM,12/28/2022 5:30:00 PM,Buy,Stop loss,($1005.16),$154196.80,$5.16,$0.00,$0.00,$0.00,$0.00,$1000.00,$0.00,$1005.16,1,
2271,NQ 06-26,Backtest,VariableTrend,Short,1,13692.50,13742.50,12/28/2022 6:40:00 PM,12/28/2022 7:50:00 PM,Sell short,Stop loss,($1005.16),$153191.64,$5.16,$0.00,$0.00,$0.00,$0.00,$1000.00,$1115.00,$2120.16,2,
2272,NQ 06-26,Backtest,VariableTrend,Long,1,13748.50,13893.75,12/29/2022 4:20:00 PM,12/29/2022 11:00:00 PM,Buy,Exit on session close,$2899.84,$156091.48,$5.16,$0.00,$0.00,$0.00,$0.00,$565.00,$3735.00,$835.16,7,
2273,NQ 06-26,Backtest,VariableTrend,Short,1,13844.75,13864.75,12/30/2022 9:20:00 AM,12/30/2022 12:50:00 PM,Sell short,Close position,($405.16),$155686.32,$5.16,$0.00,$0.00,$0.00,$0.00,$425.00,$755.00,$1160.16,4,
2274,NQ 06-26,Backtest,VariableTrend,Long,1,13864.75,13814.75,12/30/2022 12:50:00 PM,12/30/2022 2:00:00 PM,Buy,Stop loss,($1005.16),$154681.16,$5.16,$0.00,$0.00,$0.00,$0.00,$1000.00,$200.00,$1205.16,2,
2275,NQ 06-26,Backtest,VariableTrend,Short,1,13795.25,13845.25,12/30/2022 3:10:00 PM,12/30/2022 10:10:00 PM,Sell short,Stop loss,($1005.16),$153676.00,$5.16,$0.00,$0.00,$0.00,$0.00,$1000.00,$1520.00,$2525.16,7,
2276,NQ 06-26,Backtest,VariableTrend,Long,1,13898.25,13905.50,12/30/2022 11:00:00 PM,12/30/2022 11:00:00 PM,Buy,Exit on session close,$139.84,$153815.84,$5.16,$0.00,$0.00,$0.00,$0.00,$5.00,$340.00,$200.16,1,
2277,NQ 06-26,Backtest,VariableTrend,Short,1,13792.50,13842.50,1/3/2023 5:30:00 PM,1/3/2023 5:30:00 PM,Sell short,Stop loss,($1005.16),$152810.68,$5.16,$0.00,$0.00,$0.00,$0.00,$1000.00,$0.00,$1005.16,1,
2278,NQ 06-26,Backtest,VariableTrend,Long,1,13845.50,13795.50,1/4/2023 9:20:00 AM,1/4/2023 4:20:00 PM,Buy,Stop loss,($1005.16),$151805.52,$5.16,$0.00,$0.00,$0.00,$0.00,$1000.00,$1390.00,$2395.16,7,
2279,NQ 06-26,Backtest,VariableTrend,Short,1,13776.50,13826.50,1/4/2023 5:30:00 PM,1/4/2023 5:30:00 PM,Sell short,Stop loss,($1005.16),$150800.36,$5.16,$0.00,$0.00,$0.00,$0.00,$1000.00,$0.00,$1005.16,1,
2280,NQ 06-26,Backtest,VariableTrend,Long,1,13856.25,13806.25,1/4/2023 6:40:00 PM,1/4/2023 9:00:00 PM,Buy,Stop loss,($1005.16),$149795.20,$5.16,$0.00,$0.00,$0.00,$0.00,$1000.00,$1520.00,$2525.16,3,
2281,NQ 06-26,Backtest,VariableTrend,Long,1,13855.00,13805.00,1/5/2023 3:30:00 AM,1/5/2023 3:30:00 AM,Buy,Stop loss,($1005.16),$148790.04,$5.16,$0.00,$0.00,$0.00,$0.00,$1000.00,$0.00,$1005.16,1,
2282,NQ 06-26,Backtest,VariableTrend,Short,1,13805.25,13855.25,1/5/2023 4:40:00 AM,1/5/2023 8:10:00 AM,Sell short,Stop loss,($1005.16),$147784.88,$5.16,$0.00,$0.00,$0.00,$0.00,$1000.00,$150.00,$1155.16,4,
2283,NQ 06-26,Backtest,VariableTrend,Long,1,13874.50,13824.50,1/5/2023 12:50:00 PM,1/5/2023 3:10:00 PM,Buy,Stop loss,($1005.16),$146779.72,$5.16,$0.00,$0.00,$0.00,$0.00,$1000.00,$720.00,$1725.16,3,
2284,NQ 06-26,Backtest,VariableTrend,Short,1,13783.25,13701.00,1/5/2023 4:20:00 PM,1/5/2023 11:00:00 PM,Sell short,Exit on session close,$1639.84,$148419.56,$5.16,$0.00,$0.00,$0.00,$0.00,$155.00,$2290.00,$650.16,7,
2285,NQ 06-26,Backtest,VariableTrend,Long,1,13762.75,13712.75,1/6/2023 4:20:00 PM,1/6/2023 4:20:00 PM,Buy,Stop loss,($1005.16),$147414.40,$5.16,$0.00,$0.00,$0.00,$0.00,$1000.00,$0.00,$1005.16,1,
2286,NQ 06-26,Backtest,VariableTrend,Short,1,14044.75,14048.50,1/9/2023 11:00:00 PM,1/9/2023 11:00:00 PM,Sell short,Exit on session close,($80.16),$147334.24,$5.16,$0.00,$0.00,$0.00,$0.00,$140.00,$135.00,$215.16,1,
2287,NQ 06-26,Backtest,VariableTrend,Long,1,14037.75,14011.75,1/10/2023 11:40:00 AM,1/10/2023 2:00:00 PM,Buy,Close position,($525.16),$146809.08,$5.16,$0.00,$0.00,$0.00,$0.00,$745.00,$635.00,$1160.16,3,
2288,NQ 06-26,Backtest,VariableTrend,Short,1,14011.75,14061.75,1/10/2023 2:00:00 PM,1/10/2023 4:20:00 PM,Sell short,Stop loss,($1005.16),$145803.92,$5.16,$0.00,$0.00,$0.00,$0.00,$1000.00,$1080.00,$2085.16,3,
2289,NQ 06-26,Backtest,VariableTrend,Long,1,14112.00,14062.00,1/10/2023 5:30:00 PM,1/10/2023 5:30:00 PM,Buy,Stop loss,($1005.16),$144798.76,$5.16,$0.00,$0.00,$0.00,$0.00,$1000.00,$0.00,$1005.16,1,
2290,NQ 06-26,Backtest,VariableTrend,Short,1,14315.00,14365.00,1/12/2023 6:40:00 PM,1/12/2023 6:40:00 PM,Sell short,Stop loss,($1005.16),$143793.60,$5.16,$0.00,$0.00,$0.00,$0.00,$1000.00,$0.00,$1005.16,1,
2291,NQ 06-26,Backtest,VariableTrend,Long,1,14406.25,14356.25,1/12/2023 7:50:00 PM,1/12/2023 7:50:00 PM,Buy,Stop loss,($1005.16),$142788.44,$5.16,$0.00,$0.00,$0.00,$0.00,$1000.00,$0.00,$1005.16,1,
2292,NQ 06-26,Backtest,VariableTrend,Short,1,14333.25,14356.50,1/13/2023 2:00:00 PM,1/13/2023 5:30:00 PM,Sell short,Close position,($470.16),$142318.28,$5.16,$0.00,$0.00,$0.00,$0.00,$925.00,$1610.00,$2080.16,4,
2293,NQ 06-26,Backtest,VariableTrend,Long,1,14356.50,14465.25,1/13/2023 5:30:00 PM,1/13/2023 11:00:00 PM,Buy,Exit on session close,$2169.84,$144488.12,$5.16,$0.00,$0.00,$0.00,$0.00,$775.00,$2535.00,$365.16,6,
2294,NQ 06-26,Backtest,VariableTrend,Short,1,14433.25,14432.50,1/16/2023 10:30:00 AM,1/16/2023 2:00:00 PM,Sell short,Close position,$9.84,$144497.96,$5.16,$0.00,$0.00,$0.00,$0.00,$250.00,$1185.00,$1175.16,4,
2295,NQ 06-26,Backtest,VariableTrend,Long,1,14432.50,14427.75,1/16/2023 2:00:00 PM,1/16/2023 7:00:00 PM,Buy,Exit on session close,($100.16),$144397.80,$5.16,$0.00,$0.00,$0.00,$0.00,$265.00,$850.00,$950.16,6,
2296,NQ 06-26,Backtest,VariableTrend,Long,1,14446.50,14411.75,1/17/2023 2:20:00 AM,1/17/2023 4:40:00 AM,Buy,Close position,($700.16),$143697.64,$5.16,$0.00,$0.00,$0.00,$0.00,$725.00,$385.00,$1085.16,3,
2297,NQ 06-26,Backtest,VariableTrend,Short,1,14411.75,14429.50,1/17/2023 4:40:00 AM,1/17/2023 12:50:00 PM,Sell short,Close position,($360.16),$143337.48,$5.16,$0.00,$0.00,$0.00,$0.00,$590.00,$350.00,$710.16,8,
2298,NQ 06-26,Backtest,VariableTrend,Long,1,14429.50,14421.25,1/17/2023 12:50:00 PM,1/17/2023 2:00:00 PM,Buy,Close position,($170.16),$143167.32,$5.16,$0.00,$0.00,$0.00,$0.00,$180.00,$265.00,$435.16,2,
2299,NQ 06-26,Backtest,VariableTrend,Short,1,14421.25,14441.25,1/17/2023 2:00:00 PM,1/17/2023 4:20:00 PM,Sell short,Close position,($405.16),$142762.16,$5.16,$0.00,$0.00,$0.00,$0.00,$630.00,$305.00,$710.16,3,
2300,NQ 06-26,Backtest,VariableTrend,Long,1,14441.25,14487.00,1/17/2023 4:20:00 PM,1/17/2023 11:00:00 PM,Buy,Exit on session close,$909.84,$143672.00,$5.16,$0.00,$0.00,$0.00,$0.00,$560.00,$2150.00,$1240.16,7,
2301,NQ 06-26,Backtest,VariableTrend,Short,1,14452.75,14468.00,1/18/2023 2:20:00 AM,1/18/2023 3:30:00 AM,Sell short,Close position,($310.16),$143361.84,$5.16,$0.00,$0.00,$0.00,$0.00,$355.00,$145.00,$455.16,2,
2302,NQ 06-26,Backtest,VariableTrend,Long,1,14468.00,14418.00,1/18/2023 3:30:00 AM,1/18/2023 5:30:00 PM,Buy,Stop loss,($1005.16),$142356.68,$5.16,$0.00,$0.00,$0.00,$0.00,$1000.00,$3105.00,$4110.16,13,
2303,NQ 06-26,Backtest,VariableTrend,Short,1,14427.75,14345.75,1/18/2023 6:40:00 PM,1/18/2023 11:00:00 PM,Sell short,Exit on session close,$1634.84,$143991.52,$5.16,$0.00,$0.00,$0.00,$0.00,$0.00,$1920.00,$285.16,5,
2304,NQ 06-26,Backtest,VariableTrend,Long,1,14300.50,14250.50,1/20/2023 3:10:00 PM,1/20/2023 4:20:00 PM,Buy,Stop loss,($1005.16),$142986.36,$5.16,$0.00,$0.00,$0.00,$0.00,$1000.00,$235.00,$1240.16,2,
2305,NQ 06-26,Backtest,VariableTrend,Short,1,14714.00,14764.00,1/24/2023 4:20:00 PM,1/24/2023 4:20:00 PM,Sell short,Stop loss,($1005.16),$141981.20,$5.16,$0.00,$0.00,$0.00,$0.00,$1000.00,$0.00,$1005.16,1,
2306,NQ 06-26,Backtest,VariableTrend,Long,1,14746.00,14834.00,1/24/2023 5:30:00 PM,1/24/2023 11:00:00 PM,Buy,Exit on session close,$1754.84,$143736.04,$5.16,$0.00,$0.00,$0.00,$0.00,$520.00,$2565.00,$810.16,6,
2307,NQ 06-26,Backtest,VariableTrend,Short,1,14707.00,14693.75,1/25/2023 2:20:00 AM,1/25/2023 9:00:00 PM,Sell short,Close position,$259.84,$143995.88,$5.16,$0.00,$0.00,$0.00,$0.00,$295.00,$4775.00,$4515.16,17,
2308,NQ 06-26,Backtest,VariableTrend,Long,1,14693.75,14737.25,1/25/2023 9:00:00 PM,1/25/2023 11:00:00 PM,Buy,Exit on session close,$864.84,$144860.72,$5.16,$0.00,$0.00,$0.00,$0.00,$480.00,$1740.00,$875.16,3,
2309,NQ 06-26,Backtest,VariableTrend,Short,1,15014.75,14852.50,1/30/2023 9:20:00 AM,1/30/2023 11:00:00 PM,Sell short,Exit on session close,$3239.84,$148100.56,$5.16,$0.00,$0.00,$0.00,$0.00,$45.00,$3820.00,$580.16,13,
2310,NQ 06-26,Backtest,VariableTrend,Long,1,14868.75,14983.00,1/31/2023 4:20:00 PM,1/31/2023 11:00:00 PM,Buy,Exit on session close,$2279.84,$150380.40,$5.16,$0.00,$0.00,$0.00,$0.00,$720.00,$3020.00,$740.16,7,
2311,NQ 06-26,Backtest,VariableTrend,Long,1,15598.75,15548.75,2/3/2023 3:10:00 PM,2/3/2023 3:10:00 PM,Buy,Stop loss,($1005.16),$149375.24,$5.16,$0.00,$0.00,$0.00,$0.00,$1000.00,$0.00,$1005.16,1,
2312,NQ 06-26,Backtest,VariableTrend,Short,1,15425.50,15475.50,2/3/2023 4:20:00 PM,2/3/2023 4:20:00 PM,Sell short,Stop loss,($1005.16),$148370.08,$5.16,$0.00,$0.00,$0.00,$0.00,$1000.00,$0.00,$1005.16,1,
2313,NQ 06-26,Backtest,VariableTrend,Long,1,15640.00,15590.00,2/3/2023 5:30:00 PM,2/3/2023 7:50:00 PM,Buy,Stop loss,($1005.16),$147364.92,$5.16,$0.00,$0.00,$0.00,$0.00,$1000.00,$2035.00,$3040.16,3,
2314,NQ 06-26,Backtest,VariableTrend,Short,1,15523.25,15480.25,2/3/2023 9:00:00 PM,2/3/2023 11:00:00 PM,Sell short,Exit on session close,$854.84,$148219.76,$5.16,$0.00,$0.00,$0.00,$0.00,$855.00,$1620.00,$765.16,3,
2315,NQ 06-26,Backtest,VariableTrend,Long,1,15455.25,15405.25,2/6/2023 6:40:00 PM,2/6/2023 6:40:00 PM,Buy,Stop loss,($1005.16),$147214.60,$5.16,$0.00,$0.00,$0.00,$0.00,$1000.00,$0.00,$1005.16,1,
2316,NQ 06-26,Backtest,VariableTrend,Short,1,15417.50,15376.75,2/6/2023 7:50:00 PM,2/6/2023 11:00:00 PM,Sell short,Exit on session close,$809.84,$148024.44,$5.16,$0.00,$0.00,$0.00,$0.00,$395.00,$1720.00,$910.16,4,
2317,NQ 06-26,Backtest,VariableTrend,Long,1,15428.00,15418.75,2/7/2023 3:30:00 AM,2/7/2023 4:40:00 AM,Buy,Close position,($190.16),$147834.28,$5.16,$0.00,$0.00,$0.00,$0.00,$280.00,$45.00,$235.16,2,
2318,NQ 06-26,Backtest,VariableTrend,Short,1,15418.75,15429.25,2/7/2023 4:40:00 AM,2/7/2023 11:40:00 AM,Sell short,Close position,($215.16),$147619.12,$5.16,$0.00,$0.00,$0.00,$0.00,$340.00,$1590.00,$1805.16,7,
2319,NQ 06-26,Backtest,VariableTrend,Long,1,15429.25,15398.75,2/7/2023 11:40:00 AM,2/7/2023 2:00:00 PM,Buy,Close position,($615.16),$147003.96,$5.16,$0.00,$0.00,$0.00,$0.00,$835.00,$160.00,$775.16,3,
2320,NQ 06-26,Backtest,VariableTrend,Short,1,15398.75,15424.50,2/7/2023 2:00:00 PM,2/7/2023 3:10:00 PM,Sell short,Close position,($520.16),$146483.80,$5.16,$0.00,$0.00,$0.00,$0.00,$620.00,$30.00,$550.16,2,
2321,NQ 06-26,Backtest,VariableTrend,Long,1,15424.50,15374.50,2/7/2023 3:10:00 PM,2/7/2023 3:10:00 PM,Buy,Stop loss,($1005.16),$145478.64,$5.16,$0.00,$0.00,$0.00,$0.00,$1000.00,$0.00,$1005.16,1,
2322,NQ 06-26,Backtest,VariableTrend,Short,1,15367.75,15417.75,2/7/2023 4:20:00 PM,2/7/2023 4:20:00 PM,Sell short,Stop loss,($1005.16),$144473.48,$5.16,$0.00,$0.00,$0.00,$0.00,$1000.00,$0.00,$1005.16,1,
2323,NQ 06-26,Backtest,VariableTrend,Long,1,15422.00,15372.00,2/7/2023 6:40:00 PM,2/7/2023 7:50:00 PM,Buy,Stop loss,($1005.16),$143468.32,$5.16,$0.00,$0.00,$0.00,$0.00,$1000.00,$730.00,$1735.16,2,
2324,NQ 06-26,Backtest,VariableTrend,Short,1,15336.00,15386.00,2/7/2023 9:00:00 PM,2/7/2023 9:00:00 PM,Sell short,Stop loss,($1005.16),$142463.16,$5.16,$0.00,$0.00,$0.00,$0.00,$1000.00,$0.00,$1005.16,1,
2325,NQ 06-26,Backtest,VariableTrend,Long,1,15562.00,15603.75,2/7/2023 10:10:00 PM,2/7/2023 11:00:00 PM,Buy,Exit on session close,$829.84,$143293.00,$5.16,$0.00,$0.00,$0.00,$0.00,$760.00,$2405.00,$1575.16,2,
2326,NQ 06-26,Backtest,VariableTrend,Short,1,15399.50,15449.50,2/8/2023 6:40:00 PM,2/8/2023 6:40:00 PM,Sell short,Stop loss,($1005.16),$142287.84,$5.16,$0.00,$0.00,$0.00,$0.00,$1000.00,$0.00,$1005.16,1,
2327,NQ 06-26,Backtest,VariableTrend,Long,1,15465.75,15443.75,2/9/2023 9:20:00 AM,2/9/2023 6:40:00 PM,Buy,Close position,($445.16),$141842.68,$5.16,$0.00,$0.00,$0.00,$0.00,$730.00,$2530.00,$2975.16,9,
2328,NQ 06-26,Backtest,VariableTrend,Short,1,15443.75,15313.50,2/9/2023 6:40:00 PM,2/9/2023 11:00:00 PM,Sell short,Exit on session close,$2599.84,$144442.52,$5.16,$0.00,$0.00,$0.00,$0.00,$705.00,$4270.00,$1670.16,5,
2329,NQ 06-26,Backtest,VariableTrend,Long,1,15236.75,15408.75,2/13/2023 11:40:00 AM,2/13/2023 11:00:00 PM,Buy,Exit on session close,$3434.84,$147877.36,$5.16,$0.00,$0.00,$0.00,$0.00,$420.00,$3880.00,$445.16,11,
2330,NQ 06-26,Backtest,VariableTrend,Short,1,15364.00,15414.00,2/14/2023 4:20:00 PM,2/14/2023 4:20:00 PM,Sell short,Stop loss,($1005.16),$146872.20,$5.16,$0.00,$0.00,$0.00,$0.00,$1000.00,$0.00,$1005.16,1,
2331,NQ 06-26,Backtest,VariableTrend,Long,1,15492.25,15442.25,2/14/2023 5:30:00 PM,2/14/2023 5:30:00 PM,Buy,Stop loss,($1005.16),$145867.04,$5.16,$0.00,$0.00,$0.00,$0.00,$1000.00,$0.00,$1005.16,1,
2332,NQ 06-26,Backtest,VariableTrend,Short,1,15333.75,15383.75,2/14/2023 6:40:00 PM,2/14/2023 6:40:00 PM,Sell short,Stop loss,($1005.16),$144861.88,$5.16,$0.00,$0.00,$0.00,$0.00,$1000.00,$0.00,$1005.16,1,
2333,NQ 06-26,Backtest,VariableTrend,Long,1,15447.50,15481.75,2/14/2023 9:00:00 PM,2/14/2023 11:00:00 PM,Buy,Exit on session close,$679.84,$145541.72,$5.16,$0.00,$0.00,$0.00,$0.00,$965.00,$1635.00,$955.16,3,
2334,NQ 06-26,Backtest,VariableTrend,Short,1,15595.00,15542.25,2/16/2023 12:50:00 PM,2/16/2023 7:50:00 PM,Sell short,Close position,$1049.84,$146591.56,$5.16,$0.00,$0.00,$0.00,$0.00,$165.00,$4695.00,$3645.16,7,
2335,NQ 06-26,Backtest,VariableTrend,Long,1,15542.25,15492.25,2/16/2023 7:50:00 PM,2/16/2023 7:50:00 PM,Buy,Stop loss,($1005.16),$145586.40,$5.16,$0.00,$0.00,$0.00,$0.00,$1000.00,$0.00,$1005.16,1,
2336,NQ 06-26,Backtest,VariableTrend,Short,1,15528.75,15330.00,2/16/2023 9:00:00 PM,2/16/2023 11:00:00 PM,Sell short,Exit on session close,$3969.84,$149556.24,$5.16,$0.00,$0.00,$0.00,$0.00,$260.00,$4195.00,$225.16,3,
2337,NQ 06-26,Backtest,VariableTrend,Long,1,15258.00,15254.75,2/20/2023 7:00:00 AM,2/20/2023 9:20:00 AM,Buy,Close position,($70.16),$149486.08,$5.16,$0.00,$0.00,$0.00,$0.00,$240.00,$170.00,$240.16,3,
2338,NQ 06-26,Backtest,VariableTrend,Short,1,15254.75,15262.00,2/20/2023 9:20:00 AM,2/20/2023 2:00:00 PM,Sell short,Close position,($150.16),$149335.92,$5.16,$0.00,$0.00,$0.00,$0.00,$280.00,$740.00,$890.16,5,
2339,NQ 06-26,Backtest,VariableTrend,Long,1,15262.00,15239.75,2/20/2023 2:00:00 PM,2/20/2023 5:30:00 PM,Buy,Close position,($450.16),$148885.76,$5.16,$0.00,$0.00,$0.00,$0.00,$530.00,$390.00,$840.16,4,
2340,NQ 06-26,Backtest,VariableTrend,Short,1,15239.75,15230.50,2/20/2023 5:30:00 PM,2/20/2023 7:00:00 PM,Sell short,Exit on session close,$179.84,$149065.60,$5.16,$0.00,$0.00,$0.00,$0.00,$235.00,$200.00,$20.16,3,
2341,NQ 06-26,Backtest,VariableTrend,Long,1,15008.00,14992.50,2/22/2023 3:10:00 PM,2/22/2023 4:20:00 PM,Buy,Close position,($315.16),$148750.44,$5.16,$0.00,$0.00,$0.00,$0.00,$510.00,$75.00,$390.16,2,
2342,NQ 06-26,Backtest,VariableTrend,Short,1,14992.50,14998.75,2/22/2023 4:20:00 PM,2/22/2023 7:50:00 PM,Sell short,Close position,($130.16),$148620.28,$5.16,$0.00,$0.00,$0.00,$0.00,$915.00,$1895.00,$2025.16,4,
2343,NQ 06-26,Backtest,VariableTrend,Long,1,14998.75,14948.75,2/22/2023 7:50:00 PM,2/22/2023 9:00:00 PM,Buy,Stop loss,($1005.16),$147615.12,$5.16,$0.00,$0.00,$0.00,$0.00,$1000.00,$685.00,$1690.16,2,
2344,NQ 06-26,Backtest,VariableTrend,Short,1,14927.00,14977.00,2/22/2023 10:10:00 PM,2/22/2023 10:10:00 PM,Sell short,Stop loss,($1005.16),$146609.96,$5.16,$0.00,$0.00,$0.00,$0.00,$1000.00,$0.00,$1005.16,1,
2345,NQ 06-26,Backtest,VariableTrend,Short,1,14945.25,14995.25,2/23/2023 6:40:00 PM,2/23/2023 9:00:00 PM,Sell short,Stop loss,($1005.16),$145604.80,$5.16,$0.00,$0.00,$0.00,$0.00,$1000.00,$1060.00,$2065.16,3,
2346,NQ 06-26,Backtest,VariableTrend,Long,1,15055.00,15056.75,2/23/2023 10:10:00 PM,2/23/2023 11:00:00 PM,Buy,Exit on session close,$29.84,$145634.64,$5.16,$0.00,$0.00,$0.00,$0.00,$60.00,$1150.00,$1120.16,2,
2347,NQ 06-26,Backtest,VariableTrend,Short,1,15005.00,14863.50,2/24/2023 10:30:00 AM,2/24/2023 11:00:00 PM,Sell short,Exit on session close,$2824.84,$148459.48,$5.16,$0.00,$0.00,$0.00,$0.00,$275.00,$4365.00,$1540.16,12,
2348,NQ 06-26,Backtest,VariableTrend,Long,1,14903.00,14892.50,2/27/2023 4:40:00 AM,2/27/2023 5:50:00 AM,Buy,Close position,($215.16),$148244.32,$5.16,$0.00,$0.00,$0.00,$0.00,$215.00,$65.00,$280.16,2,
2349,NQ 06-26,Backtest,VariableTrend,Short,1,14892.50,14911.50,2/27/2023 5:50:00 AM,2/27/2023 10:30:00 AM,Sell short,Close position,($385.16),$147859.16,$5.16,$0.00,$0.00,$0.00,$0.00,$885.00,$445.00,$830.16,5,
2350,NQ 06-26,Backtest,VariableTrend,Long,1,14911.50,14959.25,2/27/2023 10:30:00 AM,2/27/2023 11:00:00 PM,Buy,Exit on session close,$949.84,$148809.00,$5.16,$0.00,$0.00,$0.00,$0.00,$40.00,$2835.00,$1885.16,12,
2351,NQ 06-26,Backtest,VariableTrend,Short,1,14938.25,14954.75,2/28/2023 9:20:00 AM,2/28/2023 12:50:00 PM,Sell short,Close position,($335.16),$148473.84,$5.16,$0.00,$0.00,$0.00,$0.00,$440.00,$900.00,$1235.16,4,
2352,NQ 06-26,Backtest,VariableTrend,Long,1,14954.75,14904.75,2/28/2023 12:50:00 PM,2/28/2023 10:10:00 PM,Buy,Stop loss,($1005.16),$147468.68,$5.16,$0.00,$0.00,$0.00,$0.00,$1000.00,$1635.00,$2640.16,9,
2353,NQ 06-26,Backtest,VariableTrend,Short,1,14905.75,14905.00,2/28/2023 11:00:00 PM,2/28/2023 11:00:00 PM,Sell short,Exit on session close,$9.84,$147478.52,$5.16,$0.00,$0.00,$0.00,$0.00,$120.00,$325.00,$315.16,1,
2354,NQ 06-26,Backtest,VariableTrend,Long,1,14956.50,14906.50,3/1/2023 9:20:00 AM,3/1/2023 3:10:00 PM,Buy,Stop loss,($1005.16),$146473.36,$5.16,$0.00,$0.00,$0.00,$0.00,$1000.00,$980.00,$1985.16,6,
2355,NQ 06-26,Backtest,VariableTrend,Short,1,14900.75,14849.00,3/1/2023 4:20:00 PM,3/1/2023 11:00:00 PM,Sell short,Exit on session close,$1029.84,$147503.20,$5.16,$0.00,$0.00,$0.00,$0.00,$850.00,$2245.00,$1215.16,7,
2356,NQ 06-26,Backtest,VariableTrend,Long,1,14818.50,14916.00,3/2/2023 9:00:00 PM,3/2/2023 11:00:00 PM,Buy,Exit on session close,$1944.84,$149448.04,$5.16,$0.00,$0.00,$0.00,$0.00,$25.00,$2830.00,$885.16,3,
2357,NQ 06-26,Backtest,VariableTrend,Short,1,15182.75,15185.00,3/6/2023 11:00:00 PM,3/6/2023 11:00:00 PM,Sell short,Exit on session close,($50.16),$149397.88,$5.16,$0.00,$0.00,$0.00,$0.00,$170.00,$40.00,$90.16,1,
2358,NQ 06-26,Backtest,VariableTrend,Long,1,15198.00,15197.75,3/7/2023 2:20:00 AM,3/7/2023 9:20:00 AM,Buy,Close position,($10.16),$149387.72,$5.16,$0.00,$0.00,$0.00,$0.00,$240.00,$785.00,$795.16,7,
2359,NQ 06-26,Backtest,VariableTrend,Short,1,15197.75,15206.75,3/7/2023 9:20:00 AM,3/7/2023 10:30:00 AM,Sell short,Close position,($185.16),$149202.56,$5.16,$0.00,$0.00,$0.00,$0.00,$335.00,$35.00,$220.16,2,
2360,NQ 06-26,Backtest,VariableTrend,Long,1,15206.75,15195.00,3/7/2023 10:30:00 AM,3/7/2023 4:20:00 PM,Buy,Close position,($240.16),$148962.40,$5.16,$0.00,$0.00,$0.00,$0.00,$320.00,$765.00,$1005.16,6,
2361,NQ 06-26,Backtest,VariableTrend,Short,1,15195.00,15039.25,3/7/2023 4:20:00 PM,3/7/2023 11:00:00 PM,Sell short,Exit on session close,$3109.84,$152072.24,$5.16,$0.00,$0.00,$0.00,$0.00,$630.00,$3780.00,$670.16,7,
2362,NQ 06-26,Backtest,VariableTrend,Long,1,15089.00,15102.00,3/8/2023 11:00:00 PM,3/8/2023 11:00:00 PM,Buy,Exit on session close,$254.84,$152327.08,$5.16,$0.00,$0.00,$0.00,$0.00,$30.00,$265.00,$10.16,1,
2363,NQ 06-26,Backtest,VariableTrend,Short,1,15064.25,15114.25,3/9/2023 3:30:00 AM,3/9/2023 3:10:00 PM,Sell short,Stop loss,($1005.16),$151321.92,$5.16,$0.00,$0.00,$0.00,$0.00,$1000.00,$1285.00,$2290.16,11,
2364,NQ 06-26,Backtest,VariableTrend,Long,1,15122.25,15072.25,3/9/2023 4:20:00 PM,3/9/2023 7:50:00 PM,Buy,Stop loss,($1005.16),$150316.76,$5.16,$0.00,$0.00,$0.00,$0.00,$1000.00,$1900.00,$2905.16,4,
2365,NQ 06-26,Backtest,VariableTrend,Short,1,14976.50,14873.00,3/9/2023 9:00:00 PM,3/9/2023 11:00:00 PM,Sell short,Exit on session close,$2064.84,$152381.60,$5.16,$0.00,$0.00,$0.00,$0.00,$320.00,$2705.00,$640.16,3,
2366,NQ 06-26,Backtest,VariableTrend,Long,1,14899.50,14873.25,3/10/2023 2:00:00 PM,3/10/2023 3:10:00 PM,Buy,Close position,($530.16),$151851.44,$5.16,$0.00,$0.00,$0.00,$0.00,$910.00,$245.00,$775.16,2,
2367,NQ 06-26,Backtest,VariableTrend,Short,1,14873.25,14923.25,3/10/2023 3:10:00 PM,3/10/2023 3:10:00 PM,Sell short,Stop loss,($1005.16),$150846.28,$5.16,$0.00,$0.00,$0.00,$0.00,$1000.00,$0.00,$1005.16,1,
2368,NQ 06-26,Backtest,VariableTrend,Long,1,14934.75,14884.75,3/10/2023 4:20:00 PM,3/10/2023 4:20:00 PM,Buy,Stop loss,($1005.16),$149841.12,$5.16,$0.00,$0.00,$0.00,$0.00,$1000.00,$0.00,$1005.16,1,
2369,NQ 06-26,Backtest,VariableTrend,Short,1,14795.25,14845.25,3/10/2023 5:30:00 PM,3/10/2023 5:30:00 PM,Sell short,Stop loss,($1005.16),$148835.96,$5.16,$0.00,$0.00,$0.00,$0.00,$1000.00,$0.00,$1005.16,1,
2370,NQ 06-26,Backtest,VariableTrend,Long,1,14908.50,14858.50,3/10/2023 6:40:00 PM,3/10/2023 6:40:00 PM,Buy,Stop loss,($1005.16),$147830.80,$5.16,$0.00,$0.00,$0.00,$0.00,$1000.00,$0.00,$1005.16,1,
2371,NQ 06-26,Backtest,VariableTrend,Short,1,14838.50,14756.25,3/10/2023 7:50:00 PM,3/10/2023 11:00:00 PM,Sell short,Exit on session close,$1639.84,$149470.64,$5.16,$0.00,$0.00,$0.00,$0.00,$90.00,$3595.00,$1955.16,4,
2372,NQ 06-26,Backtest,VariableTrend,Long,1,14890.00,14858.75,3/13/2023 4:50:00 AM,3/13/2023 10:40:00 AM,Buy,Close position,($630.16),$148840.48,$5.16,$0.00,$0.00,$0.00,$0.00,$700.00,$1325.00,$1955.16,6,
2373,NQ 06-26,Backtest,VariableTrend,Short,1,14858.75,14899.00,3/13/2023 10:40:00 AM,3/13/2023 5:40:00 PM,Sell short,Close position,($810.16),$148030.32,$5.16,$0.00,$0.00,$0.00,$0.00,$945.00,$6380.00,$7190.16,7,
2374,NQ 06-26,Backtest,VariableTrend,Long,1,14899.00,14849.00,3/13/2023 5:40:00 PM,3/13/2023 5:40:00 PM,Buy,Stop loss,($1005.16),$147025.16,$5.16,$0.00,$0.00,$0.00,$0.00,$1000.00,$0.00,$1005.16,1,
2375,NQ 06-26,Backtest,VariableTrend,Short,1,14801.25,14806.50,3/13/2023 10:00:00 PM,3/13/2023 10:00:00 PM,Sell short,Exit on session close,($110.16),$146915.00,$5.16,$0.00,$0.00,$0.00,$0.00,$295.00,$215.00,$325.16,1,
2376,NQ 06-26,Backtest,VariableTrend,Long,1,14839.25,14831.50,3/14/2023 3:40:00 AM,3/14/2023 8:20:00 AM,Buy,Close position,($160.16),$146754.84,$5.16,$0.00,$0.00,$0.00,$0.00,$590.00,$640.00,$800.16,5,
2377,NQ 06-26,Backtest,VariableTrend,Short,1,14831.50,14847.00,3/14/2023 8:20:00 AM,3/14/2023 10:40:00 AM,Sell short,Close position,($315.16),$146439.68,$5.16,$0.00,$0.00,$0.00,$0.00,$540.00,$865.00,$1180.16,3,
2378,NQ 06-26,Backtest,VariableTrend,Long,1,14847.00,14832.75,3/14/2023 10:40:00 AM,3/14/2023 1:00:00 PM,Buy,Close position,($290.16),$146149.52,$5.16,$0.00,$0.00,$0.00,$0.00,$830.00,$285.00,$575.16,3,
2379,NQ 06-26,Backtest,VariableTrend,Short,1,14832.75,14882.75,3/14/2023 1:00:00 PM,3/14/2023 1:00:00 PM,Sell short,Stop loss,($1005.16),$145144.36,$5.16,$0.00,$0.00,$0.00,$0.00,$1000.00,$0.00,$1005.16,1,
2380,NQ 06-26,Backtest,VariableTrend,Long,1,14864.00,14814.00,3/14/2023 2:10:00 PM,3/14/2023 2:10:00 PM,Buy,Stop loss,($1005.16),$144139.20,$5.16,$0.00,$0.00,$0.00,$0.00,$1000.00,$0.00,$1005.16,1,
2381,NQ 06-26,Backtest,VariableTrend,Short,1,15005.00,14974.00,3/15/2023 11:50:00 AM,3/15/2023 5:40:00 PM,Sell short,Close position,$614.84,$144754.04,$5.16,$0.00,$0.00,$0.00,$0.00,$210.00,$3495.00,$2880.16,6,
2382,NQ 06-26,Backtest,VariableTrend,Long,1,14974.00,14951.25,3/15/2023 5:40:00 PM,3/15/2023 6:50:00 PM,Buy,Close position,($460.16),$144293.88,$5.16,$0.00,$0.00,$0.00,$0.00,$765.00,$1430.00,$1890.16,2,
2383,NQ 06-26,Backtest,VariableTrend,Short,1,14951.25,15001.25,3/15/2023 6:50:00 PM,3/15/2023 6:50:00 PM,Sell short,Stop loss,($1005.16),$143288.72,$5.16,$0.00,$0.00,$0.00,$0.00,$1000.00,$0.00,$1005.16,1,
2384,NQ 06-26,Backtest,VariableTrend,Long,1,14981.00,15130.75,3/15/2023 8:00:00 PM,3/15/2023 10:00:00 PM,Buy,Exit on session close,$2989.84,$146278.56,$5.16,$0.00,$0.00,$0.00,$0.00,$70.00,$3200.00,$210.16,3,
2385,NQ 06-26,Backtest,VariableTrend,Short,1,15112.00,15162.00,3/16/2023 3:20:00 PM,3/16/2023 3:20:00 PM,Sell short,Stop loss,($1005.16),$145273.40,$5.16,$0.00,$0.00,$0.00,$0.00,$1000.00,$0.00,$1005.16,1,
2386,NQ 06-26,Backtest,VariableTrend,Long,1,15329.50,15445.00,3/16/2023 5:40:00 PM,3/16/2023 10:00:00 PM,Buy,Exit on session close,$2304.84,$147578.24,$5.16,$0.00,$0.00,$0.00,$0.00,$265.00,$2795.00,$490.16,5,
2387,NQ 06-26,Backtest,VariableTrend,Short,1,15341.00,15391.00,3/17/2023 5:40:00 PM,3/17/2023 5:40:00 PM,Sell short,Stop loss,($1005.16),$146573.08,$5.16,$0.00,$0.00,$0.00,$0.00,$1000.00,$0.00,$1005.16,1,
2388,NQ 06-26,Backtest,VariableTrend,Long,1,15420.75,15370.75,3/20/2023 1:20:00 AM,3/20/2023 6:00:00 AM,Buy,Stop loss,($1005.16),$145567.92,$5.16,$0.00,$0.00,$0.00,$0.00,$1000.00,$805.00,$1810.16,5,
2389,NQ 06-26,Backtest,VariableTrend,Short,1,15390.50,15396.50,3/20/2023 7:10:00 AM,3/20/2023 1:00:00 PM,Sell short,Close position,($125.16),$145442.76,$5.16,$0.00,$0.00,$0.00,$0.00,$520.00,$2635.00,$2760.16,6,
2390,NQ 06-26,Backtest,VariableTrend,Long,1,15396.50,15371.50,3/20/2023 1:00:00 PM,3/20/2023 2:10:00 PM,Buy,Close position,($505.16),$144937.60,$5.16,$0.00,$0.00,$0.00,$0.00,$990.00,$65.00,$570.16,2,
2391,NQ 06-26,Backtest,VariableTrend,Short,1,15371.50,15421.50,3/20/2023 2:10:00 PM,3/20/2023 2:10:00 PM,Sell short,Stop loss,($1005.16),$143932.44,$5.16,$0.00,$0.00,$0.00,$0.00,$1000.00,$0.00,$1005.16,1,
2392,NQ 06-26,Backtest,VariableTrend,Long,1,15425.75,15375.75,3/20/2023 5:40:00 PM,3/20/2023 5:40:00 PM,Buy,Stop loss,($1005.16),$142927.28,$5.16,$0.00,$0.00,$0.00,$0.00,$1000.00,$0.00,$1005.16,1,
2393,NQ 06-26,Backtest,VariableTrend,Short,1,15343.50,15393.50,3/20/2023 6:50:00 PM,3/20/2023 6:50:00 PM,Sell short,Stop loss,($1005.16),$141922.12,$5.16,$0.00,$0.00,$0.00,$0.00,$1000.00,$0.00,$1005.16,1,
2394,NQ 06-26,Backtest,VariableTrend,Long,1,15401.50,15434.50,3/20/2023 8:00:00 PM,3/20/2023 10:00:00 PM,Buy,Exit on session close,$654.84,$142576.96,$5.16,$0.00,$0.00,$0.00,$0.00,$690.00,$800.00,$145.16,3,
2395,NQ 06-26,Backtest,VariableTrend,Short,1,15552.75,15576.75,3/22/2023 10:40:00 AM,3/22/2023 11:50:00 AM,Sell short,Close position,($485.16),$142091.80,$5.16,$0.00,$0.00,$0.00,$0.00,$520.00,$180.00,$665.16,2,
2396,NQ 06-26,Backtest,VariableTrend,Long,1,15576.75,15526.75,3/22/2023 11:50:00 AM,3/22/2023 9:10:00 PM,Buy,Stop loss,($1005.16),$141086.64,$5.16,$0.00,$0.00,$0.00,$0.00,$1000.00,$4775.00,$5780.16,9,
2397,NQ 06-26,Backtest,VariableTrend,Short,1,15423.25,15432.25,3/22/2023 10:00:00 PM,3/22/2023 10:00:00 PM,Sell short,Exit on session close,($185.16),$140901.48,$5.16,$0.00,$0.00,$0.00,$0.00,$565.00,$155.00,$340.16,1,
2398,NQ 06-26,Backtest,VariableTrend,Long,1,15547.25,15546.50,3/23/2023 9:30:00 AM,3/23/2023 3:20:00 PM,Buy,Close position,($20.16),$140881.32,$5.16,$0.00,$0.00,$0.00,$0.00,$445.00,$830.00,$850.16,6,
2399,NQ 06-26,Backtest,VariableTrend,Short,1,15546.50,15596.50,3/23/2023 3:20:00 PM,3/23/2023 3:20:00 PM,Sell short,Stop loss,($1005.16),$139876.16,$5.16,$0.00,$0.00,$0.00,$0.00,$1000.00,$0.00,$1005.16,1,
2400,NQ 06-26,Backtest,VariableTrend,Long,1,15664.00,15614.00,3/23/2023 4:30:00 PM,3/23/2023 8:00:00 PM,Buy,Stop loss,($1005.16),$138871.00,$5.16,$0.00,$0.00,$0.00,$0.00,$1000.00,$2010.00,$3015.16,4,
2401,NQ 06-26,Backtest,VariableTrend,Short,1,15538.25,15588.25,3/23/2023 9:10:00 PM,3/23/2023 9:10:00 PM,Sell short,Stop loss,($1005.16),$137865.84,$5.16,$0.00,$0.00,$0.00,$0.00,$1000.00,$0.00,$1005.16,1,
2402,NQ 06-26,Backtest,VariableTrend,Long,1,15608.00,15594.00,3/24/2023 8:20:00 AM,3/24/2023 9:30:00 AM,Buy,Close position,($285.16),$137580.68,$5.16,$0.00,$0.00,$0.00,$0.00,$340.00,$110.00,$395.16,2,
2403,NQ 06-26,Backtest,VariableTrend,Short,1,15594.00,15644.00,3/24/2023 9:30:00 AM,3/24/2023 9:30:00 AM,Sell short,Stop loss,($1005.16),$136575.52,$5.16,$0.00,$0.00,$0.00,$0.00,$1000.00,$0.00,$1005.16,1,
2404,NQ 06-26,Backtest,VariableTrend,Long,1,15615.75,15565.75,3/24/2023 10:40:00 AM,3/24/2023 10:40:00 AM,Buy,Stop loss,($1005.16),$135570.36,$5.16,$0.00,$0.00,$0.00,$0.00,$1000.00,$0.00,$1005.16,1,
2405,NQ 06-26,Backtest,VariableTrend,Short,1,15542.00,15592.00,3/24/2023 11:50:00 AM,3/24/2023 8:00:00 PM,Sell short,Stop loss,($1005.16),$134565.20,$5.16,$0.00,$0.00,$0.00,$0.00,$1000.00,$1610.00,$2615.16,8,
2406,NQ 06-26,Backtest,VariableTrend,Long,1,15584.75,15656.25,3/24/2023 9:10:00 PM,3/24/2023 10:00:00 PM,Buy,Exit on session close,$1424.84,$135990.04,$5.16,$0.00,$0.00,$0.00,$0.00,$395.00,$1470.00,$45.16,2,
2407,NQ 06-26,Backtest,VariableTrend,Short,1,15636.00,15665.50,3/27/2023 11:40:00 AM,3/27/2023 2:00:00 PM,Sell short,Close position,($595.16),$135394.88,$5.16,$0.00,$0.00,$0.00,$0.00,$795.00,$105.00,$700.16,3,
2408,NQ 06-26,Backtest,VariableTrend,Long,1,15665.50,15615.50,3/27/2023 2:00:00 PM,3/27/2023 4:20:00 PM,Buy,Stop loss,($1005.16),$134389.72,$5.16,$0.00,$0.00,$0.00,$0.00,$1000.00,$510.00,$1515.16,3,
2409,NQ 06-26,Backtest,VariableTrend,Short,1,15582.00,15547.75,3/27/2023 6:40:00 PM,3/27/2023 11:00:00 PM,Sell short,Exit on session close,$679.84,$135069.56,$5.16,$0.00,$0.00,$0.00,$0.00,$405.00,$1660.00,$980.16,5,
2410,NQ 06-26,Backtest,VariableTrend,Long,1,15504.25,15693.75,3/29/2023 3:30:00 AM,3/29/2023 11:00:00 PM,Buy,Exit on session close,$3784.84,$138854.40,$5.16,$0.00,$0.00,$0.00,$0.00,$165.00,$4465.00,$680.16,18,
2411,NQ 06-26,Backtest,VariableTrend,Short,1,15803.75,15807.75,3/31/2023 2:00:00 PM,3/31/2023 3:10:00 PM,Sell short,Close position,($85.16),$138769.24,$5.16,$0.00,$0.00,$0.00,$0.00,$400.00,$10.00,$95.16,2,
2412,NQ 06-26,Backtest,VariableTrend,Long,1,15807.75,16041.50,3/31/2023 3:10:00 PM,3/31/2023 11:00:00 PM,Buy,Exit on session close,$4669.84,$143439.08,$5.16,$0.00,$0.00,$0.00,$0.00,$335.00,$4745.00,$75.16,8,
2413,NQ 06-26,Backtest,VariableTrend,Short,1,15917.75,15958.75,4/3/2023 6:40:00 PM,4/3/2023 10:10:00 PM,Sell short,Close position,($825.16),$142613.92,$5.16,$0.00,$0.00,$0.00,$0.00,$855.00,$520.00,$1345.16,4,
2414,NQ 06-26,Backtest,VariableTrend,Long,1,15958.75,15995.25,4/3/2023 10:10:00 PM,4/3/2023 11:00:00 PM,Buy,Exit on session close,$724.84,$143338.76,$5.16,$0.00,$0.00,$0.00,$0.00,$80.00,$1070.00,$345.16,2,
2415,NQ 06-26,Backtest,VariableTrend,Short,1,15970.75,15964.75,4/4/2023 6:40:00 PM,4/4/2023 11:00:00 PM,Sell short,Exit on session close,$114.84,$143453.60,$5.16,$0.00,$0.00,$0.00,$0.00,$280.00,$1380.00,$1265.16,5,
2416,NQ 06-26,Backtest,VariableTrend,Long,1,15880.25,15897.00,4/6/2023 7:50:00 PM,4/6/2023 11:00:00 PM,Buy,Exit on session close,$329.84,$143783.44,$5.16,$0.00,$0.00,$0.00,$0.00,$510.00,$885.00,$555.16,4,
2417,NQ 06-26,Backtest,VariableTrend,Short,1,15874.75,15878.25,4/10/2023 4:40:00 AM,4/10/2023 7:00:00 AM,Sell short,Close position,($75.16),$143708.28,$5.16,$0.00,$0.00,$0.00,$0.00,$150.00,$205.00,$280.16,3,
2418,NQ 06-26,Backtest,VariableTrend,Long,1,15878.25,15870.25,4/10/2023 7:00:00 AM,4/10/2023 8:10:00 AM,Buy,Close position,($165.16),$143543.12,$5.16,$0.00,$0.00,$0.00,$0.00,$240.00,$30.00,$195.16,2,
2419,NQ 06-26,Backtest,VariableTrend,Short,1,15870.25,15890.00,4/10/2023 8:10:00 AM,4/10/2023 12:50:00 PM,Sell short,Close position,($400.16),$143142.96,$5.16,$0.00,$0.00,$0.00,$0.00,$425.00,$590.00,$990.16,5,
2420,NQ 06-26,Backtest,VariableTrend,Long,1,15890.00,15840.00,4/10/2023 12:50:00 PM,4/10/2023 2:00:00 PM,Buy,Stop loss,($1005.16),$142137.80,$5.16,$0.00,$0.00,$0.00,$0.00,$1000.00,$185.00,$1190.16,2,
2421,NQ 06-26,Backtest,VariableTrend,Short,1,15844.25,15864.25,4/10/2023 3:10:00 PM,4/10/2023 9:00:00 PM,Sell short,Close position,($405.16),$141732.64,$5.16,$0.00,$0.00,$0.00,$0.00,$545.00,$2865.00,$3270.16,6,
2422,NQ 06-26,Backtest,VariableTrend,Long,1,15864.25,15899.50,4/10/2023 9:00:00 PM,4/10/2023 11:00:00 PM,Buy,Exit on session close,$699.84,$142432.48,$5.16,$0.00,$0.00,$0.00,$0.00,$290.00,$850.00,$150.16,3,
2423,NQ 06-26,Backtest,VariableTrend,Short,1,15869.75,15860.75,4/11/2023 3:10:00 PM,4/11/2023 10:10:00 PM,Sell short,Close position,$174.84,$142607.32,$5.16,$0.00,$0.00,$0.00,$0.00,$545.00,$1655.00,$1480.16,7,
2424,NQ 06-26,Backtest,VariableTrend,Long,1,15860.75,15810.75,4/11/2023 10:10:00 PM,4/11/2023 10:10:00 PM,Buy,Stop loss,($1005.16),$141602.16,$5.16,$0.00,$0.00,$0.00,$0.00,$1000.00,$0.00,$1005.16,1,
2425,NQ 06-26,Backtest,VariableTrend,Short,1,15814.00,15814.75,4/11/2023 11:00:00 PM,4/11/2023 11:00:00 PM,Sell short,Exit on session close,($20.16),$141582.00,$5.16,$0.00,$0.00,$0.00,$0.00,$140.00,$55.00,$75.16,1,
2426,NQ 06-26,Backtest,VariableTrend,Long,1,15902.25,15852.25,4/12/2023 4:20:00 PM,4/12/2023 4:20:00 PM,Buy,Stop loss,($1005.16),$140576.84,$5.16,$0.00,$0.00,$0.00,$0.00,$1000.00,$0.00,$1005.16,1,
2427,NQ 06-26,Backtest,VariableTrend,Short,1,15824.75,15691.00,4/12/2023 5:30:00 PM,4/12/2023 11:00:00 PM,Sell short,Exit on session close,$2669.84,$143246.68,$5.16,$0.00,$0.00,$0.00,$0.00,$755.00,$3070.00,$400.16,6,
2428,NQ 06-26,Backtest,VariableTrend,Long,1,15760.00,15914.00,4/13/2023 4:20:00 PM,4/13/2023 11:00:00 PM,Buy,Exit on session close,$3074.84,$146321.52,$5.16,$0.00,$0.00,$0.00,$0.00,$465.00,$4030.00,$955.16,7,
2429,NQ 06-26,Backtest,VariableTrend,Short,1,15879.25,15929.25,4/14/2023 3:10:00 PM,4/14/2023 4:20:00 PM,Sell short,Stop loss,($1005.16),$145316.36,$5.16,$0.00,$0.00,$0.00,$0.00,$1000.00,$895.00,$1900.16,2,
2430,NQ 06-26,Backtest,VariableTrend,Long,1,15891.25,15869.00,4/14/2023 5:30:00 PM,4/14/2023 6:40:00 PM,Buy,Close position,($450.16),$144866.20,$5.16,$0.00,$0.00,$0.00,$0.00,$850.00,$245.00,$695.16,2,
2431,NQ 06-26,Backtest,VariableTrend,Short,1,15869.00,15901.00,4/14/2023 6:40:00 PM,4/14/2023 10:10:00 PM,Sell short,Close position,($645.16),$144221.04,$5.16,$0.00,$0.00,$0.00,$0.00,$715.00,$1550.00,$2195.16,4,
2432,NQ 06-26,Backtest,VariableTrend,Long,1,15901.00,15851.00,4/14/2023 10:10:00 PM,4/14/2023 10:10:00 PM,Buy,Stop loss,($1005.16),$143215.88,$5.16,$0.00,$0.00,$0.00,$0.00,$1000.00,$0.00,$1005.16,1,
2433,NQ 06-26,Backtest,VariableTrend,Short,1,15853.00,15903.00,4/17/2023 6:40:00 PM,4/17/2023 10:10:00 PM,Sell short,Stop loss,($1005.16),$142210.72,$5.16,$0.00,$0.00,$0.00,$0.00,$1000.00,$855.00,$1860.16,4,
2434,NQ 06-26,Backtest,VariableTrend,Long,1,15927.00,15914.50,4/17/2023 11:00:00 PM,4/17/2023 11:00:00 PM,Buy,Exit on session close,($255.16),$141955.56,$5.16,$0.00,$0.00,$0.00,$0.00,$275.00,$40.00,$295.16,1,
2435,NQ 06-26,Backtest,VariableTrend,Short,1,15919.50,15920.50,4/18/2023 6:40:00 PM,4/18/2023 11:00:00 PM,Sell short,Exit on session close,($25.16),$141930.40,$5.16,$0.00,$0.00,$0.00,$0.00,$330.00,$960.00,$985.16,5,
2436,NQ 06-26,Backtest,VariableTrend,Long,1,15881.00,15901.75,4/19/2023 6:40:00 PM,4/19/2023 11:00:00 PM,Buy,Exit on session close,$409.84,$142340.24,$5.16,$0.00,$0.00,$0.00,$0.00,$200.00,$1585.00,$1175.16,5,
2437,NQ 06-26,Backtest,VariableTrend,Short,1,15880.50,15873.00,4/20/2023 2:20:00 AM,4/20/2023 5:30:00 PM,Sell short,Close position,$144.84,$142485.08,$5.16,$0.00,$0.00,$0.00,$0.00,$125.00,$2440.00,$2295.16,14,
2438,NQ 06-26,Backtest,VariableTrend,Long,1,15873.00,15823.00,4/20/2023 5:30:00 PM,4/20/2023 9:00:00 PM,Buy,Stop loss,($1005.16),$141479.92,$5.16,$0.00,$0.00,$0.00,$0.00,$1000.00,$1210.00,$2215.16,4,
2439,NQ 06-26,Backtest,VariableTrend,Short,1,15823.75,15824.50,4/20/2023 10:10:00 PM,4/20/2023 11:00:00 PM,Sell short,Exit on session close,($20.16),$141459.76,$5.16,$0.00,$0.00,$0.00,$0.00,$160.00,$1370.00,$1390.16,2,
2440,NQ 06-26,Backtest,VariableTrend,Long,1,15830.00,15823.25,4/21/2023 4:40:00 AM,4/21/2023 5:50:00 AM,Buy,Close position,($140.16),$141319.60,$5.16,$0.00,$0.00,$0.00,$0.00,$205.00,$55.00,$195.16,2,
2441,NQ 06-26,Backtest,VariableTrend,Short,1,15823.25,15834.75,4/21/2023 5:50:00 AM,4/21/2023 9:00:00 PM,Sell short,Close position,($235.16),$141084.44,$5.16,$0.00,$0.00,$0.00,$0.00,$320.00,$2145.00,$2380.16,14,
2442,NQ 06-26,Backtest,VariableTrend,Long,1,15834.75,15809.50,4/21/2023 9:00:00 PM,4/21/2023 11:00:00 PM,Buy,Exit on session close,($510.16),$140574.28,$5.16,$0.00,$0.00,$0.00,$0.00,$885.00,$415.00,$925.16,3,
2443,NQ 06-26,Backtest,VariableTrend,Short,1,15805.00,15811.00,4/24/2023 2:20:00 AM,4/24/2023 12:50:00 PM,Sell short,Close position,($125.16),$140449.12,$5.16,$0.00,$0.00,$0.00,$0.00,$140.00,$1145.00,$1270.16,10,
2444,NQ 06-26,Backtest,VariableTrend,Long,1,15811.00,15761.00,4/24/2023 12:50:00 PM,4/24/2023 5:30:00 PM,Buy,Stop loss,($1005.16),$139443.96,$5.16,$0.00,$0.00,$0.00,$0.00,$1000.00,$1130.00,$2135.16,5,
2445,NQ 06-26,Backtest,VariableTrend,Short,1,15731.75,15781.75,4/24/2023 6:40:00 PM,4/24/2023 9:00:00 PM,Sell short,Stop loss,($1005.16),$138438.80,$5.16,$0.00,$0.00,$0.00,$0.00,$1000.00,$620.00,$1625.16,3,
2446,NQ 06-26,Backtest,VariableTrend,Long,1,15788.25,15783.00,4/24/2023 11:00:00 PM,4/24/2023 11:00:00 PM,Buy,Exit on session close,($110.16),$138328.64,$5.16,$0.00,$0.00,$0.00,$0.00,$170.00,$250.00,$360.16,1,
2447,NQ 06-26,Backtest,VariableTrend,Long,1,15689.50,15694.50,4/26/2023 2:20:00 AM,4/26/2023 10:30:00 AM,Buy,Close position,$94.84,$138423.48,$5.16,$0.00,$0.00,$0.00,$0.00,$110.00,$810.00,$715.16,8,
2448,NQ 06-26,Backtest,VariableTrend,Short,1,15694.50,15699.75,4/26/2023 10:30:00 AM,4/26/2023 11:40:00 AM,Sell short,Close position,($110.16),$138313.32,$5.16,$0.00,$0.00,$0.00,$0.00,$245.00,$400.00,$510.16,2,
2449,NQ 06-26,Backtest,VariableTrend,Long,1,15699.75,15697.75,4/26/2023 11:40:00 AM,4/26/2023 12:50:00 PM,Buy,Close position,($45.16),$138268.16,$5.16,$0.00,$0.00,$0.00,$0.00,$120.00,$250.00,$295.16,2,
2450,NQ 06-26,Backtest,VariableTrend,Short,1,15697.75,15709.75,4/26/2023 12:50:00 PM,4/26/2023 6:40:00 PM,Sell short,Close position,($245.16),$138023.00,$5.16,$0.00,$0.00,$0.00,$0.00,$645.00,$1580.00,$1825.16,6,
2451,NQ 06-26,Backtest,VariableTrend,Long,1,15709.75,15659.75,4/26/2023 6:40:00 PM,4/26/2023 7:50:00 PM,Buy,Stop loss,($1005.16),$137017.84,$5.16,$0.00,$0.00,$0.00,$0.00,$1000.00,$720.00,$1725.16,2,
2452,NQ 06-26,Backtest,VariableTrend,Short,1,15653.25,15703.25,4/26/2023 9:00:00 PM,4/26/2023 11:00:00 PM,Sell short,Stop loss,($1005.16),$136012.68,$5.16,$0.00,$0.00,$0.00,$0.00,$1000.00,$1120.00,$2125.16,3,
2453,NQ 06-26,Backtest,VariableTrend,Short,1,15678.00,15688.75,4/27/2023 3:30:00 AM,4/27/2023 5:50:00 AM,Sell short,Close position,($220.16),$135792.52,$5.16,$0.00,$0.00,$0.00,$0.00,$320.00,$170.00,$390.16,3,
2454,NQ 06-26,Backtest,VariableTrend,Long,1,15688.75,15994.25,4/27/2023 5:50:00 AM,4/27/2023 11:00:00 PM,Buy,Exit on session close,$6104.84,$141897.36,$5.16,$0.00,$0.00,$0.00,$0.00,$95.00,$7555.00,$1450.16,16,
2455,NQ 06-26,Backtest,VariableTrend,Short,1,16001.25,16051.25,5/1/2023 6:40:00 PM,5/1/2023 6:40:00 PM,Sell short,Stop loss,($1005.16),$140892.20,$5.16,$0.00,$0.00,$0.00,$0.00,$1000.00,$0.00,$1005.16,1,
2456,NQ 06-26,Backtest,VariableTrend,Long,1,16075.50,16025.50,5/1/2023 7:50:00 PM,5/1/2023 9:00:00 PM,Buy,Stop loss,($1005.16),$139887.04,$5.16,$0.00,$0.00,$0.00,$0.00,$1000.00,$430.00,$1435.16,2,
2457,NQ 06-26,Backtest,VariableTrend,Short,1,16027.50,15902.75,5/2/2023 4:20:00 PM,5/2/2023 11:00:00 PM,Sell short,Exit on session close,$2489.84,$142376.88,$5.16,$0.00,$0.00,$0.00,$0.00,$385.00,$3675.00,$1185.16,7,
2458,NQ 06-26,Backtest,VariableTrend,Long,1,15948.25,15939.50,5/3/2023 3:10:00 PM,5/3/2023 4:20:00 PM,Buy,Close position,($180.16),$142196.72,$5.16,$0.00,$0.00,$0.00,$0.00,$395.00,$335.00,$515.16,2,
2459,NQ 06-26,Backtest,VariableTrend,Short,1,15939.50,15949.00,5/3/2023 4:20:00 PM,5/3/2023 5:30:00 PM,Sell short,Close position,($195.16),$142001.56,$5.16,$0.00,$0.00,$0.00,$0.00,$720.00,$365.00,$560.16,2,
2460,NQ 06-26,Backtest,VariableTrend,Long,1,15949.00,15921.00,5/3/2023 5:30:00 PM,5/3/2023 6:40:00 PM,Buy,Close position,($565.16),$141436.40,$5.16,$0.00,$0.00,$0.00,$0.00,$725.00,$265.00,$830.16,2,
2461,NQ 06-26,Backtest,VariableTrend,Short,1,15921.00,15955.25,5/3/2023 6:40:00 PM,5/3/2023 9:00:00 PM,Sell short,Close position,($690.16),$140746.24,$5.16,$0.00,$0.00,$0.00,$0.00,$925.00,$205.00,$895.16,3,
2462,NQ 06-26,Backtest,VariableTrend,Long,1,15955.25,15905.25,5/3/2023 9:00:00 PM,5/3/2023 9:00:00 PM,Buy,Stop loss,($1005.16),$139741.08,$5.16,$0.00,$0.00,$0.00,$0.00,$1000.00,$0.00,$1005.16,1,
2463,NQ 06-26,Backtest,VariableTrend,Short,1,15862.25,15822.50,5/3/2023 11:00:00 PM,5/3/2023 11:00:00 PM,Sell short,Exit on session close,$789.84,$140530.92,$5.16,$0.00,$0.00,$0.00,$0.00,$75.00,$975.00,$185.16,1,
2464,NQ 06-26,Backtest,VariableTrend,Long,1,15851.00,16044.00,5/5/2023 12:50:00 PM,5/5/2023 11:00:00 PM,Buy,Exit on session close,$3854.84,$144385.76,$5.16,$0.00,$0.00,$0.00,$0.00,$645.00,$4830.00,$975.16,10,
2465,NQ 06-26,Backtest,VariableTrend,Short,1,16035.00,15994.75,5/9/2023 11:40:00 AM,5/9/2023 11:00:00 PM,Sell short,Exit on session close,$799.84,$145185.60,$5.16,$0.00,$0.00,$0.00,$0.00,$320.00,$1020.00,$220.16,11,
2466,NQ 06-26,Backtest,VariableTrend,Long,1,16017.75,16009.75,5/10/2023 3:30:00 AM,5/10/2023 4:40:00 AM,Buy,Close position,($165.16),$145020.44,$5.16,$0.00,$0.00,$0.00,$0.00,$205.00,$35.00,$200.16,2,
2467,NQ 06-26,Backtest,VariableTrend,Short,1,16009.75,16013.75,5/10/2023 4:40:00 AM,5/10/2023 10:30:00 AM,Sell short,Close position,($85.16),$144935.28,$5.16,$0.00,$0.00,$0.00,$0.00,$190.00,$350.00,$435.16,6,
2468,NQ 06-26,Backtest,VariableTrend,Long,1,16013.75,15963.75,5/10/2023 10:30:00 AM,5/10/2023 10:30:00 AM,Buy,Stop loss,($1005.16),$143930.12,$5.16,$0.00,$0.00,$0.00,$0.00,$1000.00,$0.00,$1005.16,1,
2469,NQ 06-26,Backtest,VariableTrend,Short,1,15970.25,16020.25,5/10/2023 11:40:00 AM,5/10/2023 3:10:00 PM,Sell short,Stop loss,($1005.16),$142924.96,$5.16,$0.00,$0.00,$0.00,$0.00,$1000.00,$230.00,$1235.16,4,
2470,NQ 06-26,Backtest,VariableTrend,Long,1,16123.00,16073.00,5/10/2023 4:20:00 PM,5/10/2023 4:20:00 PM,Buy,Stop loss,($1005.16),$141919.80,$5.16,$0.00,$0.00,$0.00,$0.00,$1000.00,$0.00,$1005.16,1,
2471,NQ 06-26,Backtest,VariableTrend,Short,1,16031.50,16081.50,5/10/2023 9:00:00 PM,5/10/2023 9:00:00 PM,Sell short,Stop loss,($1005.16),$140914.64,$5.16,$0.00,$0.00,$0.00,$0.00,$1000.00,$0.00,$1005.16,1,
2472,NQ 06-26,Backtest,VariableTrend,Long,1,16128.00,16142.25,5/10/2023 10:10:00 PM,5/10/2023 11:00:00 PM,Buy,Exit on session close,$279.84,$141194.48,$5.16,$0.00,$0.00,$0.00,$0.00,$185.00,$1045.00,$765.16,2,
2473,NQ 06-26,Backtest,VariableTrend,Short,1,16116.75,16166.75,5/11/2023 5:30:00 PM,5/11/2023 5:30:00 PM,Sell short,Stop loss,($1005.16),$140189.32,$5.16,$0.00,$0.00,$0.00,$0.00,$1000.00,$0.00,$1005.16,1,
2474,NQ 06-26,Backtest,VariableTrend,Long,1,16168.00,16133.25,5/11/2023 6:40:00 PM,5/11/2023 9:00:00 PM,Buy,Close position,($700.16),$139489.16,$5.16,$0.00,$0.00,$0.00,$0.00,$765.00,$505.00,$1205.16,3,
2475,NQ 06-26,Backtest,VariableTrend,Short,1,16133.25,16183.25,5/11/2023 9:00:00 PM,5/11/2023 9:00:00 PM,Sell short,Stop loss,($1005.16),$138484.00,$5.16,$0.00,$0.00,$0.00,$0.00,$1000.00,$0.00,$1005.16,1,
2476,NQ 06-26,Backtest,VariableTrend,Long,1,16197.75,16180.50,5/11/2023 10:10:00 PM,5/11/2023 11:00:00 PM,Buy,Exit on session close,($350.16),$138133.84,$5.16,$0.00,$0.00,$0.00,$0.00,$680.00,$75.00,$425.16,2,
2477,NQ 06-26,Backtest,VariableTrend,Short,1,16154.75,16104.00,5/12/2023 5:30:00 PM,5/12/2023 11:00:00 PM,Sell short,Exit on session close,$1009.84,$139143.68,$5.16,$0.00,$0.00,$0.00,$0.00,$90.00,$2215.00,$1205.16,6,
2478,NQ 06-26,Backtest,VariableTrend,Long,1,16121.50,16098.75,5/15/2023 7:00:00 AM,5/15/2023 5:30:00 PM,Buy,Close position,($460.16),$138683.52,$5.16,$0.00,$0.00,$0.00,$0.00,$730.00,$1190.00,$1650.16,10,
2479,NQ 06-26,Backtest,VariableTrend,Short,1,16098.75,16148.75,5/15/2023 5:30:00 PM,5/15/2023 5:30:00 PM,Sell short,Stop loss,($1005.16),$137678.36,$5.16,$0.00,$0.00,$0.00,$0.00,$1000.00,$0.00,$1005.16,1,
2480,NQ 06-26,Backtest,VariableTrend,Long,1,16162.75,16197.50,5/15/2023 6:40:00 PM,5/15/2023 11:00:00 PM,Buy,Exit on session close,$689.84,$138368.20,$5.16,$0.00,$0.00,$0.00,$0.00,$225.00,$1015.00,$325.16,5,
2481,NQ 06-26,Backtest,VariableTrend,Short,1,16166.50,16216.50,5/16/2023 4:20:00 PM,5/16/2023 4:20:00 PM,Sell short,Stop loss,($1005.16),$137363.04,$5.16,$0.00,$0.00,$0.00,$0.00,$1000.00,$0.00,$1005.16,1,
2482,NQ 06-26,Backtest,VariableTrend,Long,1,16220.00,16236.75,5/16/2023 5:30:00 PM,5/16/2023 11:00:00 PM,Buy,Exit on session close,$329.84,$137692.88,$5.16,$0.00,$0.00,$0.00,$0.00,$220.00,$1360.00,$1030.16,6,
2483,NQ 06-26,Backtest,VariableTrend,Short,1,16588.00,16574.50,5/19/2023 6:40:00 PM,5/19/2023 11:00:00 PM,Sell short,Exit on session close,$264.84,$137957.72,$5.16,$0.00,$0.00,$0.00,$0.00,$645.00,$805.00,$540.16,5,
2484,NQ 06-26,Backtest,VariableTrend,Long,1,16597.00,16592.00,5/22/2023 4:40:00 AM,5/22/2023 5:50:00 AM,Buy,Close position,($105.16),$137852.56,$5.16,$0.00,$0.00,$0.00,$0.00,$230.00,$20.00,$125.16,2,
2485,NQ 06-26,Backtest,VariableTrend,Short,1,16592.00,16603.25,5/22/2023 5:50:00 AM,5/22/2023 7:00:00 AM,Sell short,Close position,($230.16),$137622.40,$5.16,$0.00,$0.00,$0.00,$0.00,$310.00,$20.00,$250.16,2,
2486,NQ 06-26,Backtest,VariableTrend,Long,1,16603.25,16593.75,5/22/2023 7:00:00 AM,5/22/2023 10:30:00 AM,Buy,Close position,($195.16),$137427.24,$5.16,$0.00,$0.00,$0.00,$0.00,$325.00,$190.00,$385.16,4,
2487,NQ 06-26,Backtest,VariableTrend,Short,1,16593.75,16605.25,5/22/2023 10:30:00 AM,5/22/2023 11:40:00 AM,Sell short,Close position,($235.16),$137192.08,$5.16,$0.00,$0.00,$0.00,$0.00,$310.00,$70.00,$305.16,2,
2488,NQ 06-26,Backtest,VariableTrend,Long,1,16605.25,16585.00,5/22/2023 11:40:00 AM,5/22/2023 12:50:00 PM,Buy,Close position,($410.16),$136781.92,$5.16,$0.00,$0.00,$0.00,$0.00,$530.00,$10.00,$420.16,2,
2489,NQ 06-26,Backtest,VariableTrend,Short,1,16585.00,16635.00,5/22/2023 12:50:00 PM,5/22/2023 4:20:00 PM,Sell short,Stop loss,($1005.16),$135776.76,$5.16,$0.00,$0.00,$0.00,$0.00,$1000.00,$540.00,$1545.16,4,
2490,NQ 06-26,Backtest,VariableTrend,Long,1,16649.75,16649.00,5/22/2023 5:30:00 PM,5/22/2023 11:00:00 PM,Buy,Exit on session close,($20.16),$135756.60,$5.16,$0.00,$0.00,$0.00,$0.00,$920.00,$530.00,$550.16,6,
2491,NQ 06-26,Backtest,VariableTrend,Short,1,16630.50,16466.25,5/23/2023 12:50:00 PM,5/23/2023 11:00:00 PM,Sell short,Exit on session close,$3279.84,$139036.44,$5.16,$0.00,$0.00,$0.00,$0.00,$100.00,$3740.00,$460.16,10,
2492,NQ 06-26,Backtest,VariableTrend,Short,1,17143.75,17136.25,5/30/2023 7:50:00 PM,5/30/2023 11:00:00 PM,Sell short,Exit on session close,$144.84,$139181.28,$5.16,$0.00,$0.00,$0.00,$0.00,$750.00,$1470.00,$1325.16,4,
2493,NQ 06-26,Backtest,VariableTrend,Long,1,17115.75,17230.25,6/1/2023 6:40:00 PM,6/1/2023 11:00:00 PM,Buy,Exit on session close,$2284.84,$141466.12,$5.16,$0.00,$0.00,$0.00,$0.00,$80.00,$2920.00,$635.16,5,
2494,NQ 06-26,Backtest,VariableTrend,Short,1,17254.75,17270.25,6/5/2023 3:30:00 AM,6/5/2023 5:50:00 AM,Sell short,Close position,($315.16),$141150.96,$5.16,$0.00,$0.00,$0.00,$0.00,$345.00,$30.00,$345.16,3,
2495,NQ 06-26,Backtest,VariableTrend,Long,1,17270.25,17263.25,6/5/2023 5:50:00 AM,6/5/2023 7:00:00 AM,Buy,Close position,($145.16),$141005.80,$5.16,$0.00,$0.00,$0.00,$0.00,$175.00,$200.00,$345.16,2,
2496,NQ 06-26,Backtest,VariableTrend,Short,1,17263.25,17267.75,6/5/2023 7:00:00 AM,6/5/2023 9:20:00 AM,Sell short,Close position,($95.16),$140910.64,$5.16,$0.00,$0.00,$0.00,$0.00,$160.00,$270.00,$365.16,3,
2497,NQ 06-26,Backtest,VariableTrend,Long,1,17267.75,17325.25,6/5/2023 9:20:00 AM,6/5/2023 11:00:00 PM,Buy,Close position,$1144.84,$142055.48,$5.16,$0.00,$0.00,$0.00,$0.00,$165.00,$3210.00,$2065.16,13,
2498,NQ 06-26,Backtest,VariableTrend,Short,1,17325.25,17315.75,6/5/2023 11:00:00 PM,6/5/2023 11:00:00 PM,Sell short,Exit on session close,$184.84,$142240.32,$5.16,$0.00,$0.00,$0.00,$0.00,$25.00,$190.00,$5.16,1,
2499,NQ 06-26,Backtest,VariableTrend,Long,1,17319.00,17328.00,6/6/2023 10:10:00 PM,6/6/2023 11:00:00 PM,Buy,Exit on session close,$174.84,$142415.16,$5.16,$0.00,$0.00,$0.00,$0.00,$505.00,$350.00,$175.16,2,
2500,NQ 06-26,Backtest,VariableTrend,Short,1,17309.50,17318.50,6/7/2023 5:50:00 AM,6/7/2023 7:00:00 AM,Sell short,Close position,($185.16),$142230.00,$5.16,$0.00,$0.00,$0.00,$0.00,$210.00,$20.00,$205.16,2,
2501,NQ 06-26,Backtest,VariableTrend,Long,1,17318.50,17314.00,6/7/2023 7:00:00 AM,6/7/2023 8:10:00 AM,Buy,Close position,($95.16),$142134.84,$5.16,$0.00,$0.00,$0.00,$0.00,$150.00,$60.00,$155.16,2,
2502,NQ 06-26,Backtest,VariableTrend,Short,1,17314.00,17313.00,6/7/2023 8:10:00 AM,6/7/2023 2:00:00 PM,Sell short,Close position,$14.84,$142149.68,$5.16,$0.00,$0.00,$0.00,$0.00,$110.00,$875.00,$860.16,6,
2503,NQ 06-26,Backtest,VariableTrend,Long,1,17313.00,17263.00,6/7/2023 2:00:00 PM,6/7/2023 5:30:00 PM,Buy,Stop loss,($1005.16),$141144.52,$5.16,$0.00,$0.00,$0.00,$0.00,$1000.00,$1910.00,$2915.16,4,
2504,NQ 06-26,Backtest,VariableTrend,Short,1,17220.25,17049.50,6/7/2023 6:40:00 PM,6/7/2023 11:00:00 PM,Sell short,Exit on session close,$3409.84,$144554.36,$5.16,$0.00,$0.00,$0.00,$0.00,$450.00,$3625.00,$215.16,5,
2505,NQ 06-26,Backtest,VariableTrend,Long,1,17089.00,17254.75,6/8/2023 4:20:00 PM,6/8/2023 11:00:00 PM,Buy,Exit on session close,$3309.84,$147864.20,$5.16,$0.00,$0.00,$0.00,$0.00,$550.00,$3425.00,$115.16,7,
2506,NQ 06-26,Backtest,VariableTrend,Short,1,17558.75,17608.75,6/13/2023 5:30:00 PM,6/13/2023 5:30:00 PM,Sell short,Stop loss,($1005.16),$146859.04,$5.16,$0.00,$0.00,$0.00,$0.00,$1000.00,$0.00,$1005.16,1,
2507,NQ 06-26,Backtest,VariableTrend,Long,1,17650.25,17600.25,6/13/2023 6:40:00 PM,6/13/2023 6:40:00 PM,Buy,Stop loss,($1005.16),$145853.88,$5.16,$0.00,$0.00,$0.00,$0.00,$1000.00,$0.00,$1005.16,1,
2508,NQ 06-26,Backtest,VariableTrend,Short,1,17670.50,17695.50,6/15/2023 12:50:00 PM,6/15/2023 4:20:00 PM,Sell short,Close position,($505.16),$145348.72,$5.16,$0.00,$0.00,$0.00,$0.00,$595.00,$950.00,$1455.16,4,
2509,NQ 06-26,Backtest,VariableTrend,Long,1,17695.50,17924.75,6/15/2023 4:20:00 PM,6/15/2023 11:00:00 PM,Buy,Exit on session close,$4579.84,$149928.56,$5.16,$0.00,$0.00,$0.00,$0.00,$480.00,$6050.00,$1470.16,7,
2510,NQ 06-26,Backtest,VariableTrend,Short,1,17870.75,17857.75,6/16/2023 10:10:00 PM,6/16/2023 11:00:00 PM,Sell short,Exit on session close,$254.84,$150183.40,$5.16,$0.00,$0.00,$0.00,$0.00,$215.00,$1105.00,$850.16,2,
2511,NQ 06-26,Backtest,VariableTrend,Long,1,17803.50,17753.50,6/20/2023 4:20:00 PM,6/20/2023 4:20:00 PM,Buy,Stop loss,($1005.16),$149178.24,$5.16,$0.00,$0.00,$0.00,$0.00,$1000.00,$0.00,$1005.16,1,
2512,NQ 06-26,Backtest,VariableTrend,Short,1,17738.75,17788.75,6/20/2023 5:30:00 PM,6/20/2023 6:40:00 PM,Sell short,Stop loss,($1005.16),$148173.08,$5.16,$0.00,$0.00,$0.00,$0.00,$1000.00,$1105.00,$2110.16,2,
2513,NQ 06-26,Backtest,VariableTrend,Long,1,17804.75,17793.25,6/20/2023 7:50:00 PM,6/20/2023 11:00:00 PM,Buy,Close position,($235.16),$147937.92,$5.16,$0.00,$0.00,$0.00,$0.00,$370.00,$795.00,$1030.16,4,
2514,NQ 06-26,Backtest,VariableTrend,Short,1,17793.25,17801.25,6/20/2023 11:00:00 PM,6/20/2023 11:00:00 PM,Sell short,Exit on session close,($165.16),$147772.76,$5.16,$0.00,$0.00,$0.00,$0.00,$345.00,$20.00,$185.16,1,
2515,NQ 06-26,Backtest,VariableTrend,Short,1,17788.25,17801.75,6/21/2023 9:20:00 AM,6/21/2023 11:40:00 AM,Sell short,Close position,($275.16),$147497.60,$5.16,$0.00,$0.00,$0.00,$0.00,$315.00,$325.00,$600.16,3,
2516,NQ 06-26,Backtest,VariableTrend,Long,1,17801.75,17799.75,6/21/2023 11:40:00 AM,6/21/2023 2:00:00 PM,Buy,Close position,($45.16),$147452.44,$5.16,$0.00,$0.00,$0.00,$0.00,$245.00,$300.00,$345.16,3,
2517,NQ 06-26,Backtest,VariableTrend,Short,1,17799.75,17595.00,6/21/2023 2:00:00 PM,6/21/2023 11:00:00 PM,Sell short,Exit on session close,$4089.84,$151542.28,$5.16,$0.00,$0.00,$0.00,$0.00,$80.00,$4810.00,$720.16,9,
2518,NQ 06-26,Backtest,VariableTrend,Long,1,17690.75,17640.75,6/22/2023 5:30:00 PM,6/22/2023 5:30:00 PM,Buy,Stop loss,($1005.16),$150537.12,$5.16,$0.00,$0.00,$0.00,$0.00,$1000.00,$0.00,$1005.16,1,
2519,NQ 06-26,Backtest,VariableTrend,Short,1,17711.00,17723.75,6/23/2023 5:50:00 AM,6/23/2023 7:00:00 AM,Sell short,Close position,($260.16),$150276.96,$5.16,$0.00,$0.00,$0.00,$0.00,$360.00,$80.00,$340.16,2,
2520,NQ 06-26,Backtest,VariableTrend,Long,1,17723.75,17693.75,6/23/2023 7:00:00 AM,6/23/2023 8:10:00 AM,Buy,Close position,($605.16),$149671.80,$5.16,$0.00,$0.00,$0.00,$0.00,$775.00,$5.00,$610.16,2,
2521,NQ 06-26,Backtest,VariableTrend,Short,1,17693.75,17724.50,6/23/2023 8:10:00 AM,6/23/2023 10:30:00 AM,Sell short,Close position,($620.16),$149051.64,$5.16,$0.00,$0.00,$0.00,$0.00,$785.00,$255.00,$875.16,3,
2522,NQ 06-26,Backtest,VariableTrend,Long,1,17724.50,17674.50,6/23/2023 10:30:00 AM,6/23/2023 10:30:00 AM,Buy,Stop loss,($1005.16),$148046.48,$5.16,$0.00,$0.00,$0.00,$0.00,$1000.00,$0.00,$1005.16,1,
2523,NQ 06-26,Backtest,VariableTrend,Short,1,17673.00,17681.75,6/23/2023 11:40:00 AM,6/23/2023 9:00:00 PM,Sell short,Close position,($180.16),$147866.32,$5.16,$0.00,$0.00,$0.00,$0.00,$785.00,$2615.00,$2795.16,9,
2524,NQ 06-26,Backtest,VariableTrend,Long,1,17681.75,17631.75,6/23/2023 9:00:00 PM,6/23/2023 9:00:00 PM,Buy,Stop loss,($1005.16),$146861.16,$5.16,$0.00,$0.00,$0.00,$0.00,$1000.00,$0.00,$1005.16,1,
2525,NQ 06-26,Backtest,VariableTrend,Short,1,17612.25,17610.25,6/23/2023 10:10:00 PM,6/23/2023 11:00:00 PM,Sell short,Exit on session close,$34.84,$146896.00,$5.16,$0.00,$0.00,$0.00,$0.00,$645.00,$500.00,$465.16,2,
2526,NQ 06-26,Backtest,VariableTrend,Long,1,17685.00,17635.00,6/26/2023 5:30:00 PM,6/26/2023 5:30:00 PM,Buy,Stop loss,($1005.16),$145890.84,$5.16,$0.00,$0.00,$0.00,$0.00,$1000.00,$0.00,$1005.16,1,
2527,NQ 06-26,Backtest,VariableTrend,Short,1,17555.50,17429.75,6/26/2023 6:40:00 PM,6/26/2023 11:00:00 PM,Sell short,Exit on session close,$2509.84,$148400.68,$5.16,$0.00,$0.00,$0.00,$0.00,$605.00,$2900.00,$390.16,5,
2528,NQ 06-26,Backtest,VariableTrend,Long,1,17539.50,17645.50,6/27/2023 6:40:00 PM,6/27/2023 11:00:00 PM,Buy,Exit on session close,$2114.84,$150515.52,$5.16,$0.00,$0.00,$0.00,$0.00,$170.00,$3135.00,$1020.16,5,
2529,NQ 06-26,Backtest,VariableTrend,Short,1,17591.50,17611.75,6/28/2023 12:50:00 PM,6/28/2023 2:00:00 PM,Sell short,Close position,($410.16),$150105.36,$5.16,$0.00,$0.00,$0.00,$0.00,$485.00,$130.00,$540.16,2,
2530,NQ 06-26,Backtest,VariableTrend,Long,1,17611.75,17595.00,6/28/2023 2:00:00 PM,6/28/2023 4:20:00 PM,Buy,Close position,($340.16),$149765.20,$5.16,$0.00,$0.00,$0.00,$0.00,$465.00,$680.00,$1020.16,3,
2531,NQ 06-26,Backtest,VariableTrend,Short,1,17595.00,17645.00,6/28/2023 4:20:00 PM,6/28/2023 4:20:00 PM,Sell short,Stop loss,($1005.16),$148760.04,$5.16,$0.00,$0.00,$0.00,$0.00,$1000.00,$0.00,$1005.16,1,
2532,NQ 06-26,Backtest,VariableTrend,Long,1,17671.25,17621.25,6/28/2023 5:30:00 PM,6/28/2023 7:50:00 PM,Buy,Stop loss,($1005.16),$147754.88,$5.16,$0.00,$0.00,$0.00,$0.00,$1000.00,$2095.00,$3100.16,3,
2533,NQ 06-26,Backtest,VariableTrend,Short,1,17626.50,17676.50,6/29/2023 5:30:00 PM,6/29/2023 5:30:00 PM,Sell short,Stop loss,($1005.16),$146749.72,$5.16,$0.00,$0.00,$0.00,$0.00,$1000.00,$0.00,$1005.16,1,
2534,NQ 06-26,Backtest,VariableTrend,Long,1,17688.50,17664.25,6/29/2023 6:40:00 PM,6/29/2023 7:50:00 PM,Buy,Close position,($490.16),$146259.56,$5.16,$0.00,$0.00,$0.00,$0.00,$880.00,$165.00,$655.16,2,
2535,NQ 06-26,Backtest,VariableTrend,Short,1,17664.25,17670.25,6/29/2023 7:50:00 PM,6/29/2023 11:00:00 PM,Sell short,Close position,($125.16),$146134.40,$5.16,$0.00,$0.00,$0.00,$0.00,$455.00,$1405.00,$1530.16,4,
2536,NQ 06-26,Backtest,VariableTrend,Long,1,17670.25,17665.25,6/29/2023 11:00:00 PM,6/29/2023 11:00:00 PM,Buy,Exit on session close,($105.16),$146029.24,$5.16,$0.00,$0.00,$0.00,$0.00,$155.00,$80.00,$185.16,1,
2537,NQ 06-26,Backtest,VariableTrend,Long,1,17669.50,17660.50,6/30/2023 2:20:00 AM,6/30/2023 3:30:00 AM,Buy,Close position,($185.16),$145844.08,$5.16,$0.00,$0.00,$0.00,$0.00,$255.00,$255.00,$440.16,2,
2538,NQ 06-26,Backtest,VariableTrend,Short,1,17660.50,17686.75,6/30/2023 3:30:00 AM,6/30/2023 4:40:00 AM,Sell short,Close position,($530.16),$145313.92,$5.16,$0.00,$0.00,$0.00,$0.00,$605.00,$85.00,$615.16,2,
2539,NQ 06-26,Backtest,VariableTrend,Long,1,17686.75,17873.50,6/30/2023 4:40:00 AM,6/30/2023 11:00:00 PM,Buy,Exit on session close,$3729.84,$149043.76,$5.16,$0.00,$0.00,$0.00,$0.00,$215.00,$4940.00,$1210.16,17,
2540,NQ 06-26,Backtest,VariableTrend,Short,1,17879.00,17899.50,7/3/2023 6:40:00 PM,7/3/2023 7:15:00 PM,Sell short,Close position,($415.16),$148628.60,$5.16,$0.00,$0.00,$0.00,$0.00,$490.00,$280.00,$695.16,2,
2541,NQ 06-26,Backtest,VariableTrend,Long,1,17899.50,17914.00,7/3/2023 7:15:00 PM,7/3/2023 7:15:00 PM,Buy,Exit on session close,$284.84,$148913.44,$5.16,$0.00,$0.00,$0.00,$0.00,$15.00,$490.00,$205.16,1,
2542,NQ 06-26,Backtest,VariableTrend,Short,1,17883.50,17933.50,7/5/2023 9:20:00 AM,7/5/2023 4:20:00 PM,Sell short,Stop loss,($1005.16),$147908.28,$5.16,$0.00,$0.00,$0.00,$0.00,$1000.00,$1425.00,$2430.16,7,
2543,NQ 06-26,Backtest,VariableTrend,Long,1,17963.50,17913.50,7/5/2023 5:30:00 PM,7/5/2023 6:40:00 PM,Buy,Stop loss,($1005.16),$146903.12,$5.16,$0.00,$0.00,$0.00,$0.00,$1000.00,$510.00,$1515.16,2,
2544,NQ 06-26,Backtest,VariableTrend,Short,1,17866.00,17779.25,7/6/2023 7:00:00 AM,7/6/2023 11:00:00 PM,Sell short,Exit on session close,$1729.84,$148632.96,$5.16,$0.00,$0.00,$0.00,$0.00,$0.00,$3950.00,$2220.16,15,
2545,NQ 06-26,Backtest,VariableTrend,Long,1,17796.25,17746.25,7/7/2023 5:30:00 PM,7/7/2023 5:30:00 PM,Buy,Stop loss,($1005.16),$147627.80,$5.16,$0.00,$0.00,$0.00,$0.00,$1000.00,$0.00,$1005.16,1,
2546,NQ 06-26,Backtest,VariableTrend,Short,1,17760.25,17749.50,7/7/2023 11:00:00 PM,7/7/2023 11:00:00 PM,Sell short,Exit on session close,$209.84,$147837.64,$5.16,$0.00,$0.00,$0.00,$0.00,$10.00,$300.00,$90.16,1,
2547,NQ 06-26,Backtest,VariableTrend,Long,1,17733.00,17726.25,7/10/2023 3:10:00 PM,7/10/2023 4:20:00 PM,Buy,Close position,($140.16),$147697.48,$5.16,$0.00,$0.00,$0.00,$0.00,$450.00,$425.00,$565.16,2,
2548,NQ 06-26,Backtest,VariableTrend,Short,1,17726.25,17732.00,7/10/2023 4:20:00 PM,7/10/2023 5:30:00 PM,Sell short,Close position,($120.16),$147577.32,$5.16,$0.00,$0.00,$0.00,$0.00,$910.00,$1675.00,$1795.16,2,
2549,NQ 06-26,Backtest,VariableTrend,Long,1,17732.00,17682.00,7/10/2023 5:30:00 PM,7/10/2023 5:30:00 PM,Buy,Stop loss,($1005.16),$146572.16,$5.16,$0.00,$0.00,$0.00,$0.00,$1000.00,$0.00,$1005.16,1,
2550,NQ 06-26,Backtest,VariableTrend,Short,1,17712.50,17745.50,7/10/2023 6:40:00 PM,7/10/2023 10:10:00 PM,Sell short,Close position,($665.16),$145907.00,$5.16,$0.00,$0.00,$0.00,$0.00,$740.00,$1845.00,$2510.16,4,
2551,NQ 06-26,Backtest,VariableTrend,Long,1,17745.50,17750.00,7/10/2023 10:10:00 PM,7/10/2023 11:00:00 PM,Buy,Exit on session close,$84.84,$145991.84,$5.16,$0.00,$0.00,$0.00,$0.00,$790.00,$595.00,$510.16,2,
2552,NQ 06-26,Backtest,VariableTrend,Short,1,17708.00,17758.00,7/11/2023 5:30:00 PM,7/11/2023 5:30:00 PM,Sell short,Stop loss,($1005.16),$144986.68,$5.16,$0.00,$0.00,$0.00,$0.00,$1000.00,$0.00,$1005.16,1,
2553,NQ 06-26,Backtest,VariableTrend,Long,1,17763.75,17819.50,7/11/2023 7:50:00 PM,7/11/2023 11:00:00 PM,Buy,Exit on session close,$1109.84,$146096.52,$5.16,$0.00,$0.00,$0.00,$0.00,$995.00,$1440.00,$330.16,4,
2554,NQ 06-26,Backtest,VariableTrend,Short,1,18245.00,18268.00,7/14/2023 2:00:00 PM,7/14/2023 3:10:00 PM,Sell short,Close position,($465.16),$145631.36,$5.16,$0.00,$0.00,$0.00,$0.00,$585.00,$0.00,$465.16,2,
2555,NQ 06-26,Backtest,VariableTrend,Long,1,18268.00,18254.50,7/14/2023 3:10:00 PM,7/14/2023 10:10:00 PM,Buy,Close position,($275.16),$145356.20,$5.16,$0.00,$0.00,$0.00,$0.00,$315.00,$2925.00,$3200.16,7,
2556,NQ 06-26,Backtest,VariableTrend,Short,1,18254.50,18250.75,7/14/2023 10:10:00 PM,7/14/2023 11:00:00 PM,Sell short,Exit on session close,$69.84,$145426.04,$5.16,$0.00,$0.00,$0.00,$0.00,$275.00,$690.00,$620.16,2,
2557,NQ 06-26,Backtest,VariableTrend,Long,1,18268.50,18252.75,7/17/2023 10:30:00 AM,7/17/2023 2:00:00 PM,Buy,Close position,($320.16),$145105.88,$5.16,$0.00,$0.00,$0.00,$0.00,$655.00,$340.00,$660.16,4,
2558,NQ 06-26,Backtest,VariableTrend,Short,1,18252.75,18281.00,7/17/2023 2:00:00 PM,7/17/2023 4:20:00 PM,Sell short,Close position,($570.16),$144535.72,$5.16,$0.00,$0.00,$0.00,$0.00,$575.00,$330.00,$900.16,3,
2559,NQ 06-26,Backtest,VariableTrend,Long,1,18281.00,18383.25,7/17/2023 4:20:00 PM,7/17/2023 11:00:00 PM,Buy,Exit on session close,$2039.84,$146575.56,$5.16,$0.00,$0.00,$0.00,$0.00,$305.00,$3175.00,$1135.16,7,
2560,NQ 06-26,Backtest,VariableTrend,Short,1,18335.50,18385.50,7/18/2023 5:30:00 PM,7/18/2023 6:40:00 PM,Sell short,Stop loss,($1005.16),$145570.40,$5.16,$0.00,$0.00,$0.00,$0.00,$1000.00,$515.00,$1520.16,2,
2561,NQ 06-26,Backtest,VariableTrend,Long,1,18476.75,18505.25,7/18/2023 7:50:00 PM,7/18/2023 11:00:00 PM,Buy,Exit on session close,$564.84,$146135.24,$5.16,$0.00,$0.00,$0.00,$0.00,$500.00,$2200.00,$1635.16,4,
2562,NQ 06-26,Backtest,VariableTrend,Short,1,18516.75,18496.50,7/19/2023 7:50:00 PM,7/19/2023 11:00:00 PM,Sell short,Exit on session close,$399.84,$146535.08,$5.16,$0.00,$0.00,$0.00,$0.00,$805.00,$970.00,$570.16,4,
2563,NQ 06-26,Backtest,VariableTrend,Long,1,18216.00,18191.50,7/21/2023 11:40:00 AM,7/21/2023 12:50:00 PM,Buy,Close position,($495.16),$146039.92,$5.16,$0.00,$0.00,$0.00,$0.00,$560.00,$120.00,$615.16,2,
2564,NQ 06-26,Backtest,VariableTrend,Short,1,18191.50,18228.75,7/21/2023 12:50:00 PM,7/21/2023 2:00:00 PM,Sell short,Close position,($750.16),$145289.76,$5.16,$0.00,$0.00,$0.00,$0.00,$745.00,$110.00,$860.16,2,
2565,NQ 06-26,Backtest,VariableTrend,Long,1,18228.75,18178.75,7/21/2023 2:00:00 PM,7/21/2023 4:20:00 PM,Buy,Stop loss,($1005.16),$144284.60,$5.16,$0.00,$0.00,$0.00,$0.00,$1000.00,$915.00,$1920.16,3,
2566,NQ 06-26,Backtest,VariableTrend,Short,1,18193.75,18112.00,7/21/2023 5:30:00 PM,7/21/2023 11:00:00 PM,Sell short,Exit on session close,$1629.84,$145914.44,$5.16,$0.00,$0.00,$0.00,$0.00,$355.00,$2290.00,$660.16,6,
2567,NQ 06-26,Backtest,VariableTrend,Long,1,18142.50,18284.00,7/25/2023 10:30:00 AM,7/25/2023 11:00:00 PM,Buy,Exit on session close,$2824.84,$148739.28,$5.16,$0.00,$0.00,$0.00,$0.00,$155.00,$3015.00,$190.16,12,
2568,NQ 06-26,Backtest,VariableTrend,Short,1,18194.75,18208.75,7/26/2023 2:20:00 AM,7/26/2023 7:00:00 AM,Sell short,Close position,($285.16),$148454.12,$5.16,$0.00,$0.00,$0.00,$0.00,$465.00,$200.00,$485.16,5,
2569,NQ 06-26,Backtest,VariableTrend,Long,1,18208.75,18205.50,7/26/2023 7:00:00 AM,7/26/2023 8:10:00 AM,Buy,Close position,($70.16),$148383.96,$5.16,$0.00,$0.00,$0.00,$0.00,$95.00,$160.00,$230.16,2,
2570,NQ 06-26,Backtest,VariableTrend,Short,1,18205.50,18219.75,7/26/2023 8:10:00 AM,7/26/2023 10:30:00 AM,Sell short,Close position,($290.16),$148093.80,$5.16,$0.00,$0.00,$0.00,$0.00,$450.00,$170.00,$460.16,3,
2571,NQ 06-26,Backtest,VariableTrend,Long,1,18219.75,18195.50,7/26/2023 10:30:00 AM,7/26/2023 12:50:00 PM,Buy,Close position,($490.16),$147603.64,$5.16,$0.00,$0.00,$0.00,$0.00,$495.00,$305.00,$795.16,3,
2572,NQ 06-26,Backtest,VariableTrend,Short,1,18195.50,18189.50,7/26/2023 12:50:00 PM,7/26/2023 10:10:00 PM,Sell short,Close position,$114.84,$147718.48,$5.16,$0.00,$0.00,$0.00,$0.00,$920.00,$2470.00,$2355.16,9,
2573,NQ 06-26,Backtest,VariableTrend,Long,1,18189.50,18139.50,7/26/2023 10:10:00 PM,7/26/2023 10:10:00 PM,Buy,Stop loss,($1005.16),$146713.32,$5.16,$0.00,$0.00,$0.00,$0.00,$1000.00,$0.00,$1005.16,1,
2574,NQ 06-26,Backtest,VariableTrend,Short,1,18280.50,18141.25,7/27/2023 9:00:00 PM,7/27/2023 11:00:00 PM,Sell short,Exit on session close,$2779.84,$149493.16,$5.16,$0.00,$0.00,$0.00,$0.00,$260.00,$4245.00,$1465.16,3,
2575,NQ 06-26,Backtest,VariableTrend,Long,1,18247.00,18208.75,7/28/2023 10:30:00 AM,7/28/2023 11:40:00 AM,Buy,Close position,($770.16),$148723.00,$5.16,$0.00,$0.00,$0.00,$0.00,$785.00,$220.00,$990.16,2,
2576,NQ 06-26,Backtest,VariableTrend,Short,1,18208.75,18239.00,7/28/2023 11:40:00 AM,7/28/2023 12:50:00 PM,Sell short,Close position,($610.16),$148112.84,$5.16,$0.00,$0.00,$0.00,$0.00,$615.00,$5.00,$615.16,2,
2577,NQ 06-26,Backtest,VariableTrend,Long,1,18239.00,18403.00,7/28/2023 12:50:00 PM,7/28/2023 11:00:00 PM,Buy,Exit on session close,$3274.84,$151387.68,$5.16,$0.00,$0.00,$0.00,$0.00,$85.00,$4280.00,$1005.16,10,
2578,NQ 06-26,Backtest,VariableTrend,Short,1,18384.00,18379.50,8/1/2023 10:30:00 AM,8/1/2023 6:40:00 PM,Sell short,Close position,$84.84,$151472.52,$5.16,$0.00,$0.00,$0.00,$0.00,$320.00,$1975.00,$1890.16,8,
2579,NQ 06-26,Backtest,VariableTrend,Long,1,18379.50,18360.25,8/1/2023 6:40:00 PM,8/1/2023 7:50:00 PM,Buy,Close position,($390.16),$151082.36,$5.16,$0.00,$0.00,$0.00,$0.00,$890.00,$130.00,$520.16,2,
2580,NQ 06-26,Backtest,VariableTrend,Short,1,18360.25,18372.00,8/1/2023 7:50:00 PM,8/1/2023 9:00:00 PM,Sell short,Close position,($240.16),$150842.20,$5.16,$0.00,$0.00,$0.00,$0.00,$815.00,$160.00,$400.16,2,
2581,NQ 06-26,Backtest,VariableTrend,Long,1,18372.00,18363.75,8/1/2023 9:00:00 PM,8/1/2023 11:00:00 PM,Buy,Close position,($170.16),$150672.04,$5.16,$0.00,$0.00,$0.00,$0.00,$200.00,$685.00,$855.16,3,
2582,NQ 06-26,Backtest,VariableTrend,Short,1,18363.75,18365.50,8/1/2023 11:00:00 PM,8/1/2023 11:00:00 PM,Sell short,Exit on session close,($40.16),$150631.88,$5.16,$0.00,$0.00,$0.00,$0.00,$395.00,$130.00,$170.16,1,
2583,NQ 06-26,Backtest,VariableTrend,Long,1,18064.25,18014.25,8/3/2023 11:00:00 PM,8/3/2023 11:00:00 PM,Buy,Stop loss,($1005.16),$149626.72,$5.16,$0.00,$0.00,$0.00,$0.00,$1000.00,$0.00,$1005.16,1,
2584,NQ 06-26,Backtest,VariableTrend,Long,1,18067.00,18051.50,8/4/2023 4:40:00 AM,8/4/2023 2:00:00 PM,Buy,Close position,($315.16),$149311.56,$5.16,$0.00,$0.00,$0.00,$0.00,$475.00,$1050.00,$1365.16,9,
2585,NQ 06-26,Backtest,VariableTrend,Short,1,18051.50,18076.50,8/4/2023 2:00:00 PM,8/4/2023 4:20:00 PM,Sell short,Close position,($505.16),$148806.40,$5.16,$0.00,$0.00,$0.00,$0.00,$845.00,$1855.00,$2360.16,3,
2586,NQ 06-26,Backtest,VariableTrend,Long,1,18076.50,18026.50,8/4/2023 4:20:00 PM,8/4/2023 4:20:00 PM,Buy,Stop loss,($1005.16),$147801.24,$5.16,$0.00,$0.00,$0.00,$0.00,$1000.00,$0.00,$1005.16,1,
2587,NQ 06-26,Backtest,VariableTrend,Short,1,18021.25,18071.25,8/4/2023 5:30:00 PM,8/4/2023 5:30:00 PM,Sell short,Stop loss,($1005.16),$146796.08,$5.16,$0.00,$0.00,$0.00,$0.00,$1000.00,$0.00,$1005.16,1,
2588,NQ 06-26,Backtest,VariableTrend,Long,1,18100.00,18050.00,8/4/2023 6:40:00 PM,8/4/2023 9:00:00 PM,Buy,Stop loss,($1005.16),$145790.92,$5.16,$0.00,$0.00,$0.00,$0.00,$1000.00,$1345.00,$2350.16,3,
2589,NQ 06-26,Backtest,VariableTrend,Short,1,17931.25,17919.75,8/4/2023 10:10:00 PM,8/4/2023 11:00:00 PM,Sell short,Exit on session close,$224.84,$146015.76,$5.16,$0.00,$0.00,$0.00,$0.00,$695.00,$755.00,$530.16,2,
2590,NQ 06-26,Backtest,VariableTrend,Long,1,18006.50,18047.50,8/7/2023 10:10:00 PM,8/7/2023 11:00:00 PM,Buy,Exit on session close,$814.84,$146830.60,$5.16,$0.00,$0.00,$0.00,$0.00,$280.00,$920.00,$105.16,2,
2591,NQ 06-26,Backtest,VariableTrend,Short,1,18000.50,17912.50,8/8/2023 4:40:00 AM,8/8/2023 11:00:00 PM,Sell short,Close position,$1754.84,$148585.44,$5.16,$0.00,$0.00,$0.00,$0.00,$120.00,$4510.00,$2755.16,17,
2592,NQ 06-26,Backtest,VariableTrend,Long,1,17912.50,17908.00,8/8/2023 11:00:00 PM,8/8/2023 11:00:00 PM,Buy,Exit on session close,($95.16),$148490.28,$5.16,$0.00,$0.00,$0.00,$0.00,$205.00,$40.00,$135.16,1,
2593,NQ 06-26,Backtest,VariableTrend,Short,1,17931.75,17760.75,8/9/2023 4:20:00 PM,8/9/2023 11:00:00 PM,Sell short,Exit on session close,$3414.84,$151905.12,$5.16,$0.00,$0.00,$0.00,$0.00,$30.00,$4565.00,$1150.16,7,
2594,NQ 06-26,Backtest,VariableTrend,Long,1,17843.50,17825.50,8/10/2023 10:30:00 AM,8/10/2023 11:40:00 AM,Buy,Close position,($365.16),$151539.96,$5.16,$0.00,$0.00,$0.00,$0.00,$490.00,$150.00,$515.16,2,
2595,NQ 06-26,Backtest,VariableTrend,Short,1,17825.50,17875.50,8/10/2023 11:40:00 AM,8/10/2023 3:10:00 PM,Sell short,Stop loss,($1005.16),$150534.80,$5.16,$0.00,$0.00,$0.00,$0.00,$1000.00,$255.00,$1260.16,4,
2596,NQ 06-26,Backtest,VariableTrend,Long,1,17880.75,17830.75,8/10/2023 4:20:00 PM,8/10/2023 4:20:00 PM,Buy,Stop loss,($1005.16),$149529.64,$5.16,$0.00,$0.00,$0.00,$0.00,$1000.00,$0.00,$1005.16,1,
2597,NQ 06-26,Backtest,VariableTrend,Short,1,17854.00,17774.75,8/10/2023 6:40:00 PM,8/10/2023 11:00:00 PM,Sell short,Exit on session close,$1579.84,$151109.48,$5.16,$0.00,$0.00,$0.00,$0.00,$585.00,$3220.00,$1640.16,5,
2598,NQ 06-26,Backtest,VariableTrend,Long,1,17720.00,17687.25,8/14/2023 2:00:00 PM,8/14/2023 3:10:00 PM,Buy,Close position,($660.16),$150449.32,$5.16,$0.00,$0.00,$0.00,$0.00,$885.00,$90.00,$750.16,2,
2599,NQ 06-26,Backtest,VariableTrend,Short,1,17687.25,17737.25,8/14/2023 3:10:00 PM,8/14/2023 5:30:00 PM,Sell short,Stop loss,($1005.16),$149444.16,$5.16,$0.00,$0.00,$0.00,$0.00,$1000.00,$1905.00,$2910.16,3,
2600,NQ 06-26,Backtest,VariableTrend,Long,1,17778.25,17837.00,8/14/2023 6:40:00 PM,8/14/2023 11:00:00 PM,Buy,Exit on session close,$1169.84,$150614.00,$5.16,$0.00,$0.00,$0.00,$0.00,$980.00,$1215.00,$45.16,5,
2601,NQ 06-26,Backtest,VariableTrend,Short,1,17763.50,17813.50,8/15/2023 11:40:00 AM,8/15/2023 4:20:00 PM,Sell short,Stop loss,($1005.16),$149608.84,$5.16,$0.00,$0.00,$0.00,$0.00,$1000.00,$1090.00,$2095.16,5,
2602,NQ 06-26,Backtest,VariableTrend,Long,1,17554.50,17504.50,8/17/2023 4:20:00 PM,8/17/2023 4:20:00 PM,Buy,Stop loss,($1005.16),$148603.68,$5.16,$0.00,$0.00,$0.00,$0.00,$1000.00,$0.00,$1005.16,1,
2603,NQ 06-26,Backtest,VariableTrend,Short,1,17456.75,17506.75,8/17/2023 5:30:00 PM,8/17/2023 7:50:00 PM,Sell short,Stop loss,($1005.16),$147598.52,$5.16,$0.00,$0.00,$0.00,$0.00,$1000.00,$860.00,$1865.16,3,
2604,NQ 06-26,Backtest,VariableTrend,Long,1,17306.25,17301.00,8/18/2023 10:10:00 PM,8/18/2023 11:00:00 PM,Buy,Exit on session close,($110.16),$147488.36,$5.16,$0.00,$0.00,$0.00,$0.00,$540.00,$1070.00,$1180.16,2,
2605,NQ 06-26,Backtest,VariableTrend,Short,1,17310.00,17325.00,8/21/2023 8:10:00 AM,8/21/2023 10:30:00 AM,Sell short,Close position,($305.16),$147183.20,$5.16,$0.00,$0.00,$0.00,$0.00,$435.00,$650.00,$955.16,3,
2606,NQ 06-26,Backtest,VariableTrend,Long,1,17325.00,17529.00,8/21/2023 10:30:00 AM,8/21/2023 11:00:00 PM,Buy,Exit on session close,$4074.84,$151258.04,$5.16,$0.00,$0.00,$0.00,$0.00,$210.00,$4915.00,$840.16,12,
2607,NQ 06-26,Backtest,VariableTrend,Short,1,17539.00,17520.25,8/22/2023 7:50:00 PM,8/22/2023 11:00:00 PM,Sell short,Exit on session close,$369.84,$151627.88,$5.16,$0.00,$0.00,$0.00,$0.00,$580.00,$1000.00,$630.16,4,
2608,NQ 06-26,Backtest,VariableTrend,Long,1,17566.50,17578.50,8/23/2023 4:40:00 AM,8/23/2023 2:00:00 PM,Buy,Close position,$234.84,$151862.72,$5.16,$0.00,$0.00,$0.00,$0.00,$150.00,$1470.00,$1235.16,9,
2609,NQ 06-26,Backtest,VariableTrend,Short,1,17578.50,17628.50,8/23/2023 2:00:00 PM,8/23/2023 4:20:00 PM,Sell short,Stop loss,($1005.16),$150857.56,$5.16,$0.00,$0.00,$0.00,$0.00,$1000.00,$1285.00,$2290.16,3,
2610,NQ 06-26,Backtest,VariableTrend,Long,1,17678.75,17912.75,8/23/2023 5:30:00 PM,8/23/2023 11:00:00 PM,Buy,Exit on session close,$4674.84,$155532.40,$5.16,$0.00,$0.00,$0.00,$0.00,$310.00,$4700.00,$25.16,6,
2611,NQ 06-26,Backtest,VariableTrend,Short,1,17679.25,17389.50,8/24/2023 5:30:00 PM,8/24/2023 11:00:00 PM,Sell short,Exit on session close,$5789.84,$161322.24,$5.16,$0.00,$0.00,$0.00,$0.00,$305.00,$6105.00,$315.16,6,
2612,NQ 06-26,Backtest,VariableTrend,Long,1,17516.00,17466.00,8/25/2023 5:30:00 PM,8/25/2023 5:30:00 PM,Buy,Stop loss,($1005.16),$160317.08,$5.16,$0.00,$0.00,$0.00,$0.00,$1000.00,$0.00,$1005.16,1,
2613,NQ 06-26,Backtest,VariableTrend,Short,1,17417.75,17467.75,8/25/2023 6:40:00 PM,8/25/2023 9:00:00 PM,Sell short,Stop loss,($1005.16),$159311.92,$5.16,$0.00,$0.00,$0.00,$0.00,$1000.00,$1345.00,$2350.16,3,
2614,NQ 06-26,Backtest,VariableTrend,Long,1,17552.25,17529.25,8/25/2023 10:10:00 PM,8/25/2023 11:00:00 PM,Buy,Exit on session close,($465.16),$158846.76,$5.16,$0.00,$0.00,$0.00,$0.00,$580.00,$635.00,$1100.16,2,
2615,NQ 06-26,Backtest,VariableTrend,Short,1,17956.00,18006.00,8/30/2023 10:30:00 AM,8/30/2023 3:10:00 PM,Sell short,Stop loss,($1005.16),$157841.60,$5.16,$0.00,$0.00,$0.00,$0.00,$1000.00,$750.00,$1755.16,5,
2616,NQ 06-26,Backtest,VariableTrend,Long,1,17976.50,18070.00,8/30/2023 4:20:00 PM,8/30/2023 11:00:00 PM,Buy,Exit on session close,$1864.84,$159706.44,$5.16,$0.00,$0.00,$0.00,$0.00,$890.00,$2065.00,$200.16,7,
2617,NQ 06-26,Backtest,VariableTrend,Short,1,18031.75,18081.75,8/31/2023 12:50:00 PM,8/31/2023 2:00:00 PM,Sell short,Stop loss,($1005.16),$158701.28,$5.16,$0.00,$0.00,$0.00,$0.00,$1000.00,$295.00,$1300.16,2,
2618,NQ 06-26,Backtest,VariableTrend,Long,1,18078.00,18093.50,8/31/2023 3:10:00 PM,8/31/2023 11:00:00 PM,Buy,Exit on session close,$304.84,$159006.12,$5.16,$0.00,$0.00,$0.00,$0.00,$795.00,$1715.00,$1410.16,8,
2619,NQ 06-26,Backtest,VariableTrend,Short,1,18064.75,18068.25,9/1/2023 6:40:00 PM,9/1/2023 11:00:00 PM,Sell short,Exit on session close,($75.16),$158930.96,$5.16,$0.00,$0.00,$0.00,$0.00,$390.00,$1075.00,$1150.16,5,
2620,NQ 06-26,Backtest,VariableTrend,Long,1,18087.50,18076.75,9/4/2023 4:40:00 AM,9/4/2023 6:40:00 PM,Buy,Close position,($220.16),$158710.80,$5.16,$0.00,$0.00,$0.00,$0.00,$365.00,$965.00,$1185.16,13,
2621,NQ 06-26,Backtest,VariableTrend,Short,1,18076.75,18080.75,9/4/2023 6:40:00 PM,9/4/2023 7:00:00 PM,Sell short,Exit on session close,($85.16),$158625.64,$5.16,$0.00,$0.00,$0.00,$0.00,$285.00,$30.00,$115.16,2,
2622,NQ 06-26,Backtest,VariableTrend,Long,1,18089.25,18074.50,9/5/2023 6:40:00 PM,9/5/2023 11:00:00 PM,Buy,Exit on session close,($300.16),$158325.48,$5.16,$0.00,$0.00,$0.00,$0.00,$585.00,$1090.00,$1390.16,5,
2623,NQ 06-26,Backtest,VariableTrend,Short,1,18068.25,17943.75,9/6/2023 4:40:00 AM,9/6/2023 11:00:00 PM,Sell short,Exit on session close,$2484.84,$160810.32,$5.16,$0.00,$0.00,$0.00,$0.00,$140.00,$4015.00,$1530.16,17,
2624,NQ 06-26,Backtest,VariableTrend,Long,1,17891.75,17841.75,9/8/2023 9:20:00 AM,9/8/2023 10:30:00 AM,Buy,Stop loss,($1005.16),$159805.16,$5.16,$0.00,$0.00,$0.00,$0.00,$1000.00,$180.00,$1185.16,2,
2625,NQ 06-26,Backtest,VariableTrend,Short,1,17831.00,17881.00,9/8/2023 11:40:00 AM,9/8/2023 4:20:00 PM,Sell short,Stop loss,($1005.16),$158800.00,$5.16,$0.00,$0.00,$0.00,$0.00,$1000.00,$1020.00,$2025.16,5,
2626,NQ 06-26,Backtest,VariableTrend,Long,1,17931.25,17881.25,9/8/2023 5:30:00 PM,9/8/2023 5:30:00 PM,Buy,Stop loss,($1005.16),$157794.84,$5.16,$0.00,$0.00,$0.00,$0.00,$1000.00,$0.00,$1005.16,1,
2627,NQ 06-26,Backtest,VariableTrend,Short,1,17827.75,17877.75,9/8/2023 10:10:00 PM,9/8/2023 10:10:00 PM,Sell short,Stop loss,($1005.16),$156789.68,$5.16,$0.00,$0.00,$0.00,$0.00,$1000.00,$0.00,$1005.16,1,
2628,NQ 06-26,Backtest,VariableTrend,Long,1,17876.50,17870.00,9/8/2023 11:00:00 PM,9/8/2023 11:00:00 PM,Buy,Exit on session close,($135.16),$156654.52,$5.16,$0.00,$0.00,$0.00,$0.00,$175.00,$220.00,$355.16,1,
2629,NQ 06-26,Backtest,VariableTrend,Short,1,17856.25,17878.50,9/11/2023 4:40:00 AM,9/11/2023 5:50:00 AM,Sell short,Close position,($450.16),$156204.36,$5.16,$0.00,$0.00,$0.00,$0.00,$540.00,$75.00,$525.16,2,
2630,NQ 06-26,Backtest,VariableTrend,Long,1,17878.50,17912.50,9/11/2023 5:50:00 AM,9/11/2023 5:30:00 PM,Buy,Close position,$674.84,$156879.20,$5.16,$0.00,$0.00,$0.00,$0.00,$165.00,$2560.00,$1885.16,11,
2631,NQ 06-26,Backtest,VariableTrend,Short,1,17912.50,17953.00,9/11/2023 5:30:00 PM,9/11/2023 6:40:00 PM,Sell short,Close position,($815.16),$156064.04,$5.16,$0.00,$0.00,$0.00,$0.00,$985.00,$250.00,$1065.16,2,
2632,NQ 06-26,Backtest,VariableTrend,Long,1,17953.00,18029.75,9/11/2023 6:40:00 PM,9/11/2023 11:00:00 PM,Buy,Exit on session close,$1529.84,$157593.88,$5.16,$0.00,$0.00,$0.00,$0.00,$675.00,$2055.00,$525.16,5,
2633,NQ 06-26,Backtest,VariableTrend,Short,1,17980.50,18005.75,9/12/2023 3:10:00 PM,9/12/2023 5:30:00 PM,Sell short,Close position,($510.16),$157083.72,$5.16,$0.00,$0.00,$0.00,$0.00,$760.00,$705.00,$1215.16,3,
2634,NQ 06-26,Backtest,VariableTrend,Long,1,18005.75,17955.75,9/12/2023 5:30:00 PM,9/12/2023 5:30:00 PM,Buy,Stop loss,($1005.16),$156078.56,$5.16,$0.00,$0.00,$0.00,$0.00,$1000.00,$0.00,$1005.16,1,
2635,NQ 06-26,Backtest,VariableTrend,Short,1,17904.00,17954.00,9/12/2023 6:40:00 PM,9/12/2023 7:50:00 PM,Sell short,Stop loss,($1005.16),$155073.40,$5.16,$0.00,$0.00,$0.00,$0.00,$1000.00,$5.00,$1010.16,2,
2636,NQ 06-26,Backtest,VariableTrend,Long,1,17952.00,17902.00,9/13/2023 6:40:00 PM,9/13/2023 6:40:00 PM,Buy,Stop loss,($1005.16),$154068.24,$5.16,$0.00,$0.00,$0.00,$0.00,$1000.00,$0.00,$1005.16,1,
2637,NQ 06-26,Backtest,VariableTrend,Short,1,17897.50,17947.50,9/14/2023 5:30:00 PM,9/14/2023 5:30:00 PM,Sell short,Stop loss,($1005.16),$153063.08,$5.16,$0.00,$0.00,$0.00,$0.00,$1000.00,$0.00,$1005.16,1,
2638,NQ 06-26,Backtest,VariableTrend,Long,1,18020.25,18037.00,9/14/2023 6:40:00 PM,9/14/2023 11:00:00 PM,Buy,Exit on session close,$329.84,$153392.92,$5.16,$0.00,$0.00,$0.00,$0.00,$670.00,$1080.00,$750.16,5,
2639,NQ 06-26,Backtest,VariableTrend,Short,1,17985.75,17742.75,9/15/2023 4:20:00 PM,9/15/2023 11:00:00 PM,Sell short,Exit on session close,$4854.84,$158247.76,$5.16,$0.00,$0.00,$0.00,$0.00,$80.00,$5385.00,$530.16,7,
2640,NQ 06-26,Backtest,VariableTrend,Long,1,17787.25,17737.25,9/18/2023 5:30:00 PM,9/18/2023 5:30:00 PM,Buy,Stop loss,($1005.16),$157242.60,$5.16,$0.00,$0.00,$0.00,$0.00,$1000.00,$0.00,$1005.16,1,
2641,NQ 06-26,Backtest,VariableTrend,Short,1,17754.75,17785.50,9/18/2023 10:10:00 PM,9/18/2023 11:00:00 PM,Sell short,Close position,($620.16),$156622.44,$5.16,$0.00,$0.00,$0.00,$0.00,$625.00,$175.00,$795.16,2,
2642,NQ 06-26,Backtest,VariableTrend,Long,1,17785.50,17785.00,9/18/2023 11:00:00 PM,9/18/2023 11:00:00 PM,Buy,Exit on session close,($15.16),$156607.28,$5.16,$0.00,$0.00,$0.00,$0.00,$50.00,$105.00,$120.16,1,
2643,NQ 06-26,Backtest,VariableTrend,Short,1,17773.50,17786.25,9/19/2023 4:40:00 AM,9/19/2023 11:40:00 AM,Sell short,Close position,($260.16),$156347.12,$5.16,$0.00,$0.00,$0.00,$0.00,$470.00,$685.00,$945.16,7,
2644,NQ 06-26,Backtest,VariableTrend,Long,1,17786.25,17736.25,9/19/2023 11:40:00 AM,9/19/2023 3:10:00 PM,Buy,Stop loss,($1005.16),$155341.96,$5.16,$0.00,$0.00,$0.00,$0.00,$1000.00,$315.00,$1320.16,4,
2645,NQ 06-26,Backtest,VariableTrend,Short,1,17724.25,17741.75,9/19/2023 4:20:00 PM,9/19/2023 11:00:00 PM,Sell short,Close position,($355.16),$154986.80,$5.16,$0.00,$0.00,$0.00,$0.00,$870.00,$2320.00,$2675.16,7,
2646,NQ 06-26,Backtest,VariableTrend,Long,1,17741.75,17742.75,9/19/2023 11:00:00 PM,9/19/2023 11:00:00 PM,Buy,Exit on session close,$14.84,$155001.64,$5.16,$0.00,$0.00,$0.00,$0.00,$45.00,$85.00,$70.16,1,
2647,NQ 06-26,Backtest,VariableTrend,Short,1,17730.75,17748.50,9/20/2023 3:30:00 AM,9/20/2023 11:40:00 AM,Sell short,Close position,($360.16),$154641.48,$5.16,$0.00,$0.00,$0.00,$0.00,$450.00,$575.00,$935.16,8,
2648,NQ 06-26,Backtest,VariableTrend,Long,1,17748.50,17734.25,9/20/2023 11:40:00 AM,9/20/2023 5:30:00 PM,Buy,Close position,($290.16),$154351.32,$5.16,$0.00,$0.00,$0.00,$0.00,$535.00,$950.00,$1240.16,6,
2649,NQ 06-26,Backtest,VariableTrend,Short,1,17734.25,17493.50,9/20/2023 5:30:00 PM,9/20/2023 11:00:00 PM,Sell short,Exit on session close,$4809.84,$159161.16,$5.16,$0.00,$0.00,$0.00,$0.00,$360.00,$4950.00,$140.16,6,
2650,NQ 06-26,Backtest,VariableTrend,Long,1,17316.25,17266.25,9/22/2023 4:20:00 PM,9/22/2023 4:20:00 PM,Buy,Stop loss,($1005.16),$158156.00,$5.16,$0.00,$0.00,$0.00,$0.00,$1000.00,$0.00,$1005.16,1,
2651,NQ 06-26,Backtest,VariableTrend,Short,1,17279.25,17329.25,9/22/2023 9:00:00 PM,9/22/2023 10:10:00 PM,Sell short,Stop loss,($1005.16),$157150.84,$5.16,$0.00,$0.00,$0.00,$0.00,$1000.00,$1065.00,$2070.16,2,
2652,NQ 06-26,Backtest,VariableTrend,Long,1,17297.25,17310.75,9/25/2023 11:00:00 PM,9/25/2023 11:00:00 PM,Buy,Exit on session close,$264.84,$157415.68,$5.16,$0.00,$0.00,$0.00,$0.00,$30.00,$365.00,$100.16,1,
2653,NQ 06-26,Backtest,VariableTrend,Short,1,17242.25,17085.00,9/26/2023 4:40:00 AM,9/26/2023 11:00:00 PM,Sell short,Exit on session close,$3139.84,$160555.52,$5.16,$0.00,$0.00,$0.00,$0.00,$210.00,$4325.00,$1185.16,17,
2654,NQ 06-26,Backtest,VariableTrend,Long,1,17119.75,17126.25,9/27/2023 11:00:00 PM,9/27/2023 11:00:00 PM,Buy,Exit on session close,$124.84,$160680.36,$5.16,$0.00,$0.00,$0.00,$0.00,$10.00,$390.00,$265.16,1,
2655,NQ 06-26,Backtest,VariableTrend,Short,1,17098.00,17124.50,9/28/2023 7:00:00 AM,9/28/2023 9:20:00 AM,Sell short,Close position,($535.16),$160145.20,$5.16,$0.00,$0.00,$0.00,$0.00,$755.00,$510.00,$1045.16,3,
2656,NQ 06-26,Backtest,VariableTrend,Long,1,17124.50,17074.50,9/28/2023 9:20:00 AM,9/28/2023 10:30:00 AM,Buy,Stop loss,($1005.16),$159140.04,$5.16,$0.00,$0.00,$0.00,$0.00,$1000.00,$70.00,$1075.16,2,
2657,NQ 06-26,Backtest,VariableTrend,Short,1,17072.00,17122.00,9/28/2023 11:40:00 AM,9/28/2023 3:10:00 PM,Sell short,Stop loss,($1005.16),$158134.88,$5.16,$0.00,$0.00,$0.00,$0.00,$1000.00,$690.00,$1695.16,4,
2658,NQ 06-26,Backtest,VariableTrend,Long,1,17103.25,17053.25,9/28/2023 5:30:00 PM,9/28/2023 5:30:00 PM,Buy,Stop loss,($1005.16),$157129.72,$5.16,$0.00,$0.00,$0.00,$0.00,$1000.00,$0.00,$1005.16,1,
2659,NQ 06-26,Backtest,VariableTrend,Short,1,17205.25,17255.25,9/29/2023 9:00:00 PM,9/29/2023 9:00:00 PM,Sell short,Stop loss,($1005.16),$156124.56,$5.16,$0.00,$0.00,$0.00,$0.00,$1000.00,$0.00,$1005.16,1,
2660,NQ 06-26,Backtest,VariableTrend,Long,1,17262.00,17212.00,9/29/2023 10:10:00 PM,9/29/2023 10:10:00 PM,Buy,Stop loss,($1005.16),$155119.40,$5.16,$0.00,$0.00,$0.00,$0.00,$1000.00,$0.00,$1005.16,1,
2661,NQ 06-26,Backtest,VariableTrend,Short,1,17251.00,17251.25,9/29/2023 11:00:00 PM,9/29/2023 11:00:00 PM,Sell short,Exit on session close,($10.16),$155109.24,$5.16,$0.00,$0.00,$0.00,$0.00,$300.00,$105.00,$115.16,1,
2662,NQ 06-26,Backtest,VariableTrend,Long,1,17306.50,17256.50,10/2/2023 2:20:00 AM,10/2/2023 12:50:00 PM,Buy,Stop loss,($1005.16),$154104.08,$5.16,$0.00,$0.00,$0.00,$0.00,$1000.00,$1275.00,$2280.16,10,
2663,NQ 06-26,Backtest,VariableTrend,Short,1,17253.00,17303.00,10/2/2023 2:00:00 PM,10/2/2023 4:20:00 PM,Sell short,Stop loss,($1005.16),$153098.92,$5.16,$0.00,$0.00,$0.00,$0.00,$1000.00,$1345.00,$2350.16,3,
2664,NQ 06-26,Backtest,VariableTrend,Long,1,17307.00,17257.00,10/2/2023 5:30:00 PM,10/2/2023 6:40:00 PM,Buy,Stop loss,($1005.16),$152093.76,$5.16,$0.00,$0.00,$0.00,$0.00,$1000.00,$1975.00,$2980.16,2,
2665,NQ 06-26,Backtest,VariableTrend,Short,1,17252.75,17302.75,10/2/2023 10:10:00 PM,10/2/2023 10:10:00 PM,Sell short,Stop loss,($1005.16),$151088.60,$5.16,$0.00,$0.00,$0.00,$0.00,$1000.00,$0.00,$1005.16,1,
2666,NQ 06-26,Backtest,VariableTrend,Long,1,17354.50,17352.25,10/2/2023 11:00:00 PM,10/2/2023 11:00:00 PM,Buy,Exit on session close,($50.16),$151038.44,$5.16,$0.00,$0.00,$0.00,$0.00,$55.00,$210.00,$260.16,1,
2667,NQ 06-26,Backtest,VariableTrend,Short,1,17259.25,17309.25,10/3/2023 3:10:00 PM,10/3/2023 4:20:00 PM,Sell short,Stop loss,($1005.16),$150033.28,$5.16,$0.00,$0.00,$0.00,$0.00,$1000.00,$1045.00,$2050.16,2,
2668,NQ 06-26,Backtest,VariableTrend,Long,1,17103.00,17262.25,10/4/2023 3:10:00 PM,10/4/2023 11:00:00 PM,Buy,Exit on session close,$3179.84,$153213.12,$5.16,$0.00,$0.00,$0.00,$0.00,$175.00,$4255.00,$1075.16,8,
2669,NQ 06-26,Backtest,VariableTrend,Short,1,17219.75,17269.75,10/5/2023 12:50:00 PM,10/5/2023 12:50:00 PM,Sell short,Stop loss,($1005.16),$152207.96,$5.16,$0.00,$0.00,$0.00,$0.00,$1000.00,$0.00,$1005.16,1,
2670,NQ 06-26,Backtest,VariableTrend,Long,1,17258.75,17208.75,10/5/2023 2:00:00 PM,10/5/2023 4:20:00 PM,Buy,Stop loss,($1005.16),$151202.80,$5.16,$0.00,$0.00,$0.00,$0.00,$1000.00,$1195.00,$2200.16,3,
2671,NQ 06-26,Backtest,VariableTrend,Short,1,17153.00,17203.00,10/5/2023 5:30:00 PM,10/5/2023 7:50:00 PM,Sell short,Stop loss,($1005.16),$150197.64,$5.16,$0.00,$0.00,$0.00,$0.00,$1000.00,$1540.00,$2545.16,3,
2672,NQ 06-26,Backtest,VariableTrend,Long,1,17259.00,17220.50,10/5/2023 10:10:00 PM,10/5/2023 11:00:00 PM,Buy,Exit on session close,($775.16),$149422.48,$5.16,$0.00,$0.00,$0.00,$0.00,$980.00,$115.00,$890.16,2,
2673,NQ 06-26,Backtest,VariableTrend,Short,1,17215.25,17220.25,10/6/2023 3:30:00 AM,10/6/2023 4:40:00 AM,Sell short,Close position,($105.16),$149317.32,$5.16,$0.00,$0.00,$0.00,$0.00,$375.00,$105.00,$210.16,2,
2674,NQ 06-26,Backtest,VariableTrend,Long,1,17220.25,17217.00,10/6/2023 4:40:00 AM,10/6/2023 8:10:00 AM,Buy,Close position,($70.16),$149247.16,$5.16,$0.00,$0.00,$0.00,$0.00,$165.00,$360.00,$430.16,4,
2675,NQ 06-26,Backtest,VariableTrend,Short,1,17217.00,17219.00,10/6/2023 8:10:00 AM,10/6/2023 10:30:00 AM,Sell short,Close position,($45.16),$149202.00,$5.16,$0.00,$0.00,$0.00,$0.00,$230.00,$420.00,$465.16,3,
2676,NQ 06-26,Backtest,VariableTrend,Long,1,17219.00,17169.00,10/6/2023 10:30:00 AM,10/6/2023 3:10:00 PM,Buy,Stop loss,($1005.16),$148196.84,$5.16,$0.00,$0.00,$0.00,$0.00,$1000.00,$1255.00,$2260.16,5,
2677,NQ 06-26,Backtest,VariableTrend,Short,1,17072.75,17122.75,10/6/2023 4:20:00 PM,10/6/2023 4:20:00 PM,Sell short,Stop loss,($1005.16),$147191.68,$5.16,$0.00,$0.00,$0.00,$0.00,$1000.00,$0.00,$1005.16,1,
2678,NQ 06-26,Backtest,VariableTrend,Long,1,17283.50,17499.25,10/6/2023 6:40:00 PM,10/6/2023 11:00:00 PM,Buy,Exit on session close,$4309.84,$151501.52,$5.16,$0.00,$0.00,$0.00,$0.00,$25.00,$4730.00,$420.16,5,
2679,NQ 06-26,Backtest,VariableTrend,Short,1,17616.50,17666.50,10/11/2023 9:00:00 PM,10/11/2023 9:00:00 PM,Sell short,Stop loss,($1005.16),$150496.36,$5.16,$0.00,$0.00,$0.00,$0.00,$1000.00,$0.00,$1005.16,1,
2680,NQ 06-26,Backtest,VariableTrend,Long,1,17685.00,17770.50,10/11/2023 10:10:00 PM,10/11/2023 11:00:00 PM,Buy,Exit on session close,$1704.84,$152201.20,$5.16,$0.00,$0.00,$0.00,$0.00,$200.00,$1830.00,$125.16,2,
2681,NQ 06-26,Backtest,VariableTrend,Short,1,17659.25,17683.75,10/12/2023 9:00:00 PM,10/12/2023 11:00:00 PM,Sell short,Exit on session close,($495.16),$151706.04,$5.16,$0.00,$0.00,$0.00,$0.00,$705.00,$1665.00,$2160.16,3,
2682,NQ 06-26,Backtest,VariableTrend,Long,1,17699.75,17649.75,10/13/2023 4:20:00 PM,10/13/2023 4:20:00 PM,Buy,Stop loss,($1005.16),$150700.88,$5.16,$0.00,$0.00,$0.00,$0.00,$1000.00,$0.00,$1005.16,1,
2683,NQ 06-26,Backtest,VariableTrend,Short,1,17647.25,17467.25,10/13/2023 5:30:00 PM,10/13/2023 11:00:00 PM,Sell short,Exit on session close,$3594.84,$154295.72,$5.16,$0.00,$0.00,$0.00,$0.00,$360.00,$4505.00,$910.16,6,
2684,NQ 06-26,Backtest,VariableTrend,Long,1,17623.50,17573.50,10/16/2023 5:30:00 PM,10/16/2023 7:50:00 PM,Buy,Stop loss,($1005.16),$153290.56,$5.16,$0.00,$0.00,$0.00,$0.00,$1000.00,$1240.00,$2245.16,3,
2685,NQ 06-26,Backtest,VariableTrend,Short,1,17607.25,17657.25,10/17/2023 2:00:00 PM,10/17/2023 6:40:00 PM,Sell short,Stop loss,($1005.16),$152285.40,$5.16,$0.00,$0.00,$0.00,$0.00,$1000.00,$3945.00,$4950.16,5,
2686,NQ 06-26,Backtest,VariableTrend,Long,1,17654.25,17604.25,10/17/2023 7:50:00 PM,10/17/2023 7:50:00 PM,Buy,Stop loss,($1005.16),$151280.24,$5.16,$0.00,$0.00,$0.00,$0.00,$1000.00,$0.00,$1005.16,1,
2687,NQ 06-26,Backtest,VariableTrend,Short,1,17553.00,17603.00,10/17/2023 10:10:00 PM,10/17/2023 10:10:00 PM,Sell short,Stop loss,($1005.16),$150275.08,$5.16,$0.00,$0.00,$0.00,$0.00,$1000.00,$0.00,$1005.16,1,
2688,NQ 06-26,Backtest,VariableTrend,Short,1,17587.75,17560.00,10/18/2023 2:20:00 AM,10/18/2023 5:30:00 PM,Sell short,Close position,$549.84,$150824.92,$5.16,$0.00,$0.00,$0.00,$0.00,$10.00,$2125.00,$1575.16,14,
2689,NQ 06-26,Backtest,VariableTrend,Long,1,17560.00,17510.00,10/18/2023 5:30:00 PM,10/18/2023 5:30:00 PM,Buy,Stop loss,($1005.16),$149819.76,$5.16,$0.00,$0.00,$0.00,$0.00,$1000.00,$0.00,$1005.16,1,
2690,NQ 06-26,Backtest,VariableTrend,Short,1,17489.75,17421.00,10/18/2023 6:40:00 PM,10/18/2023 11:00:00 PM,Sell short,Exit on session close,$1369.84,$151189.60,$5.16,$0.00,$0.00,$0.00,$0.00,$945.00,$3015.00,$1645.16,5,
2691,NQ 06-26,Backtest,VariableTrend,Long,1,17462.75,17412.75,10/19/2023 4:20:00 PM,10/19/2023 4:20:00 PM,Buy,Stop loss,($1005.16),$150184.44,$5.16,$0.00,$0.00,$0.00,$0.00,$1000.00,$0.00,$1005.16,1,
2692,NQ 06-26,Backtest,VariableTrend,Short,1,17373.75,17423.75,10/19/2023 6:40:00 PM,10/19/2023 6:40:00 PM,Sell short,Stop loss,($1005.16),$149179.28,$5.16,$0.00,$0.00,$0.00,$0.00,$1000.00,$0.00,$1005.16,1,
2693,NQ 06-26,Backtest,VariableTrend,Long,1,17101.00,17108.75,10/23/2023 6:40:00 PM,10/23/2023 11:00:00 PM,Buy,Exit on session close,$149.84,$149329.12,$5.16,$0.00,$0.00,$0.00,$0.00,$840.00,$2250.00,$2100.16,5,
2694,NQ 06-26,Backtest,VariableTrend,Short,1,17093.25,17143.25,10/24/2023 7:50:00 PM,10/24/2023 7:50:00 PM,Sell short,Stop loss,($1005.16),$148323.96,$5.16,$0.00,$0.00,$0.00,$0.00,$1000.00,$0.00,$1005.16,1,
2695,NQ 06-26,Backtest,VariableTrend,Long,1,17133.25,17190.50,10/24/2023 9:00:00 PM,10/24/2023 11:00:00 PM,Buy,Exit on session close,$1139.84,$149463.80,$5.16,$0.00,$0.00,$0.00,$0.00,$305.00,$3505.00,$2365.16,3,
2696,NQ 06-26,Backtest,VariableTrend,Short,1,17127.50,17127.00,10/25/2023 9:20:00 AM,10/25/2023 3:10:00 PM,Sell short,Close position,$4.84,$149468.64,$5.16,$0.00,$0.00,$0.00,$0.00,$320.00,$1095.00,$1090.16,6,
2697,NQ 06-26,Backtest,VariableTrend,Long,1,17127.00,17111.75,10/25/2023 3:10:00 PM,10/25/2023 4:20:00 PM,Buy,Close position,($310.16),$149158.48,$5.16,$0.00,$0.00,$0.00,$0.00,$440.00,$460.00,$770.16,2,
2698,NQ 06-26,Backtest,VariableTrend,Short,1,17111.75,16827.50,10/25/2023 4:20:00 PM,10/25/2023 11:00:00 PM,Sell short,Exit on session close,$5679.84,$154838.32,$5.16,$0.00,$0.00,$0.00,$0.00,$125.00,$6160.00,$480.16,7,
2699,NQ 06-26,Backtest,VariableTrend,Long,1,16767.25,16717.25,10/26/2023 4:20:00 PM,10/26/2023 4:20:00 PM,Buy,Stop loss,($1005.16),$153833.16,$5.16,$0.00,$0.00,$0.00,$0.00,$1000.00,$0.00,$1005.16,1,
2700,NQ 06-26,Backtest,VariableTrend,Short,1,16645.00,16695.00,10/26/2023 5:30:00 PM,10/26/2023 5:30:00 PM,Sell short,Stop loss,($1005.16),$152828.00,$5.16,$0.00,$0.00,$0.00,$0.00,$1000.00,$0.00,$1005.16,1,
2701,NQ 06-26,Backtest,VariableTrend,Long,1,16750.00,16700.00,10/27/2023 6:40:00 PM,10/27/2023 6:40:00 PM,Buy,Stop loss,($1005.16),$151822.84,$5.16,$0.00,$0.00,$0.00,$0.00,$1000.00,$0.00,$1005.16,1,
2702,NQ 06-26,Backtest,VariableTrend,Short,1,16613.00,16629.75,10/27/2023 9:00:00 PM,10/27/2023 11:00:00 PM,Sell short,Exit on session close,($340.16),$151482.68,$5.16,$0.00,$0.00,$0.00,$0.00,$630.00,$870.00,$1210.16,3,
2703,NQ 06-26,Backtest,VariableTrend,Long,1,16697.25,16700.25,10/30/2023 2:30:00 AM,10/30/2023 5:40:00 PM,Buy,Close position,$54.84,$151537.52,$5.16,$0.00,$0.00,$0.00,$0.00,$625.00,$2780.00,$2725.16,14,
2704,NQ 06-26,Backtest,VariableTrend,Short,1,16700.25,16750.25,10/30/2023 5:40:00 PM,10/30/2023 5:40:00 PM,Sell short,Stop loss,($1005.16),$150532.36,$5.16,$0.00,$0.00,$0.00,$0.00,$1000.00,$0.00,$1005.16,1,
2705,NQ 06-26,Backtest,VariableTrend,Long,1,16768.00,16772.50,10/30/2023 8:00:00 PM,10/30/2023 10:00:00 PM,Buy,Exit on session close,$84.84,$150617.20,$5.16,$0.00,$0.00,$0.00,$0.00,$180.00,$1275.00,$1190.16,3,
2706,NQ 06-26,Backtest,VariableTrend,Short,1,16697.75,16719.25,10/31/2023 6:00:00 AM,10/31/2023 9:30:00 AM,Sell short,Close position,($435.16),$150182.04,$5.16,$0.00,$0.00,$0.00,$0.00,$450.00,$355.00,$790.16,4,
2707,NQ 06-26,Backtest,VariableTrend,Long,1,16719.25,16811.75,10/31/2023 9:30:00 AM,10/31/2023 10:00:00 PM,Buy,Exit on session close,$1844.84,$152026.88,$5.16,$0.00,$0.00,$0.00,$0.00,$965.00,$2885.00,$1040.16,12,
2708,NQ 06-26,Backtest,VariableTrend,Short,1,16780.50,16830.50,11/1/2023 2:10:00 PM,11/1/2023 2:10:00 PM,Sell short,Stop loss,($1005.16),$151021.72,$5.16,$0.00,$0.00,$0.00,$0.00,$1000.00,$0.00,$1005.16,1,
2709,NQ 06-26,Backtest,VariableTrend,Long,1,16853.25,17121.00,11/1/2023 3:20:00 PM,11/1/2023 10:00:00 PM,Buy,Exit on session close,$5349.84,$156371.56,$5.16,$0.00,$0.00,$0.00,$0.00,$75.00,$5370.00,$20.16,7,
2710,NQ 06-26,Backtest,VariableTrend,Short,1,17525.50,17566.75,11/6/2023 9:00:00 PM,11/6/2023 10:10:00 PM,Sell short,Close position,($830.16),$155541.40,$5.16,$0.00,$0.00,$0.00,$0.00,$890.00,$450.00,$1280.16,2,
2711,NQ 06-26,Backtest,VariableTrend,Long,1,17566.75,17582.25,11/6/2023 10:10:00 PM,11/6/2023 11:00:00 PM,Buy,Exit on session close,$304.84,$155846.24,$5.16,$0.00,$0.00,$0.00,$0.00,$250.00,$590.00,$285.16,2,
2712,NQ 06-26,Backtest,VariableTrend,Short,1,17543.00,17583.00,11/7/2023 2:00:00 PM,11/7/2023 3:10:00 PM,Sell short,Close position,($805.16),$155041.08,$5.16,$0.00,$0.00,$0.00,$0.00,$835.00,$45.00,$850.16,2,
2713,NQ 06-26,Backtest,VariableTrend,Long,1,17583.00,17735.75,11/7/2023 3:10:00 PM,11/7/2023 11:00:00 PM,Buy,Exit on session close,$3049.84,$158090.92,$5.16,$0.00,$0.00,$0.00,$0.00,$75.00,$3780.00,$730.16,8,
2714,NQ 06-26,Backtest,VariableTrend,Short,1,17691.50,17721.25,11/8/2023 7:50:00 PM,11/8/2023 9:00:00 PM,Sell short,Close position,($600.16),$157490.76,$5.16,$0.00,$0.00,$0.00,$0.00,$705.00,$245.00,$845.16,2,
2715,NQ 06-26,Backtest,VariableTrend,Long,1,17721.25,17719.25,11/8/2023 9:00:00 PM,11/8/2023 11:00:00 PM,Buy,Exit on session close,($45.16),$157445.60,$5.16,$0.00,$0.00,$0.00,$0.00,$225.00,$660.00,$705.16,3,
2716,NQ 06-26,Backtest,VariableTrend,Short,1,17621.50,17615.25,11/9/2023 10:10:00 PM,11/9/2023 11:00:00 PM,Sell short,Exit on session close,$119.84,$157565.44,$5.16,$0.00,$0.00,$0.00,$0.00,$240.00,$500.00,$380.16,2,
2717,NQ 06-26,Backtest,VariableTrend,Long,1,17636.00,17942.75,11/10/2023 3:10:00 PM,11/10/2023 11:00:00 PM,Buy,Exit on session close,$6129.84,$163695.28,$5.16,$0.00,$0.00,$0.00,$0.00,$220.00,$6730.00,$600.16,8,
2718,NQ 06-26,Backtest,VariableTrend,Short,1,18271.25,18205.00,11/15/2023 7:50:00 PM,11/15/2023 11:00:00 PM,Sell short,Exit on session close,$1319.84,$165015.12,$5.16,$0.00,$0.00,$0.00,$0.00,$345.00,$1585.00,$265.16,4,
2719,NQ 06-26,Backtest,VariableTrend,Long,1,18246.25,18196.25,11/16/2023 7:50:00 PM,11/16/2023 7:50:00 PM,Buy,Stop loss,($1005.16),$164009.96,$5.16,$0.00,$0.00,$0.00,$0.00,$1000.00,$0.00,$1005.16,1,
2720,NQ 06-26,Backtest,VariableTrend,Short,1,18202.25,18252.25,11/16/2023 9:00:00 PM,11/16/2023 9:00:00 PM,Sell short,Stop loss,($1005.16),$163004.80,$5.16,$0.00,$0.00,$0.00,$0.00,$1000.00,$0.00,$1005.16,1,
2721,NQ 06-26,Backtest,VariableTrend,Long,1,18238.00,18258.50,11/16/2023 10:10:00 PM,11/16/2023 11:00:00 PM,Buy,Exit on session close,$404.84,$163409.64,$5.16,$0.00,$0.00,$0.00,$0.00,$265.00,$570.00,$165.16,2,
2722,NQ 06-26,Backtest,VariableTrend,Short,1,18236.75,18247.75,11/17/2023 9:20:00 AM,11/17/2023 10:30:00 AM,Sell short,Close position,($225.16),$163184.48,$5.16,$0.00,$0.00,$0.00,$0.00,$300.00,$35.00,$260.16,2,
2723,NQ 06-26,Backtest,VariableTrend,Long,1,18247.75,18197.75,11/17/2023 10:30:00 AM,11/17/2023 4:20:00 PM,Buy,Stop loss,($1005.16),$162179.32,$5.16,$0.00,$0.00,$0.00,$0.00,$1000.00,$635.00,$1640.16,6,
2724,NQ 06-26,Backtest,VariableTrend,Short,1,18225.25,18275.25,11/17/2023 5:30:00 PM,11/17/2023 7:50:00 PM,Sell short,Stop loss,($1005.16),$161174.16,$5.16,$0.00,$0.00,$0.00,$0.00,$1000.00,$810.00,$1815.16,3,
2725,NQ 06-26,Backtest,VariableTrend,Long,1,18262.75,18234.00,11/17/2023 9:00:00 PM,11/17/2023 11:00:00 PM,Buy,Exit on session close,($580.16),$160594.00,$5.16,$0.00,$0.00,$0.00,$0.00,$645.00,$740.00,$1320.16,3,
2726,NQ 06-26,Backtest,VariableTrend,Long,1,18272.00,18449.25,11/20/2023 11:40:00 AM,11/20/2023 11:00:00 PM,Buy,Exit on session close,$3539.84,$164133.84,$5.16,$0.00,$0.00,$0.00,$0.00,$500.00,$4090.00,$550.16,11,
2727,NQ 06-26,Backtest,VariableTrend,Short,1,18427.00,18328.25,11/21/2023 2:00:00 PM,11/21/2023 11:00:00 PM,Sell short,Exit on session close,$1969.84,$166103.68,$5.16,$0.00,$0.00,$0.00,$0.00,$150.00,$3105.00,$1135.16,9,
2728,NQ 06-26,Backtest,VariableTrend,Long,1,18362.50,18405.25,11/22/2023 12:50:00 PM,11/22/2023 11:00:00 PM,Buy,Exit on session close,$849.84,$166953.52,$5.16,$0.00,$0.00,$0.00,$0.00,$0.00,$3415.00,$2565.16,10,
2729,NQ 06-26,Backtest,VariableTrend,Short,1,18398.00,18427.50,11/24/2023 9:20:00 AM,11/24/2023 11:40:00 AM,Sell short,Close position,($595.16),$166358.36,$5.16,$0.00,$0.00,$0.00,$0.00,$620.00,$240.00,$835.16,3,
2730,NQ 06-26,Backtest,VariableTrend,Long,1,18427.50,18393.50,11/24/2023 11:40:00 AM,11/24/2023 12:50:00 PM,Buy,Close position,($685.16),$165673.20,$5.16,$0.00,$0.00,$0.00,$0.00,$720.00,$75.00,$760.16,2,
2731,NQ 06-26,Backtest,VariableTrend,Short,1,18393.50,18370.75,11/24/2023 12:50:00 PM,11/24/2023 7:15:00 PM,Sell short,Exit on session close,$449.84,$166123.04,$5.16,$0.00,$0.00,$0.00,$0.00,$405.00,$1040.00,$590.16,7,
2732,NQ 06-26,Backtest,VariableTrend,Long,1,18353.75,18339.25,11/27/2023 10:30:00 AM,11/27/2023 4:20:00 PM,Buy,Close position,($295.16),$165827.88,$5.16,$0.00,$0.00,$0.00,$0.00,$465.00,$555.00,$850.16,6,
2733,NQ 06-26,Backtest,VariableTrend,Short,1,18339.25,18389.25,11/27/2023 4:20:00 PM,11/27/2023 4:20:00 PM,Sell short,Stop loss,($1005.16),$164822.72,$5.16,$0.00,$0.00,$0.00,$0.00,$1000.00,$0.00,$1005.16,1,
2734,NQ 06-26,Backtest,VariableTrend,Long,1,18378.25,18366.75,11/27/2023 5:30:00 PM,11/27/2023 11:00:00 PM,Buy,Close position,($235.16),$164587.56,$5.16,$0.00,$0.00,$0.00,$0.00,$415.00,$1415.00,$1650.16,6,
2735,NQ 06-26,Backtest,VariableTrend,Short,1,18366.75,18364.50,11/27/2023 11:00:00 PM,11/27/2023 11:00:00 PM,Sell short,Exit on session close,$39.84,$164627.40,$5.16,$0.00,$0.00,$0.00,$0.00,$35.00,$85.00,$45.16,1,
2736,NQ 06-26,Backtest,VariableTrend,Long,1,18370.50,18356.75,11/28/2023 4:40:00 AM,11/28/2023 5:50:00 AM,Buy,Close position,($280.16),$164347.24,$5.16,$0.00,$0.00,$0.00,$0.00,$305.00,$55.00,$335.16,2,
2737,NQ 06-26,Backtest,VariableTrend,Short,1,18356.75,18359.25,11/28/2023 5:50:00 AM,11/28/2023 2:00:00 PM,Sell short,Close position,($55.16),$164292.08,$5.16,$0.00,$0.00,$0.00,$0.00,$320.00,$945.00,$1000.16,8,
2738,NQ 06-26,Backtest,VariableTrend,Long,1,18359.25,18330.75,11/28/2023 2:00:00 PM,11/28/2023 3:10:00 PM,Buy,Close position,($575.16),$163716.92,$5.16,$0.00,$0.00,$0.00,$0.00,$630.00,$0.00,$575.16,2,
2739,NQ 06-26,Backtest,VariableTrend,Short,1,18330.75,18380.75,11/28/2023 3:10:00 PM,11/28/2023 5:30:00 PM,Sell short,Stop loss,($1005.16),$162711.76,$5.16,$0.00,$0.00,$0.00,$0.00,$1000.00,$515.00,$1520.16,3,
2740,NQ 06-26,Backtest,VariableTrend,Long,1,18400.25,18350.25,11/28/2023 6:40:00 PM,11/28/2023 7:50:00 PM,Buy,Stop loss,($1005.16),$161706.60,$5.16,$0.00,$0.00,$0.00,$0.00,$1000.00,$620.00,$1625.16,2,
2741,NQ 06-26,Backtest,VariableTrend,Short,1,18405.00,18455.00,11/29/2023 6:40:00 PM,11/29/2023 7:50:00 PM,Sell short,Stop loss,($1005.16),$160701.44,$5.16,$0.00,$0.00,$0.00,$0.00,$1000.00,$270.00,$1275.16,2,
2742,NQ 06-26,Backtest,VariableTrend,Long,1,18434.00,18401.75,11/30/2023 3:10:00 PM,11/30/2023 4:20:00 PM,Buy,Close position,($650.16),$160051.28,$5.16,$0.00,$0.00,$0.00,$0.00,$790.00,$485.00,$1135.16,2,
2743,NQ 06-26,Backtest,VariableTrend,Short,1,18401.75,18316.75,11/30/2023 4:20:00 PM,11/30/2023 11:00:00 PM,Sell short,Exit on session close,$1694.84,$161746.12,$5.16,$0.00,$0.00,$0.00,$0.00,$190.00,$3720.00,$2025.16,7,
2744,NQ 06-26,Backtest,VariableTrend,Long,1,18353.25,18320.00,12/1/2023 11:40:00 AM,12/1/2023 2:00:00 PM,Buy,Close position,($670.16),$161075.96,$5.16,$0.00,$0.00,$0.00,$0.00,$730.00,$145.00,$815.16,3,
2745,NQ 06-26,Backtest,VariableTrend,Short,1,18320.00,18370.00,12/1/2023 2:00:00 PM,12/1/2023 6:40:00 PM,Sell short,Stop loss,($1005.16),$160070.80,$5.16,$0.00,$0.00,$0.00,$0.00,$1000.00,$1925.00,$2930.16,5,
2746,NQ 06-26,Backtest,VariableTrend,Long,1,18384.75,18390.00,12/1/2023 7:50:00 PM,12/1/2023 11:00:00 PM,Buy,Exit on session close,$99.84,$160170.64,$5.16,$0.00,$0.00,$0.00,$0.00,$785.00,$500.00,$400.16,4,
2747,NQ 06-26,Backtest,VariableTrend,Short,1,18330.50,18341.00,12/4/2023 5:50:00 AM,12/4/2023 7:00:00 AM,Sell short,Close position,($215.16),$159955.48,$5.16,$0.00,$0.00,$0.00,$0.00,$285.00,$20.00,$235.16,2,
2748,NQ 06-26,Backtest,VariableTrend,Long,1,18341.00,18324.00,12/4/2023 7:00:00 AM,12/4/2023 8:10:00 AM,Buy,Close position,($345.16),$159610.32,$5.16,$0.00,$0.00,$0.00,$0.00,$355.00,$30.00,$375.16,2,
2749,NQ 06-26,Backtest,VariableTrend,Short,1,18324.00,18217.25,12/4/2023 8:10:00 AM,12/4/2023 11:00:00 PM,Sell short,Exit on session close,$2129.84,$161740.16,$5.16,$0.00,$0.00,$0.00,$0.00,$785.00,$4860.00,$2730.16,14,
2750,NQ 06-26,Backtest,VariableTrend,Long,1,18272.00,18222.00,12/5/2023 5:30:00 PM,12/5/2023 5:30:00 PM,Buy,Stop loss,($1005.16),$160735.00,$5.16,$0.00,$0.00,$0.00,$0.00,$1000.00,$0.00,$1005.16,1,
2751,NQ 06-26,Backtest,VariableTrend,Short,1,18269.00,18174.25,12/6/2023 6:40:00 PM,12/6/2023 11:00:00 PM,Sell short,Exit on session close,$1889.84,$162624.84,$5.16,$0.00,$0.00,$0.00,$0.00,$310.00,$2145.00,$255.16,5,
2752,NQ 06-26,Backtest,VariableTrend,Long,1,18196.50,18377.75,12/7/2023 12:50:00 PM,12/7/2023 11:00:00 PM,Buy,Exit on session close,$3619.84,$166244.68,$5.16,$0.00,$0.00,$0.00,$0.00,$40.00,$4585.00,$965.16,10,
2753,NQ 06-26,Backtest,VariableTrend,Short,1,18348.50,18398.50,12/8/2023 3:10:00 PM,12/8/2023 4:20:00 PM,Sell short,Stop loss,($1005.16),$165239.52,$5.16,$0.00,$0.00,$0.00,$0.00,$1000.00,$2010.00,$3015.16,2,
2754,NQ 06-26,Backtest,VariableTrend,Long,1,18457.75,18407.75,12/8/2023 5:30:00 PM,12/8/2023 5:30:00 PM,Buy,Stop loss,($1005.16),$164234.36,$5.16,$0.00,$0.00,$0.00,$0.00,$1000.00,$0.00,$1005.16,1,
2755,NQ 06-26,Backtest,VariableTrend,Short,1,18915.75,18948.50,12/14/2023 6:40:00 PM,12/14/2023 7:50:00 PM,Sell short,Close position,($660.16),$163574.20,$5.16,$0.00,$0.00,$0.00,$0.00,$945.00,$475.00,$1135.16,2,
2756,NQ 06-26,Backtest,VariableTrend,Long,1,18948.50,18898.50,12/14/2023 7:50:00 PM,12/14/2023 7:50:00 PM,Buy,Stop loss,($1005.16),$162569.04,$5.16,$0.00,$0.00,$0.00,$0.00,$1000.00,$0.00,$1005.16,1,
2757,NQ 06-26,Backtest,VariableTrend,Short,1,18821.25,18871.25,12/14/2023 9:00:00 PM,12/14/2023 9:00:00 PM,Sell short,Stop loss,($1005.16),$161563.88,$5.16,$0.00,$0.00,$0.00,$0.00,$1000.00,$0.00,$1005.16,1,
2758,NQ 06-26,Backtest,VariableTrend,Long,1,18926.25,18947.75,12/15/2023 8:10:00 AM,12/15/2023 9:00:00 PM,Buy,Close position,$424.84,$161988.72,$5.16,$0.00,$0.00,$0.00,$0.00,$390.00,$2220.00,$1795.16,12,
2759,NQ 06-26,Backtest,VariableTrend,Short,1,18947.75,18963.75,12/15/2023 9:00:00 PM,12/15/2023 10:10:00 PM,Sell short,Close position,($325.16),$161663.56,$5.16,$0.00,$0.00,$0.00,$0.00,$625.00,$705.00,$1030.16,2,
2760,NQ 06-26,Backtest,VariableTrend,Long,1,18963.75,18965.00,12/15/2023 10:10:00 PM,12/15/2023 11:00:00 PM,Buy,Exit on session close,$19.84,$161683.40,$5.16,$0.00,$0.00,$0.00,$0.00,$155.00,$1080.00,$1060.16,2,
2761,NQ 06-26,Backtest,VariableTrend,Short,1,18968.50,18991.00,12/18/2023 2:00:00 PM,12/18/2023 3:10:00 PM,Sell short,Close position,($455.16),$161228.24,$5.16,$0.00,$0.00,$0.00,$0.00,$480.00,$30.00,$485.16,2,
2762,NQ 06-26,Backtest,VariableTrend,Long,1,18991.00,19071.75,12/18/2023 3:10:00 PM,12/18/2023 11:00:00 PM,Buy,Exit on session close,$1609.84,$162838.08,$5.16,$0.00,$0.00,$0.00,$0.00,$220.00,$2660.00,$1050.16,8,
2763,NQ 06-26,Backtest,VariableTrend,Short,1,19156.25,19191.50,12/20/2023 10:30:00 AM,12/20/2023 5:30:00 PM,Sell short,Close position,($710.16),$162127.92,$5.16,$0.00,$0.00,$0.00,$0.00,$820.00,$885.00,$1595.16,7,
2764,NQ 06-26,Backtest,VariableTrend,Long,1,19191.50,19141.50,12/20/2023 5:30:00 PM,12/20/2023 9:00:00 PM,Buy,Stop loss,($1005.16),$161122.76,$5.16,$0.00,$0.00,$0.00,$0.00,$1000.00,$640.00,$1645.16,4,
2765,NQ 06-26,Backtest,VariableTrend,Short,1,18992.25,18944.75,12/20/2023 10:10:00 PM,12/20/2023 11:00:00 PM,Sell short,Exit on session close,$944.84,$162067.60,$5.16,$0.00,$0.00,$0.00,$0.00,$535.00,$1675.00,$730.16,2,
2766,NQ 06-26,Backtest,VariableTrend,Long,1,19036.50,19011.25,12/21/2023 11:40:00 AM,12/21/2023 12:50:00 PM,Buy,Close position,($510.16),$161557.44,$5.16,$0.00,$0.00,$0.00,$0.00,$545.00,$85.00,$595.16,2,
2767,NQ 06-26,Backtest,VariableTrend,Short,1,19011.25,19032.50,12/21/2023 12:50:00 PM,12/21/2023 3:10:00 PM,Sell short,Close position,($430.16),$161127.28,$5.16,$0.00,$0.00,$0.00,$0.00,$585.00,$10.00,$440.16,3,
2768,NQ 06-26,Backtest,VariableTrend,Long,1,19032.50,18982.50,12/21/2023 3:10:00 PM,12/21/2023 6:40:00 PM,Buy,Stop loss,($1005.16),$160122.12,$5.16,$0.00,$0.00,$0.00,$0.00,$1000.00,$1755.00,$2760.16,4,
2769,NQ 06-26,Backtest,VariableTrend,Short,1,18994.75,19044.75,12/21/2023 7:50:00 PM,12/21/2023 9:00:00 PM,Sell short,Stop loss,($1005.16),$159116.96,$5.16,$0.00,$0.00,$0.00,$0.00,$1000.00,$595.00,$1600.16,2,
2770,NQ 06-26,Backtest,VariableTrend,Long,1,19094.25,19099.50,12/21/2023 11:00:00 PM,12/21/2023 11:00:00 PM,Buy,Exit on session close,$99.84,$159216.80,$5.16,$0.00,$0.00,$0.00,$0.00,$30.00,$235.00,$135.16,1,
2771,NQ 06-26,Backtest,VariableTrend,Short,1,19047.50,19053.75,12/22/2023 8:10:00 AM,12/22/2023 9:20:00 AM,Sell short,Close position,($130.16),$159086.64,$5.16,$0.00,$0.00,$0.00,$0.00,$245.00,$120.00,$250.16,2,
2772,NQ 06-26,Backtest,VariableTrend,Long,1,19053.75,19112.50,12/22/2023 9:20:00 AM,12/22/2023 11:00:00 PM,Buy,Exit on session close,$1169.84,$160256.48,$5.16,$0.00,$0.00,$0.00,$0.00,$155.00,$2755.00,$1585.16,13,
2773,NQ 06-26,Backtest,VariableTrend,Long,1,19147.75,19240.00,12/26/2023 2:20:00 AM,12/26/2023 11:00:00 PM,Buy,Exit on session close,$1839.84,$162096.32,$5.16,$0.00,$0.00,$0.00,$0.00,$260.00,$2270.00,$430.16,19,
2774,NQ 06-26,Backtest,VariableTrend,Short,1,19262.00,19278.50,12/28/2023 5:30:00 PM,12/28/2023 7:50:00 PM,Sell short,Close position,($335.16),$161761.16,$5.16,$0.00,$0.00,$0.00,$0.00,$650.00,$150.00,$485.16,3,
2775,NQ 06-26,Backtest,VariableTrend,Long,1,19278.50,19263.50,12/28/2023 7:50:00 PM,12/28/2023 9:00:00 PM,Buy,Close position,($305.16),$161456.00,$5.16,$0.00,$0.00,$0.00,$0.00,$715.00,$180.00,$485.16,2,
2776,NQ 06-26,Backtest,VariableTrend,Short,1,19263.50,19239.50,12/28/2023 9:00:00 PM,12/28/2023 11:00:00 PM,Sell short,Exit on session close,$474.84,$161930.84,$5.16,$0.00,$0.00,$0.00,$0.00,$310.00,$715.00,$240.16,3,
2777,NQ 06-26,Backtest,VariableTrend,Long,1,19261.50,19234.25,12/29/2023 9:20:00 AM,12/29/2023 3:10:00 PM,Buy,Close position,($550.16),$161380.68,$5.16,$0.00,$0.00,$0.00,$0.00,$715.00,$390.00,$940.16,6,
2778,NQ 06-26,Backtest,VariableTrend,Short,1,19234.25,19153.75,12/29/2023 3:10:00 PM,12/29/2023 11:00:00 PM,Sell short,Exit on session close,$1604.84,$162985.52,$5.16,$0.00,$0.00,$0.00,$0.00,$465.00,$2920.00,$1315.16,8,
2779,NQ 06-26,Backtest,VariableTrend,Long,1,18674.00,18624.00,1/5/2024 5:30:00 PM,1/5/2024 6:40:00 PM,Buy,Stop loss,($1005.16),$161980.36,$5.16,$0.00,$0.00,$0.00,$0.00,$1000.00,$1065.00,$2070.16,2,
2780,NQ 06-26,Backtest,VariableTrend,Short,1,18574.75,18616.25,1/5/2024 10:10:00 PM,1/5/2024 11:00:00 PM,Sell short,Close position,($835.16),$161145.20,$5.16,$0.00,$0.00,$0.00,$0.00,$950.00,$420.00,$1255.16,2,
2781,NQ 06-26,Backtest,VariableTrend,Long,1,18616.25,18615.00,1/5/2024 11:00:00 PM,1/5/2024 11:00:00 PM,Buy,Exit on session close,($30.16),$161115.04,$5.16,$0.00,$0.00,$0.00,$0.00,$160.00,$60.00,$90.16,1,
2782,NQ 06-26,Backtest,VariableTrend,Short,1,18593.50,18611.50,1/8/2024 5:50:00 AM,1/8/2024 2:00:00 PM,Sell short,Close position,($365.16),$160749.88,$5.16,$0.00,$0.00,$0.00,$0.00,$475.00,$1305.00,$1670.16,8,
2783,NQ 06-26,Backtest,VariableTrend,Long,1,18611.50,18938.25,1/8/2024 2:00:00 PM,1/8/2024 11:00:00 PM,Buy,Exit on session close,$6529.84,$167279.72,$5.16,$0.00,$0.00,$0.00,$0.00,$185.00,$6995.00,$465.16,9,
2784,NQ 06-26,Backtest,VariableTrend,Short,1,18883.25,18890.25,1/9/2024 11:40:00 AM,1/9/2024 5:30:00 PM,Sell short,Close position,($145.16),$167134.56,$5.16,$0.00,$0.00,$0.00,$0.00,$290.00,$1510.00,$1655.16,6,
2785,NQ 06-26,Backtest,VariableTrend,Long,1,18890.25,18979.50,1/9/2024 5:30:00 PM,1/9/2024 11:00:00 PM,Buy,Exit on session close,$1779.84,$168914.40,$5.16,$0.00,$0.00,$0.00,$0.00,$565.00,$2565.00,$785.16,6,
2786,NQ 06-26,Backtest,VariableTrend,Short,1,19092.75,19142.75,1/11/2024 4:20:00 PM,1/11/2024 4:20:00 PM,Sell short,Stop loss,($1005.16),$167909.24,$5.16,$0.00,$0.00,$0.00,$0.00,$1000.00,$0.00,$1005.16,1,
2787,NQ 06-26,Backtest,VariableTrend,Long,1,19125.00,19108.25,1/11/2024 10:10:00 PM,1/11/2024 11:00:00 PM,Buy,Exit on session close,($340.16),$167569.08,$5.16,$0.00,$0.00,$0.00,$0.00,$980.00,$75.00,$415.16,2,
2788,NQ 06-26,Backtest,VariableTrend,Short,1,19024.00,19074.00,1/12/2024 2:00:00 PM,1/12/2024 3:10:00 PM,Sell short,Stop loss,($1005.16),$166563.92,$5.16,$0.00,$0.00,$0.00,$0.00,$1000.00,$15.00,$1020.16,2,
2789,NQ 06-26,Backtest,VariableTrend,Long,1,19114.00,19064.00,1/12/2024 4:20:00 PM,1/12/2024 5:30:00 PM,Buy,Stop loss,($1005.16),$165558.76,$5.16,$0.00,$0.00,$0.00,$0.00,$1000.00,$1570.00,$2575.16,2,
2790,NQ 06-26,Backtest,VariableTrend,Short,1,19097.00,19123.00,1/15/2024 4:20:00 PM,1/15/2024 6:40:00 PM,Sell short,Close position,($525.16),$165033.60,$5.16,$0.00,$0.00,$0.00,$0.00,$620.00,$215.00,$740.16,3,
2791,NQ 06-26,Backtest,VariableTrend,Long,1,19123.00,19120.00,1/15/2024 6:40:00 PM,1/15/2024 7:00:00 PM,Buy,Exit on session close,($65.16),$164968.44,$5.16,$0.00,$0.00,$0.00,$0.00,$375.00,$120.00,$185.16,2,
2792,NQ 06-26,Backtest,VariableTrend,Short,1,19072.00,19061.75,1/16/2024 2:20:00 AM,1/16/2024 3:10:00 PM,Sell short,Close position,$199.84,$165168.28,$5.16,$0.00,$0.00,$0.00,$0.00,$150.00,$2205.00,$2005.16,12,
2793,NQ 06-26,Backtest,VariableTrend,Long,1,19061.75,19011.75,1/16/2024 3:10:00 PM,1/16/2024 4:20:00 PM,Buy,Stop loss,($1005.16),$164163.12,$5.16,$0.00,$0.00,$0.00,$0.00,$1000.00,$370.00,$1375.16,2,
2794,NQ 06-26,Backtest,VariableTrend,Short,1,19043.25,19007.75,1/17/2024 8:10:00 AM,1/17/2024 11:00:00 PM,Sell short,Close position,$704.84,$164867.96,$5.16,$0.00,$0.00,$0.00,$0.00,$295.00,$4080.00,$3375.16,14,
2795,NQ 06-26,Backtest,VariableTrend,Long,1,19007.75,19010.25,1/17/2024 11:00:00 PM,1/17/2024 11:00:00 PM,Buy,Exit on session close,$44.84,$164912.80,$5.16,$0.00,$0.00,$0.00,$0.00,$20.00,$115.00,$70.16,1,
2796,NQ 06-26,Backtest,VariableTrend,Short,1,18999.75,19012.50,1/18/2024 2:20:00 AM,1/18/2024 3:30:00 AM,Sell short,Close position,($260.16),$164652.64,$5.16,$0.00,$0.00,$0.00,$0.00,$455.00,$70.00,$330.16,2,
2797,NQ 06-26,Backtest,VariableTrend,Long,1,19012.50,18994.00,1/18/2024 3:30:00 AM,1/18/2024 7:00:00 AM,Buy,Close position,($375.16),$164277.48,$5.16,$0.00,$0.00,$0.00,$0.00,$465.00,$105.00,$480.16,4,
2798,NQ 06-26,Backtest,VariableTrend,Short,1,18994.00,19014.25,1/18/2024 7:00:00 AM,1/18/2024 8:10:00 AM,Sell short,Close position,($410.16),$163867.32,$5.16,$0.00,$0.00,$0.00,$0.00,$475.00,$20.00,$430.16,2,
2799,NQ 06-26,Backtest,VariableTrend,Long,1,19014.25,19267.25,1/18/2024 8:10:00 AM,1/18/2024 11:00:00 PM,Buy,Exit on session close,$5054.84,$168922.16,$5.16,$0.00,$0.00,$0.00,$0.00,$15.00,$5230.00,$175.16,14,
2800,NQ 06-26,Backtest,VariableTrend,Short,1,19644.25,19605.50,1/22/2024 6:40:00 PM,1/22/2024 11:00:00 PM,Sell short,Exit on session close,$769.84,$169692.00,$5.16,$0.00,$0.00,$0.00,$0.00,$390.00,$1205.00,$435.16,5,
2801,NQ 06-26,Backtest,VariableTrend,Long,1,19633.00,19628.75,1/23/2024 4:40:00 AM,1/23/2024 5:50:00 AM,Buy,Close position,($90.16),$169601.84,$5.16,$0.00,$0.00,$0.00,$0.00,$335.00,$55.00,$145.16,2,
2802,NQ 06-26,Backtest,VariableTrend,Short,1,19628.75,19635.00,1/23/2024 5:50:00 AM,1/23/2024 9:20:00 AM,Sell short,Close position,($130.16),$169471.68,$5.16,$0.00,$0.00,$0.00,$0.00,$155.00,$270.00,$400.16,4,
2803,NQ 06-26,Backtest,VariableTrend,Long,1,19635.00,19602.75,1/23/2024 9:20:00 AM,1/23/2024 10:30:00 AM,Buy,Close position,($650.16),$168821.52,$5.16,$0.00,$0.00,$0.00,$0.00,$755.00,$45.00,$695.16,2,
2804,NQ 06-26,Backtest,VariableTrend,Short,1,19602.75,19631.75,1/23/2024 10:30:00 AM,1/23/2024 3:10:00 PM,Sell short,Close position,($585.16),$168236.36,$5.16,$0.00,$0.00,$0.00,$0.00,$700.00,$645.00,$1230.16,5,
2805,NQ 06-26,Backtest,VariableTrend,Long,1,19631.75,19581.75,1/23/2024 3:10:00 PM,1/23/2024 4:20:00 PM,Buy,Stop loss,($1005.16),$167231.20,$5.16,$0.00,$0.00,$0.00,$0.00,$1000.00,$875.00,$1880.16,2,
2806,NQ 06-26,Backtest,VariableTrend,Short,1,19611.00,19631.25,1/23/2024 5:30:00 PM,1/23/2024 9:00:00 PM,Sell short,Close position,($410.16),$166821.04,$5.16,$0.00,$0.00,$0.00,$0.00,$660.00,$670.00,$1080.16,4,
2807,NQ 06-26,Backtest,VariableTrend,Long,1,19631.25,19702.50,1/23/2024 9:00:00 PM,1/23/2024 11:00:00 PM,Buy,Exit on session close,$1419.84,$168240.88,$5.16,$0.00,$0.00,$0.00,$0.00,$335.00,$1540.00,$120.16,3,
2808,NQ 06-26,Backtest,VariableTrend,Short,1,19814.50,19780.25,1/24/2024 10:10:00 PM,1/24/2024 11:00:00 PM,Sell short,Exit on session close,$679.84,$168920.72,$5.16,$0.00,$0.00,$0.00,$0.00,$375.00,$1895.00,$1215.16,2,
2809,NQ 06-26,Backtest,VariableTrend,Long,1,19860.00,19810.00,1/25/2024 4:20:00 PM,1/25/2024 4:20:00 PM,Buy,Stop loss,($1005.16),$167915.56,$5.16,$0.00,$0.00,$0.00,$0.00,$1000.00,$0.00,$1005.16,1,
2810,NQ 06-26,Backtest,VariableTrend,Short,1,19806.75,19729.50,1/25/2024 7:50:00 PM,1/25/2024 11:00:00 PM,Sell short,Exit on session close,$1539.84,$169455.40,$5.16,$0.00,$0.00,$0.00,$0.00,$505.00,$2295.00,$755.16,4,
2811,NQ 06-26,Backtest,VariableTrend,Long,1,19716.00,19666.00,1/26/2024 3:10:00 PM,1/26/2024 4:20:00 PM,Buy,Stop loss,($1005.16),$168450.24,$5.16,$0.00,$0.00,$0.00,$0.00,$1000.00,$910.00,$1915.16,2,
2812,NQ 06-26,Backtest,VariableTrend,Short,1,19684.00,19734.00,1/26/2024 5:30:00 PM,1/26/2024 5:30:00 PM,Sell short,Stop loss,($1005.16),$167445.08,$5.16,$0.00,$0.00,$0.00,$0.00,$1000.00,$0.00,$1005.16,1,
2813,NQ 06-26,Backtest,VariableTrend,Long,1,19759.75,19709.75,1/26/2024 6:40:00 PM,1/26/2024 6:40:00 PM,Buy,Stop loss,($1005.16),$166439.92,$5.16,$0.00,$0.00,$0.00,$0.00,$1000.00,$0.00,$1005.16,1,
2814,NQ 06-26,Backtest,VariableTrend,Short,1,19700.00,19712.50,1/26/2024 7:50:00 PM,1/26/2024 10:10:00 PM,Sell short,Close position,($255.16),$166184.76,$5.16,$0.00,$0.00,$0.00,$0.00,$475.00,$930.00,$1185.16,3,
2815,NQ 06-26,Backtest,VariableTrend,Long,1,19712.50,19662.50,1/26/2024 10:10:00 PM,1/26/2024 10:10:00 PM,Buy,Stop loss,($1005.16),$165179.60,$5.16,$0.00,$0.00,$0.00,$0.00,$1000.00,$0.00,$1005.16,1,
2816,NQ 06-26,Backtest,VariableTrend,Short,1,19661.75,19654.75,1/26/2024 11:00:00 PM,1/26/2024 11:00:00 PM,Sell short,Exit on session close,$134.84,$165314.44,$5.16,$0.00,$0.00,$0.00,$0.00,$90.00,$300.00,$165.16,1,
2817,NQ 06-26,Backtest,VariableTrend,Long,1,19702.00,19701.00,1/29/2024 9:20:00 AM,1/29/2024 4:20:00 PM,Buy,Close position,($25.16),$165289.28,$5.16,$0.00,$0.00,$0.00,$0.00,$280.00,$790.00,$815.16,7,
2818,NQ 06-26,Backtest,VariableTrend,Short,1,19701.00,19715.75,1/29/2024 4:20:00 PM,1/29/2024 5:30:00 PM,Sell short,Close position,($300.16),$164989.12,$5.16,$0.00,$0.00,$0.00,$0.00,$650.00,$500.00,$800.16,2,
2819,NQ 06-26,Backtest,VariableTrend,Long,1,19715.75,19850.25,1/29/2024 5:30:00 PM,1/29/2024 11:00:00 PM,Buy,Exit on session close,$2684.84,$167673.96,$5.16,$0.00,$0.00,$0.00,$0.00,$920.00,$3010.00,$325.16,6,
2820,NQ 06-26,Backtest,VariableTrend,Short,1,19813.75,19620.25,1/30/2024 4:20:00 PM,1/30/2024 11:00:00 PM,Sell short,Exit on session close,$3864.84,$171538.80,$5.16,$0.00,$0.00,$0.00,$0.00,$420.00,$3935.00,$70.16,7,
2821,NQ 06-26,Backtest,VariableTrend,Long,1,19525.00,19778.00,2/1/2024 9:00:00 PM,2/1/2024 11:00:00 PM,Buy,Exit on session close,$5054.84,$176593.64,$5.16,$0.00,$0.00,$0.00,$0.00,$125.00,$5435.00,$380.16,3,
2822,NQ 06-26,Backtest,VariableTrend,Short,1,19663.00,19713.00,2/2/2024 4:20:00 PM,2/2/2024 4:20:00 PM,Sell short,Stop loss,($1005.16),$175588.48,$5.16,$0.00,$0.00,$0.00,$0.00,$1000.00,$0.00,$1005.16,1,
2823,NQ 06-26,Backtest,VariableTrend,Long,1,19742.25,19837.00,2/2/2024 5:30:00 PM,2/2/2024 11:00:00 PM,Buy,Exit on session close,$1889.84,$177478.32,$5.16,$0.00,$0.00,$0.00,$0.00,$875.00,$3665.00,$1775.16,6,
2824,NQ 06-26,Backtest,VariableTrend,Short,1,19764.50,19814.50,2/5/2024 5:30:00 PM,2/5/2024 6:40:00 PM,Sell short,Stop loss,($1005.16),$176473.16,$5.16,$0.00,$0.00,$0.00,$0.00,$1000.00,$1205.00,$2210.16,2,
2825,NQ 06-26,Backtest,VariableTrend,Long,1,19865.75,19852.50,2/5/2024 7:50:00 PM,2/5/2024 11:00:00 PM,Buy,Exit on session close,($270.16),$176203.00,$5.16,$0.00,$0.00,$0.00,$0.00,$845.00,$595.00,$865.16,4,
2826,NQ 06-26,Backtest,VariableTrend,Short,1,19834.00,19855.00,2/6/2024 2:00:00 PM,2/6/2024 3:10:00 PM,Sell short,Close position,($425.16),$175777.84,$5.16,$0.00,$0.00,$0.00,$0.00,$480.00,$270.00,$695.16,2,
2827,NQ 06-26,Backtest,VariableTrend,Long,1,19855.00,19805.00,2/6/2024 3:10:00 PM,2/6/2024 4:20:00 PM,Buy,Stop loss,($1005.16),$174772.68,$5.16,$0.00,$0.00,$0.00,$0.00,$1000.00,$925.00,$1930.16,2,
2828,NQ 06-26,Backtest,VariableTrend,Short,1,19802.50,19800.25,2/6/2024 5:30:00 PM,2/6/2024 11:00:00 PM,Sell short,Exit on session close,$39.84,$174812.52,$5.16,$0.00,$0.00,$0.00,$0.00,$310.00,$1835.00,$1795.16,6,
2829,NQ 06-26,Backtest,VariableTrend,Long,1,19848.75,19810.00,2/7/2024 3:30:00 AM,2/7/2024 7:00:00 AM,Buy,Close position,($780.16),$174032.36,$5.16,$0.00,$0.00,$0.00,$0.00,$890.00,$265.00,$1045.16,4,
2830,NQ 06-26,Backtest,VariableTrend,Short,1,19810.00,19831.00,2/7/2024 7:00:00 AM,2/7/2024 2:00:00 PM,Sell short,Close position,($425.16),$173607.20,$5.16,$0.00,$0.00,$0.00,$0.00,$570.00,$605.00,$1030.16,7,
2831,NQ 06-26,Backtest,VariableTrend,Long,1,19831.00,20006.25,2/7/2024 2:00:00 PM,2/7/2024 11:00:00 PM,Buy,Exit on session close,$3499.84,$177107.04,$5.16,$0.00,$0.00,$0.00,$0.00,$565.00,$3890.00,$390.16,9,
2832,NQ 06-26,Backtest,VariableTrend,Short,1,20159.75,20079.50,2/12/2024 9:00:00 PM,2/12/2024 11:00:00 PM,Sell short,Exit on session close,$1599.84,$178706.88,$5.16,$0.00,$0.00,$0.00,$0.00,$425.00,$1970.00,$370.16,3,
2833,NQ 06-26,Backtest,VariableTrend,Long,1,19916.50,19866.50,2/14/2024 11:40:00 AM,2/14/2024 5:30:00 PM,Buy,Stop loss,($1005.16),$177701.72,$5.16,$0.00,$0.00,$0.00,$0.00,$1000.00,$1220.00,$2225.16,6,
2834,NQ 06-26,Backtest,VariableTrend,Short,1,19902.25,19952.25,2/14/2024 6:40:00 PM,2/14/2024 7:50:00 PM,Sell short,Stop loss,($1005.16),$176696.56,$5.16,$0.00,$0.00,$0.00,$0.00,$1000.00,$1240.00,$2245.16,2,
2835,NQ 06-26,Backtest,VariableTrend,Long,1,19952.25,19902.25,2/14/2024 9:00:00 PM,2/14/2024 9:00:00 PM,Buy,Stop loss,($1005.16),$175691.40,$5.16,$0.00,$0.00,$0.00,$0.00,$1000.00,$0.00,$1005.16,1,
2836,NQ 06-26,Backtest,VariableTrend,Short,1,20002.25,20023.50,2/15/2024 5:30:00 PM,2/15/2024 7:50:00 PM,Sell short,Close position,($430.16),$175261.24,$5.16,$0.00,$0.00,$0.00,$0.00,$490.00,$1435.00,$1865.16,3,
2837,NQ 06-26,Backtest,VariableTrend,Long,1,20023.50,20105.00,2/15/2024 7:50:00 PM,2/15/2024 11:00:00 PM,Buy,Exit on session close,$1624.84,$176886.08,$5.16,$0.00,$0.00,$0.00,$0.00,$455.00,$1895.00,$270.16,4,
2838,NQ 06-26,Backtest,VariableTrend,Short,1,19935.50,19985.50,2/16/2024 5:30:00 PM,2/16/2024 5:30:00 PM,Sell short,Stop loss,($1005.16),$175880.92,$5.16,$0.00,$0.00,$0.00,$0.00,$1000.00,$0.00,$1005.16,1,
2839,NQ 06-26,Backtest,VariableTrend,Long,1,19686.00,19636.00,2/21/2024 11:00:00 PM,2/21/2024 11:00:00 PM,Buy,Stop loss,($1005.16),$174875.76,$5.16,$0.00,$0.00,$0.00,$0.00,$1000.00,$0.00,$1005.16,1,
2840,NQ 06-26,Backtest,VariableTrend,Short,1,20117.50,20110.75,2/23/2024 11:00:00 PM,2/23/2024 11:00:00 PM,Sell short,Exit on session close,$129.84,$175005.60,$5.16,$0.00,$0.00,$0.00,$0.00,$100.00,$240.00,$110.16,1,
2841,NQ 06-26,Backtest,VariableTrend,Long,1,20118.75,20115.50,2/26/2024 11:40:00 AM,2/26/2024 11:00:00 PM,Buy,Close position,($70.16),$174935.44,$5.16,$0.00,$0.00,$0.00,$0.00,$185.00,$1815.00,$1885.16,11,
2842,NQ 06-26,Backtest,VariableTrend,Short,1,20115.50,20099.00,2/26/2024 11:00:00 PM,2/26/2024 11:00:00 PM,Sell short,Exit on session close,$324.84,$175260.28,$5.16,$0.00,$0.00,$0.00,$0.00,$50.00,$405.00,$80.16,1,
2843,NQ 06-26,Backtest,VariableTrend,Long,1,20125.00,20125.50,2/27/2024 10:30:00 AM,2/27/2024 6:40:00 PM,Buy,Close position,$4.84,$175265.12,$5.16,$0.00,$0.00,$0.00,$0.00,$680.00,$1305.00,$1300.16,8,
2844,NQ 06-26,Backtest,VariableTrend,Short,1,20125.50,20175.50,2/27/2024 6:40:00 PM,2/27/2024 9:00:00 PM,Sell short,Stop loss,($1005.16),$174259.96,$5.16,$0.00,$0.00,$0.00,$0.00,$1000.00,$1335.00,$2340.16,3,
2845,NQ 06-26,Backtest,VariableTrend,Long,1,20177.00,20162.25,2/27/2024 10:10:00 PM,2/27/2024 11:00:00 PM,Buy,Exit on session close,($300.16),$173959.80,$5.16,$0.00,$0.00,$0.00,$0.00,$510.00,$85.00,$385.16,2,
2846,NQ 06-26,Backtest,VariableTrend,Short,1,20122.75,20111.00,2/28/2024 10:30:00 AM,2/28/2024 6:40:00 PM,Sell short,Close position,$229.84,$174189.64,$5.16,$0.00,$0.00,$0.00,$0.00,$0.00,$1935.00,$1705.16,8,
2847,NQ 06-26,Backtest,VariableTrend,Long,1,20111.00,20061.00,2/28/2024 6:40:00 PM,2/28/2024 6:40:00 PM,Buy,Stop loss,($1005.16),$173184.48,$5.16,$0.00,$0.00,$0.00,$0.00,$1000.00,$0.00,$1005.16,1,
2848,NQ 06-26,Backtest,VariableTrend,Short,1,20049.75,20099.75,2/28/2024 7:50:00 PM,2/28/2024 7:50:00 PM,Sell short,Stop loss,($1005.16),$172179.32,$5.16,$0.00,$0.00,$0.00,$0.00,$1000.00,$0.00,$1005.16,1,
2849,NQ 06-26,Backtest,VariableTrend,Long,1,20170.50,20120.50,2/29/2024 4:20:00 PM,2/29/2024 5:30:00 PM,Buy,Stop loss,($1005.16),$171174.16,$5.16,$0.00,$0.00,$0.00,$0.00,$1000.00,$1040.00,$2045.16,2,
2850,NQ 06-26,Backtest,VariableTrend,Short,1,20220.50,20270.50,3/1/2024 12:50:00 PM,3/1/2024 4:20:00 PM,Sell short,Stop loss,($1005.16),$170169.00,$5.16,$0.00,$0.00,$0.00,$0.00,$1000.00,$430.00,$1435.16,4,
2851,NQ 06-26,Backtest,VariableTrend,Long,1,20324.25,20471.00,3/1/2024 5:30:00 PM,3/1/2024 11:00:00 PM,Buy,Exit on session close,$2929.84,$173098.84,$5.16,$0.00,$0.00,$0.00,$0.00,$610.00,$3970.00,$1040.16,6,
2852,NQ 06-26,Backtest,VariableTrend,Short,1,20448.25,20454.00,3/4/2024 5:30:00 PM,3/4/2024 6:40:00 PM,Sell short,Close position,($120.16),$172978.68,$5.16,$0.00,$0.00,$0.00,$0.00,$695.00,$355.00,$475.16,2,
2853,NQ 06-26,Backtest,VariableTrend,Long,1,20454.00,20447.50,3/4/2024 6:40:00 PM,3/4/2024 9:00:00 PM,Buy,Close position,($135.16),$172843.52,$5.16,$0.00,$0.00,$0.00,$0.00,$675.00,$470.00,$605.16,3,
2854,NQ 06-26,Backtest,VariableTrend,Short,1,20447.50,20481.25,3/4/2024 9:00:00 PM,3/4/2024 10:10:00 PM,Sell short,Close position,($680.16),$172163.36,$5.16,$0.00,$0.00,$0.00,$0.00,$980.00,$170.00,$850.16,2,
2855,NQ 06-26,Backtest,VariableTrend,Long,1,20481.25,20431.25,3/4/2024 10:10:00 PM,3/4/2024 10:10:00 PM,Buy,Stop loss,($1005.16),$171158.20,$5.16,$0.00,$0.00,$0.00,$0.00,$1000.00,$0.00,$1005.16,1,
2856,NQ 06-26,Backtest,VariableTrend,Short,1,20392.00,20394.25,3/4/2024 11:00:00 PM,3/4/2024 11:00:00 PM,Sell short,Exit on session close,($50.16),$171108.04,$5.16,$0.00,$0.00,$0.00,$0.00,$100.00,$155.00,$205.16,1,
2857,NQ 06-26,Backtest,VariableTrend,Long,1,20172.00,20122.00,3/6/2024 10:30:00 AM,3/6/2024 4:20:00 PM,Buy,Stop loss,($1005.16),$170102.88,$5.16,$0.00,$0.00,$0.00,$0.00,$1000.00,$1535.00,$2540.16,6,
2858,NQ 06-26,Backtest,VariableTrend,Short,1,20163.25,20213.25,3/6/2024 5:30:00 PM,3/6/2024 5:30:00 PM,Sell short,Stop loss,($1005.16),$169097.72,$5.16,$0.00,$0.00,$0.00,$0.00,$1000.00,$0.00,$1005.16,1,
2859,NQ 06-26,Backtest,VariableTrend,Long,1,20247.75,20197.75,3/6/2024 6:40:00 PM,3/6/2024 7:50:00 PM,Buy,Stop loss,($1005.16),$168092.56,$5.16,$0.00,$0.00,$0.00,$0.00,$1000.00,$1530.00,$2535.16,2,
2860,NQ 06-26,Backtest,VariableTrend,Short,1,20195.75,20190.25,3/6/2024 9:00:00 PM,3/6/2024 11:00:00 PM,Sell short,Exit on session close,$104.84,$168197.40,$5.16,$0.00,$0.00,$0.00,$0.00,$940.00,$1225.00,$1120.16,3,
2861,NQ 06-26,Backtest,VariableTrend,Long,1,20216.75,20404.00,3/7/2024 11:40:00 AM,3/7/2024 11:00:00 PM,Buy,Exit on session close,$3739.84,$171937.24,$5.16,$0.00,$0.00,$0.00,$0.00,$260.00,$5865.00,$2125.16,11,
2862,NQ 06-26,Backtest,VariableTrend,Short,1,20349.00,20206.00,3/8/2024 6:40:00 PM,3/8/2024 11:00:00 PM,Sell short,Exit on session close,$2854.84,$174792.08,$5.16,$0.00,$0.00,$0.00,$0.00,$645.00,$3730.00,$875.16,5,
2863,NQ 06-26,Backtest,VariableTrend,Long,1,20219.00,20200.00,3/12/2024 7:10:00 AM,3/12/2024 10:40:00 AM,Buy,Close position,($385.16),$174406.92,$5.16,$0.00,$0.00,$0.00,$0.00,$380.00,$540.00,$925.16,4,
2864,NQ 06-26,Backtest,VariableTrend,Short,1,20200.00,20250.00,3/12/2024 10:40:00 AM,3/12/2024 2:10:00 PM,Sell short,Stop loss,($1005.16),$173401.76,$5.16,$0.00,$0.00,$0.00,$0.00,$1000.00,$445.00,$1450.16,4,
2865,NQ 06-26,Backtest,VariableTrend,Long,1,20356.00,20306.00,3/12/2024 5:40:00 PM,3/12/2024 5:40:00 PM,Buy,Stop loss,($1005.16),$172396.60,$5.16,$0.00,$0.00,$0.00,$0.00,$1000.00,$0.00,$1005.16,1,
2866,NQ 06-26,Backtest,VariableTrend,Short,1,20245.25,20295.25,3/13/2024 4:30:00 PM,3/13/2024 6:50:00 PM,Sell short,Stop loss,($1005.16),$171391.44,$5.16,$0.00,$0.00,$0.00,$0.00,$1000.00,$1220.00,$2225.16,3,
2867,NQ 06-26,Backtest,VariableTrend,Long,1,20286.25,20281.75,3/14/2024 8:20:00 AM,3/14/2024 9:30:00 AM,Buy,Close position,($95.16),$171296.28,$5.16,$0.00,$0.00,$0.00,$0.00,$175.00,$225.00,$320.16,2,
2868,NQ 06-26,Backtest,VariableTrend,Short,1,20281.75,20316.75,3/14/2024 9:30:00 AM,3/14/2024 10:40:00 AM,Sell short,Close position,($705.16),$170591.12,$5.16,$0.00,$0.00,$0.00,$0.00,$980.00,$60.00,$765.16,2,
2869,NQ 06-26,Backtest,VariableTrend,Long,1,20316.75,20266.75,3/14/2024 10:40:00 AM,3/14/2024 2:10:00 PM,Buy,Stop loss,($1005.16),$169585.96,$5.16,$0.00,$0.00,$0.00,$0.00,$1000.00,$195.00,$1200.16,4,
2870,NQ 06-26,Backtest,VariableTrend,Short,1,20261.00,20168.75,3/14/2024 3:20:00 PM,3/14/2024 10:00:00 PM,Sell short,Exit on session close,$1839.84,$171425.80,$5.16,$0.00,$0.00,$0.00,$0.00,$790.00,$3945.00,$2105.16,7,
2871,NQ 06-26,Backtest,VariableTrend,Long,1,20187.75,20184.50,3/15/2024 11:50:00 AM,3/15/2024 2:10:00 PM,Buy,Close position,($70.16),$171355.64,$5.16,$0.00,$0.00,$0.00,$0.00,$225.00,$750.00,$820.16,3,
2872,NQ 06-26,Backtest,VariableTrend,Short,1,20184.50,19966.00,3/15/2024 2:10:00 PM,3/15/2024 10:00:00 PM,Sell short,Exit on session close,$4364.84,$175720.48,$5.16,$0.00,$0.00,$0.00,$0.00,$30.00,$5515.00,$1150.16,8,
2873,NQ 06-26,Backtest,VariableTrend,Long,1,20066.25,20048.50,3/18/2024 8:20:00 AM,3/18/2024 10:40:00 AM,Buy,Close position,($360.16),$175360.32,$5.16,$0.00,$0.00,$0.00,$0.00,$395.00,$165.00,$525.16,3,
2874,NQ 06-26,Backtest,VariableTrend,Short,1,20048.50,20076.75,3/18/2024 10:40:00 AM,3/18/2024 11:50:00 AM,Sell short,Close position,($570.16),$174790.16,$5.16,$0.00,$0.00,$0.00,$0.00,$990.00,$135.00,$705.16,2,
2875,NQ 06-26,Backtest,VariableTrend,Long,1,20076.75,20136.00,3/18/2024 11:50:00 AM,3/18/2024 10:00:00 PM,Buy,Close position,$1179.84,$175970.00,$5.16,$0.00,$0.00,$0.00,$0.00,$50.00,$4135.00,$2955.16,10,
2876,NQ 06-26,Backtest,VariableTrend,Short,1,20136.00,20130.25,3/18/2024 10:00:00 PM,3/18/2024 10:00:00 PM,Sell short,Exit on session close,$109.84,$176079.84,$5.16,$0.00,$0.00,$0.00,$0.00,$310.00,$525.00,$415.16,1,
2877,NQ 06-26,Backtest,VariableTrend,Long,1,20123.00,20175.50,3/19/2024 6:50:00 PM,3/19/2024 10:00:00 PM,Buy,Exit on session close,$1044.84,$177124.68,$5.16,$0.00,$0.00,$0.00,$0.00,$80.00,$1375.00,$330.16,4,
2878,NQ 06-26,Backtest,VariableTrend,Short,1,20476.00,20482.25,3/21/2024 9:10:00 PM,3/21/2024 10:00:00 PM,Sell short,Exit on session close,($130.16),$176994.52,$5.16,$0.00,$0.00,$0.00,$0.00,$565.00,$415.00,$545.16,2,
2879,NQ 06-26,Backtest,VariableTrend,Long,1,20490.75,20440.75,3/22/2024 1:00:00 PM,3/22/2024 1:00:00 PM,Buy,Stop loss,($1005.16),$175989.36,$5.16,$0.00,$0.00,$0.00,$0.00,$1000.00,$0.00,$1005.16,1,
2880,NQ 06-26,Backtest,VariableTrend,Short,1,20413.25,20463.25,3/22/2024 2:10:00 PM,3/22/2024 3:20:00 PM,Sell short,Stop loss,($1005.16),$174984.20,$5.16,$0.00,$0.00,$0.00,$0.00,$1000.00,$375.00,$1380.16,2,
2881,NQ 06-26,Backtest,VariableTrend,Long,1,20511.25,20461.25,3/22/2024 8:00:00 PM,3/22/2024 9:10:00 PM,Buy,Stop loss,($1005.16),$173979.04,$5.16,$0.00,$0.00,$0.00,$0.00,$1000.00,$345.00,$1350.16,2,
2882,NQ 06-26,Backtest,VariableTrend,Short,1,20461.50,20466.25,3/22/2024 10:00:00 PM,3/22/2024 10:00:00 PM,Sell short,Exit on session close,($100.16),$173878.88,$5.16,$0.00,$0.00,$0.00,$0.00,$150.00,$60.00,$160.16,1,
2883,NQ 06-26,Backtest,VariableTrend,Long,1,20493.75,20473.75,3/25/2024 2:30:00 AM,3/25/2024 4:50:00 AM,Buy,Close position,($405.16),$173473.72,$5.16,$0.00,$0.00,$0.00,$0.00,$510.00,$200.00,$605.16,3,
2884,NQ 06-26,Backtest,VariableTrend,Short,1,20473.75,20447.50,3/25/2024 4:50:00 AM,3/25/2024 8:00:00 PM,Sell short,Close position,$519.84,$173993.56,$5.16,$0.00,$0.00,$0.00,$0.00,$135.00,$3130.00,$2610.16,14,
2885,NQ 06-26,Backtest,VariableTrend,Long,1,20447.50,20415.50,3/25/2024 8:00:00 PM,3/25/2024 10:00:00 PM,Buy,Close position,($645.16),$173348.40,$5.16,$0.00,$0.00,$0.00,$0.00,$750.00,$535.00,$1180.16,3,
2886,NQ 06-26,Backtest,VariableTrend,Short,1,20415.50,20436.00,3/25/2024 10:00:00 PM,3/25/2024 10:00:00 PM,Sell short,Exit on session close,($415.16),$172933.24,$5.16,$0.00,$0.00,$0.00,$0.00,$440.00,$20.00,$435.16,1,
2887,NQ 06-26,Backtest,VariableTrend,Short,1,20427.25,20437.25,3/26/2024 6:00:00 AM,3/26/2024 7:10:00 AM,Sell short,Close position,($205.16),$172728.08,$5.16,$0.00,$0.00,$0.00,$0.00,$300.00,$80.00,$285.16,2,
2888,NQ 06-26,Backtest,VariableTrend,Long,1,20437.25,20457.25,3/26/2024 7:10:00 AM,3/26/2024 6:50:00 PM,Buy,Close position,$394.84,$173122.92,$5.16,$0.00,$0.00,$0.00,$0.00,$45.00,$1685.00,$1290.16,11,
2889,NQ 06-26,Backtest,VariableTrend,Short,1,20457.25,20382.50,3/26/2024 6:50:00 PM,3/26/2024 10:00:00 PM,Sell short,Exit on session close,$1489.84,$174612.76,$5.16,$0.00,$0.00,$0.00,$0.00,$160.00,$2310.00,$820.16,4,
2890,NQ 06-26,Backtest,VariableTrend,Long,1,20441.00,20391.00,3/27/2024 1:00:00 PM,3/27/2024 3:20:00 PM,Buy,Stop loss,($1005.16),$173607.60,$5.16,$0.00,$0.00,$0.00,$0.00,$1000.00,$330.00,$1335.16,3,
2891,NQ 06-26,Backtest,VariableTrend,Short,1,20329.50,20379.50,3/27/2024 4:30:00 PM,3/27/2024 9:10:00 PM,Sell short,Stop loss,($1005.16),$172602.44,$5.16,$0.00,$0.00,$0.00,$0.00,$1000.00,$725.00,$1730.16,5,
2892,NQ 06-26,Backtest,VariableTrend,Long,1,20422.25,20410.75,3/27/2024 10:00:00 PM,3/27/2024 10:00:00 PM,Buy,Exit on session close,($235.16),$172367.28,$5.16,$0.00,$0.00,$0.00,$0.00,$295.00,$130.00,$365.16,1,
2893,NQ 06-26,Backtest,VariableTrend,Short,1,20386.00,20403.50,3/28/2024 1:20:00 AM,3/28/2024 7:10:00 AM,Sell short,Close position,($355.16),$172012.12,$5.16,$0.00,$0.00,$0.00,$0.00,$435.00,$175.00,$530.16,6,
2894,NQ 06-26,Backtest,VariableTrend,Long,1,20403.50,20392.00,3/28/2024 7:10:00 AM,3/28/2024 9:30:00 AM,Buy,Close position,($235.16),$171776.96,$5.16,$0.00,$0.00,$0.00,$0.00,$365.00,$170.00,$405.16,3,
2895,NQ 06-26,Backtest,VariableTrend,Short,1,20392.00,20402.75,3/28/2024 9:30:00 AM,3/28/2024 3:20:00 PM,Sell short,Close position,($220.16),$171556.80,$5.16,$0.00,$0.00,$0.00,$0.00,$765.00,$605.00,$825.16,6,
2896,NQ 06-26,Backtest,VariableTrend,Long,1,20402.75,20381.50,3/28/2024 3:20:00 PM,3/28/2024 6:50:00 PM,Buy,Close position,($430.16),$171126.64,$5.16,$0.00,$0.00,$0.00,$0.00,$860.00,$770.00,$1200.16,4,
2897,NQ 06-26,Backtest,VariableTrend,Short,1,20381.50,20401.25,3/28/2024 6:50:00 PM,3/28/2024 9:10:00 PM,Sell short,Close position,($400.16),$170726.48,$5.16,$0.00,$0.00,$0.00,$0.00,$545.00,$605.00,$1005.16,3,
2898,NQ 06-26,Backtest,VariableTrend,Long,1,20401.25,20351.25,3/28/2024 9:10:00 PM,3/28/2024 9:10:00 PM,Buy,Stop loss,($1005.16),$169721.32,$5.16,$0.00,$0.00,$0.00,$0.00,$1000.00,$0.00,$1005.16,1,
2899,NQ 06-26,Backtest,VariableTrend,Short,1,20372.50,20367.50,3/28/2024 10:00:00 PM,3/28/2024 10:00:00 PM,Sell short,Exit on session close,$94.84,$169816.16,$5.16,$0.00,$0.00,$0.00,$0.00,$125.00,$305.00,$210.16,1,
2900,NQ 06-26,Backtest,VariableTrend,Long,1,20482.50,20432.50,4/1/2024 2:20:00 AM,4/1/2024 2:00:00 PM,Buy,Stop loss,($1005.16),$168811.00,$5.16,$0.00,$0.00,$0.00,$0.00,$1000.00,$640.00,$1645.16,11,
2901,NQ 06-26,Backtest,VariableTrend,Short,1,20444.75,20494.75,4/1/2024 3:10:00 PM,4/1/2024 4:20:00 PM,Sell short,Stop loss,($1005.16),$167805.84,$5.16,$0.00,$0.00,$0.00,$0.00,$1000.00,$980.00,$1985.16,2,
2902,NQ 06-26,Backtest,VariableTrend,Long,1,20292.25,20242.25,4/3/2024 5:30:00 PM,4/3/2024 10:10:00 PM,Buy,Stop loss,($1005.16),$166800.68,$5.16,$0.00,$0.00,$0.00,$0.00,$1000.00,$1240.00,$2245.16,5,
2903,NQ 06-26,Backtest,VariableTrend,Short,1,20128.50,19975.00,4/4/2024 10:10:00 PM,4/4/2024 11:00:00 PM,Sell short,Exit on session close,$3064.84,$169865.52,$5.16,$0.00,$0.00,$0.00,$0.00,$0.00,$3415.00,$350.16,2,
2904,NQ 06-26,Backtest,VariableTrend,Long,1,20124.00,20213.50,4/5/2024 5:30:00 PM,4/5/2024 11:00:00 PM,Buy,Exit on session close,$1784.84,$171650.36,$5.16,$0.00,$0.00,$0.00,$0.00,$795.00,$3735.00,$1950.16,6,
2905,NQ 06-26,Backtest,VariableTrend,Short,1,20174.75,20193.25,4/8/2024 11:40:00 AM,4/8/2024 12:50:00 PM,Sell short,Close position,($375.16),$171275.20,$5.16,$0.00,$0.00,$0.00,$0.00,$725.00,$190.00,$565.16,2,
2906,NQ 06-26,Backtest,VariableTrend,Long,1,20193.25,20143.25,4/8/2024 12:50:00 PM,4/8/2024 4:20:00 PM,Buy,Stop loss,($1005.16),$170270.04,$5.16,$0.00,$0.00,$0.00,$0.00,$1000.00,$1535.00,$2540.16,4,
2907,NQ 06-26,Backtest,VariableTrend,Short,1,20176.25,20226.25,4/9/2024 2:00:00 PM,4/9/2024 2:00:00 PM,Sell short,Stop loss,($1005.16),$169264.88,$5.16,$0.00,$0.00,$0.00,$0.00,$1000.00,$0.00,$1005.16,1,
2908,NQ 06-26,Backtest,VariableTrend,Long,1,20242.75,20192.75,4/9/2024 3:10:00 PM,4/9/2024 5:30:00 PM,Buy,Stop loss,($1005.16),$168259.72,$5.16,$0.00,$0.00,$0.00,$0.00,$1000.00,$1295.00,$2300.16,3,
2909,NQ 06-26,Backtest,VariableTrend,Short,1,20128.25,20178.25,4/9/2024 6:40:00 PM,4/9/2024 6:40:00 PM,Sell short,Stop loss,($1005.16),$167254.56,$5.16,$0.00,$0.00,$0.00,$0.00,$1000.00,$0.00,$1005.16,1,
2910,NQ 06-26,Backtest,VariableTrend,Long,1,20203.50,20153.50,4/9/2024 7:50:00 PM,4/9/2024 7:50:00 PM,Buy,Stop loss,($1005.16),$166249.40,$5.16,$0.00,$0.00,$0.00,$0.00,$1000.00,$0.00,$1005.16,1,
2911,NQ 06-26,Backtest,VariableTrend,Short,1,20163.50,20213.50,4/9/2024 9:00:00 PM,4/9/2024 10:10:00 PM,Sell short,Stop loss,($1005.16),$165244.24,$5.16,$0.00,$0.00,$0.00,$0.00,$1000.00,$475.00,$1480.16,2,
2912,NQ 06-26,Backtest,VariableTrend,Long,1,20295.75,20287.25,4/9/2024 11:00:00 PM,4/9/2024 11:00:00 PM,Buy,Exit on session close,($175.16),$165069.08,$5.16,$0.00,$0.00,$0.00,$0.00,$255.00,$145.00,$320.16,1,
2913,NQ 06-26,Backtest,VariableTrend,Short,1,19972.50,20022.50,4/10/2024 4:20:00 PM,4/10/2024 4:20:00 PM,Sell short,Stop loss,($1005.16),$164063.92,$5.16,$0.00,$0.00,$0.00,$0.00,$1000.00,$0.00,$1005.16,1,
2914,NQ 06-26,Backtest,VariableTrend,Long,1,20170.50,20120.50,4/11/2024 4:20:00 PM,4/11/2024 4:20:00 PM,Buy,Stop loss,($1005.16),$163058.76,$5.16,$0.00,$0.00,$0.00,$0.00,$1000.00,$0.00,$1005.16,1,
2915,NQ 06-26,Backtest,VariableTrend,Short,1,20086.75,20136.75,4/11/2024 5:30:00 PM,4/11/2024 5:30:00 PM,Sell short,Stop loss,($1005.16),$162053.60,$5.16,$0.00,$0.00,$0.00,$0.00,$1000.00,$0.00,$1005.16,1,
2916,NQ 06-26,Backtest,VariableTrend,Long,1,20149.00,20388.00,4/11/2024 6:40:00 PM,4/11/2024 11:00:00 PM,Buy,Exit on session close,$4774.84,$166828.44,$5.16,$0.00,$0.00,$0.00,$0.00,$85.00,$5445.00,$670.16,5,
2917,NQ 06-26,Backtest,VariableTrend,Short,1,20298.75,20075.00,4/12/2024 2:00:00 PM,4/12/2024 11:00:00 PM,Sell short,Exit on session close,$4469.84,$171298.28,$5.16,$0.00,$0.00,$0.00,$0.00,$665.00,$5520.00,$1050.16,9,
2918,NQ 06-26,Backtest,VariableTrend,Long,1,20151.50,20101.50,4/15/2024 8:10:00 AM,4/15/2024 4:20:00 PM,Buy,Stop loss,($1005.16),$170293.12,$5.16,$0.00,$0.00,$0.00,$0.00,$1000.00,$1975.00,$2980.16,8,
2919,NQ 06-26,Backtest,VariableTrend,Short,1,20148.25,19777.50,4/15/2024 5:30:00 PM,4/15/2024 11:00:00 PM,Sell short,Exit on session close,$7409.84,$177702.96,$5.16,$0.00,$0.00,$0.00,$0.00,$70.00,$8085.00,$675.16,6,
2920,NQ 06-26,Backtest,VariableTrend,Long,1,19852.75,19802.75,4/16/2024 10:10:00 PM,4/16/2024 10:10:00 PM,Buy,Stop loss,($1005.16),$176697.80,$5.16,$0.00,$0.00,$0.00,$0.00,$1000.00,$0.00,$1005.16,1,
2921,NQ 06-26,Backtest,VariableTrend,Short,1,19777.50,19796.50,4/16/2024 11:00:00 PM,4/16/2024 11:00:00 PM,Sell short,Exit on session close,($385.16),$176312.64,$5.16,$0.00,$0.00,$0.00,$0.00,$410.00,$5.00,$390.16,1,
2922,NQ 06-26,Backtest,VariableTrend,Long,1,19833.25,19783.25,4/17/2024 5:50:00 AM,4/17/2024 8:10:00 AM,Buy,Stop loss,($1005.16),$175307.48,$5.16,$0.00,$0.00,$0.00,$0.00,$1000.00,$140.00,$1145.16,3,
2923,NQ 06-26,Backtest,VariableTrend,Short,1,19722.00,19772.00,4/17/2024 9:20:00 AM,4/17/2024 10:30:00 AM,Sell short,Stop loss,($1005.16),$174302.32,$5.16,$0.00,$0.00,$0.00,$0.00,$1000.00,$420.00,$1425.16,2,
2924,NQ 06-26,Backtest,VariableTrend,Long,1,19844.00,19794.00,4/17/2024 2:00:00 PM,4/17/2024 4:20:00 PM,Buy,Stop loss,($1005.16),$173297.16,$5.16,$0.00,$0.00,$0.00,$0.00,$1000.00,$55.00,$1060.16,3,
2925,NQ 06-26,Backtest,VariableTrend,Short,1,19741.25,19565.75,4/17/2024 5:30:00 PM,4/17/2024 11:00:00 PM,Sell short,Exit on session close,$3504.84,$176802.00,$5.16,$0.00,$0.00,$0.00,$0.00,$445.00,$4470.00,$965.16,6,
2926,NQ 06-26,Backtest,VariableTrend,Long,1,19406.75,19356.75,4/19/2024 3:10:00 PM,4/19/2024 4:20:00 PM,Buy,Stop loss,($1005.16),$175796.84,$5.16,$0.00,$0.00,$0.00,$0.00,$1000.00,$980.00,$1985.16,2,
2927,NQ 06-26,Backtest,VariableTrend,Short,1,19292.50,19081.75,4/19/2024 5:30:00 PM,4/19/2024 11:00:00 PM,Sell short,Exit on session close,$4209.84,$180006.68,$5.16,$0.00,$0.00,$0.00,$0.00,$645.00,$5535.00,$1325.16,6,
2928,NQ 06-26,Backtest,VariableTrend,Long,1,19281.75,19231.75,4/22/2024 9:00:00 PM,4/22/2024 10:10:00 PM,Buy,Stop loss,($1005.16),$179001.52,$5.16,$0.00,$0.00,$0.00,$0.00,$1000.00,$1375.00,$2380.16,2,
2929,NQ 06-26,Backtest,VariableTrend,Short,1,19226.25,19227.75,4/23/2024 4:40:00 AM,4/23/2024 5:50:00 AM,Sell short,Close position,($35.16),$178966.36,$5.16,$0.00,$0.00,$0.00,$0.00,$190.00,$645.00,$680.16,2,
2930,NQ 06-26,Backtest,VariableTrend,Long,1,19227.75,19559.00,4/23/2024 5:50:00 AM,4/23/2024 11:00:00 PM,Buy,Exit on session close,$6619.84,$185586.20,$5.16,$0.00,$0.00,$0.00,$0.00,$215.00,$6815.00,$195.16,16,
2931,NQ 06-26,Backtest,VariableTrend,Short,1,19586.75,19601.00,4/24/2024 12:50:00 PM,4/24/2024 2:00:00 PM,Sell short,Close position,($290.16),$185296.04,$5.16,$0.00,$0.00,$0.00,$0.00,$545.00,$345.00,$635.16,2,
2932,NQ 06-26,Backtest,VariableTrend,Long,1,19601.00,19551.00,4/24/2024 2:00:00 PM,4/24/2024 5:30:00 PM,Buy,Stop loss,($1005.16),$184290.88,$5.16,$0.00,$0.00,$0.00,$0.00,$1000.00,$1940.00,$2945.16,4,
2933,NQ 06-26,Backtest,VariableTrend,Short,1,19561.25,19591.25,4/24/2024 6:40:00 PM,4/24/2024 9:00:00 PM,Sell short,Close position,($605.16),$183685.72,$5.16,$0.00,$0.00,$0.00,$0.00,$930.00,$1830.00,$2435.16,3,
2934,NQ 06-26,Backtest,VariableTrend,Long,1,19591.25,19541.25,4/24/2024 9:00:00 PM,4/24/2024 9:00:00 PM,Buy,Stop loss,($1005.16),$182680.56,$5.16,$0.00,$0.00,$0.00,$0.00,$1000.00,$0.00,$1005.16,1,
2935,NQ 06-26,Backtest,VariableTrend,Short,1,19515.25,19565.25,4/24/2024 10:10:00 PM,4/24/2024 10:10:00 PM,Sell short,Stop loss,($1005.16),$181675.40,$5.16,$0.00,$0.00,$0.00,$0.00,$1000.00,$0.00,$1005.16,1,
2936,NQ 06-26,Backtest,VariableTrend,Long,1,19459.50,19409.50,4/25/2024 9:00:00 PM,4/25/2024 9:00:00 PM,Buy,Stop loss,($1005.16),$180670.24,$5.16,$0.00,$0.00,$0.00,$0.00,$1000.00,$0.00,$1005.16,1,
2937,NQ 06-26,Backtest,VariableTrend,Short,1,19723.50,19773.50,4/30/2024 4:20:00 PM,4/30/2024 4:20:00 PM,Sell short,Stop loss,($1005.16),$179665.08,$5.16,$0.00,$0.00,$0.00,$0.00,$1000.00,$0.00,$1005.16,1,
2938,NQ 06-26,Backtest,VariableTrend,Long,1,19653.25,19603.25,5/1/2024 10:10:00 PM,5/1/2024 10:10:00 PM,Buy,Stop loss,($1005.16),$178659.92,$5.16,$0.00,$0.00,$0.00,$0.00,$1000.00,$0.00,$1005.16,1,
2939,NQ 06-26,Backtest,VariableTrend,Short,1,19374.50,19377.25,5/1/2024 11:00:00 PM,5/1/2024 11:00:00 PM,Sell short,Exit on session close,($60.16),$178599.76,$5.16,$0.00,$0.00,$0.00,$0.00,$195.00,$540.00,$600.16,1,
2940,NQ 06-26,Backtest,VariableTrend,Long,1,19450.75,19435.00,5/2/2024 5:50:00 AM,5/2/2024 9:20:00 AM,Buy,Close position,($320.16),$178279.60,$5.16,$0.00,$0.00,$0.00,$0.00,$380.00,$260.00,$580.16,4,
2941,NQ 06-26,Backtest,VariableTrend,Short,1,19435.00,19444.25,5/2/2024 9:20:00 AM,5/2/2024 10:30:00 AM,Sell short,Close position,($190.16),$178089.44,$5.16,$0.00,$0.00,$0.00,$0.00,$445.00,$260.00,$450.16,2,
2942,NQ 06-26,Backtest,VariableTrend,Long,1,19444.25,19394.25,5/2/2024 10:30:00 AM,5/2/2024 4:20:00 PM,Buy,Stop loss,($1005.16),$177084.28,$5.16,$0.00,$0.00,$0.00,$0.00,$1000.00,$1560.00,$2565.16,6,
2943,NQ 06-26,Backtest,VariableTrend,Short,1,19350.75,19400.75,5/2/2024 5:30:00 PM,5/2/2024 5:30:00 PM,Sell short,Stop loss,($1005.16),$176079.12,$5.16,$0.00,$0.00,$0.00,$0.00,$1000.00,$0.00,$1005.16,1,
2944,NQ 06-26,Backtest,VariableTrend,Long,1,19492.00,19645.50,5/2/2024 9:00:00 PM,5/2/2024 11:00:00 PM,Buy,Exit on session close,$3064.84,$179143.96,$5.16,$0.00,$0.00,$0.00,$0.00,$160.00,$3315.00,$250.16,3,
2945,NQ 06-26,Backtest,VariableTrend,Short,1,20088.50,20096.50,5/8/2024 8:10:00 AM,5/8/2024 9:20:00 AM,Sell short,Close position,($165.16),$178978.80,$5.16,$0.00,$0.00,$0.00,$0.00,$295.00,$100.00,$265.16,2,
2946,NQ 06-26,Backtest,VariableTrend,Long,1,20096.50,20092.25,5/8/2024 9:20:00 AM,5/8/2024 2:00:00 PM,Buy,Close position,($90.16),$178888.64,$5.16,$0.00,$0.00,$0.00,$0.00,$285.00,$455.00,$545.16,5,
2947,NQ 06-26,Backtest,VariableTrend,Short,1,20092.25,20142.25,5/8/2024 2:00:00 PM,5/8/2024 5:30:00 PM,Sell short,Stop loss,($1005.16),$177883.48,$5.16,$0.00,$0.00,$0.00,$0.00,$1000.00,$2345.00,$3350.16,4,
2948,NQ 06-26,Backtest,VariableTrend,Long,1,20089.00,20070.50,5/8/2024 6:40:00 PM,5/8/2024 7:50:00 PM,Buy,Close position,($375.16),$177508.32,$5.16,$0.00,$0.00,$0.00,$0.00,$630.00,$130.00,$505.16,2,
2949,NQ 06-26,Backtest,VariableTrend,Short,1,20070.50,20063.25,5/8/2024 7:50:00 PM,5/8/2024 11:00:00 PM,Sell short,Exit on session close,$139.84,$177648.16,$5.16,$0.00,$0.00,$0.00,$0.00,$670.00,$585.00,$445.16,4,
2950,NQ 06-26,Backtest,VariableTrend,Long,1,20110.25,20060.25,5/9/2024 4:20:00 PM,5/9/2024 4:20:00 PM,Buy,Stop loss,($1005.16),$176643.00,$5.16,$0.00,$0.00,$0.00,$0.00,$1000.00,$0.00,$1005.16,1,
2951,NQ 06-26,Backtest,VariableTrend,Short,1,20037.25,20087.25,5/9/2024 5:30:00 PM,5/9/2024 5:30:00 PM,Sell short,Stop loss,($1005.16),$175637.84,$5.16,$0.00,$0.00,$0.00,$0.00,$1000.00,$0.00,$1005.16,1,
2952,NQ 06-26,Backtest,VariableTrend,Long,1,20132.00,20082.00,5/9/2024 6:40:00 PM,5/9/2024 6:40:00 PM,Buy,Stop loss,($1005.16),$174632.68,$5.16,$0.00,$0.00,$0.00,$0.00,$1000.00,$0.00,$1005.16,1,
2953,NQ 06-26,Backtest,VariableTrend,Short,1,20128.25,20158.75,5/10/2024 7:50:00 PM,5/10/2024 10:10:00 PM,Sell short,Close position,($615.16),$174017.52,$5.16,$0.00,$0.00,$0.00,$0.00,$745.00,$365.00,$980.16,3,
2954,NQ 06-26,Backtest,VariableTrend,Long,1,20158.75,20141.75,5/10/2024 10:10:00 PM,5/10/2024 11:00:00 PM,Buy,Exit on session close,($345.16),$173672.36,$5.16,$0.00,$0.00,$0.00,$0.00,$365.00,$295.00,$640.16,2,
2955,NQ 06-26,Backtest,VariableTrend,Short,1,20182.00,20204.00,5/13/2024 6:40:00 PM,5/13/2024 7:50:00 PM,Sell short,Close position,($445.16),$173227.20,$5.16,$0.00,$0.00,$0.00,$0.00,$600.00,$415.00,$860.16,2,
2956,NQ 06-26,Backtest,VariableTrend,Long,1,20204.00,20154.00,5/13/2024 7:50:00 PM,5/13/2024 7:50:00 PM,Buy,Stop loss,($1005.16),$172222.04,$5.16,$0.00,$0.00,$0.00,$0.00,$1000.00,$0.00,$1005.16,1,
2957,NQ 06-26,Backtest,VariableTrend,Short,1,20177.50,20190.50,5/13/2024 9:00:00 PM,5/13/2024 10:10:00 PM,Sell short,Close position,($265.16),$171956.88,$5.16,$0.00,$0.00,$0.00,$0.00,$285.00,$150.00,$415.16,2,
2958,NQ 06-26,Backtest,VariableTrend,Long,1,20190.50,20188.50,5/13/2024 10:10:00 PM,5/13/2024 11:00:00 PM,Buy,Exit on session close,($45.16),$171911.72,$5.16,$0.00,$0.00,$0.00,$0.00,$300.00,$260.00,$305.16,2,
2959,NQ 06-26,Backtest,VariableTrend,Short,1,20181.75,20188.25,5/14/2024 2:20:00 AM,5/14/2024 3:30:00 AM,Sell short,Close position,($135.16),$171776.56,$5.16,$0.00,$0.00,$0.00,$0.00,$175.00,$0.00,$135.16,2,
2960,NQ 06-26,Backtest,VariableTrend,Long,1,20188.25,20175.75,5/14/2024 3:30:00 AM,5/14/2024 4:40:00 AM,Buy,Close position,($255.16),$171521.40,$5.16,$0.00,$0.00,$0.00,$0.00,$315.00,$80.00,$335.16,2,
2961,NQ 06-26,Backtest,VariableTrend,Short,1,20175.75,20183.00,5/14/2024 4:40:00 AM,5/14/2024 9:20:00 AM,Sell short,Close position,($150.16),$171371.24,$5.16,$0.00,$0.00,$0.00,$0.00,$215.00,$210.00,$360.16,5,
2962,NQ 06-26,Backtest,VariableTrend,Long,1,20183.00,20133.00,5/14/2024 9:20:00 AM,5/14/2024 3:10:00 PM,Buy,Stop loss,($1005.16),$170366.08,$5.16,$0.00,$0.00,$0.00,$0.00,$1000.00,$565.00,$1570.16,6,
2963,NQ 06-26,Backtest,VariableTrend,Short,1,20167.75,20217.75,5/14/2024 4:20:00 PM,5/14/2024 4:20:00 PM,Sell short,Stop loss,($1005.16),$169360.92,$5.16,$0.00,$0.00,$0.00,$0.00,$1000.00,$0.00,$1005.16,1,
2964,NQ 06-26,Backtest,VariableTrend,Long,1,20192.00,20313.00,5/14/2024 5:30:00 PM,5/14/2024 11:00:00 PM,Buy,Exit on session close,$2414.84,$171775.76,$5.16,$0.00,$0.00,$0.00,$0.00,$125.00,$2870.00,$455.16,6,
2965,NQ 06-26,Backtest,VariableTrend,Short,1,20588.00,20609.00,5/16/2024 4:20:00 PM,5/16/2024 5:30:00 PM,Sell short,Close position,($425.16),$171350.60,$5.16,$0.00,$0.00,$0.00,$0.00,$620.00,$270.00,$695.16,2,
2966,NQ 06-26,Backtest,VariableTrend,Long,1,20609.00,20588.50,5/16/2024 5:30:00 PM,5/16/2024 9:00:00 PM,Buy,Close position,($415.16),$170935.44,$5.16,$0.00,$0.00,$0.00,$0.00,$715.00,$1085.00,$1500.16,4,
2967,NQ 06-26,Backtest,VariableTrend,Short,1,20588.50,20540.75,5/16/2024 9:00:00 PM,5/16/2024 11:00:00 PM,Sell short,Exit on session close,$949.84,$171885.28,$5.16,$0.00,$0.00,$0.00,$0.00,$550.00,$1055.00,$105.16,3,
2968,NQ 06-26,Backtest,VariableTrend,Long,1,20577.50,20527.50,5/17/2024 4:20:00 PM,5/17/2024 4:20:00 PM,Buy,Stop loss,($1005.16),$170880.12,$5.16,$0.00,$0.00,$0.00,$0.00,$1000.00,$0.00,$1005.16,1,
2969,NQ 06-26,Backtest,VariableTrend,Short,1,20535.25,20536.25,5/17/2024 5:30:00 PM,5/17/2024 11:00:00 PM,Sell short,Exit on session close,($25.16),$170854.96,$5.16,$0.00,$0.00,$0.00,$0.00,$885.00,$1755.00,$1780.16,6,
2970,NQ 06-26,Backtest,VariableTrend,Long,1,20571.75,20570.50,5/20/2024 5:50:00 AM,5/20/2024 10:30:00 AM,Buy,Close position,($30.16),$170824.80,$5.16,$0.00,$0.00,$0.00,$0.00,$240.00,$200.00,$230.16,5,
2971,NQ 06-26,Backtest,VariableTrend,Short,1,20570.50,20576.00,5/20/2024 10:30:00 AM,5/20/2024 2:00:00 PM,Sell short,Close position,($115.16),$170709.64,$5.16,$0.00,$0.00,$0.00,$0.00,$185.00,$285.00,$400.16,4,
2972,NQ 06-26,Backtest,VariableTrend,Long,1,20576.00,20555.25,5/20/2024 2:00:00 PM,5/20/2024 4:20:00 PM,Buy,Close position,($420.16),$170289.48,$5.16,$0.00,$0.00,$0.00,$0.00,$605.00,$320.00,$740.16,3,
2973,NQ 06-26,Backtest,VariableTrend,Short,1,20555.25,20605.25,5/20/2024 4:20:00 PM,5/20/2024 4:20:00 PM,Sell short,Stop loss,($1005.16),$169284.32,$5.16,$0.00,$0.00,$0.00,$0.00,$1000.00,$0.00,$1005.16,1,
2974,NQ 06-26,Backtest,VariableTrend,Long,1,20649.25,20647.75,5/20/2024 5:30:00 PM,5/20/2024 11:00:00 PM,Buy,Exit on session close,($35.16),$169249.16,$5.16,$0.00,$0.00,$0.00,$0.00,$795.00,$955.00,$990.16,6,
2975,NQ 06-26,Backtest,VariableTrend,Short,1,20617.00,20656.25,5/21/2024 4:20:00 PM,5/21/2024 6:40:00 PM,Sell short,Close position,($790.16),$168459.00,$5.16,$0.00,$0.00,$0.00,$0.00,$980.00,$730.00,$1520.16,3,
2976,NQ 06-26,Backtest,VariableTrend,Long,1,20656.25,20701.25,5/21/2024 6:40:00 PM,5/21/2024 11:00:00 PM,Buy,Exit on session close,$894.84,$169353.84,$5.16,$0.00,$0.00,$0.00,$0.00,$445.00,$1100.00,$205.16,5,
2977,NQ 06-26,Backtest,VariableTrend,Short,1,20681.75,20695.50,5/22/2024 12:50:00 PM,5/22/2024 3:10:00 PM,Sell short,Close position,($280.16),$169073.68,$5.16,$0.00,$0.00,$0.00,$0.00,$645.00,$485.00,$765.16,3,
2978,NQ 06-26,Backtest,VariableTrend,Long,1,20695.50,20663.75,5/22/2024 3:10:00 PM,5/22/2024 9:00:00 PM,Buy,Close position,($640.16),$168433.52,$5.16,$0.00,$0.00,$0.00,$0.00,$900.00,$915.00,$1555.16,6,
2979,NQ 06-26,Backtest,VariableTrend,Short,1,20663.75,20713.75,5/22/2024 9:00:00 PM,5/22/2024 10:10:00 PM,Sell short,Stop loss,($1005.16),$167428.36,$5.16,$0.00,$0.00,$0.00,$0.00,$1000.00,$1540.00,$2545.16,2,
2980,NQ 06-26,Backtest,VariableTrend,Long,1,20702.25,20652.25,5/22/2024 11:00:00 PM,5/22/2024 11:00:00 PM,Buy,Stop loss,($1005.16),$166423.20,$5.16,$0.00,$0.00,$0.00,$0.00,$1000.00,$0.00,$1005.16,1,
2981,NQ 06-26,Backtest,VariableTrend,Short,1,20795.00,20589.00,5/23/2024 5:30:00 PM,5/23/2024 11:00:00 PM,Sell short,Exit on session close,$4114.84,$170538.04,$5.16,$0.00,$0.00,$0.00,$0.00,$820.00,$5420.00,$1305.16,6,
2982,NQ 06-26,Backtest,VariableTrend,Long,1,20717.00,20773.25,5/24/2024 5:30:00 PM,5/24/2024 11:00:00 PM,Buy,Exit on session close,$1119.84,$171657.88,$5.16,$0.00,$0.00,$0.00,$0.00,$285.00,$2230.00,$1110.16,6,
2983,NQ 06-26,Backtest,VariableTrend,Short,1,20796.25,20829.50,5/28/2024 5:30:00 PM,5/28/2024 6:40:00 PM,Sell short,Close position,($670.16),$170987.72,$5.16,$0.00,$0.00,$0.00,$0.00,$720.00,$430.00,$1100.16,2,
2984,NQ 06-26,Backtest,VariableTrend,Long,1,20829.50,20779.50,5/28/2024 6:40:00 PM,5/28/2024 9:00:00 PM,Buy,Stop loss,($1005.16),$169982.56,$5.16,$0.00,$0.00,$0.00,$0.00,$1000.00,$350.00,$1355.16,3,
2985,NQ 06-26,Backtest,VariableTrend,Short,1,20769.75,20819.75,5/28/2024 10:10:00 PM,5/28/2024 10:10:00 PM,Sell short,Stop loss,($1005.16),$168977.40,$5.16,$0.00,$0.00,$0.00,$0.00,$1000.00,$0.00,$1005.16,1,
2986,NQ 06-26,Backtest,VariableTrend,Long,1,20852.00,20853.00,5/28/2024 11:00:00 PM,5/28/2024 11:00:00 PM,Buy,Exit on session close,$14.84,$168992.24,$5.16,$0.00,$0.00,$0.00,$0.00,$135.00,$55.00,$40.16,1,
2987,NQ 06-26,Backtest,VariableTrend,Short,1,20785.25,20770.50,5/29/2024 7:00:00 AM,5/29/2024 7:50:00 PM,Sell short,Close position,$289.84,$169282.08,$5.16,$0.00,$0.00,$0.00,$0.00,$355.00,$2550.00,$2260.16,12,
2988,NQ 06-26,Backtest,VariableTrend,Long,1,20770.50,20720.50,5/29/2024 7:50:00 PM,5/29/2024 7:50:00 PM,Buy,Stop loss,($1005.16),$168276.92,$5.16,$0.00,$0.00,$0.00,$0.00,$1000.00,$0.00,$1005.16,1,
2989,NQ 06-26,Backtest,VariableTrend,Short,1,20736.75,20649.25,5/29/2024 9:00:00 PM,5/29/2024 11:00:00 PM,Sell short,Exit on session close,$1744.84,$170021.76,$5.16,$0.00,$0.00,$0.00,$0.00,$625.00,$1885.00,$140.16,3,
2990,NQ 06-26,Backtest,VariableTrend,Long,1,20657.75,20607.75,5/30/2024 2:00:00 PM,5/30/2024 4:20:00 PM,Buy,Stop loss,($1005.16),$169016.60,$5.16,$0.00,$0.00,$0.00,$0.00,$1000.00,$635.00,$1640.16,3,
2991,NQ 06-26,Backtest,VariableTrend,Short,1,20618.25,20498.50,5/30/2024 5:30:00 PM,5/30/2024 11:00:00 PM,Sell short,Exit on session close,$2389.84,$171406.44,$5.16,$0.00,$0.00,$0.00,$0.00,$365.00,$3390.00,$1000.16,6,
2992,NQ 06-26,Backtest,VariableTrend,Long,1,20539.00,20489.00,5/31/2024 4:20:00 PM,5/31/2024 4:20:00 PM,Buy,Stop loss,($1005.16),$170401.28,$5.16,$0.00,$0.00,$0.00,$0.00,$1000.00,$0.00,$1005.16,1,
2993,NQ 06-26,Backtest,VariableTrend,Short,1,20368.00,20418.00,5/31/2024 5:30:00 PM,5/31/2024 10:10:00 PM,Sell short,Stop loss,($1005.16),$169396.12,$5.16,$0.00,$0.00,$0.00,$0.00,$1000.00,$4485.00,$5490.16,5,
2994,NQ 06-26,Backtest,VariableTrend,Long,1,20484.25,20473.25,5/31/2024 11:00:00 PM,5/31/2024 11:00:00 PM,Buy,Exit on session close,($225.16),$169170.96,$5.16,$0.00,$0.00,$0.00,$0.00,$230.00,$300.00,$525.16,1,
2995,NQ 06-26,Backtest,VariableTrend,Short,1,20519.00,20557.25,6/3/2024 6:40:00 PM,6/3/2024 11:00:00 PM,Sell short,Close position,($770.16),$168400.80,$5.16,$0.00,$0.00,$0.00,$0.00,$885.00,$3615.00,$4385.16,5,
2996,NQ 06-26,Backtest,VariableTrend,Long,1,20557.25,20564.75,6/3/2024 11:00:00 PM,6/3/2024 11:00:00 PM,Buy,Exit on session close,$144.84,$168545.64,$5.16,$0.00,$0.00,$0.00,$0.00,$10.00,$385.00,$240.16,1,
2997,NQ 06-26,Backtest,VariableTrend,Short,1,20485.00,20535.00,6/4/2024 10:30:00 AM,6/4/2024 10:30:00 AM,Sell short,Stop loss,($1005.16),$167540.48,$5.16,$0.00,$0.00,$0.00,$0.00,$1000.00,$0.00,$1005.16,1,
2998,NQ 06-26,Backtest,VariableTrend,Long,1,20513.75,20609.00,6/4/2024 4:20:00 PM,6/4/2024 11:00:00 PM,Buy,Exit on session close,$1899.84,$169440.32,$5.16,$0.00,$0.00,$0.00,$0.00,$870.00,$2840.00,$940.16,7,
2999,NQ 06-26,Backtest,VariableTrend,Short,1,20948.50,20972.25,6/6/2024 7:50:00 PM,6/6/2024 9:00:00 PM,Sell short,Close position,($480.16),$168960.16,$5.16,$0.00,$0.00,$0.00,$0.00,$890.00,$215.00,$695.16,2,
3000,NQ 06-26,Backtest,VariableTrend,Long,1,20972.25,20922.25,6/6/2024 9:00:00 PM,6/6/2024 9:00:00 PM,Buy,Stop loss,($1005.16),$167955.00,$5.16,$0.00,$0.00,$0.00,$0.00,$1000.00,$0.00,$1005.16,1,
3001,NQ 06-26,Backtest,VariableTrend,Short,1,20970.00,20989.50,6/7/2024 2:00:00 PM,6/7/2024 3:10:00 PM,Sell short,Close position,($395.16),$167559.84,$5.16,$0.00,$0.00,$0.00,$0.00,$610.00,$305.00,$700.16,2,
3002,NQ 06-26,Backtest,VariableTrend,Long,1,20989.50,20939.50,6/7/2024 3:10:00 PM,6/7/2024 3:10:00 PM,Buy,Stop loss,($1005.16),$166554.68,$5.16,$0.00,$0.00,$0.00,$0.00,$1000.00,$0.00,$1005.16,1,
3003,NQ 06-26,Backtest,VariableTrend,Short,1,20922.00,20972.00,6/7/2024 4:20:00 PM,6/7/2024 5:30:00 PM,Sell short,Stop loss,($1005.16),$165549.52,$5.16,$0.00,$0.00,$0.00,$0.00,$1000.00,$540.00,$1545.16,2,
3004,NQ 06-26,Backtest,VariableTrend,Long,1,21006.50,20956.50,6/7/2024 7:50:00 PM,6/7/2024 9:00:00 PM,Buy,Stop loss,($1005.16),$164544.36,$5.16,$0.00,$0.00,$0.00,$0.00,$1000.00,$1020.00,$2025.16,2,
3005,NQ 06-26,Backtest,VariableTrend,Short,1,20954.75,20932.75,6/7/2024 10:10:00 PM,6/7/2024 11:00:00 PM,Sell short,Exit on session close,$434.84,$164979.20,$5.16,$0.00,$0.00,$0.00,$0.00,$310.00,$1065.00,$630.16,2,
3006,NQ 06-26,Backtest,VariableTrend,Long,1,20992.25,20942.25,6/10/2024 6:40:00 PM,6/10/2024 9:00:00 PM,Buy,Stop loss,($1005.16),$163974.04,$5.16,$0.00,$0.00,$0.00,$0.00,$1000.00,$630.00,$1635.16,3,
3007,NQ 06-26,Backtest,VariableTrend,Short,1,20964.00,21014.00,6/11/2024 12:50:00 PM,6/11/2024 5:30:00 PM,Sell short,Stop loss,($1005.16),$162968.88,$5.16,$0.00,$0.00,$0.00,$0.00,$1000.00,$1340.00,$2345.16,5,
3008,NQ 06-26,Backtest,VariableTrend,Long,1,21018.00,20968.00,6/11/2024 6:40:00 PM,6/11/2024 6:40:00 PM,Buy,Stop loss,($1005.16),$161963.72,$5.16,$0.00,$0.00,$0.00,$0.00,$1000.00,$0.00,$1005.16,1,
3009,NQ 06-26,Backtest,VariableTrend,Short,1,21439.75,21477.25,6/13/2024 7:50:00 PM,6/13/2024 9:00:00 PM,Sell short,Close position,($755.16),$161208.56,$5.16,$0.00,$0.00,$0.00,$0.00,$955.00,$485.00,$1240.16,2,
3010,NQ 06-26,Backtest,VariableTrend,Long,1,21477.25,21510.25,6/13/2024 9:00:00 PM,6/13/2024 11:00:00 PM,Buy,Exit on session close,$654.84,$161863.40,$5.16,$0.00,$0.00,$0.00,$0.00,$535.00,$1275.00,$620.16,3,
3011,NQ 06-26,Backtest,VariableTrend,Short,1,21483.50,21533.50,6/14/2024 12:50:00 PM,6/14/2024 4:20:00 PM,Sell short,Stop loss,($1005.16),$160858.24,$5.16,$0.00,$0.00,$0.00,$0.00,$1000.00,$1590.00,$2595.16,4,
3012,NQ 06-26,Backtest,VariableTrend,Long,1,21528.00,21478.00,6/14/2024 5:30:00 PM,6/14/2024 5:30:00 PM,Buy,Stop loss,($1005.16),$159853.08,$5.16,$0.00,$0.00,$0.00,$0.00,$1000.00,$0.00,$1005.16,1,
3013,NQ 06-26,Backtest,VariableTrend,Short,1,21902.25,21695.25,6/20/2024 4:20:00 PM,6/20/2024 11:00:00 PM,Sell short,Exit on session close,$4134.84,$163987.92,$5.16,$0.00,$0.00,$0.00,$0.00,$55.00,$6045.00,$1910.16,7,
3014,NQ 06-26,Backtest,VariableTrend,Long,1,21479.75,21612.25,6/25/2024 4:20:00 PM,6/25/2024 11:00:00 PM,Buy,Exit on session close,$2644.84,$166632.76,$5.16,$0.00,$0.00,$0.00,$0.00,$915.00,$2865.00,$220.16,7,
3015,NQ 06-26,Backtest,VariableTrend,Short,1,21550.75,21600.75,6/26/2024 4:20:00 PM,6/26/2024 4:20:00 PM,Sell short,Stop loss,($1005.16),$165627.60,$5.16,$0.00,$0.00,$0.00,$0.00,$1000.00,$0.00,$1005.16,1,
3016,NQ 06-26,Backtest,VariableTrend,Long,1,21645.75,21595.75,6/26/2024 5:30:00 PM,6/26/2024 5:30:00 PM,Buy,Stop loss,($1005.16),$164622.44,$5.16,$0.00,$0.00,$0.00,$0.00,$1000.00,$0.00,$1005.16,1,
3017,NQ 06-26,Backtest,VariableTrend,Short,1,21599.00,21649.00,6/26/2024 6:40:00 PM,6/26/2024 6:40:00 PM,Sell short,Stop loss,($1005.16),$163617.28,$5.16,$0.00,$0.00,$0.00,$0.00,$1000.00,$0.00,$1005.16,1,
3018,NQ 06-26,Backtest,VariableTrend,Long,1,21627.75,21577.75,6/26/2024 7:50:00 PM,6/26/2024 7:50:00 PM,Buy,Stop loss,($1005.16),$162612.12,$5.16,$0.00,$0.00,$0.00,$0.00,$1000.00,$0.00,$1005.16,1,
3019,NQ 06-26,Backtest,VariableTrend,Short,1,21608.50,21658.50,6/26/2024 9:00:00 PM,6/26/2024 10:10:00 PM,Sell short,Stop loss,($1005.16),$161606.96,$5.16,$0.00,$0.00,$0.00,$0.00,$1000.00,$370.00,$1375.16,2,
3020,NQ 06-26,Backtest,VariableTrend,Long,1,21611.50,21584.75,6/27/2024 10:30:00 AM,6/27/2024 11:40:00 AM,Buy,Close position,($540.16),$161066.80,$5.16,$0.00,$0.00,$0.00,$0.00,$725.00,$70.00,$610.16,2,
3021,NQ 06-26,Backtest,VariableTrend,Short,1,21584.75,21616.00,6/27/2024 11:40:00 AM,6/27/2024 12:50:00 PM,Sell short,Close position,($630.16),$160436.64,$5.16,$0.00,$0.00,$0.00,$0.00,$700.00,$60.00,$690.16,2,
3022,NQ 06-26,Backtest,VariableTrend,Long,1,21616.00,21709.25,6/27/2024 12:50:00 PM,6/27/2024 11:00:00 PM,Buy,Exit on session close,$1859.84,$162296.48,$5.16,$0.00,$0.00,$0.00,$0.00,$425.00,$2850.00,$990.16,10,
3023,NQ 06-26,Backtest,VariableTrend,Short,1,21644.25,21694.25,6/28/2024 7:50:00 PM,6/28/2024 7:50:00 PM,Sell short,Stop loss,($1005.16),$161291.32,$5.16,$0.00,$0.00,$0.00,$0.00,$1000.00,$0.00,$1005.16,1,
3024,NQ 06-26,Backtest,VariableTrend,Long,1,21658.50,21636.50,7/1/2024 7:50:00 PM,7/1/2024 9:00:00 PM,Buy,Close position,($445.16),$160846.16,$5.16,$0.00,$0.00,$0.00,$0.00,$785.00,$195.00,$640.16,2,
3025,NQ 06-26,Backtest,VariableTrend,Short,1,21636.50,21686.50,7/1/2024 9:00:00 PM,7/1/2024 9:00:00 PM,Sell short,Stop loss,($1005.16),$159841.00,$5.16,$0.00,$0.00,$0.00,$0.00,$1000.00,$0.00,$1005.16,1,
3026,NQ 06-26,Backtest,VariableTrend,Long,1,21655.50,21684.25,7/1/2024 10:10:00 PM,7/1/2024 11:00:00 PM,Buy,Exit on session close,$569.84,$160410.84,$5.16,$0.00,$0.00,$0.00,$0.00,$600.00,$1205.00,$635.16,2,
3027,NQ 06-26,Backtest,VariableTrend,Short,1,21635.25,21685.25,7/2/2024 3:30:00 AM,7/2/2024 4:20:00 PM,Sell short,Stop loss,($1005.16),$159405.68,$5.16,$0.00,$0.00,$0.00,$0.00,$1000.00,$1670.00,$2675.16,12,
3028,NQ 06-26,Backtest,VariableTrend,Long,1,21701.25,21881.75,7/2/2024 5:30:00 PM,7/2/2024 11:00:00 PM,Buy,Exit on session close,$3604.84,$163010.52,$5.16,$0.00,$0.00,$0.00,$0.00,$805.00,$3995.00,$390.16,6,
3029,NQ 06-26,Backtest,VariableTrend,Short,1,22316.75,22329.50,7/9/2024 7:50:00 PM,7/9/2024 11:00:00 PM,Sell short,Exit on session close,($260.16),$162750.36,$5.16,$0.00,$0.00,$0.00,$0.00,$315.00,$1185.00,$1445.16,4,
3030,NQ 06-26,Backtest,VariableTrend,Short,1,22327.75,22074.50,7/11/2024 5:30:00 PM,7/11/2024 11:00:00 PM,Sell short,Exit on session close,$5059.84,$167810.20,$5.16,$0.00,$0.00,$0.00,$0.00,$810.00,$6175.00,$1115.16,6,
3031,NQ 06-26,Backtest,VariableTrend,Long,1,22194.75,22178.50,7/12/2024 5:30:00 PM,7/12/2024 11:00:00 PM,Buy,Close position,($330.16),$167480.04,$5.16,$0.00,$0.00,$0.00,$0.00,$855.00,$3760.00,$4090.16,6,
3032,NQ 06-26,Backtest,VariableTrend,Short,1,22178.50,22181.75,7/12/2024 11:00:00 PM,7/12/2024 11:00:00 PM,Sell short,Exit on session close,($70.16),$167409.88,$5.16,$0.00,$0.00,$0.00,$0.00,$100.00,$220.00,$290.16,1,
3033,NQ 06-26,Backtest,VariableTrend,Long,1,22220.00,22218.25,7/15/2024 7:00:00 AM,7/15/2024 9:00:00 PM,Buy,Close position,($40.16),$167369.72,$5.16,$0.00,$0.00,$0.00,$0.00,$435.00,$4375.00,$4415.16,13,
3034,NQ 06-26,Backtest,VariableTrend,Short,1,22218.25,22268.25,7/15/2024 9:00:00 PM,7/15/2024 9:00:00 PM,Sell short,Stop loss,($1005.16),$166364.56,$5.16,$0.00,$0.00,$0.00,$0.00,$1000.00,$0.00,$1005.16,1,
3035,NQ 06-26,Backtest,VariableTrend,Long,1,22278.75,22269.75,7/16/2024 2:20:00 AM,7/16/2024 4:40:00 AM,Buy,Close position,($185.16),$166179.40,$5.16,$0.00,$0.00,$0.00,$0.00,$360.00,$130.00,$315.16,3,
3036,NQ 06-26,Backtest,VariableTrend,Short,1,22269.75,22288.00,7/16/2024 4:40:00 AM,7/16/2024 5:50:00 AM,Sell short,Close position,($370.16),$165809.24,$5.16,$0.00,$0.00,$0.00,$0.00,$475.00,$10.00,$380.16,2,
3037,NQ 06-26,Backtest,VariableTrend,Long,1,22288.00,22271.25,7/16/2024 5:50:00 AM,7/16/2024 9:20:00 AM,Buy,Close position,($340.16),$165469.08,$5.16,$0.00,$0.00,$0.00,$0.00,$390.00,$175.00,$515.16,4,
3038,NQ 06-26,Backtest,VariableTrend,Short,1,22271.25,22269.00,7/16/2024 9:20:00 AM,7/16/2024 2:00:00 PM,Sell short,Close position,$39.84,$165508.92,$5.16,$0.00,$0.00,$0.00,$0.00,$120.00,$1755.00,$1715.16,5,
3039,NQ 06-26,Backtest,VariableTrend,Long,1,22269.00,22219.00,7/16/2024 2:00:00 PM,7/16/2024 3:10:00 PM,Buy,Stop loss,($1005.16),$164503.76,$5.16,$0.00,$0.00,$0.00,$0.00,$1000.00,$205.00,$1210.16,2,
3040,NQ 06-26,Backtest,VariableTrend,Short,1,22182.75,22232.75,7/16/2024 5:30:00 PM,7/16/2024 5:30:00 PM,Sell short,Stop loss,($1005.16),$163498.60,$5.16,$0.00,$0.00,$0.00,$0.00,$1000.00,$0.00,$1005.16,1,
3041,NQ 06-26,Backtest,VariableTrend,Long,1,22248.25,22230.25,7/16/2024 11:00:00 PM,7/16/2024 11:00:00 PM,Buy,Exit on session close,($365.16),$163133.44,$5.16,$0.00,$0.00,$0.00,$0.00,$360.00,$35.00,$400.16,1,
3042,NQ 06-26,Backtest,VariableTrend,Long,1,21797.25,21747.25,7/18/2024 4:20:00 PM,7/18/2024 4:20:00 PM,Buy,Stop loss,($1005.16),$162128.28,$5.16,$0.00,$0.00,$0.00,$0.00,$1000.00,$0.00,$1005.16,1,
3043,NQ 06-26,Backtest,VariableTrend,Short,1,21716.50,21576.50,7/18/2024 5:30:00 PM,7/18/2024 11:00:00 PM,Sell short,Exit on session close,$2794.84,$164923.12,$5.16,$0.00,$0.00,$0.00,$0.00,$250.00,$6320.00,$3525.16,6,
3044,NQ 06-26,Backtest,VariableTrend,Long,1,21480.25,21479.25,7/22/2024 12:50:00 PM,7/22/2024 6:40:00 PM,Buy,Close position,($25.16),$164897.96,$5.16,$0.00,$0.00,$0.00,$0.00,$205.00,$3765.00,$3790.16,6,
3045,NQ 06-26,Backtest,VariableTrend,Short,1,21479.25,21529.25,7/22/2024 6:40:00 PM,7/22/2024 6:40:00 PM,Sell short,Stop loss,($1005.16),$163892.80,$5.16,$0.00,$0.00,$0.00,$0.00,$1000.00,$0.00,$1005.16,1,
3046,NQ 06-26,Backtest,VariableTrend,Long,1,21552.25,21622.50,7/22/2024 7:50:00 PM,7/22/2024 11:00:00 PM,Buy,Exit on session close,$1399.84,$165292.64,$5.16,$0.00,$0.00,$0.00,$0.00,$20.00,$2685.00,$1285.16,4,
3047,NQ 06-26,Backtest,VariableTrend,Short,1,21546.50,21596.50,7/23/2024 10:30:00 AM,7/23/2024 11:40:00 AM,Sell short,Stop loss,($1005.16),$164287.48,$5.16,$0.00,$0.00,$0.00,$0.00,$1000.00,$730.00,$1735.16,2,
3048,NQ 06-26,Backtest,VariableTrend,Long,1,21601.50,21551.50,7/23/2024 12:50:00 PM,7/23/2024 10:10:00 PM,Buy,Stop loss,($1005.16),$163282.32,$5.16,$0.00,$0.00,$0.00,$0.00,$1000.00,$2500.00,$3505.16,9,
3049,NQ 06-26,Backtest,VariableTrend,Short,1,21452.75,20911.25,7/24/2024 2:20:00 AM,7/24/2024 11:00:00 PM,Sell short,Exit on session close,$10824.84,$174107.16,$5.16,$0.00,$0.00,$0.00,$0.00,$545.00,$12845.00,$2020.16,19,
3050,NQ 06-26,Backtest,VariableTrend,Long,1,20977.00,20927.00,7/25/2024 7:50:00 PM,7/25/2024 7:50:00 PM,Buy,Stop loss,($1005.16),$173102.00,$5.16,$0.00,$0.00,$0.00,$0.00,$1000.00,$0.00,$1005.16,1,
3051,NQ 06-26,Backtest,VariableTrend,Short,1,20769.25,20819.25,7/25/2024 10:10:00 PM,7/25/2024 10:10:00 PM,Sell short,Stop loss,($1005.16),$172096.84,$5.16,$0.00,$0.00,$0.00,$0.00,$1000.00,$0.00,$1005.16,1,
3052,NQ 06-26,Backtest,VariableTrend,Long,1,20841.75,20819.25,7/26/2024 12:50:00 PM,7/26/2024 2:00:00 PM,Buy,Close position,($455.16),$171641.68,$5.16,$0.00,$0.00,$0.00,$0.00,$635.00,$25.00,$480.16,2,
3053,NQ 06-26,Backtest,VariableTrend,Short,1,20819.25,20854.00,7/26/2024 2:00:00 PM,7/26/2024 3:10:00 PM,Sell short,Close position,($700.16),$170941.52,$5.16,$0.00,$0.00,$0.00,$0.00,$745.00,$460.00,$1160.16,2,
3054,NQ 06-26,Backtest,VariableTrend,Long,1,20854.00,20804.00,7/26/2024 3:10:00 PM,7/26/2024 3:10:00 PM,Buy,Stop loss,($1005.16),$169936.36,$5.16,$0.00,$0.00,$0.00,$0.00,$1000.00,$0.00,$1005.16,1,
3055,NQ 06-26,Backtest,VariableTrend,Short,1,20814.25,20864.25,7/26/2024 4:20:00 PM,7/26/2024 6:40:00 PM,Sell short,Stop loss,($1005.16),$168931.20,$5.16,$0.00,$0.00,$0.00,$0.00,$1000.00,$2645.00,$3650.16,3,
3056,NQ 06-26,Backtest,VariableTrend,Long,1,20888.50,20838.50,7/26/2024 7:50:00 PM,7/26/2024 7:50:00 PM,Buy,Stop loss,($1005.16),$167926.04,$5.16,$0.00,$0.00,$0.00,$0.00,$1000.00,$0.00,$1005.16,1,
3057,NQ 06-26,Backtest,VariableTrend,Short,1,20823.75,20817.50,7/26/2024 9:00:00 PM,7/26/2024 11:00:00 PM,Sell short,Exit on session close,$119.84,$168045.88,$5.16,$0.00,$0.00,$0.00,$0.00,$795.00,$1560.00,$1440.16,3,
3058,NQ 06-26,Backtest,VariableTrend,Long,1,20871.50,20821.50,7/29/2024 2:20:00 AM,7/29/2024 5:30:00 PM,Buy,Stop loss,($1005.16),$167040.72,$5.16,$0.00,$0.00,$0.00,$0.00,$1000.00,$2950.00,$3955.16,14,
3059,NQ 06-26,Backtest,VariableTrend,Short,1,20829.50,20879.50,7/29/2024 6:40:00 PM,7/29/2024 6:40:00 PM,Sell short,Stop loss,($1005.16),$166035.56,$5.16,$0.00,$0.00,$0.00,$0.00,$1000.00,$0.00,$1005.16,1,
3060,NQ 06-26,Backtest,VariableTrend,Long,1,20964.00,20914.00,7/29/2024 7:50:00 PM,7/29/2024 7:50:00 PM,Buy,Stop loss,($1005.16),$165030.40,$5.16,$0.00,$0.00,$0.00,$0.00,$1000.00,$0.00,$1005.16,1,
3061,NQ 06-26,Backtest,VariableTrend,Short,1,20862.25,20864.25,7/29/2024 10:10:00 PM,7/29/2024 11:00:00 PM,Sell short,Exit on session close,($45.16),$164985.24,$5.16,$0.00,$0.00,$0.00,$0.00,$940.00,$640.00,$685.16,2,
3062,NQ 06-26,Backtest,VariableTrend,Long,1,20868.25,20818.25,7/30/2024 10:30:00 AM,7/30/2024 4:20:00 PM,Buy,Stop loss,($1005.16),$163980.08,$5.16,$0.00,$0.00,$0.00,$0.00,$1000.00,$1070.00,$2075.16,6,
3063,NQ 06-26,Backtest,VariableTrend,Short,1,20850.50,20503.00,7/30/2024 5:30:00 PM,7/30/2024 11:00:00 PM,Sell short,Exit on session close,$6944.84,$170924.92,$5.16,$0.00,$0.00,$0.00,$0.00,$175.00,$9675.00,$2730.16,6,
3064,NQ 06-26,Backtest,VariableTrend,Long,1,20679.50,21223.50,7/31/2024 3:30:00 AM,7/31/2024 11:00:00 PM,Buy,Exit on session close,$10874.84,$181799.76,$5.16,$0.00,$0.00,$0.00,$0.00,$445.00,$12205.00,$1330.16,18,
3065,NQ 06-26,Backtest,VariableTrend,Short,1,21189.75,21232.50,8/1/2024 11:40:00 AM,8/1/2024 12:50:00 PM,Sell short,Close position,($860.16),$180939.60,$5.16,$0.00,$0.00,$0.00,$0.00,$885.00,$865.00,$1725.16,2,
3066,NQ 06-26,Backtest,VariableTrend,Long,1,21232.50,21182.50,8/1/2024 12:50:00 PM,8/1/2024 4:20:00 PM,Buy,Stop loss,($1005.16),$179934.44,$5.16,$0.00,$0.00,$0.00,$0.00,$1000.00,$1130.00,$2135.16,4,
3067,NQ 06-26,Backtest,VariableTrend,Short,1,21182.00,20609.50,8/1/2024 5:30:00 PM,8/1/2024 11:00:00 PM,Sell short,Exit on session close,$11444.84,$191379.28,$5.16,$0.00,$0.00,$0.00,$0.00,$215.00,$13725.00,$2280.16,6,
3068,NQ 06-26,Backtest,VariableTrend,Long,1,19745.00,19695.00,8/5/2024 6:40:00 PM,8/5/2024 6:40:00 PM,Buy,Stop loss,($1005.16),$190374.12,$5.16,$0.00,$0.00,$0.00,$0.00,$1000.00,$0.00,$1005.16,1,
3069,NQ 06-26,Backtest,VariableTrend,Short,1,19548.75,19598.75,8/5/2024 10:10:00 PM,8/5/2024 10:10:00 PM,Sell short,Stop loss,($1005.16),$189368.96,$5.16,$0.00,$0.00,$0.00,$0.00,$1000.00,$0.00,$1005.16,1,
3070,NQ 06-26,Backtest,VariableTrend,Long,1,19803.75,19753.75,8/5/2024 11:00:00 PM,8/5/2024 11:00:00 PM,Buy,Stop loss,($1005.16),$188363.80,$5.16,$0.00,$0.00,$0.00,$0.00,$1000.00,$0.00,$1005.16,1,
3071,NQ 06-26,Backtest,VariableTrend,Short,1,19824.75,19874.75,8/6/2024 11:40:00 AM,8/6/2024 2:00:00 PM,Sell short,Stop loss,($1005.16),$187358.64,$5.16,$0.00,$0.00,$0.00,$0.00,$1000.00,$3330.00,$4335.16,3,
3072,NQ 06-26,Backtest,VariableTrend,Long,1,19831.50,19781.50,8/6/2024 3:10:00 PM,8/6/2024 3:10:00 PM,Buy,Stop loss,($1005.16),$186353.48,$5.16,$0.00,$0.00,$0.00,$0.00,$1000.00,$0.00,$1005.16,1,
3073,NQ 06-26,Backtest,VariableTrend,Short,1,19734.50,19784.50,8/6/2024 4:20:00 PM,8/6/2024 4:20:00 PM,Sell short,Stop loss,($1005.16),$185348.32,$5.16,$0.00,$0.00,$0.00,$0.00,$1000.00,$0.00,$1005.16,1,
3074,NQ 06-26,Backtest,VariableTrend,Long,1,19849.50,19799.50,8/6/2024 5:30:00 PM,8/6/2024 5:30:00 PM,Buy,Stop loss,($1005.16),$184343.16,$5.16,$0.00,$0.00,$0.00,$0.00,$1000.00,$0.00,$1005.16,1,
3075,NQ 06-26,Backtest,VariableTrend,Short,1,19801.25,19851.25,8/6/2024 11:00:00 PM,8/6/2024 11:00:00 PM,Sell short,Stop loss,($1005.16),$183338.00,$5.16,$0.00,$0.00,$0.00,$0.00,$1000.00,$0.00,$1005.16,1,
3076,NQ 06-26,Backtest,VariableTrend,Long,1,19828.00,19778.00,8/7/2024 4:40:00 AM,8/7/2024 7:50:00 PM,Buy,Stop loss,($1005.16),$182332.84,$5.16,$0.00,$0.00,$0.00,$0.00,$1000.00,$7445.00,$8450.16,14,
3077,NQ 06-26,Backtest,VariableTrend,Short,1,19775.25,19496.25,8/7/2024 9:00:00 PM,8/7/2024 11:00:00 PM,Sell short,Exit on session close,$5574.84,$187907.68,$5.16,$0.00,$0.00,$0.00,$0.00,$270.00,$5945.00,$370.16,3,
3078,NQ 06-26,Backtest,VariableTrend,Long,1,19818.75,19768.75,8/8/2024 4:20:00 PM,8/8/2024 4:20:00 PM,Buy,Stop loss,($1005.16),$186902.52,$5.16,$0.00,$0.00,$0.00,$0.00,$1000.00,$0.00,$1005.16,1,
3079,NQ 06-26,Backtest,VariableTrend,Short,1,20088.50,20138.50,8/9/2024 4:20:00 PM,8/9/2024 4:20:00 PM,Sell short,Stop loss,($1005.16),$185897.36,$5.16,$0.00,$0.00,$0.00,$0.00,$1000.00,$0.00,$1005.16,1,
3080,NQ 06-26,Backtest,VariableTrend,Long,1,20150.00,20100.00,8/9/2024 5:30:00 PM,8/9/2024 5:30:00 PM,Buy,Stop loss,($1005.16),$184892.20,$5.16,$0.00,$0.00,$0.00,$0.00,$1000.00,$0.00,$1005.16,1,
3081,NQ 06-26,Backtest,VariableTrend,Short,1,20312.75,20354.50,8/13/2024 2:00:00 PM,8/13/2024 3:10:00 PM,Sell short,Close position,($840.16),$184052.04,$5.16,$0.00,$0.00,$0.00,$0.00,$850.00,$470.00,$1310.16,2,
3082,NQ 06-26,Backtest,VariableTrend,Long,1,20354.50,20741.00,8/13/2024 3:10:00 PM,8/13/2024 11:00:00 PM,Buy,Exit on session close,$7724.84,$191776.88,$5.16,$0.00,$0.00,$0.00,$0.00,$55.00,$8195.00,$470.16,8,
3083,NQ 06-26,Backtest,VariableTrend,Short,1,20639.75,20689.75,8/14/2024 5:30:00 PM,8/14/2024 5:30:00 PM,Sell short,Stop loss,($1005.16),$190771.72,$5.16,$0.00,$0.00,$0.00,$0.00,$1000.00,$0.00,$1005.16,1,
3084,NQ 06-26,Backtest,VariableTrend,Long,1,20749.25,20699.25,8/14/2024 6:40:00 PM,8/14/2024 6:40:00 PM,Buy,Stop loss,($1005.16),$189766.56,$5.16,$0.00,$0.00,$0.00,$0.00,$1000.00,$0.00,$1005.16,1,
3085,NQ 06-26,Backtest,VariableTrend,Short,1,21195.25,21225.00,8/16/2024 3:10:00 PM,8/16/2024 5:30:00 PM,Sell short,Close position,($600.16),$189166.40,$5.16,$0.00,$0.00,$0.00,$0.00,$645.00,$2120.00,$2720.16,3,
3086,NQ 06-26,Backtest,VariableTrend,Long,1,21225.00,21175.00,8/16/2024 5:30:00 PM,8/16/2024 5:30:00 PM,Buy,Stop loss,($1005.16),$188161.24,$5.16,$0.00,$0.00,$0.00,$0.00,$1000.00,$0.00,$1005.16,1,
3087,NQ 06-26,Backtest,VariableTrend,Short,1,21174.00,21224.00,8/16/2024 6:40:00 PM,8/16/2024 6:40:00 PM,Sell short,Stop loss,($1005.16),$187156.08,$5.16,$0.00,$0.00,$0.00,$0.00,$1000.00,$0.00,$1005.16,1,
3088,NQ 06-26,Backtest,VariableTrend,Long,1,21272.75,21222.75,8/16/2024 7:50:00 PM,8/16/2024 10:10:00 PM,Buy,Stop loss,($1005.16),$186150.92,$5.16,$0.00,$0.00,$0.00,$0.00,$1000.00,$595.00,$1600.16,3,
3089,NQ 06-26,Backtest,VariableTrend,Short,1,21211.00,21235.25,8/19/2024 9:20:00 AM,8/19/2024 2:00:00 PM,Sell short,Close position,($490.16),$185660.76,$5.16,$0.00,$0.00,$0.00,$0.00,$755.00,$880.00,$1370.16,5,
3090,NQ 06-26,Backtest,VariableTrend,Long,1,21235.25,21185.25,8/19/2024 2:00:00 PM,8/19/2024 4:20:00 PM,Buy,Stop loss,($1005.16),$184655.60,$5.16,$0.00,$0.00,$0.00,$0.00,$1000.00,$905.00,$1910.16,3,
3091,NQ 06-26,Backtest,VariableTrend,Short,1,21176.25,21226.25,8/19/2024 5:30:00 PM,8/19/2024 5:30:00 PM,Sell short,Stop loss,($1005.16),$183650.44,$5.16,$0.00,$0.00,$0.00,$0.00,$1000.00,$0.00,$1005.16,1,
3092,NQ 06-26,Backtest,VariableTrend,Long,1,21299.50,21495.25,8/19/2024 6:40:00 PM,8/19/2024 11:00:00 PM,Buy,Exit on session close,$3909.84,$187560.28,$5.16,$0.00,$0.00,$0.00,$0.00,$790.00,$4280.00,$370.16,5,
3093,NQ 06-26,Backtest,VariableTrend,Short,1,21431.75,21481.75,8/20/2024 6:40:00 PM,8/20/2024 6:40:00 PM,Sell short,Stop loss,($1005.16),$186555.12,$5.16,$0.00,$0.00,$0.00,$0.00,$1000.00,$0.00,$1005.16,1,
3094,NQ 06-26,Backtest,VariableTrend,Long,1,21493.50,21446.50,8/20/2024 10:10:00 PM,8/20/2024 11:00:00 PM,Buy,Exit on session close,($945.16),$185609.96,$5.16,$0.00,$0.00,$0.00,$0.00,$975.00,$160.00,$1105.16,2,
3095,NQ 06-26,Backtest,VariableTrend,Long,1,21460.50,21442.00,8/21/2024 3:30:00 AM,8/21/2024 11:40:00 AM,Buy,Close position,($375.16),$185234.80,$5.16,$0.00,$0.00,$0.00,$0.00,$485.00,$735.00,$1110.16,8,
3096,NQ 06-26,Backtest,VariableTrend,Short,1,21442.00,21479.25,8/21/2024 11:40:00 AM,8/21/2024 2:00:00 PM,Sell short,Close position,($750.16),$184484.64,$5.16,$0.00,$0.00,$0.00,$0.00,$765.00,$195.00,$945.16,3,
3097,NQ 06-26,Backtest,VariableTrend,Long,1,21479.25,21429.25,8/21/2024 2:00:00 PM,8/21/2024 6:40:00 PM,Buy,Stop loss,($1005.16),$183479.48,$5.16,$0.00,$0.00,$0.00,$0.00,$1000.00,$2885.00,$3890.16,5,
3098,NQ 06-26,Backtest,VariableTrend,Short,1,21451.75,21254.00,8/22/2024 6:40:00 PM,8/22/2024 11:00:00 PM,Sell short,Exit on session close,$3949.84,$187429.32,$5.16,$0.00,$0.00,$0.00,$0.00,$435.00,$5360.00,$1410.16,5,
3099,NQ 06-26,Backtest,VariableTrend,Long,1,21343.00,21335.75,8/23/2024 10:30:00 AM,8/23/2024 11:40:00 AM,Buy,Close position,($150.16),$187279.16,$5.16,$0.00,$0.00,$0.00,$0.00,$545.00,$135.00,$285.16,2,
3100,NQ 06-26,Backtest,VariableTrend,Short,1,21335.75,21354.00,8/23/2024 11:40:00 AM,8/23/2024 12:50:00 PM,Sell short,Close position,($370.16),$186909.00,$5.16,$0.00,$0.00,$0.00,$0.00,$470.00,$180.00,$550.16,2,
3101,NQ 06-26,Backtest,VariableTrend,Long,1,21354.00,21304.00,8/23/2024 12:50:00 PM,8/23/2024 5:30:00 PM,Buy,Stop loss,($1005.16),$185903.84,$5.16,$0.00,$0.00,$0.00,$0.00,$1000.00,$3690.00,$4695.16,5,
3102,NQ 06-26,Backtest,VariableTrend,Short,1,21316.25,21366.25,8/23/2024 7:50:00 PM,8/23/2024 7:50:00 PM,Sell short,Stop loss,($1005.16),$184898.68,$5.16,$0.00,$0.00,$0.00,$0.00,$1000.00,$0.00,$1005.16,1,
3103,NQ 06-26,Backtest,VariableTrend,Long,1,21383.75,21380.50,8/23/2024 9:00:00 PM,8/23/2024 10:10:00 PM,Buy,Close position,($70.16),$184828.52,$5.16,$0.00,$0.00,$0.00,$0.00,$390.00,$490.00,$560.16,2,
3104,NQ 06-26,Backtest,VariableTrend,Short,1,21380.50,21430.50,8/23/2024 10:10:00 PM,8/23/2024 10:10:00 PM,Sell short,Stop loss,($1005.16),$183823.36,$5.16,$0.00,$0.00,$0.00,$0.00,$1000.00,$0.00,$1005.16,1,
3105,NQ 06-26,Backtest,VariableTrend,Long,1,21434.75,21418.50,8/23/2024 11:00:00 PM,8/23/2024 11:00:00 PM,Buy,Exit on session close,($330.16),$183493.20,$5.16,$0.00,$0.00,$0.00,$0.00,$415.00,$90.00,$420.16,1,
3106,NQ 06-26,Backtest,VariableTrend,Short,1,21371.00,21421.00,8/26/2024 2:20:00 AM,8/26/2024 2:20:00 AM,Sell short,Stop loss,($1005.16),$182488.04,$5.16,$0.00,$0.00,$0.00,$0.00,$1000.00,$0.00,$1005.16,1,
3107,NQ 06-26,Backtest,VariableTrend,Long,1,21424.50,21374.50,8/26/2024 3:30:00 AM,8/26/2024 4:20:00 PM,Buy,Stop loss,($1005.16),$181482.88,$5.16,$0.00,$0.00,$0.00,$0.00,$1000.00,$1270.00,$2275.16,12,
3108,NQ 06-26,Backtest,VariableTrend,Short,1,21263.50,21190.75,8/26/2024 5:30:00 PM,8/26/2024 11:00:00 PM,Sell short,Exit on session close,$1449.84,$182932.72,$5.16,$0.00,$0.00,$0.00,$0.00,$590.00,$2325.00,$875.16,6,
3109,NQ 06-26,Backtest,VariableTrend,Long,1,21277.75,21227.75,8/27/2024 11:40:00 AM,8/27/2024 12:50:00 PM,Buy,Stop loss,($1005.16),$181927.56,$5.16,$0.00,$0.00,$0.00,$0.00,$1000.00,$220.00,$1225.16,2,
3110,NQ 06-26,Backtest,VariableTrend,Short,1,21226.25,21276.25,8/27/2024 2:00:00 PM,8/27/2024 5:30:00 PM,Sell short,Stop loss,($1005.16),$180922.40,$5.16,$0.00,$0.00,$0.00,$0.00,$1000.00,$2860.00,$3865.16,4,
3111,NQ 06-26,Backtest,VariableTrend,Long,1,21266.25,21277.75,8/27/2024 6:40:00 PM,8/27/2024 11:00:00 PM,Buy,Exit on session close,$224.84,$181147.24,$5.16,$0.00,$0.00,$0.00,$0.00,$935.00,$1365.00,$1140.16,5,
3112,NQ 06-26,Backtest,VariableTrend,Short,1,21245.75,21272.00,8/28/2024 2:20:00 AM,8/28/2024 8:10:00 AM,Sell short,Close position,($530.16),$180617.08,$5.16,$0.00,$0.00,$0.00,$0.00,$635.00,$865.00,$1395.16,6,
3113,NQ 06-26,Backtest,VariableTrend,Long,1,21272.00,21260.25,8/28/2024 8:10:00 AM,8/28/2024 3:10:00 PM,Buy,Close position,($240.16),$180376.92,$5.16,$0.00,$0.00,$0.00,$0.00,$415.00,$1215.00,$1455.16,7,
3114,NQ 06-26,Backtest,VariableTrend,Short,1,21260.25,20952.00,8/28/2024 3:10:00 PM,8/28/2024 11:00:00 PM,Sell short,Exit on session close,$6159.84,$186536.76,$5.16,$0.00,$0.00,$0.00,$0.00,$760.00,$7825.00,$1665.16,8,
3115,NQ 06-26,Backtest,VariableTrend,Long,1,21017.50,21043.00,8/29/2024 10:30:00 AM,8/29/2024 10:10:00 PM,Buy,Close position,$504.84,$187041.60,$5.16,$0.00,$0.00,$0.00,$0.00,$675.00,$6355.00,$5850.16,11,
3116,NQ 06-26,Backtest,VariableTrend,Short,1,21043.00,21093.00,8/29/2024 10:10:00 PM,8/29/2024 10:10:00 PM,Sell short,Stop loss,($1005.16),$186036.44,$5.16,$0.00,$0.00,$0.00,$0.00,$1000.00,$0.00,$1005.16,1,
3117,NQ 06-26,Backtest,VariableTrend,Long,1,21163.00,21113.00,8/30/2024 11:40:00 AM,8/30/2024 5:30:00 PM,Buy,Stop loss,($1005.16),$185031.28,$5.16,$0.00,$0.00,$0.00,$0.00,$1000.00,$2150.00,$3155.16,6,
3118,NQ 06-26,Backtest,VariableTrend,Short,1,21108.00,21158.00,8/30/2024 6:40:00 PM,8/30/2024 9:00:00 PM,Sell short,Stop loss,($1005.16),$184026.12,$5.16,$0.00,$0.00,$0.00,$0.00,$1000.00,$1915.00,$2920.16,3,
3119,NQ 06-26,Backtest,VariableTrend,Long,1,21166.00,21236.25,8/30/2024 10:10:00 PM,8/30/2024 11:00:00 PM,Buy,Exit on session close,$1399.84,$185425.96,$5.16,$0.00,$0.00,$0.00,$0.00,$620.00,$2170.00,$770.16,2,
3120,NQ 06-26,Backtest,VariableTrend,Short,1,21159.00,21209.00,9/2/2024 10:30:00 AM,9/2/2024 10:30:00 AM,Sell short,Stop loss,($1005.16),$184420.80,$5.16,$0.00,$0.00,$0.00,$0.00,$1000.00,$0.00,$1005.16,1,
3121,NQ 06-26,Backtest,VariableTrend,Long,1,21206.75,21288.75,9/2/2024 11:40:00 AM,9/2/2024 7:00:00 PM,Buy,Exit on session close,$1634.84,$186055.64,$5.16,$0.00,$0.00,$0.00,$0.00,$0.00,$2105.00,$470.16,8,
3122,NQ 06-26,Backtest,VariableTrend,Short,1,21194.25,21244.25,9/3/2024 7:00:00 AM,9/3/2024 9:20:00 AM,Sell short,Stop loss,($1005.16),$185050.48,$5.16,$0.00,$0.00,$0.00,$0.00,$1000.00,$200.00,$1205.16,3,
3123,NQ 06-26,Backtest,VariableTrend,Long,1,21251.25,21201.25,9/3/2024 10:30:00 AM,9/3/2024 11:40:00 AM,Buy,Stop loss,($1005.16),$184045.32,$5.16,$0.00,$0.00,$0.00,$0.00,$1000.00,$705.00,$1710.16,2,
3124,NQ 06-26,Backtest,VariableTrend,Short,1,21134.50,20631.50,9/3/2024 12:50:00 PM,9/3/2024 11:00:00 PM,Sell short,Exit on session close,$10054.84,$194100.16,$5.16,$0.00,$0.00,$0.00,$0.00,$590.00,$11635.00,$1580.16,10,
3125,NQ 06-26,Backtest,VariableTrend,Long,1,20658.25,20608.25,9/4/2024 6:40:00 PM,9/4/2024 9:00:00 PM,Buy,Stop loss,($1005.16),$193095.00,$5.16,$0.00,$0.00,$0.00,$0.00,$1000.00,$1425.00,$2430.16,3,
3126,NQ 06-26,Backtest,VariableTrend,Short,1,20578.75,20628.75,9/4/2024 10:10:00 PM,9/4/2024 10:10:00 PM,Sell short,Stop loss,($1005.16),$192089.84,$5.16,$0.00,$0.00,$0.00,$0.00,$1000.00,$0.00,$1005.16,1,
3127,NQ 06-26,Backtest,VariableTrend,Long,1,20626.50,20610.25,9/5/2024 4:40:00 AM,9/5/2024 5:50:00 AM,Buy,Close position,($330.16),$191759.68,$5.16,$0.00,$0.00,$0.00,$0.00,$745.00,$425.00,$755.16,2,
3128,NQ 06-26,Backtest,VariableTrend,Short,1,20610.25,20626.75,9/5/2024 5:50:00 AM,9/5/2024 11:40:00 AM,Sell short,Close position,($335.16),$191424.52,$5.16,$0.00,$0.00,$0.00,$0.00,$670.00,$1690.00,$2025.16,6,
3129,NQ 06-26,Backtest,VariableTrend,Long,1,20626.75,20576.75,9/5/2024 11:40:00 AM,9/5/2024 11:40:00 AM,Buy,Stop loss,($1005.16),$190419.36,$5.16,$0.00,$0.00,$0.00,$0.00,$1000.00,$0.00,$1005.16,1,
3130,NQ 06-26,Backtest,VariableTrend,Short,1,20558.50,20608.50,9/5/2024 12:50:00 PM,9/5/2024 2:00:00 PM,Sell short,Stop loss,($1005.16),$189414.20,$5.16,$0.00,$0.00,$0.00,$0.00,$1000.00,$55.00,$1060.16,2,
3131,NQ 06-26,Backtest,VariableTrend,Long,1,20699.75,20649.75,9/5/2024 5:30:00 PM,9/5/2024 5:30:00 PM,Buy,Stop loss,($1005.16),$188409.04,$5.16,$0.00,$0.00,$0.00,$0.00,$1000.00,$0.00,$1005.16,1,
3132,NQ 06-26,Backtest,VariableTrend,Short,1,20509.75,20559.75,9/5/2024 6:40:00 PM,9/5/2024 6:40:00 PM,Sell short,Stop loss,($1005.16),$187403.88,$5.16,$0.00,$0.00,$0.00,$0.00,$1000.00,$0.00,$1005.16,1,
3133,NQ 06-26,Backtest,VariableTrend,Long,1,20649.00,20599.00,9/5/2024 9:00:00 PM,9/5/2024 10:10:00 PM,Buy,Stop loss,($1005.16),$186398.72,$5.16,$0.00,$0.00,$0.00,$0.00,$1000.00,$660.00,$1665.16,2,
3134,NQ 06-26,Backtest,VariableTrend,Long,1,20571.50,20521.50,9/6/2024 4:20:00 PM,9/6/2024 4:20:00 PM,Buy,Stop loss,($1005.16),$185393.56,$5.16,$0.00,$0.00,$0.00,$0.00,$1000.00,$0.00,$1005.16,1,
3135,NQ 06-26,Backtest,VariableTrend,Short,1,20394.00,20019.25,9/6/2024 5:30:00 PM,9/6/2024 11:00:00 PM,Sell short,Exit on session close,$7489.84,$192883.40,$5.16,$0.00,$0.00,$0.00,$0.00,$245.00,$8250.00,$760.16,6,
3136,NQ 06-26,Backtest,VariableTrend,Long,1,20260.25,20248.75,9/9/2024 12:50:00 PM,9/9/2024 2:00:00 PM,Buy,Close position,($235.16),$192648.24,$5.16,$0.00,$0.00,$0.00,$0.00,$325.00,$545.00,$780.16,2,
3137,NQ 06-26,Backtest,VariableTrend,Short,1,20248.75,20298.75,9/9/2024 2:00:00 PM,9/9/2024 4:20:00 PM,Sell short,Stop loss,($1005.16),$191643.08,$5.16,$0.00,$0.00,$0.00,$0.00,$1000.00,$830.00,$1835.16,3,
3138,NQ 06-26,Backtest,VariableTrend,Long,1,20294.25,20244.25,9/9/2024 5:30:00 PM,9/9/2024 5:30:00 PM,Buy,Stop loss,($1005.16),$190637.92,$5.16,$0.00,$0.00,$0.00,$0.00,$1000.00,$0.00,$1005.16,1,
3139,NQ 06-26,Backtest,VariableTrend,Short,1,20210.25,20260.25,9/9/2024 6:40:00 PM,9/9/2024 6:40:00 PM,Sell short,Stop loss,($1005.16),$189632.76,$5.16,$0.00,$0.00,$0.00,$0.00,$1000.00,$0.00,$1005.16,1,
3140,NQ 06-26,Backtest,VariableTrend,Long,1,20318.25,20268.25,9/9/2024 7:50:00 PM,9/9/2024 9:00:00 PM,Buy,Stop loss,($1005.16),$188627.60,$5.16,$0.00,$0.00,$0.00,$0.00,$1000.00,$1070.00,$2075.16,2,
3141,NQ 06-26,Backtest,VariableTrend,Short,1,20245.75,20295.75,9/9/2024 10:10:00 PM,9/9/2024 10:10:00 PM,Sell short,Stop loss,($1005.16),$187622.44,$5.16,$0.00,$0.00,$0.00,$0.00,$1000.00,$0.00,$1005.16,1,
3142,NQ 06-26,Backtest,VariableTrend,Long,1,20331.75,20364.50,9/9/2024 11:00:00 PM,9/9/2024 11:00:00 PM,Buy,Exit on session close,$649.84,$188272.28,$5.16,$0.00,$0.00,$0.00,$0.00,$55.00,$890.00,$240.16,1,
3143,NQ 06-26,Backtest,VariableTrend,Short,1,20259.75,20295.50,9/10/2024 8:10:00 AM,9/10/2024 10:30:00 AM,Sell short,Close position,($720.16),$187552.12,$5.16,$0.00,$0.00,$0.00,$0.00,$840.00,$275.00,$995.16,3,
3144,NQ 06-26,Backtest,VariableTrend,Long,1,20295.50,20245.50,9/10/2024 10:30:00 AM,9/10/2024 11:40:00 AM,Buy,Stop loss,($1005.16),$186546.96,$5.16,$0.00,$0.00,$0.00,$0.00,$1000.00,$785.00,$1790.16,2,
3145,NQ 06-26,Backtest,VariableTrend,Short,1,20273.00,20305.00,9/10/2024 12:50:00 PM,9/10/2024 2:00:00 PM,Sell short,Close position,($645.16),$185901.80,$5.16,$0.00,$0.00,$0.00,$0.00,$975.00,$315.00,$960.16,2,
3146,NQ 06-26,Backtest,VariableTrend,Long,1,20305.00,20255.00,9/10/2024 2:00:00 PM,9/10/2024 6:40:00 PM,Buy,Stop loss,($1005.16),$184896.64,$5.16,$0.00,$0.00,$0.00,$0.00,$1000.00,$3170.00,$4175.16,5,
3147,NQ 06-26,Backtest,VariableTrend,Short,1,20308.50,20358.50,9/11/2024 5:30:00 PM,9/11/2024 6:40:00 PM,Sell short,Stop loss,($1005.16),$183891.48,$5.16,$0.00,$0.00,$0.00,$0.00,$1000.00,$2395.00,$3400.16,2,
3148,NQ 06-26,Backtest,VariableTrend,Long,1,20573.25,20523.25,9/11/2024 7:50:00 PM,9/11/2024 7:50:00 PM,Buy,Stop loss,($1005.16),$182886.32,$5.16,$0.00,$0.00,$0.00,$0.00,$1000.00,$0.00,$1005.16,1,
3149,NQ 06-26,Backtest,VariableTrend,Short,1,21076.25,21072.75,9/16/2024 4:20:00 PM,9/16/2024 10:10:00 PM,Sell short,Close position,$64.84,$182951.16,$5.16,$0.00,$0.00,$0.00,$0.00,$560.00,$2810.00,$2745.16,6,
3150,NQ 06-26,Backtest,VariableTrend,Long,1,21072.75,21057.00,9/16/2024 10:10:00 PM,9/16/2024 11:00:00 PM,Buy,Exit on session close,($320.16),$182631.00,$5.16,$0.00,$0.00,$0.00,$0.00,$585.00,$370.00,$690.16,2,
3151,NQ 06-26,Backtest,VariableTrend,Long,1,21088.25,21041.25,9/17/2024 2:20:00 AM,9/17/2024 4:40:00 AM,Buy,Close position,($945.16),$181685.84,$5.16,$0.00,$0.00,$0.00,$0.00,$970.00,$165.00,$1110.16,3,
3152,NQ 06-26,Backtest,VariableTrend,Short,1,21041.25,21076.00,9/17/2024 4:40:00 AM,9/17/2024 8:10:00 AM,Sell short,Close position,($700.16),$180985.68,$5.16,$0.00,$0.00,$0.00,$0.00,$715.00,$5.00,$705.16,4,
3153,NQ 06-26,Backtest,VariableTrend,Long,1,21076.00,21087.75,9/17/2024 8:10:00 AM,9/17/2024 7:50:00 PM,Buy,Close position,$229.84,$181215.52,$5.16,$0.00,$0.00,$0.00,$0.00,$560.00,$3620.00,$3390.16,11,
3154,NQ 06-26,Backtest,VariableTrend,Short,1,21087.75,21093.00,9/17/2024 7:50:00 PM,9/17/2024 11:00:00 PM,Sell short,Exit on session close,($110.16),$181105.36,$5.16,$0.00,$0.00,$0.00,$0.00,$415.00,$2130.00,$2240.16,4,
3155,NQ 06-26,Backtest,VariableTrend,Long,1,21124.00,21074.00,9/18/2024 10:30:00 AM,9/18/2024 10:30:00 AM,Buy,Stop loss,($1005.16),$180100.20,$5.16,$0.00,$0.00,$0.00,$0.00,$1000.00,$0.00,$1005.16,1,
3156,NQ 06-26,Backtest,VariableTrend,Short,1,21071.25,21121.25,9/18/2024 11:40:00 AM,9/18/2024 2:00:00 PM,Sell short,Stop loss,($1005.16),$179095.04,$5.16,$0.00,$0.00,$0.00,$0.00,$1000.00,$145.00,$1150.16,3,
3157,NQ 06-26,Backtest,VariableTrend,Long,1,21132.50,21082.50,9/18/2024 4:20:00 PM,9/18/2024 4:20:00 PM,Buy,Stop loss,($1005.16),$178089.88,$5.16,$0.00,$0.00,$0.00,$0.00,$1000.00,$0.00,$1005.16,1,
3158,NQ 06-26,Backtest,VariableTrend,Short,1,21074.00,21124.00,9/18/2024 5:30:00 PM,9/18/2024 5:30:00 PM,Sell short,Stop loss,($1005.16),$177084.72,$5.16,$0.00,$0.00,$0.00,$0.00,$1000.00,$0.00,$1005.16,1,
3159,NQ 06-26,Backtest,VariableTrend,Long,1,21128.00,21078.00,9/18/2024 10:10:00 PM,9/18/2024 10:10:00 PM,Buy,Stop loss,($1005.16),$176079.56,$5.16,$0.00,$0.00,$0.00,$0.00,$1000.00,$0.00,$1005.16,1,
3160,NQ 06-26,Backtest,VariableTrend,Short,1,21047.50,21039.50,9/18/2024 11:00:00 PM,9/18/2024 11:00:00 PM,Sell short,Exit on session close,$154.84,$176234.40,$5.16,$0.00,$0.00,$0.00,$0.00,$450.00,$400.00,$245.16,1,
3161,NQ 06-26,Backtest,VariableTrend,Long,1,21173.50,21123.50,9/19/2024 3:30:00 AM,9/19/2024 3:30:00 AM,Buy,Stop loss,($1005.16),$175229.24,$5.16,$0.00,$0.00,$0.00,$0.00,$1000.00,$0.00,$1005.16,1,
3162,NQ 06-26,Backtest,VariableTrend,Short,1,21105.00,21155.00,9/19/2024 4:40:00 AM,9/19/2024 4:40:00 AM,Sell short,Stop loss,($1005.16),$174224.08,$5.16,$0.00,$0.00,$0.00,$0.00,$1000.00,$0.00,$1005.16,1,
3163,NQ 06-26,Backtest,VariableTrend,Long,1,21211.50,21469.50,9/19/2024 5:50:00 AM,9/19/2024 11:00:00 PM,Buy,Exit on session close,$5154.84,$179378.92,$5.16,$0.00,$0.00,$0.00,$0.00,$105.00,$7940.00,$2785.16,16,
3164,NQ 06-26,Backtest,VariableTrend,Long,1,21443.50,21393.50,9/23/2024 2:20:00 AM,9/23/2024 9:20:00 AM,Buy,Stop loss,($1005.16),$178373.76,$5.16,$0.00,$0.00,$0.00,$0.00,$1000.00,$2545.00,$3550.16,7,
3165,NQ 06-26,Backtest,VariableTrend,Short,1,21377.00,21427.00,9/23/2024 10:30:00 AM,9/23/2024 10:30:00 AM,Sell short,Stop loss,($1005.16),$177368.60,$5.16,$0.00,$0.00,$0.00,$0.00,$1000.00,$0.00,$1005.16,1,
3166,NQ 06-26,Backtest,VariableTrend,Long,1,21487.75,21457.75,9/23/2024 2:00:00 PM,9/23/2024 7:50:00 PM,Buy,Close position,($605.16),$176763.44,$5.16,$0.00,$0.00,$0.00,$0.00,$995.00,$915.00,$1520.16,6,
3167,NQ 06-26,Backtest,VariableTrend,Short,1,21457.75,21487.75,9/23/2024 7:50:00 PM,9/23/2024 10:10:00 PM,Sell short,Close position,($605.16),$176158.28,$5.16,$0.00,$0.00,$0.00,$0.00,$695.00,$645.00,$1250.16,3,
3168,NQ 06-26,Backtest,VariableTrend,Long,1,21487.75,21471.75,9/23/2024 10:10:00 PM,9/23/2024 11:00:00 PM,Buy,Close position,($325.16),$175833.12,$5.16,$0.00,$0.00,$0.00,$0.00,$540.00,$165.00,$490.16,2,
3169,NQ 06-26,Backtest,VariableTrend,Short,1,21471.75,21470.00,9/23/2024 11:00:00 PM,9/23/2024 11:00:00 PM,Sell short,Exit on session close,$29.84,$175862.96,$5.16,$0.00,$0.00,$0.00,$0.00,$165.00,$200.00,$170.16,1,
3170,NQ 06-26,Backtest,VariableTrend,Long,1,21485.25,21435.25,9/24/2024 4:40:00 AM,9/24/2024 4:40:00 AM,Buy,Stop loss,($1005.16),$174857.80,$5.16,$0.00,$0.00,$0.00,$0.00,$1000.00,$0.00,$1005.16,1,
3171,NQ 06-26,Backtest,VariableTrend,Short,1,21439.25,21481.00,9/24/2024 5:50:00 AM,9/24/2024 8:10:00 AM,Sell short,Close position,($840.16),$174017.64,$5.16,$0.00,$0.00,$0.00,$0.00,$845.00,$50.00,$890.16,3,
3172,NQ 06-26,Backtest,VariableTrend,Long,1,21481.00,21431.00,9/24/2024 8:10:00 AM,9/24/2024 4:20:00 PM,Buy,Stop loss,($1005.16),$173012.48,$5.16,$0.00,$0.00,$0.00,$0.00,$1000.00,$2100.00,$3105.16,8,
3173,NQ 06-26,Backtest,VariableTrend,Short,1,21417.00,21467.00,9/24/2024 5:30:00 PM,9/24/2024 5:30:00 PM,Sell short,Stop loss,($1005.16),$172007.32,$5.16,$0.00,$0.00,$0.00,$0.00,$1000.00,$0.00,$1005.16,1,
3174,NQ 06-26,Backtest,VariableTrend,Long,1,21522.00,21592.00,9/24/2024 6:40:00 PM,9/24/2024 11:00:00 PM,Buy,Exit on session close,$1394.84,$173402.16,$5.16,$0.00,$0.00,$0.00,$0.00,$130.00,$1990.00,$595.16,5,
3175,NQ 06-26,Backtest,VariableTrend,Short,1,21508.00,21523.00,9/25/2024 9:20:00 AM,9/25/2024 2:00:00 PM,Sell short,Close position,($305.16),$173097.00,$5.16,$0.00,$0.00,$0.00,$0.00,$700.00,$740.00,$1045.16,5,
3176,NQ 06-26,Backtest,VariableTrend,Long,1,21523.00,21648.75,9/25/2024 2:00:00 PM,9/25/2024 11:00:00 PM,Buy,Exit on session close,$2509.84,$175606.84,$5.16,$0.00,$0.00,$0.00,$0.00,$10.00,$3095.00,$585.16,9,
3177,NQ 06-26,Backtest,VariableTrend,Short,1,21806.75,21752.50,9/26/2024 5:30:00 PM,9/26/2024 11:00:00 PM,Sell short,Exit on session close,$1079.84,$176686.68,$5.16,$0.00,$0.00,$0.00,$0.00,$55.00,$4240.00,$3160.16,6,
3178,NQ 06-26,Backtest,VariableTrend,Long,1,21793.75,21743.75,9/27/2024 4:20:00 PM,9/27/2024 4:20:00 PM,Buy,Stop loss,($1005.16),$175681.52,$5.16,$0.00,$0.00,$0.00,$0.00,$1000.00,$0.00,$1005.16,1,
3179,NQ 06-26,Backtest,VariableTrend,Short,1,21694.25,21744.25,9/27/2024 5:30:00 PM,9/27/2024 5:30:00 PM,Sell short,Stop loss,($1005.16),$174676.36,$5.16,$0.00,$0.00,$0.00,$0.00,$1000.00,$0.00,$1005.16,1,
3180,NQ 06-26,Backtest,VariableTrend,Long,1,21697.50,21663.75,10/1/2024 4:40:00 AM,10/1/2024 8:10:00 AM,Buy,Close position,($680.16),$173996.20,$5.16,$0.00,$0.00,$0.00,$0.00,$760.00,$820.00,$1500.16,4,
3181,NQ 06-26,Backtest,VariableTrend,Short,1,21663.75,21670.50,10/1/2024 8:10:00 AM,10/1/2024 11:40:00 AM,Sell short,Close position,($140.16),$173856.04,$5.16,$0.00,$0.00,$0.00,$0.00,$695.00,$840.00,$980.16,4,
3182,NQ 06-26,Backtest,VariableTrend,Long,1,21670.50,21620.50,10/1/2024 11:40:00 AM,10/1/2024 4:20:00 PM,Buy,Stop loss,($1005.16),$172850.88,$5.16,$0.00,$0.00,$0.00,$0.00,$1000.00,$1220.00,$2225.16,5,
3183,NQ 06-26,Backtest,VariableTrend,Short,1,21329.25,21379.25,10/1/2024 5:30:00 PM,10/1/2024 5:30:00 PM,Sell short,Stop loss,($1005.16),$171845.72,$5.16,$0.00,$0.00,$0.00,$0.00,$1000.00,$0.00,$1005.16,1,
3184,NQ 06-26,Backtest,VariableTrend,Long,1,21462.00,21412.00,10/2/2024 6:40:00 PM,10/2/2024 7:50:00 PM,Buy,Stop loss,($1005.16),$170840.56,$5.16,$0.00,$0.00,$0.00,$0.00,$1000.00,$590.00,$1595.16,2,
3185,NQ 06-26,Backtest,VariableTrend,Short,1,21432.25,21444.25,10/2/2024 9:00:00 PM,10/2/2024 11:00:00 PM,Sell short,Close position,($245.16),$170595.40,$5.16,$0.00,$0.00,$0.00,$0.00,$655.00,$795.00,$1040.16,3,
3186,NQ 06-26,Backtest,VariableTrend,Long,1,21444.25,21463.00,10/2/2024 11:00:00 PM,10/2/2024 11:00:00 PM,Buy,Exit on session close,$369.84,$170965.24,$5.16,$0.00,$0.00,$0.00,$0.00,$85.00,$700.00,$330.16,1,
3187,NQ 06-26,Backtest,VariableTrend,Short,1,21408.75,21384.25,10/3/2024 3:30:00 AM,10/3/2024 3:10:00 PM,Sell short,Close position,$484.84,$171450.08,$5.16,$0.00,$0.00,$0.00,$0.00,$260.00,$3000.00,$2515.16,11,
3188,NQ 06-26,Backtest,VariableTrend,Long,1,21384.25,21334.25,10/3/2024 3:10:00 PM,10/3/2024 3:10:00 PM,Buy,Stop loss,($1005.16),$170444.92,$5.16,$0.00,$0.00,$0.00,$0.00,$1000.00,$0.00,$1005.16,1,
3189,NQ 06-26,Backtest,VariableTrend,Short,1,21335.75,21385.75,10/3/2024 4:20:00 PM,10/3/2024 4:20:00 PM,Sell short,Stop loss,($1005.16),$169439.76,$5.16,$0.00,$0.00,$0.00,$0.00,$1000.00,$0.00,$1005.16,1,
3190,NQ 06-26,Backtest,VariableTrend,Long,1,21435.00,21385.00,10/3/2024 5:30:00 PM,10/3/2024 5:30:00 PM,Buy,Stop loss,($1005.16),$168434.60,$5.16,$0.00,$0.00,$0.00,$0.00,$1000.00,$0.00,$1005.16,1,
3191,NQ 06-26,Backtest,VariableTrend,Short,1,21348.50,21398.50,10/3/2024 9:00:00 PM,10/3/2024 10:10:00 PM,Sell short,Stop loss,($1005.16),$167429.44,$5.16,$0.00,$0.00,$0.00,$0.00,$1000.00,$340.00,$1345.16,2,
3192,NQ 06-26,Backtest,VariableTrend,Long,1,21392.50,21365.00,10/3/2024 11:00:00 PM,10/3/2024 11:00:00 PM,Buy,Exit on session close,($555.16),$166874.28,$5.16,$0.00,$0.00,$0.00,$0.00,$610.00,$310.00,$865.16,1,
3193,NQ 06-26,Backtest,VariableTrend,Long,1,21383.75,21368.25,10/4/2024 2:20:00 AM,10/4/2024 3:30:00 AM,Buy,Close position,($315.16),$166559.12,$5.16,$0.00,$0.00,$0.00,$0.00,$420.00,$225.00,$540.16,2,
3194,NQ 06-26,Backtest,VariableTrend,Short,1,21368.25,21406.50,10/4/2024 3:30:00 AM,10/4/2024 4:40:00 AM,Sell short,Close position,($770.16),$165788.96,$5.16,$0.00,$0.00,$0.00,$0.00,$905.00,$265.00,$1035.16,2,
3195,NQ 06-26,Backtest,VariableTrend,Long,1,21406.50,21609.00,10/4/2024 4:40:00 AM,10/4/2024 11:00:00 PM,Buy,Exit on session close,$4044.84,$169833.80,$5.16,$0.00,$0.00,$0.00,$0.00,$560.00,$5280.00,$1235.16,17,
3196,NQ 06-26,Backtest,VariableTrend,Short,1,21496.25,21546.25,10/7/2024 12:50:00 PM,10/7/2024 3:10:00 PM,Sell short,Stop loss,($1005.16),$168828.64,$5.16,$0.00,$0.00,$0.00,$0.00,$1000.00,$295.00,$1300.16,3,
3197,NQ 06-26,Backtest,VariableTrend,Long,1,21548.25,21498.25,10/7/2024 4:20:00 PM,10/7/2024 4:20:00 PM,Buy,Stop loss,($1005.16),$167823.48,$5.16,$0.00,$0.00,$0.00,$0.00,$1000.00,$0.00,$1005.16,1,
3198,NQ 06-26,Backtest,VariableTrend,Short,1,21376.25,21426.25,10/7/2024 10:10:00 PM,10/7/2024 10:10:00 PM,Sell short,Stop loss,($1005.16),$166818.32,$5.16,$0.00,$0.00,$0.00,$0.00,$1000.00,$0.00,$1005.16,1,
3199,NQ 06-26,Backtest,VariableTrend,Long,1,21469.50,21693.00,10/8/2024 12:50:00 PM,10/8/2024 11:00:00 PM,Buy,Exit on session close,$4464.84,$171283.16,$5.16,$0.00,$0.00,$0.00,$0.00,$165.00,$5335.00,$870.16,10,
3200,NQ 06-26,Backtest,VariableTrend,Short,1,21615.25,21665.25,10/9/2024 10:30:00 AM,10/9/2024 11:40:00 AM,Sell short,Stop loss,($1005.16),$170278.00,$5.16,$0.00,$0.00,$0.00,$0.00,$1000.00,$250.00,$1255.16,2,
3201,NQ 06-26,Backtest,VariableTrend,Long,1,21661.50,21856.00,10/9/2024 12:50:00 PM,10/9/2024 11:00:00 PM,Buy,Exit on session close,$3884.84,$174162.84,$5.16,$0.00,$0.00,$0.00,$0.00,$325.00,$4560.00,$675.16,10,
3202,NQ 06-26,Backtest,VariableTrend,Short,1,21817.75,21844.50,10/10/2024 2:00:00 PM,10/10/2024 3:10:00 PM,Sell short,Close position,($540.16),$173622.68,$5.16,$0.00,$0.00,$0.00,$0.00,$575.00,$195.00,$735.16,2,
3203,NQ 06-26,Backtest,VariableTrend,Long,1,21844.50,21794.50,10/10/2024 3:10:00 PM,10/10/2024 3:10:00 PM,Buy,Stop loss,($1005.16),$172617.52,$5.16,$0.00,$0.00,$0.00,$0.00,$1000.00,$0.00,$1005.16,1,
3204,NQ 06-26,Backtest,VariableTrend,Short,1,21769.75,21819.75,10/10/2024 4:20:00 PM,10/10/2024 4:20:00 PM,Sell short,Stop loss,($1005.16),$171612.36,$5.16,$0.00,$0.00,$0.00,$0.00,$1000.00,$0.00,$1005.16,1,
3205,NQ 06-26,Backtest,VariableTrend,Long,1,21840.00,21790.00,10/10/2024 6:40:00 PM,10/10/2024 9:00:00 PM,Buy,Stop loss,($1005.16),$170607.20,$5.16,$0.00,$0.00,$0.00,$0.00,$1000.00,$1500.00,$2505.16,3,
3206,NQ 06-26,Backtest,VariableTrend,Short,1,21800.00,21850.00,10/11/2024 10:30:00 AM,10/11/2024 4:20:00 PM,Sell short,Stop loss,($1005.16),$169602.04,$5.16,$0.00,$0.00,$0.00,$0.00,$1000.00,$785.00,$1790.16,6,
3207,NQ 06-26,Backtest,VariableTrend,Long,1,21855.25,21805.25,10/11/2024 5:30:00 PM,10/11/2024 5:30:00 PM,Buy,Stop loss,($1005.16),$168596.88,$5.16,$0.00,$0.00,$0.00,$0.00,$1000.00,$0.00,$1005.16,1,
3208,NQ 06-26,Backtest,VariableTrend,Short,1,21814.75,21839.00,10/14/2024 4:40:00 AM,10/14/2024 9:20:00 AM,Sell short,Close position,($490.16),$168106.72,$5.16,$0.00,$0.00,$0.00,$0.00,$635.00,$495.00,$985.16,5,
3209,NQ 06-26,Backtest,VariableTrend,Long,1,21839.00,22045.25,10/14/2024 9:20:00 AM,10/14/2024 11:00:00 PM,Buy,Exit on session close,$4119.84,$172226.56,$5.16,$0.00,$0.00,$0.00,$0.00,$160.00,$4955.00,$835.16,13,
3210,NQ 06-26,Backtest,VariableTrend,Short,1,21974.75,21985.25,10/15/2024 11:40:00 AM,10/15/2024 12:50:00 PM,Sell short,Close position,($215.16),$172011.40,$5.16,$0.00,$0.00,$0.00,$0.00,$465.00,$90.00,$305.16,2,
3211,NQ 06-26,Backtest,VariableTrend,Long,1,21985.25,21935.25,10/15/2024 12:50:00 PM,10/15/2024 5:30:00 PM,Buy,Stop loss,($1005.16),$171006.24,$5.16,$0.00,$0.00,$0.00,$0.00,$1000.00,$1615.00,$2620.16,5,
3212,NQ 06-26,Backtest,VariableTrend,Short,1,21803.75,21740.00,10/15/2024 6:40:00 PM,10/15/2024 11:00:00 PM,Sell short,Exit on session close,$1269.84,$172276.08,$5.16,$0.00,$0.00,$0.00,$0.00,$740.00,$2860.00,$1590.16,5,
3213,NQ 06-26,Backtest,VariableTrend,Long,1,21773.25,21834.25,10/17/2024 9:20:00 AM,10/17/2024 5:30:00 PM,Buy,Close position,$1214.84,$173490.92,$5.16,$0.00,$0.00,$0.00,$0.00,$5.00,$4565.00,$3350.16,8,
3214,NQ 06-26,Backtest,VariableTrend,Short,1,21834.25,21884.25,10/17/2024 5:30:00 PM,10/17/2024 6:40:00 PM,Sell short,Stop loss,($1005.16),$172485.76,$5.16,$0.00,$0.00,$0.00,$0.00,$1000.00,$1170.00,$2175.16,2,
3215,NQ 06-26,Backtest,VariableTrend,Long,1,21878.50,21828.50,10/17/2024 7:50:00 PM,10/17/2024 9:00:00 PM,Buy,Stop loss,($1005.16),$171480.60,$5.16,$0.00,$0.00,$0.00,$0.00,$1000.00,$520.00,$1525.16,2,
3216,NQ 06-26,Backtest,VariableTrend,Short,1,21838.50,21790.25,10/17/2024 10:10:00 PM,10/17/2024 11:00:00 PM,Sell short,Exit on session close,$959.84,$172440.44,$5.16,$0.00,$0.00,$0.00,$0.00,$85.00,$1560.00,$600.16,2,
3217,NQ 06-26,Backtest,VariableTrend,Long,1,21838.00,21891.00,10/18/2024 10:30:00 AM,10/18/2024 11:00:00 PM,Buy,Exit on session close,$1054.84,$173495.28,$5.16,$0.00,$0.00,$0.00,$0.00,$255.00,$1970.00,$915.16,12,
3218,NQ 06-26,Backtest,VariableTrend,Short,1,21875.50,21925.50,10/21/2024 8:10:00 AM,10/21/2024 4:20:00 PM,Sell short,Stop loss,($1005.16),$172490.12,$5.16,$0.00,$0.00,$0.00,$0.00,$1000.00,$2500.00,$3505.16,8,
3219,NQ 06-26,Backtest,VariableTrend,Long,1,21957.00,21907.00,10/21/2024 5:30:00 PM,10/21/2024 5:30:00 PM,Buy,Stop loss,($1005.16),$171484.96,$5.16,$0.00,$0.00,$0.00,$0.00,$1000.00,$0.00,$1005.16,1,
3220,NQ 06-26,Backtest,VariableTrend,Short,1,21767.50,21817.50,10/21/2024 6:40:00 PM,10/21/2024 6:40:00 PM,Sell short,Stop loss,($1005.16),$170479.80,$5.16,$0.00,$0.00,$0.00,$0.00,$1000.00,$0.00,$1005.16,1,
3221,NQ 06-26,Backtest,VariableTrend,Long,1,21840.25,21945.50,10/21/2024 7:50:00 PM,10/21/2024 11:00:00 PM,Buy,Exit on session close,$2099.84,$172579.64,$5.16,$0.00,$0.00,$0.00,$0.00,$15.00,$2275.00,$175.16,4,
3222,NQ 06-26,Backtest,VariableTrend,Short,1,21811.75,21861.75,10/22/2024 12:50:00 PM,10/22/2024 4:20:00 PM,Sell short,Stop loss,($1005.16),$171574.48,$5.16,$0.00,$0.00,$0.00,$0.00,$1000.00,$895.00,$1900.16,4,
3223,NQ 06-26,Backtest,VariableTrend,Long,1,21907.00,21857.00,10/22/2024 5:30:00 PM,10/22/2024 5:30:00 PM,Buy,Stop loss,($1005.16),$170569.32,$5.16,$0.00,$0.00,$0.00,$0.00,$1000.00,$0.00,$1005.16,1,
3224,NQ 06-26,Backtest,VariableTrend,Short,1,21862.25,21878.00,10/23/2024 2:00:00 PM,10/23/2024 3:10:00 PM,Sell short,Close position,($320.16),$170249.16,$5.16,$0.00,$0.00,$0.00,$0.00,$585.00,$140.00,$460.16,2,
3225,NQ 06-26,Backtest,VariableTrend,Long,1,21878.00,21852.25,10/23/2024 3:10:00 PM,10/23/2024 4:20:00 PM,Buy,Close position,($520.16),$169729.00,$5.16,$0.00,$0.00,$0.00,$0.00,$570.00,$465.00,$985.16,2,
3226,NQ 06-26,Backtest,VariableTrend,Short,1,21852.25,21681.25,10/23/2024 4:20:00 PM,10/23/2024 11:00:00 PM,Sell short,Exit on session close,$3414.84,$173143.84,$5.16,$0.00,$0.00,$0.00,$0.00,$345.00,$7330.00,$3915.16,7,
3227,NQ 06-26,Backtest,VariableTrend,Long,1,21736.75,21752.75,10/24/2024 4:40:00 AM,10/24/2024 5:30:00 PM,Buy,Close position,$314.84,$173458.68,$5.16,$0.00,$0.00,$0.00,$0.00,$675.00,$1970.00,$1655.16,12,
3228,NQ 06-26,Backtest,VariableTrend,Short,1,21752.75,21763.50,10/24/2024 5:30:00 PM,10/24/2024 9:00:00 PM,Sell short,Close position,($220.16),$173238.52,$5.16,$0.00,$0.00,$0.00,$0.00,$860.00,$1685.00,$1905.16,4,
3229,NQ 06-26,Backtest,VariableTrend,Long,1,21763.50,21797.75,10/24/2024 9:00:00 PM,10/24/2024 11:00:00 PM,Buy,Exit on session close,$679.84,$173918.36,$5.16,$0.00,$0.00,$0.00,$0.00,$590.00,$1135.00,$455.16,3,
3230,NQ 06-26,Backtest,VariableTrend,Short,1,21893.25,21882.75,10/25/2024 11:00:00 PM,10/25/2024 11:00:00 PM,Sell short,Exit on session close,$204.84,$174123.20,$5.16,$0.00,$0.00,$0.00,$0.00,$35.00,$290.00,$85.16,1,
3231,NQ 06-26,Backtest,VariableTrend,Long,1,22004.00,21954.00,10/28/2024 1:20:00 AM,10/28/2024 3:20:00 PM,Buy,Stop loss,($1005.16),$173118.04,$5.16,$0.00,$0.00,$0.00,$0.00,$1000.00,$1585.00,$2590.16,13,
3232,NQ 06-26,Backtest,VariableTrend,Short,1,21967.25,21914.00,10/28/2024 5:40:00 PM,10/28/2024 10:00:00 PM,Sell short,Exit on session close,$1059.84,$174177.88,$5.16,$0.00,$0.00,$0.00,$0.00,$220.00,$1490.00,$430.16,5,
3233,NQ 06-26,Backtest,VariableTrend,Long,1,21948.25,21898.25,10/29/2024 9:30:00 AM,10/29/2024 9:30:00 AM,Buy,Stop loss,($1005.16),$173172.72,$5.16,$0.00,$0.00,$0.00,$0.00,$1000.00,$0.00,$1005.16,1,
3234,NQ 06-26,Backtest,VariableTrend,Short,1,21916.75,21943.75,10/29/2024 11:50:00 AM,10/29/2024 4:30:00 PM,Sell short,Close position,($545.16),$172627.56,$5.16,$0.00,$0.00,$0.00,$0.00,$750.00,$1555.00,$2100.16,5,
3235,NQ 06-26,Backtest,VariableTrend,Long,1,21943.75,22115.00,10/29/2024 4:30:00 PM,10/29/2024 10:00:00 PM,Buy,Exit on session close,$3419.84,$176047.40,$5.16,$0.00,$0.00,$0.00,$0.00,$295.00,$4465.00,$1045.16,6,
3236,NQ 06-26,Backtest,VariableTrend,Short,1,22063.00,21913.75,10/30/2024 3:20:00 PM,10/30/2024 10:00:00 PM,Sell short,Exit on session close,$2979.84,$179027.24,$5.16,$0.00,$0.00,$0.00,$0.00,$865.00,$3675.00,$695.16,7,
3237,NQ 06-26,Backtest,VariableTrend,Long,1,21640.25,21590.25,11/1/2024 4:30:00 PM,11/1/2024 4:30:00 PM,Buy,Stop loss,($1005.16),$178022.08,$5.16,$0.00,$0.00,$0.00,$0.00,$1000.00,$0.00,$1005.16,1,
3238,NQ 06-26,Backtest,VariableTrend,Short,1,21573.00,21577.00,11/1/2024 9:10:00 PM,11/1/2024 10:00:00 PM,Sell short,Exit on session close,($85.16),$177936.92,$5.16,$0.00,$0.00,$0.00,$0.00,$720.00,$870.00,$955.16,2,
3239,NQ 06-26,Backtest,VariableTrend,Short,1,21537.00,21587.00,11/4/2024 2:20:00 AM,11/4/2024 3:30:00 AM,Sell short,Stop loss,($1005.16),$176931.76,$5.16,$0.00,$0.00,$0.00,$0.00,$1000.00,$185.00,$1190.16,2,
3240,NQ 06-26,Backtest,VariableTrend,Long,1,21634.25,21584.25,11/4/2024 4:40:00 AM,11/4/2024 9:20:00 AM,Buy,Stop loss,($1005.16),$175926.60,$5.16,$0.00,$0.00,$0.00,$0.00,$1000.00,$420.00,$1425.16,5,
3241,NQ 06-26,Backtest,VariableTrend,Short,1,21560.25,21610.25,11/4/2024 11:40:00 AM,11/4/2024 11:40:00 AM,Sell short,Stop loss,($1005.16),$174921.44,$5.16,$0.00,$0.00,$0.00,$0.00,$1000.00,$0.00,$1005.16,1,
3242,NQ 06-26,Backtest,VariableTrend,Long,1,21617.50,21567.50,11/4/2024 12:50:00 PM,11/4/2024 2:00:00 PM,Buy,Stop loss,($1005.16),$173916.28,$5.16,$0.00,$0.00,$0.00,$0.00,$1000.00,$10.00,$1015.16,2,
3243,NQ 06-26,Backtest,VariableTrend,Short,1,21573.25,21623.25,11/4/2024 3:10:00 PM,11/4/2024 5:30:00 PM,Sell short,Stop loss,($1005.16),$172911.12,$5.16,$0.00,$0.00,$0.00,$0.00,$1000.00,$3070.00,$4075.16,3,
3244,NQ 06-26,Backtest,VariableTrend,Long,1,21584.75,21534.75,11/4/2024 6:40:00 PM,11/4/2024 6:40:00 PM,Buy,Stop loss,($1005.16),$171905.96,$5.16,$0.00,$0.00,$0.00,$0.00,$1000.00,$0.00,$1005.16,1,
3245,NQ 06-26,Backtest,VariableTrend,Short,1,21523.50,21573.50,11/4/2024 7:50:00 PM,11/4/2024 7:50:00 PM,Sell short,Stop loss,($1005.16),$170900.80,$5.16,$0.00,$0.00,$0.00,$0.00,$1000.00,$0.00,$1005.16,1,
3246,NQ 06-26,Backtest,VariableTrend,Long,1,21565.75,21545.25,11/5/2024 11:40:00 AM,11/5/2024 12:50:00 PM,Buy,Close position,($415.16),$170485.64,$5.16,$0.00,$0.00,$0.00,$0.00,$925.00,$155.00,$570.16,2,
3247,NQ 06-26,Backtest,VariableTrend,Short,1,21545.25,21572.00,11/5/2024 12:50:00 PM,11/5/2024 2:00:00 PM,Sell short,Close position,($540.16),$169945.48,$5.16,$0.00,$0.00,$0.00,$0.00,$655.00,$190.00,$730.16,2,
3248,NQ 06-26,Backtest,VariableTrend,Long,1,21572.00,21522.00,11/5/2024 2:00:00 PM,11/5/2024 3:10:00 PM,Buy,Stop loss,($1005.16),$168940.32,$5.16,$0.00,$0.00,$0.00,$0.00,$1000.00,$55.00,$1060.16,2,
3249,NQ 06-26,Backtest,VariableTrend,Short,1,21524.75,21574.75,11/5/2024 4:20:00 PM,11/5/2024 4:20:00 PM,Sell short,Stop loss,($1005.16),$167935.16,$5.16,$0.00,$0.00,$0.00,$0.00,$1000.00,$0.00,$1005.16,1,
3250,NQ 06-26,Backtest,VariableTrend,Long,1,21686.50,21769.50,11/5/2024 5:30:00 PM,11/5/2024 11:00:00 PM,Buy,Exit on session close,$1654.84,$169590.00,$5.16,$0.00,$0.00,$0.00,$0.00,$945.00,$2115.00,$460.16,6,
3251,NQ 06-26,Backtest,VariableTrend,Short,1,22560.25,22589.50,11/8/2024 12:50:00 PM,11/8/2024 3:10:00 PM,Sell short,Close position,($590.16),$168999.84,$5.16,$0.00,$0.00,$0.00,$0.00,$710.00,$635.00,$1225.16,3,
3252,NQ 06-26,Backtest,VariableTrend,Long,1,22589.50,22579.75,11/8/2024 3:10:00 PM,11/8/2024 4:20:00 PM,Buy,Close position,($200.16),$168799.68,$5.16,$0.00,$0.00,$0.00,$0.00,$530.00,$245.00,$445.16,2,
3253,NQ 06-26,Backtest,VariableTrend,Short,1,22579.75,22629.75,11/8/2024 4:20:00 PM,11/8/2024 4:20:00 PM,Sell short,Stop loss,($1005.16),$167794.52,$5.16,$0.00,$0.00,$0.00,$0.00,$1000.00,$0.00,$1005.16,1,
3254,NQ 06-26,Backtest,VariableTrend,Long,1,22608.75,22633.50,11/8/2024 5:30:00 PM,11/8/2024 11:00:00 PM,Buy,Exit on session close,$489.84,$168284.36,$5.16,$0.00,$0.00,$0.00,$0.00,$625.00,$1260.00,$770.16,6,
3255,NQ 06-26,Backtest,VariableTrend,Short,1,22592.00,22642.00,11/11/2024 5:30:00 PM,11/11/2024 5:30:00 PM,Sell short,Stop loss,($1005.16),$167279.20,$5.16,$0.00,$0.00,$0.00,$0.00,$1000.00,$0.00,$1005.16,1,
3256,NQ 06-26,Backtest,VariableTrend,Long,1,22642.75,22625.25,11/12/2024 3:30:00 AM,11/12/2024 5:50:00 AM,Buy,Close position,($355.16),$166924.04,$5.16,$0.00,$0.00,$0.00,$0.00,$905.00,$270.00,$625.16,3,
3257,NQ 06-26,Backtest,VariableTrend,Short,1,22625.25,22584.75,11/12/2024 5:50:00 AM,11/12/2024 11:00:00 PM,Sell short,Exit on session close,$804.84,$167728.88,$5.16,$0.00,$0.00,$0.00,$0.00,$665.00,$3275.00,$2470.16,16,
3258,NQ 06-26,Backtest,VariableTrend,Long,1,22583.75,22533.75,11/13/2024 4:20:00 PM,11/13/2024 4:20:00 PM,Buy,Stop loss,($1005.16),$166723.72,$5.16,$0.00,$0.00,$0.00,$0.00,$1000.00,$0.00,$1005.16,1,
3259,NQ 06-26,Backtest,VariableTrend,Short,1,22505.75,22555.75,11/13/2024 5:30:00 PM,11/13/2024 5:30:00 PM,Sell short,Stop loss,($1005.16),$165718.56,$5.16,$0.00,$0.00,$0.00,$0.00,$1000.00,$0.00,$1005.16,1,
3260,NQ 06-26,Backtest,VariableTrend,Long,1,22599.75,22549.75,11/13/2024 7:50:00 PM,11/13/2024 10:10:00 PM,Buy,Stop loss,($1005.16),$164713.40,$5.16,$0.00,$0.00,$0.00,$0.00,$1000.00,$1510.00,$2515.16,3,
3261,NQ 06-26,Backtest,VariableTrend,Short,1,22576.00,22572.75,11/13/2024 11:00:00 PM,11/13/2024 11:00:00 PM,Sell short,Exit on session close,$59.84,$164773.24,$5.16,$0.00,$0.00,$0.00,$0.00,$340.00,$170.00,$110.16,1,
3262,NQ 06-26,Backtest,VariableTrend,Long,1,22570.75,22562.50,11/14/2024 11:40:00 AM,11/14/2024 3:10:00 PM,Buy,Close position,($170.16),$164603.08,$5.16,$0.00,$0.00,$0.00,$0.00,$315.00,$380.00,$550.16,4,
3263,NQ 06-26,Backtest,VariableTrend,Short,1,22562.50,22388.50,11/14/2024 3:10:00 PM,11/14/2024 11:00:00 PM,Sell short,Exit on session close,$3474.84,$168077.92,$5.16,$0.00,$0.00,$0.00,$0.00,$420.00,$4105.00,$630.16,8,
3264,NQ 06-26,Backtest,VariableTrend,Long,1,22032.75,22030.25,11/18/2024 5:50:00 AM,11/18/2024 10:30:00 AM,Buy,Close position,($55.16),$168022.76,$5.16,$0.00,$0.00,$0.00,$0.00,$955.00,$620.00,$675.16,5,
3265,NQ 06-26,Backtest,VariableTrend,Short,1,22030.25,22080.25,11/18/2024 10:30:00 AM,11/18/2024 5:30:00 PM,Sell short,Stop loss,($1005.16),$167017.60,$5.16,$0.00,$0.00,$0.00,$0.00,$1000.00,$2840.00,$3845.16,7,
3266,NQ 06-26,Backtest,VariableTrend,Long,1,22103.25,22053.25,11/18/2024 6:40:00 PM,11/18/2024 6:40:00 PM,Buy,Stop loss,($1005.16),$166012.44,$5.16,$0.00,$0.00,$0.00,$0.00,$1000.00,$0.00,$1005.16,1,
3267,NQ 06-26,Backtest,VariableTrend,Short,1,22016.75,22066.75,11/18/2024 9:00:00 PM,11/18/2024 9:00:00 PM,Sell short,Stop loss,($1005.16),$165007.28,$5.16,$0.00,$0.00,$0.00,$0.00,$1000.00,$0.00,$1005.16,1,
3268,NQ 06-26,Backtest,VariableTrend,Long,1,22045.25,22037.25,11/18/2024 10:10:00 PM,11/18/2024 11:00:00 PM,Buy,Exit on session close,($165.16),$164842.12,$5.16,$0.00,$0.00,$0.00,$0.00,$550.00,$300.00,$465.16,2,
3269,NQ 06-26,Backtest,VariableTrend,Short,1,21927.50,21977.50,11/19/2024 11:40:00 AM,11/19/2024 11:40:00 AM,Sell short,Stop loss,($1005.16),$163836.96,$5.16,$0.00,$0.00,$0.00,$0.00,$1000.00,$0.00,$1005.16,1,
3270,NQ 06-26,Backtest,VariableTrend,Long,1,22089.50,22161.25,11/19/2024 6:40:00 PM,11/19/2024 11:00:00 PM,Buy,Exit on session close,$1429.84,$165266.80,$5.16,$0.00,$0.00,$0.00,$0.00,$790.00,$2195.00,$765.16,5,
3271,NQ 06-26,Backtest,VariableTrend,Short,1,21916.50,21966.50,11/20/2024 5:30:00 PM,11/20/2024 5:30:00 PM,Sell short,Stop loss,($1005.16),$164261.64,$5.16,$0.00,$0.00,$0.00,$0.00,$1000.00,$0.00,$1005.16,1,
3272,NQ 06-26,Backtest,VariableTrend,Long,1,22174.00,22124.00,11/20/2024 11:00:00 PM,11/20/2024 11:00:00 PM,Buy,Stop loss,($1005.16),$163256.48,$5.16,$0.00,$0.00,$0.00,$0.00,$1000.00,$0.00,$1005.16,1,
3273,NQ 06-26,Backtest,VariableTrend,Short,1,22057.75,22091.75,11/21/2024 3:30:00 AM,11/21/2024 5:50:00 AM,Sell short,Close position,($685.16),$162571.32,$5.16,$0.00,$0.00,$0.00,$0.00,$755.00,$615.00,$1300.16,3,
3274,NQ 06-26,Backtest,VariableTrend,Long,1,22091.75,22041.75,11/21/2024 5:50:00 AM,11/21/2024 9:20:00 AM,Buy,Stop loss,($1005.16),$161566.16,$5.16,$0.00,$0.00,$0.00,$0.00,$1000.00,$800.00,$1805.16,4,
3275,NQ 06-26,Backtest,VariableTrend,Short,1,22075.00,22086.50,11/21/2024 10:30:00 AM,11/21/2024 12:50:00 PM,Sell short,Close position,($235.16),$161331.00,$5.16,$0.00,$0.00,$0.00,$0.00,$510.00,$1460.00,$1695.16,3,
3276,NQ 06-26,Backtest,VariableTrend,Long,1,22086.50,22036.50,11/21/2024 12:50:00 PM,11/21/2024 4:20:00 PM,Buy,Stop loss,($1005.16),$160325.84,$5.16,$0.00,$0.00,$0.00,$0.00,$1000.00,$3860.00,$4865.16,4,
3277,NQ 06-26,Backtest,VariableTrend,Short,1,22091.50,22141.50,11/21/2024 5:30:00 PM,11/21/2024 5:30:00 PM,Sell short,Stop loss,($1005.16),$159320.68,$5.16,$0.00,$0.00,$0.00,$0.00,$1000.00,$0.00,$1005.16,1,
3278,NQ 06-26,Backtest,VariableTrend,Long,1,22187.00,22137.00,11/21/2024 6:40:00 PM,11/21/2024 6:40:00 PM,Buy,Stop loss,($1005.16),$158315.52,$5.16,$0.00,$0.00,$0.00,$0.00,$1000.00,$0.00,$1005.16,1,
3279,NQ 06-26,Backtest,VariableTrend,Short,1,22133.00,22157.00,11/22/2024 11:40:00 AM,11/22/2024 12:50:00 PM,Sell short,Close position,($485.16),$157830.36,$5.16,$0.00,$0.00,$0.00,$0.00,$785.00,$660.00,$1145.16,2,
3280,NQ 06-26,Backtest,VariableTrend,Long,1,22157.00,22285.50,11/22/2024 12:50:00 PM,11/22/2024 11:00:00 PM,Buy,Exit on session close,$2564.84,$160395.20,$5.16,$0.00,$0.00,$0.00,$0.00,$585.00,$2595.00,$30.16,10,
3281,NQ 06-26,Backtest,VariableTrend,Short,1,22296.50,22346.50,11/25/2024 5:30:00 PM,11/25/2024 5:30:00 PM,Sell short,Stop loss,($1005.16),$159390.04,$5.16,$0.00,$0.00,$0.00,$0.00,$1000.00,$0.00,$1005.16,1,
3282,NQ 06-26,Backtest,VariableTrend,Long,1,22325.00,22405.50,11/26/2024 2:00:00 PM,11/26/2024 11:00:00 PM,Buy,Exit on session close,$1604.84,$160994.88,$5.16,$0.00,$0.00,$0.00,$0.00,$290.00,$2130.00,$525.16,9,
3283,NQ 06-26,Backtest,VariableTrend,Short,1,22324.75,22350.50,11/27/2024 11:40:00 AM,11/27/2024 3:10:00 PM,Sell short,Close position,($520.16),$160474.72,$5.16,$0.00,$0.00,$0.00,$0.00,$660.00,$275.00,$795.16,4,
3284,NQ 06-26,Backtest,VariableTrend,Long,1,22350.50,22342.00,11/27/2024 3:10:00 PM,11/27/2024 4:20:00 PM,Buy,Close position,($175.16),$160299.56,$5.16,$0.00,$0.00,$0.00,$0.00,$230.00,$540.00,$715.16,2,
3285,NQ 06-26,Backtest,VariableTrend,Short,1,22342.00,22213.25,11/27/2024 4:20:00 PM,11/27/2024 11:00:00 PM,Sell short,Exit on session close,$2569.84,$162869.40,$5.16,$0.00,$0.00,$0.00,$0.00,$400.00,$5205.00,$2635.16,7,
3286,NQ 06-26,Backtest,VariableTrend,Long,1,22257.25,22252.50,11/28/2024 3:30:00 AM,11/28/2024 4:40:00 AM,Buy,Close position,($100.16),$162769.24,$5.16,$0.00,$0.00,$0.00,$0.00,$345.00,$85.00,$185.16,2,
3287,NQ 06-26,Backtest,VariableTrend,Short,1,22252.50,22260.25,11/28/2024 4:40:00 AM,11/28/2024 5:50:00 AM,Sell short,Close position,($160.16),$162609.08,$5.16,$0.00,$0.00,$0.00,$0.00,$165.00,$80.00,$240.16,2,
3288,NQ 06-26,Backtest,VariableTrend,Long,1,22260.25,22260.75,11/28/2024 5:50:00 AM,11/28/2024 10:30:00 AM,Buy,Close position,$4.84,$162613.92,$5.16,$0.00,$0.00,$0.00,$0.00,$155.00,$330.00,$325.16,5,
3289,NQ 06-26,Backtest,VariableTrend,Short,1,22260.75,22263.00,11/28/2024 10:30:00 AM,11/28/2024 12:50:00 PM,Sell short,Close position,($50.16),$162563.76,$5.16,$0.00,$0.00,$0.00,$0.00,$140.00,$205.00,$255.16,3,
3290,NQ 06-26,Backtest,VariableTrend,Long,1,22263.00,22296.75,11/28/2024 12:50:00 PM,11/28/2024 7:00:00 PM,Buy,Exit on session close,$669.84,$163233.60,$5.16,$0.00,$0.00,$0.00,$0.00,$155.00,$1065.00,$395.16,7,
3291,NQ 06-26,Backtest,VariableTrend,Short,1,22272.00,22304.00,11/29/2024 2:20:00 AM,11/29/2024 4:40:00 AM,Sell short,Close position,($645.16),$162588.44,$5.16,$0.00,$0.00,$0.00,$0.00,$645.00,$850.00,$1495.16,3,
3292,NQ 06-26,Backtest,VariableTrend,Long,1,22304.00,22254.00,11/29/2024 4:40:00 AM,11/29/2024 2:00:00 PM,Buy,Stop loss,($1005.16),$161583.28,$5.16,$0.00,$0.00,$0.00,$0.00,$1000.00,$810.00,$1815.16,9,
3293,NQ 06-26,Backtest,VariableTrend,Short,1,22264.25,22314.25,11/29/2024 3:10:00 PM,11/29/2024 4:20:00 PM,Sell short,Stop loss,($1005.16),$160578.12,$5.16,$0.00,$0.00,$0.00,$0.00,$1000.00,$905.00,$1910.16,2,
3294,NQ 06-26,Backtest,VariableTrend,Long,1,22375.50,22398.00,11/29/2024 5:30:00 PM,11/29/2024 7:15:00 PM,Buy,Exit on session close,$444.84,$161022.96,$5.16,$0.00,$0.00,$0.00,$0.00,$665.00,$975.00,$530.16,3,
3295,NQ 06-26,Backtest,VariableTrend,Short,1,22563.75,22613.75,12/3/2024 4:20:00 PM,12/3/2024 4:20:00 PM,Sell short,Stop loss,($1005.16),$160017.80,$5.16,$0.00,$0.00,$0.00,$0.00,$1000.00,$0.00,$1005.16,1,
3296,NQ 06-26,Backtest,VariableTrend,Long,1,22611.00,22731.00,12/3/2024 5:30:00 PM,12/3/2024 11:00:00 PM,Buy,Exit on session close,$2394.84,$162412.64,$5.16,$0.00,$0.00,$0.00,$0.00,$795.00,$2495.00,$100.16,6,
3297,NQ 06-26,Backtest,VariableTrend,Short,1,22900.00,22860.00,12/5/2024 10:10:00 PM,12/5/2024 11:00:00 PM,Sell short,Exit on session close,$794.84,$163207.48,$5.16,$0.00,$0.00,$0.00,$0.00,$355.00,$1115.00,$320.16,2,
3298,NQ 06-26,Backtest,VariableTrend,Long,1,22891.00,22875.75,12/6/2024 10:30:00 AM,12/6/2024 11:40:00 AM,Buy,Close position,($310.16),$162897.32,$5.16,$0.00,$0.00,$0.00,$0.00,$395.00,$220.00,$530.16,2,
3299,NQ 06-26,Backtest,VariableTrend,Short,1,22875.75,22925.75,12/6/2024 11:40:00 AM,12/6/2024 3:10:00 PM,Sell short,Stop loss,($1005.16),$161892.16,$5.16,$0.00,$0.00,$0.00,$0.00,$1000.00,$495.00,$1500.16,4,
3300,NQ 06-26,Backtest,VariableTrend,Long,1,22911.75,23040.75,12/6/2024 4:20:00 PM,12/6/2024 11:00:00 PM,Buy,Exit on session close,$2574.84,$164467.00,$5.16,$0.00,$0.00,$0.00,$0.00,$380.00,$3285.00,$710.16,7,
3301,NQ 06-26,Backtest,VariableTrend,Short,1,23010.50,23033.25,12/9/2024 2:00:00 PM,12/9/2024 3:10:00 PM,Sell short,Close position,($460.16),$164006.84,$5.16,$0.00,$0.00,$0.00,$0.00,$525.00,$30.00,$490.16,2,
3302,NQ 06-26,Backtest,VariableTrend,Long,1,23033.25,23012.75,12/9/2024 3:10:00 PM,12/9/2024 5:30:00 PM,Buy,Close position,($415.16),$163591.68,$5.16,$0.00,$0.00,$0.00,$0.00,$875.00,$445.00,$860.16,3,
3303,NQ 06-26,Backtest,VariableTrend,Short,1,23012.75,22880.00,12/9/2024 5:30:00 PM,12/9/2024 11:00:00 PM,Sell short,Exit on session close,$2649.84,$166241.52,$5.16,$0.00,$0.00,$0.00,$0.00,$200.00,$3400.00,$750.16,6,
3304,NQ 06-26,Backtest,VariableTrend,Long,1,22917.50,22880.50,12/10/2024 2:00:00 PM,12/10/2024 6:40:00 PM,Buy,Close position,($745.16),$165496.36,$5.16,$0.00,$0.00,$0.00,$0.00,$875.00,$1920.00,$2665.16,5,
3305,NQ 06-26,Backtest,VariableTrend,Short,1,22880.50,22841.50,12/10/2024 6:40:00 PM,12/10/2024 11:00:00 PM,Sell short,Exit on session close,$774.84,$166271.20,$5.16,$0.00,$0.00,$0.00,$0.00,$575.00,$2420.00,$1645.16,5,
3306,NQ 06-26,Backtest,VariableTrend,Long,1,22981.50,23162.50,12/11/2024 4:20:00 PM,12/11/2024 11:00:00 PM,Buy,Exit on session close,$3614.84,$169886.04,$5.16,$0.00,$0.00,$0.00,$0.00,$150.00,$4905.00,$1290.16,7,
3307,NQ 06-26,Backtest,VariableTrend,Short,1,23108.00,23123.00,12/12/2024 3:10:00 PM,12/12/2024 6:40:00 PM,Sell short,Close position,($305.16),$169580.88,$5.16,$0.00,$0.00,$0.00,$0.00,$770.00,$1530.00,$1835.16,4,
3308,NQ 06-26,Backtest,VariableTrend,Long,1,23123.00,23112.50,12/12/2024 6:40:00 PM,12/12/2024 7:50:00 PM,Buy,Close position,($215.16),$169365.72,$5.16,$0.00,$0.00,$0.00,$0.00,$940.00,$195.00,$410.16,2,
3309,NQ 06-26,Backtest,VariableTrend,Short,1,23112.50,23121.00,12/12/2024 7:50:00 PM,12/12/2024 9:00:00 PM,Sell short,Close position,($175.16),$169190.56,$5.16,$0.00,$0.00,$0.00,$0.00,$785.00,$255.00,$430.16,2,
3310,NQ 06-26,Backtest,VariableTrend,Long,1,23121.00,23071.00,12/12/2024 9:00:00 PM,12/12/2024 9:00:00 PM,Buy,Stop loss,($1005.16),$168185.40,$5.16,$0.00,$0.00,$0.00,$0.00,$1000.00,$0.00,$1005.16,1,
3311,NQ 06-26,Backtest,VariableTrend,Short,1,23091.00,23037.00,12/12/2024 10:10:00 PM,12/12/2024 11:00:00 PM,Sell short,Exit on session close,$1074.84,$169260.24,$5.16,$0.00,$0.00,$0.00,$0.00,$65.00,$1600.00,$525.16,2,
3312,NQ 06-26,Backtest,VariableTrend,Long,1,23158.25,23108.25,12/13/2024 2:20:00 AM,12/13/2024 4:40:00 AM,Buy,Stop loss,($1005.16),$168255.08,$5.16,$0.00,$0.00,$0.00,$0.00,$1000.00,$350.00,$1355.16,3,
3313,NQ 06-26,Backtest,VariableTrend,Short,1,23105.50,23155.50,12/13/2024 6:40:00 PM,12/13/2024 6:40:00 PM,Sell short,Stop loss,($1005.16),$167249.92,$5.16,$0.00,$0.00,$0.00,$0.00,$1000.00,$0.00,$1005.16,1,
3314,NQ 06-26,Backtest,VariableTrend,Long,1,23174.00,23167.25,12/13/2024 9:00:00 PM,12/13/2024 11:00:00 PM,Buy,Exit on session close,($140.16),$167109.76,$5.16,$0.00,$0.00,$0.00,$0.00,$310.00,$1135.00,$1275.16,3,
3315,NQ 06-26,Backtest,VariableTrend,Short,1,23467.75,23517.75,12/17/2024 10:30:00 AM,12/17/2024 11:40:00 AM,Sell short,Stop loss,($1005.16),$166104.60,$5.16,$0.00,$0.00,$0.00,$0.00,$1000.00,$275.00,$1280.16,2,
3316,NQ 06-26,Backtest,VariableTrend,Long,1,23522.50,23472.50,12/17/2024 12:50:00 PM,12/17/2024 2:00:00 PM,Buy,Stop loss,($1005.16),$165099.44,$5.16,$0.00,$0.00,$0.00,$0.00,$1000.00,$475.00,$1480.16,2,
3317,NQ 06-26,Backtest,VariableTrend,Short,1,23470.75,23425.50,12/17/2024 3:10:00 PM,12/17/2024 11:00:00 PM,Sell short,Exit on session close,$899.84,$165999.28,$5.16,$0.00,$0.00,$0.00,$0.00,$720.00,$2115.00,$1215.16,8,
3318,NQ 06-26,Backtest,VariableTrend,Long,1,23460.50,23445.00,12/18/2024 8:10:00 AM,12/18/2024 9:20:00 AM,Buy,Close position,($315.16),$165684.12,$5.16,$0.00,$0.00,$0.00,$0.00,$505.00,$165.00,$480.16,2,
3319,NQ 06-26,Backtest,VariableTrend,Short,1,23445.00,23477.00,12/18/2024 9:20:00 AM,12/18/2024 10:30:00 AM,Sell short,Close position,($645.16),$165038.96,$5.16,$0.00,$0.00,$0.00,$0.00,$705.00,$100.00,$745.16,2,
3320,NQ 06-26,Backtest,VariableTrend,Long,1,23477.00,23449.00,12/18/2024 10:30:00 AM,12/18/2024 11:40:00 AM,Buy,Close position,($565.16),$164473.80,$5.16,$0.00,$0.00,$0.00,$0.00,$845.00,$30.00,$595.16,2,
3321,NQ 06-26,Backtest,VariableTrend,Short,1,23449.00,23481.00,12/18/2024 11:40:00 AM,12/18/2024 12:50:00 PM,Sell short,Close position,($645.16),$163828.64,$5.16,$0.00,$0.00,$0.00,$0.00,$945.00,$65.00,$710.16,2,
3322,NQ 06-26,Backtest,VariableTrend,Long,1,23481.00,23431.00,12/18/2024 12:50:00 PM,12/18/2024 3:10:00 PM,Buy,Stop loss,($1005.16),$162823.48,$5.16,$0.00,$0.00,$0.00,$0.00,$1000.00,$550.00,$1555.16,3,
3323,NQ 06-26,Backtest,VariableTrend,Short,1,23401.25,23451.25,12/18/2024 4:20:00 PM,12/18/2024 5:30:00 PM,Sell short,Stop loss,($1005.16),$161818.32,$5.16,$0.00,$0.00,$0.00,$0.00,$1000.00,$1385.00,$2390.16,2,
3324,NQ 06-26,Backtest,VariableTrend,Long,1,22795.75,22745.75,12/19/2024 3:10:00 PM,12/19/2024 3:10:00 PM,Buy,Stop loss,($1005.16),$160813.16,$5.16,$0.00,$0.00,$0.00,$0.00,$1000.00,$0.00,$1005.16,1,
3325,NQ 06-26,Backtest,VariableTrend,Short,1,22737.00,22529.00,12/19/2024 5:30:00 PM,12/19/2024 11:00:00 PM,Sell short,Exit on session close,$4154.84,$164968.00,$5.16,$0.00,$0.00,$0.00,$0.00,$250.00,$5410.00,$1255.16,6,
3326,NQ 06-26,Backtest,VariableTrend,Long,1,22461.75,22673.25,12/20/2024 5:30:00 PM,12/20/2024 11:00:00 PM,Buy,Exit on session close,$4224.84,$169192.84,$5.16,$0.00,$0.00,$0.00,$0.00,$85.00,$9425.00,$5200.16,6,
3327,NQ 06-26,Backtest,VariableTrend,Short,1,22660.75,22710.75,12/23/2024 5:30:00 PM,12/23/2024 5:30:00 PM,Sell short,Stop loss,($1005.16),$168187.68,$5.16,$0.00,$0.00,$0.00,$0.00,$1000.00,$0.00,$1005.16,1,
3328,NQ 06-26,Backtest,VariableTrend,Long,1,22753.50,22858.00,12/23/2024 6:40:00 PM,12/23/2024 11:00:00 PM,Buy,Exit on session close,$2084.84,$170272.52,$5.16,$0.00,$0.00,$0.00,$0.00,$605.00,$2880.00,$795.16,5,
3329,NQ 06-26,Backtest,VariableTrend,Short,1,23078.25,23128.25,12/26/2024 11:40:00 AM,12/26/2024 4:20:00 PM,Sell short,Stop loss,($1005.16),$169267.36,$5.16,$0.00,$0.00,$0.00,$0.00,$1000.00,$1265.00,$2270.16,5,
3330,NQ 06-26,Backtest,VariableTrend,Long,1,23112.75,23105.00,12/26/2024 6:40:00 PM,12/26/2024 11:00:00 PM,Buy,Exit on session close,($160.16),$169107.20,$5.16,$0.00,$0.00,$0.00,$0.00,$385.00,$1685.00,$1845.16,5,
3331,NQ 06-26,Backtest,VariableTrend,Long,1,23120.50,23084.75,12/27/2024 2:20:00 AM,12/27/2024 3:30:00 AM,Buy,Close position,($720.16),$168387.04,$5.16,$0.00,$0.00,$0.00,$0.00,$900.00,$35.00,$755.16,2,
3332,NQ 06-26,Backtest,VariableTrend,Short,1,23084.75,22840.50,12/27/2024 3:30:00 AM,12/27/2024 11:00:00 PM,Sell short,Exit on session close,$4879.84,$173266.88,$5.16,$0.00,$0.00,$0.00,$0.00,$200.00,$9305.00,$4425.16,18,
3333,NQ 06-26,Backtest,VariableTrend,Long,1,22669.75,22619.75,12/30/2024 9:00:00 PM,12/30/2024 9:00:00 PM,Buy,Stop loss,($1005.16),$172261.72,$5.16,$0.00,$0.00,$0.00,$0.00,$1000.00,$0.00,$1005.16,1,
3334,NQ 06-26,Backtest,VariableTrend,Short,1,22649.50,22509.00,12/30/2024 10:10:00 PM,12/30/2024 11:00:00 PM,Sell short,Exit on session close,$2804.84,$175066.56,$5.16,$0.00,$0.00,$0.00,$0.00,$305.00,$3565.00,$760.16,2,
3335,NQ 06-26,Backtest,VariableTrend,Long,1,22612.25,22586.75,12/31/2024 11:40:00 AM,12/31/2024 3:10:00 PM,Buy,Close position,($515.16),$174551.40,$5.16,$0.00,$0.00,$0.00,$0.00,$625.00,$665.00,$1180.16,4,
3336,NQ 06-26,Backtest,VariableTrend,Short,1,22586.75,22355.00,12/31/2024 3:10:00 PM,12/31/2024 11:00:00 PM,Sell short,Exit on session close,$4629.84,$179181.24,$5.16,$0.00,$0.00,$0.00,$0.00,$670.00,$5680.00,$1050.16,8,
3337,NQ 06-26,Backtest,VariableTrend,Long,1,22491.75,22441.75,1/2/2025 8:10:00 AM,1/2/2025 10:30:00 AM,Buy,Stop loss,($1005.16),$178176.08,$5.16,$0.00,$0.00,$0.00,$0.00,$1000.00,$1070.00,$2075.16,3,
3338,NQ 06-26,Backtest,VariableTrend,Short,1,22497.00,22547.00,1/2/2025 4:20:00 PM,1/2/2025 4:20:00 PM,Sell short,Stop loss,($1005.16),$177170.92,$5.16,$0.00,$0.00,$0.00,$0.00,$1000.00,$0.00,$1005.16,1,
3339,NQ 06-26,Backtest,VariableTrend,Long,1,22364.75,22355.75,1/3/2025 4:40:00 AM,1/3/2025 7:00:00 AM,Buy,Close position,($185.16),$176985.76,$5.16,$0.00,$0.00,$0.00,$0.00,$455.00,$320.00,$505.16,3,
3340,NQ 06-26,Backtest,VariableTrend,Short,1,22355.75,22384.50,1/3/2025 7:00:00 AM,1/3/2025 10:30:00 AM,Sell short,Close position,($580.16),$176405.60,$5.16,$0.00,$0.00,$0.00,$0.00,$810.00,$550.00,$1130.16,4,
3341,NQ 06-26,Backtest,VariableTrend,Long,1,22384.50,22334.50,1/3/2025 10:30:00 AM,1/3/2025 10:30:00 AM,Buy,Stop loss,($1005.16),$175400.44,$5.16,$0.00,$0.00,$0.00,$0.00,$1000.00,$0.00,$1005.16,1,
3342,NQ 06-26,Backtest,VariableTrend,Short,1,22364.25,22377.50,1/3/2025 2:00:00 PM,1/3/2025 4:20:00 PM,Sell short,Close position,($270.16),$175130.28,$5.16,$0.00,$0.00,$0.00,$0.00,$600.00,$700.00,$970.16,3,
3343,NQ 06-26,Backtest,VariableTrend,Long,1,22377.50,22613.75,1/3/2025 4:20:00 PM,1/3/2025 11:00:00 PM,Buy,Exit on session close,$4719.84,$179850.12,$5.16,$0.00,$0.00,$0.00,$0.00,$135.00,$6050.00,$1330.16,7,
3344,NQ 06-26,Backtest,VariableTrend,Short,1,22838.75,22888.75,1/6/2025 9:00:00 PM,1/6/2025 10:10:00 PM,Sell short,Stop loss,($1005.16),$178844.96,$5.16,$0.00,$0.00,$0.00,$0.00,$1000.00,$1210.00,$2215.16,2,
3345,NQ 06-26,Backtest,VariableTrend,Long,1,22896.75,22901.25,1/6/2025 11:00:00 PM,1/6/2025 11:00:00 PM,Buy,Exit on session close,$84.84,$178929.80,$5.16,$0.00,$0.00,$0.00,$0.00,$140.00,$205.00,$120.16,1,
3346,NQ 06-26,Backtest,VariableTrend,Short,1,22844.00,22894.00,1/7/2025 7:00:00 AM,1/7/2025 10:30:00 AM,Sell short,Stop loss,($1005.16),$177924.64,$5.16,$0.00,$0.00,$0.00,$0.00,$1000.00,$1245.00,$2250.16,4,
3347,NQ 06-26,Backtest,VariableTrend,Long,1,22878.50,22828.50,1/7/2025 11:40:00 AM,1/7/2025 4:20:00 PM,Buy,Stop loss,($1005.16),$176919.48,$5.16,$0.00,$0.00,$0.00,$0.00,$1000.00,$790.00,$1795.16,5,
3348,NQ 06-26,Backtest,VariableTrend,Short,1,22685.25,22735.25,1/7/2025 5:30:00 PM,1/7/2025 5:30:00 PM,Sell short,Stop loss,($1005.16),$175914.32,$5.16,$0.00,$0.00,$0.00,$0.00,$1000.00,$0.00,$1005.16,1,
3349,NQ 06-26,Backtest,VariableTrend,Long,1,22093.50,22113.00,1/13/2025 11:00:00 PM,1/13/2025 11:00:00 PM,Buy,Exit on session close,$384.84,$176299.16,$5.16,$0.00,$0.00,$0.00,$0.00,$195.00,$475.00,$90.16,1,
3350,NQ 06-26,Backtest,VariableTrend,Short,1,22126.25,22176.25,1/14/2025 3:10:00 PM,1/14/2025 3:10:00 PM,Sell short,Stop loss,($1005.16),$175294.00,$5.16,$0.00,$0.00,$0.00,$0.00,$1000.00,$0.00,$1005.16,1,
3351,NQ 06-26,Backtest,VariableTrend,Long,1,22168.00,22118.00,1/14/2025 4:20:00 PM,1/14/2025 4:20:00 PM,Buy,Stop loss,($1005.16),$174288.84,$5.16,$0.00,$0.00,$0.00,$0.00,$1000.00,$0.00,$1005.16,1,
3352,NQ 06-26,Backtest,VariableTrend,Short,1,22024.00,22074.00,1/14/2025 6:40:00 PM,1/14/2025 7:50:00 PM,Sell short,Stop loss,($1005.16),$173283.68,$5.16,$0.00,$0.00,$0.00,$0.00,$1000.00,$2230.00,$3235.16,2,
3353,NQ 06-26,Backtest,VariableTrend,Long,1,22118.25,22497.50,1/15/2025 2:00:00 PM,1/15/2025 11:00:00 PM,Buy,Exit on session close,$7579.84,$180863.52,$5.16,$0.00,$0.00,$0.00,$0.00,$400.00,$9105.00,$1525.16,9,
3354,NQ 06-26,Backtest,VariableTrend,Short,1,22405.50,22455.50,1/16/2025 9:00:00 PM,1/16/2025 9:00:00 PM,Sell short,Stop loss,($1005.16),$179858.36,$5.16,$0.00,$0.00,$0.00,$0.00,$1000.00,$0.00,$1005.16,1,
3355,NQ 06-26,Backtest,VariableTrend,Long,1,22495.25,22445.25,1/16/2025 10:10:00 PM,1/16/2025 10:10:00 PM,Buy,Stop loss,($1005.16),$178853.20,$5.16,$0.00,$0.00,$0.00,$0.00,$1000.00,$0.00,$1005.16,1,
3356,NQ 06-26,Backtest,VariableTrend,Short,1,22352.50,22335.00,1/16/2025 11:00:00 PM,1/16/2025 11:00:00 PM,Sell short,Exit on session close,$344.84,$179198.04,$5.16,$0.00,$0.00,$0.00,$0.00,$5.00,$1190.00,$845.16,1,
3357,NQ 06-26,Backtest,VariableTrend,Long,1,22472.50,22709.75,1/17/2025 11:40:00 AM,1/17/2025 11:00:00 PM,Buy,Exit on session close,$4739.84,$183937.88,$5.16,$0.00,$0.00,$0.00,$0.00,$900.00,$6615.00,$1875.16,11,
3358,NQ 06-26,Backtest,VariableTrend,Short,1,22702.75,22752.75,1/21/2025 3:30:00 AM,1/21/2025 4:40:00 AM,Sell short,Stop loss,($1005.16),$182932.72,$5.16,$0.00,$0.00,$0.00,$0.00,$1000.00,$1240.00,$2245.16,2,
3359,NQ 06-26,Backtest,VariableTrend,Long,1,22752.75,22733.25,1/21/2025 5:50:00 AM,1/21/2025 7:00:00 AM,Buy,Close position,($395.16),$182537.56,$5.16,$0.00,$0.00,$0.00,$0.00,$615.00,$65.00,$460.16,2,
3360,NQ 06-26,Backtest,VariableTrend,Short,1,22733.25,22756.25,1/21/2025 7:00:00 AM,1/21/2025 10:30:00 AM,Sell short,Close position,($465.16),$182072.40,$5.16,$0.00,$0.00,$0.00,$0.00,$635.00,$680.00,$1145.16,4,
3361,NQ 06-26,Backtest,VariableTrend,Long,1,22756.25,22706.25,1/21/2025 10:30:00 AM,1/21/2025 4:20:00 PM,Buy,Stop loss,($1005.16),$181067.24,$5.16,$0.00,$0.00,$0.00,$0.00,$1000.00,$2020.00,$3025.16,6,
3362,NQ 06-26,Backtest,VariableTrend,Short,1,22725.25,22775.25,1/21/2025 5:30:00 PM,1/21/2025 5:30:00 PM,Sell short,Stop loss,($1005.16),$180062.08,$5.16,$0.00,$0.00,$0.00,$0.00,$1000.00,$0.00,$1005.16,1,
3363,NQ 06-26,Backtest,VariableTrend,Long,1,22828.00,22893.25,1/21/2025 7:50:00 PM,1/21/2025 11:00:00 PM,Buy,Exit on session close,$1299.84,$181361.92,$5.16,$0.00,$0.00,$0.00,$0.00,$205.00,$1525.00,$225.16,4,
3364,NQ 06-26,Backtest,VariableTrend,Short,1,23089.50,23068.75,1/23/2025 2:20:00 AM,1/23/2025 6:40:00 PM,Sell short,Close position,$409.84,$181771.76,$5.16,$0.00,$0.00,$0.00,$0.00,$20.00,$2115.00,$1705.16,15,
3365,NQ 06-26,Backtest,VariableTrend,Long,1,23068.75,23026.00,1/23/2025 6:40:00 PM,1/23/2025 7:50:00 PM,Buy,Close position,($860.16),$180911.60,$5.16,$0.00,$0.00,$0.00,$0.00,$955.00,$470.00,$1330.16,2,
3366,NQ 06-26,Backtest,VariableTrend,Short,1,23026.00,23076.00,1/23/2025 7:50:00 PM,1/23/2025 7:50:00 PM,Sell short,Stop loss,($1005.16),$179906.44,$5.16,$0.00,$0.00,$0.00,$0.00,$1000.00,$0.00,$1005.16,1,
3367,NQ 06-26,Backtest,VariableTrend,Long,1,23078.25,23142.50,1/23/2025 9:00:00 PM,1/23/2025 11:00:00 PM,Buy,Exit on session close,$1279.84,$181186.28,$5.16,$0.00,$0.00,$0.00,$0.00,$675.00,$1860.00,$580.16,3,
3368,NQ 06-26,Backtest,VariableTrend,Short,1,23096.75,23028.50,1/24/2025 7:50:00 PM,1/24/2025 11:00:00 PM,Sell short,Exit on session close,$1359.84,$182546.12,$5.16,$0.00,$0.00,$0.00,$0.00,$175.00,$2640.00,$1280.16,4,
3369,NQ 06-26,Backtest,VariableTrend,Long,1,22423.00,22425.25,1/27/2025 11:00:00 PM,1/27/2025 11:00:00 PM,Buy,Exit on session close,$39.84,$182585.96,$5.16,$0.00,$0.00,$0.00,$0.00,$305.00,$440.00,$400.16,1,
3370,NQ 06-26,Backtest,VariableTrend,Short,1,22398.00,22448.00,1/28/2025 4:20:00 PM,1/28/2025 4:20:00 PM,Sell short,Stop loss,($1005.16),$181580.80,$5.16,$0.00,$0.00,$0.00,$0.00,$1000.00,$0.00,$1005.16,1,
3371,NQ 06-26,Backtest,VariableTrend,Long,1,22500.75,22679.25,1/28/2025 5:30:00 PM,1/28/2025 11:00:00 PM,Buy,Exit on session close,$3564.84,$185145.64,$5.16,$0.00,$0.00,$0.00,$0.00,$210.00,$4920.00,$1355.16,6,
3372,NQ 06-26,Backtest,VariableTrend,Short,1,22659.00,22709.00,1/29/2025 5:30:00 PM,1/29/2025 10:10:00 PM,Sell short,Stop loss,($1005.16),$184140.48,$5.16,$0.00,$0.00,$0.00,$0.00,$1000.00,$3425.00,$4430.16,5,
3373,NQ 06-26,Backtest,VariableTrend,Short,1,22694.25,22744.25,1/30/2025 5:30:00 PM,1/30/2025 6:40:00 PM,Sell short,Stop loss,($1005.16),$183135.32,$5.16,$0.00,$0.00,$0.00,$0.00,$1000.00,$3080.00,$4085.16,2,
3374,NQ 06-26,Backtest,VariableTrend,Long,1,22718.00,22668.00,1/30/2025 9:00:00 PM,1/30/2025 10:10:00 PM,Buy,Stop loss,($1005.16),$182130.16,$5.16,$0.00,$0.00,$0.00,$0.00,$1000.00,$1285.00,$2290.16,2,
3375,NQ 06-26,Backtest,VariableTrend,Short,1,22895.25,22691.75,1/31/2025 9:00:00 PM,1/31/2025 11:00:00 PM,Sell short,Exit on session close,$4064.84,$186195.00,$5.16,$0.00,$0.00,$0.00,$0.00,$190.00,$4815.00,$750.16,3,
3376,NQ 06-26,Backtest,VariableTrend,Long,1,22525.75,22475.75,2/3/2025 6:40:00 PM,2/3/2025 6:40:00 PM,Buy,Stop loss,($1005.16),$185189.84,$5.16,$0.00,$0.00,$0.00,$0.00,$1000.00,$0.00,$1005.16,1,
3377,NQ 06-26,Backtest,VariableTrend,Short,1,22480.00,22530.00,2/4/2025 8:10:00 AM,2/4/2025 8:10:00 AM,Sell short,Stop loss,($1005.16),$184184.68,$5.16,$0.00,$0.00,$0.00,$0.00,$1000.00,$0.00,$1005.16,1,
3378,NQ 06-26,Backtest,VariableTrend,Long,1,22524.25,22474.25,2/4/2025 9:20:00 AM,2/4/2025 10:30:00 AM,Buy,Stop loss,($1005.16),$183179.52,$5.16,$0.00,$0.00,$0.00,$0.00,$1000.00,$425.00,$1430.16,2,
3379,NQ 06-26,Backtest,VariableTrend,Short,1,22619.00,22669.00,2/5/2025 9:20:00 AM,2/5/2025 3:10:00 PM,Sell short,Stop loss,($1005.16),$182174.36,$5.16,$0.00,$0.00,$0.00,$0.00,$1000.00,$1370.00,$2375.16,6,
3380,NQ 06-26,Backtest,VariableTrend,Long,1,22649.75,22891.25,2/5/2025 4:20:00 PM,2/5/2025 11:00:00 PM,Buy,Exit on session close,$4824.84,$186999.20,$5.16,$0.00,$0.00,$0.00,$0.00,$560.00,$5320.00,$495.16,7,
3381,NQ 06-26,Backtest,VariableTrend,Short,1,22852.25,22902.25,2/6/2025 2:00:00 PM,2/6/2025 3:10:00 PM,Sell short,Stop loss,($1005.16),$185994.04,$5.16,$0.00,$0.00,$0.00,$0.00,$1000.00,$515.00,$1520.16,2,
3382,NQ 06-26,Backtest,VariableTrend,Long,1,22888.25,22838.25,2/6/2025 4:20:00 PM,2/6/2025 9:00:00 PM,Buy,Stop loss,($1005.16),$184988.88,$5.16,$0.00,$0.00,$0.00,$0.00,$1000.00,$1625.00,$2630.16,5,
3383,NQ 06-26,Backtest,VariableTrend,Short,1,22868.00,22918.00,2/6/2025 10:10:00 PM,2/6/2025 10:10:00 PM,Sell short,Stop loss,($1005.16),$183983.72,$5.16,$0.00,$0.00,$0.00,$0.00,$1000.00,$0.00,$1005.16,1,
3384,NQ 06-26,Backtest,VariableTrend,Long,1,22929.50,22966.00,2/6/2025 11:00:00 PM,2/6/2025 11:00:00 PM,Buy,Exit on session close,$724.84,$184708.56,$5.16,$0.00,$0.00,$0.00,$0.00,$50.00,$1255.00,$530.16,1,
3385,NQ 06-26,Backtest,VariableTrend,Short,1,22866.00,22916.00,2/7/2025 5:30:00 PM,2/7/2025 5:30:00 PM,Sell short,Stop loss,($1005.16),$183703.40,$5.16,$0.00,$0.00,$0.00,$0.00,$1000.00,$0.00,$1005.16,1,
3386,NQ 06-26,Backtest,VariableTrend,Long,1,22810.75,22789.00,2/10/2025 3:30:00 AM,2/10/2025 4:40:00 AM,Buy,Close position,($440.16),$183263.24,$5.16,$0.00,$0.00,$0.00,$0.00,$615.00,$30.00,$470.16,2,
3387,NQ 06-26,Backtest,VariableTrend,Short,1,22789.00,22808.75,2/10/2025 4:40:00 AM,2/10/2025 7:00:00 AM,Sell short,Close position,($400.16),$182863.08,$5.16,$0.00,$0.00,$0.00,$0.00,$685.00,$40.00,$440.16,3,
3388,NQ 06-26,Backtest,VariableTrend,Long,1,22808.75,22957.75,2/10/2025 7:00:00 AM,2/10/2025 11:00:00 PM,Buy,Exit on session close,$2974.84,$185837.92,$5.16,$0.00,$0.00,$0.00,$0.00,$125.00,$4120.00,$1145.16,15,
3389,NQ 06-26,Backtest,VariableTrend,Short,1,22907.25,22923.00,2/11/2025 2:20:00 AM,2/11/2025 5:30:00 PM,Sell short,Close position,($320.16),$185517.76,$5.16,$0.00,$0.00,$0.00,$0.00,$665.00,$2340.00,$2660.16,14,
3390,NQ 06-26,Backtest,VariableTrend,Long,1,22923.00,22873.00,2/11/2025 5:30:00 PM,2/11/2025 6:40:00 PM,Buy,Stop loss,($1005.16),$184512.60,$5.16,$0.00,$0.00,$0.00,$0.00,$1000.00,$1385.00,$2390.16,2,
3391,NQ 06-26,Backtest,VariableTrend,Short,1,22902.50,22912.75,2/12/2025 7:00:00 AM,2/12/2025 10:30:00 AM,Sell short,Close position,($210.16),$184302.44,$5.16,$0.00,$0.00,$0.00,$0.00,$625.00,$315.00,$525.16,4,
3392,NQ 06-26,Backtest,VariableTrend,Long,1,22912.75,22862.75,2/12/2025 10:30:00 AM,2/12/2025 10:30:00 AM,Buy,Stop loss,($1005.16),$183297.28,$5.16,$0.00,$0.00,$0.00,$0.00,$1000.00,$0.00,$1005.16,1,
3393,NQ 06-26,Backtest,VariableTrend,Short,1,22875.75,22910.00,2/12/2025 11:40:00 AM,2/12/2025 2:00:00 PM,Sell short,Close position,($690.16),$182607.12,$5.16,$0.00,$0.00,$0.00,$0.00,$935.00,$15.00,$705.16,3,
3394,NQ 06-26,Backtest,VariableTrend,Long,1,22910.00,22860.00,2/12/2025 2:00:00 PM,2/12/2025 3:10:00 PM,Buy,Stop loss,($1005.16),$181601.96,$5.16,$0.00,$0.00,$0.00,$0.00,$1000.00,$940.00,$1945.16,2,
3395,NQ 06-26,Backtest,VariableTrend,Short,1,22647.50,22697.50,2/12/2025 4:20:00 PM,2/12/2025 4:20:00 PM,Sell short,Stop loss,($1005.16),$180596.80,$5.16,$0.00,$0.00,$0.00,$0.00,$1000.00,$0.00,$1005.16,1,
3396,NQ 06-26,Backtest,VariableTrend,Long,1,22893.50,22982.50,2/12/2025 7:50:00 PM,2/12/2025 11:00:00 PM,Buy,Exit on session close,$1774.84,$182371.64,$5.16,$0.00,$0.00,$0.00,$0.00,$345.00,$1795.00,$20.16,4,
3397,NQ 06-26,Backtest,VariableTrend,Short,1,22935.00,22985.00,2/13/2025 10:30:00 AM,2/13/2025 3:10:00 PM,Sell short,Stop loss,($1005.16),$181366.48,$5.16,$0.00,$0.00,$0.00,$0.00,$1000.00,$1225.00,$2230.16,5,
3398,NQ 06-26,Backtest,VariableTrend,Long,1,22992.75,23195.75,2/13/2025 4:20:00 PM,2/13/2025 11:00:00 PM,Buy,Exit on session close,$4054.84,$185421.32,$5.16,$0.00,$0.00,$0.00,$0.00,$745.00,$5040.00,$985.16,7,
3399,NQ 06-26,Backtest,VariableTrend,Short,1,23169.75,23204.75,2/14/2025 2:00:00 PM,2/14/2025 3:10:00 PM,Sell short,Close position,($705.16),$184716.16,$5.16,$0.00,$0.00,$0.00,$0.00,$760.00,$130.00,$835.16,2,
3400,NQ 06-26,Backtest,VariableTrend,Long,1,23204.75,23324.25,2/14/2025 3:10:00 PM,2/14/2025 11:00:00 PM,Buy,Exit on session close,$2384.84,$187101.00,$5.16,$0.00,$0.00,$0.00,$0.00,$280.00,$2820.00,$435.16,8,
3401,NQ 06-26,Backtest,VariableTrend,Short,1,23282.25,23332.25,2/18/2025 5:30:00 PM,2/18/2025 6:40:00 PM,Sell short,Stop loss,($1005.16),$186095.84,$5.16,$0.00,$0.00,$0.00,$0.00,$1000.00,$730.00,$1735.16,2,
3402,NQ 06-26,Backtest,VariableTrend,Long,1,23350.25,23345.00,2/18/2025 11:00:00 PM,2/18/2025 11:00:00 PM,Buy,Exit on session close,($110.16),$185985.68,$5.16,$0.00,$0.00,$0.00,$0.00,$295.00,$75.00,$185.16,1,
3403,NQ 06-26,Backtest,VariableTrend,Long,1,23374.00,23330.75,2/19/2025 2:20:00 AM,2/19/2025 12:50:00 PM,Buy,Close position,($870.16),$185115.52,$5.16,$0.00,$0.00,$0.00,$0.00,$950.00,$760.00,$1630.16,10,
3404,NQ 06-26,Backtest,VariableTrend,Short,1,23330.75,23380.75,2/19/2025 12:50:00 PM,2/19/2025 7:50:00 PM,Sell short,Stop loss,($1005.16),$184110.36,$5.16,$0.00,$0.00,$0.00,$0.00,$1000.00,$1840.00,$2845.16,7,
3405,NQ 06-26,Backtest,VariableTrend,Long,1,23365.75,23342.75,2/19/2025 9:00:00 PM,2/19/2025 11:00:00 PM,Buy,Close position,($465.16),$183645.20,$5.16,$0.00,$0.00,$0.00,$0.00,$790.00,$1095.00,$1560.16,3,
3406,NQ 06-26,Backtest,VariableTrend,Short,1,23342.75,23343.00,2/19/2025 11:00:00 PM,2/19/2025 11:00:00 PM,Sell short,Exit on session close,($10.16),$183635.04,$5.16,$0.00,$0.00,$0.00,$0.00,$135.00,$165.00,$175.16,1,
3407,NQ 06-26,Backtest,VariableTrend,Long,1,23332.25,23311.75,2/20/2025 12:50:00 PM,2/20/2025 2:00:00 PM,Buy,Close position,($415.16),$183219.88,$5.16,$0.00,$0.00,$0.00,$0.00,$730.00,$85.00,$500.16,2,
3408,NQ 06-26,Backtest,VariableTrend,Short,1,23311.75,23328.25,2/20/2025 2:00:00 PM,2/20/2025 3:10:00 PM,Sell short,Close position,($335.16),$182884.72,$5.16,$0.00,$0.00,$0.00,$0.00,$385.00,$350.00,$685.16,2,
3409,NQ 06-26,Backtest,VariableTrend,Long,1,23328.25,23278.25,2/20/2025 3:10:00 PM,2/20/2025 4:20:00 PM,Buy,Stop loss,($1005.16),$181879.56,$5.16,$0.00,$0.00,$0.00,$0.00,$1000.00,$275.00,$1280.16,2,
3410,NQ 06-26,Backtest,VariableTrend,Short,1,23197.75,23247.75,2/20/2025 5:30:00 PM,2/20/2025 9:00:00 PM,Sell short,Stop loss,($1005.16),$180874.40,$5.16,$0.00,$0.00,$0.00,$0.00,$1000.00,$2040.00,$3045.16,4,
3411,NQ 06-26,Backtest,VariableTrend,Long,1,23285.00,23266.25,2/21/2025 2:20:00 AM,2/21/2025 3:30:00 AM,Buy,Close position,($380.16),$180494.24,$5.16,$0.00,$0.00,$0.00,$0.00,$560.00,$95.00,$475.16,2,
3412,NQ 06-26,Backtest,VariableTrend,Short,1,23266.25,23278.00,2/21/2025 3:30:00 AM,2/21/2025 11:40:00 AM,Sell short,Close position,($240.16),$180254.08,$5.16,$0.00,$0.00,$0.00,$0.00,$340.00,$835.00,$1075.16,8,
3413,NQ 06-26,Backtest,VariableTrend,Long,1,23278.00,23228.00,2/21/2025 11:40:00 AM,2/21/2025 4:20:00 PM,Buy,Stop loss,($1005.16),$179248.92,$5.16,$0.00,$0.00,$0.00,$0.00,$1000.00,$1765.00,$2770.16,5,
3414,NQ 06-26,Backtest,VariableTrend,Short,1,23191.50,22780.75,2/21/2025 5:30:00 PM,2/21/2025 11:00:00 PM,Sell short,Exit on session close,$8209.84,$187458.76,$5.16,$0.00,$0.00,$0.00,$0.00,$15.00,$8360.00,$150.16,6,
3415,NQ 06-26,Backtest,VariableTrend,Long,1,22440.25,22390.25,2/26/2025 11:40:00 AM,2/26/2025 2:00:00 PM,Buy,Stop loss,($1005.16),$186453.60,$5.16,$0.00,$0.00,$0.00,$0.00,$1000.00,$195.00,$1200.16,3,
3416,NQ 06-26,Backtest,VariableTrend,Short,1,22411.00,22461.00,2/26/2025 3:10:00 PM,2/26/2025 4:20:00 PM,Sell short,Stop loss,($1005.16),$185448.44,$5.16,$0.00,$0.00,$0.00,$0.00,$1000.00,$715.00,$1720.16,2,
3417,NQ 06-26,Backtest,VariableTrend,Long,1,22478.25,22428.25,2/26/2025 5:30:00 PM,2/26/2025 5:30:00 PM,Buy,Stop loss,($1005.16),$184443.28,$5.16,$0.00,$0.00,$0.00,$0.00,$1000.00,$0.00,$1005.16,1,
3418,NQ 06-26,Backtest,VariableTrend,Short,1,22261.00,22311.00,2/26/2025 9:00:00 PM,2/26/2025 10:10:00 PM,Sell short,Stop loss,($1005.16),$183438.12,$5.16,$0.00,$0.00,$0.00,$0.00,$1000.00,$1515.00,$2520.16,2,
3419,NQ 06-26,Backtest,VariableTrend,Long,1,22400.75,22378.25,2/27/2025 9:20:00 AM,2/27/2025 10:30:00 AM,Buy,Close position,($455.16),$182982.96,$5.16,$0.00,$0.00,$0.00,$0.00,$600.00,$925.00,$1380.16,2,
3420,NQ 06-26,Backtest,VariableTrend,Short,1,22378.25,22428.25,2/27/2025 10:30:00 AM,2/27/2025 10:30:00 AM,Sell short,Stop loss,($1005.16),$181977.80,$5.16,$0.00,$0.00,$0.00,$0.00,$1000.00,$0.00,$1005.16,1,
3421,NQ 06-26,Backtest,VariableTrend,Long,1,22451.75,22401.75,2/27/2025 11:40:00 AM,2/27/2025 3:10:00 PM,Buy,Stop loss,($1005.16),$180972.64,$5.16,$0.00,$0.00,$0.00,$0.00,$1000.00,$1110.00,$2115.16,4,
3422,NQ 06-26,Backtest,VariableTrend,Short,1,22207.25,22257.25,2/27/2025 5:30:00 PM,2/27/2025 5:30:00 PM,Sell short,Stop loss,($1005.16),$179967.48,$5.16,$0.00,$0.00,$0.00,$0.00,$1000.00,$0.00,$1005.16,1,
3423,NQ 06-26,Backtest,VariableTrend,Long,1,22027.50,22029.75,2/28/2025 11:00:00 PM,2/28/2025 11:00:00 PM,Buy,Exit on session close,$39.84,$180007.32,$5.16,$0.00,$0.00,$0.00,$0.00,$350.00,$180.00,$140.16,1,
3424,NQ 06-26,Backtest,VariableTrend,Short,1,21947.00,21997.00,3/3/2025 5:30:00 PM,3/3/2025 5:30:00 PM,Sell short,Stop loss,($1005.16),$179002.16,$5.16,$0.00,$0.00,$0.00,$0.00,$1000.00,$0.00,$1005.16,1,
3425,NQ 06-26,Backtest,VariableTrend,Long,1,22057.00,22007.00,3/3/2025 7:50:00 PM,3/3/2025 7:50:00 PM,Buy,Stop loss,($1005.16),$177997.00,$5.16,$0.00,$0.00,$0.00,$0.00,$1000.00,$0.00,$1005.16,1,
3426,NQ 06-26,Backtest,VariableTrend,Short,1,21833.25,21883.25,3/3/2025 9:00:00 PM,3/3/2025 9:00:00 PM,Sell short,Stop loss,($1005.16),$176991.84,$5.16,$0.00,$0.00,$0.00,$0.00,$1000.00,$0.00,$1005.16,1,
3427,NQ 06-26,Backtest,VariableTrend,Long,1,21740.00,21690.00,3/4/2025 10:10:00 PM,3/4/2025 10:10:00 PM,Buy,Stop loss,($1005.16),$175986.68,$5.16,$0.00,$0.00,$0.00,$0.00,$1000.00,$0.00,$1005.16,1,
3428,NQ 06-26,Backtest,VariableTrend,Short,1,21591.75,21641.75,3/4/2025 11:00:00 PM,3/4/2025 11:00:00 PM,Sell short,Stop loss,($1005.16),$174981.52,$5.16,$0.00,$0.00,$0.00,$0.00,$1000.00,$0.00,$1005.16,1,
3429,NQ 06-26,Backtest,VariableTrend,Short,1,21596.75,21646.75,3/5/2025 4:40:00 AM,3/5/2025 4:40:00 AM,Sell short,Stop loss,($1005.16),$173976.36,$5.16,$0.00,$0.00,$0.00,$0.00,$1000.00,$0.00,$1005.16,1,
3430,NQ 06-26,Backtest,VariableTrend,Long,1,21627.00,21577.00,3/5/2025 5:50:00 AM,3/5/2025 2:00:00 PM,Buy,Stop loss,($1005.16),$172971.20,$5.16,$0.00,$0.00,$0.00,$0.00,$1000.00,$2470.00,$3475.16,8,
3431,NQ 06-26,Backtest,VariableTrend,Short,1,21606.75,21621.00,3/5/2025 3:10:00 PM,3/5/2025 7:50:00 PM,Sell short,Close position,($290.16),$172681.04,$5.16,$0.00,$0.00,$0.00,$0.00,$745.00,$5420.00,$5710.16,5,
3432,NQ 06-26,Backtest,VariableTrend,Long,1,21621.00,21571.00,3/5/2025 7:50:00 PM,3/5/2025 7:50:00 PM,Buy,Stop loss,($1005.16),$171675.88,$5.16,$0.00,$0.00,$0.00,$0.00,$1000.00,$0.00,$1005.16,1,
3433,NQ 06-26,Backtest,VariableTrend,Short,1,21643.75,21294.25,3/6/2025 10:30:00 AM,3/6/2025 11:00:00 PM,Sell short,Exit on session close,$6984.84,$178660.72,$5.16,$0.00,$0.00,$0.00,$0.00,$60.00,$10400.00,$3415.16,12,
3434,NQ 06-26,Backtest,VariableTrend,Long,1,21261.75,21328.00,3/7/2025 9:00:00 PM,3/7/2025 11:00:00 PM,Buy,Exit on session close,$1319.84,$179980.56,$5.16,$0.00,$0.00,$0.00,$0.00,$850.00,$2905.00,$1585.16,3,
3435,NQ 06-26,Backtest,VariableTrend,Short,1,21127.50,21177.50,3/10/2025 1:20:00 AM,3/10/2025 1:20:00 AM,Sell short,Stop loss,($1005.16),$178975.40,$5.16,$0.00,$0.00,$0.00,$0.00,$1000.00,$0.00,$1005.16,1,
3436,NQ 06-26,Backtest,VariableTrend,Long,1,21271.25,21221.25,3/10/2025 4:50:00 AM,3/10/2025 6:00:00 AM,Buy,Stop loss,($1005.16),$177970.24,$5.16,$0.00,$0.00,$0.00,$0.00,$1000.00,$70.00,$1075.16,2,
3437,NQ 06-26,Backtest,VariableTrend,Short,1,21215.25,20592.75,3/10/2025 7:10:00 AM,3/10/2025 10:00:00 PM,Sell short,Exit on session close,$12444.84,$190415.08,$5.16,$0.00,$0.00,$0.00,$0.00,$930.00,$16445.00,$4000.16,14,
3438,NQ 06-26,Backtest,VariableTrend,Long,1,20686.25,20636.25,3/11/2025 10:40:00 AM,3/11/2025 11:50:00 AM,Buy,Stop loss,($1005.16),$189409.92,$5.16,$0.00,$0.00,$0.00,$0.00,$1000.00,$325.00,$1330.16,2,
3439,NQ 06-26,Backtest,VariableTrend,Short,1,20571.25,20621.25,3/11/2025 3:20:00 PM,3/11/2025 3:20:00 PM,Sell short,Stop loss,($1005.16),$188404.76,$5.16,$0.00,$0.00,$0.00,$0.00,$1000.00,$0.00,$1005.16,1,
3440,NQ 06-26,Backtest,VariableTrend,Long,1,20760.75,20710.75,3/11/2025 9:10:00 PM,3/11/2025 9:10:00 PM,Buy,Stop loss,($1005.16),$187399.60,$5.16,$0.00,$0.00,$0.00,$0.00,$1000.00,$0.00,$1005.16,1,
3441,NQ 06-26,Backtest,VariableTrend,Short,1,20549.50,20522.00,3/11/2025 10:00:00 PM,3/11/2025 10:00:00 PM,Sell short,Exit on session close,$544.84,$187944.44,$5.16,$0.00,$0.00,$0.00,$0.00,$345.00,$1140.00,$595.16,1,
3442,NQ 06-26,Backtest,VariableTrend,Long,1,20673.25,20623.25,3/12/2025 11:50:00 AM,3/12/2025 4:30:00 PM,Buy,Stop loss,($1005.16),$186939.28,$5.16,$0.00,$0.00,$0.00,$0.00,$1000.00,$4725.00,$5730.16,5,
3443,NQ 06-26,Backtest,VariableTrend,Short,1,20645.00,20695.00,3/12/2025 5:40:00 PM,3/12/2025 5:40:00 PM,Sell short,Stop loss,($1005.16),$185934.12,$5.16,$0.00,$0.00,$0.00,$0.00,$1000.00,$0.00,$1005.16,1,
3444,NQ 06-26,Backtest,VariableTrend,Long,1,20814.00,20764.00,3/12/2025 6:50:00 PM,3/12/2025 6:50:00 PM,Buy,Stop loss,($1005.16),$184928.96,$5.16,$0.00,$0.00,$0.00,$0.00,$1000.00,$0.00,$1005.16,1,
3445,NQ 06-26,Backtest,VariableTrend,Short,1,20647.50,20692.50,3/13/2025 6:00:00 AM,3/13/2025 11:50:00 AM,Sell short,Close position,($905.16),$184023.80,$5.16,$0.00,$0.00,$0.00,$0.00,$980.00,$2520.00,$3425.16,6,
3446,NQ 06-26,Backtest,VariableTrend,Long,1,20692.50,20642.50,3/13/2025 11:50:00 AM,3/13/2025 1:00:00 PM,Buy,Stop loss,($1005.16),$183018.64,$5.16,$0.00,$0.00,$0.00,$0.00,$1000.00,$1185.00,$2190.16,2,
3447,NQ 06-26,Backtest,VariableTrend,Short,1,20650.00,20700.00,3/13/2025 2:10:00 PM,3/13/2025 2:10:00 PM,Sell short,Stop loss,($1005.16),$182013.48,$5.16,$0.00,$0.00,$0.00,$0.00,$1000.00,$0.00,$1005.16,1,
3448,NQ 06-26,Backtest,VariableTrend,Long,1,20697.75,20647.75,3/13/2025 3:20:00 PM,3/13/2025 3:20:00 PM,Buy,Stop loss,($1005.16),$181008.32,$5.16,$0.00,$0.00,$0.00,$0.00,$1000.00,$0.00,$1005.16,1,
3449,NQ 06-26,Backtest,VariableTrend,Short,1,20643.25,20413.75,3/13/2025 4:30:00 PM,3/13/2025 10:00:00 PM,Sell short,Exit on session close,$4584.84,$185593.16,$5.16,$0.00,$0.00,$0.00,$0.00,$950.00,$7050.00,$2465.16,6,
3450,NQ 06-26,Backtest,VariableTrend,Long,1,20593.00,20788.25,3/14/2025 2:10:00 PM,3/14/2025 10:00:00 PM,Buy,Exit on session close,$3899.84,$189493.00,$5.16,$0.00,$0.00,$0.00,$0.00,$710.00,$5405.00,$1505.16,8,
3451,NQ 06-26,Backtest,VariableTrend,Short,1,20682.50,20732.50,3/17/2025 1:20:00 AM,3/17/2025 1:20:00 AM,Sell short,Stop loss,($1005.16),$188487.84,$5.16,$0.00,$0.00,$0.00,$0.00,$1000.00,$0.00,$1005.16,1,
3452,NQ 06-26,Backtest,VariableTrend,Long,1,20744.25,20694.25,3/17/2025 3:40:00 AM,3/17/2025 8:20:00 AM,Buy,Stop loss,($1005.16),$187482.68,$5.16,$0.00,$0.00,$0.00,$0.00,$1000.00,$140.00,$1145.16,5,
3453,NQ 06-26,Backtest,VariableTrend,Short,1,20686.00,20736.00,3/17/2025 9:30:00 AM,3/17/2025 9:30:00 AM,Sell short,Stop loss,($1005.16),$186477.52,$5.16,$0.00,$0.00,$0.00,$0.00,$1000.00,$0.00,$1005.16,1,
3454,NQ 06-26,Backtest,VariableTrend,Long,1,20740.75,20954.50,3/17/2025 10:40:00 AM,3/17/2025 10:00:00 PM,Buy,Exit on session close,$4269.84,$190747.36,$5.16,$0.00,$0.00,$0.00,$0.00,$390.00,$6885.00,$2615.16,11,
3455,NQ 06-26,Backtest,VariableTrend,Short,1,20846.25,20864.50,3/18/2025 7:10:00 AM,3/18/2025 8:20:00 AM,Sell short,Close position,($370.16),$190377.20,$5.16,$0.00,$0.00,$0.00,$0.00,$505.00,$10.00,$380.16,2,
3456,NQ 06-26,Backtest,VariableTrend,Long,1,20864.50,20814.50,3/18/2025 8:20:00 AM,3/18/2025 2:10:00 PM,Buy,Stop loss,($1005.16),$189372.04,$5.16,$0.00,$0.00,$0.00,$0.00,$1000.00,$1825.00,$2830.16,6,
3457,NQ 06-26,Backtest,VariableTrend,Short,1,20834.00,20621.25,3/18/2025 3:20:00 PM,3/18/2025 10:00:00 PM,Sell short,Exit on session close,$4249.84,$193621.88,$5.16,$0.00,$0.00,$0.00,$0.00,$265.00,$6250.00,$2000.16,7,
3458,NQ 06-26,Backtest,VariableTrend,Long,1,20805.00,20755.00,3/19/2025 4:30:00 PM,3/19/2025 4:30:00 PM,Buy,Stop loss,($1005.16),$192616.72,$5.16,$0.00,$0.00,$0.00,$0.00,$1000.00,$0.00,$1005.16,1,
3459,NQ 06-26,Backtest,VariableTrend,Short,1,20714.50,20764.50,3/19/2025 8:00:00 PM,3/19/2025 8:00:00 PM,Sell short,Stop loss,($1005.16),$191611.56,$5.16,$0.00,$0.00,$0.00,$0.00,$1000.00,$0.00,$1005.16,1,
3460,NQ 06-26,Backtest,VariableTrend,Long,1,20941.00,20891.00,3/19/2025 9:10:00 PM,3/19/2025 9:10:00 PM,Buy,Stop loss,($1005.16),$190606.40,$5.16,$0.00,$0.00,$0.00,$0.00,$1000.00,$0.00,$1005.16,1,
3461,NQ 06-26,Backtest,VariableTrend,Short,1,20703.00,20753.00,3/20/2025 1:00:00 PM,3/20/2025 1:00:00 PM,Sell short,Stop loss,($1005.16),$189601.24,$5.16,$0.00,$0.00,$0.00,$0.00,$1000.00,$0.00,$1005.16,1,
3462,NQ 06-26,Backtest,VariableTrend,Long,1,20951.00,20901.00,3/20/2025 4:30:00 PM,3/20/2025 5:40:00 PM,Buy,Stop loss,($1005.16),$188596.08,$5.16,$0.00,$0.00,$0.00,$0.00,$1000.00,$1425.00,$2430.16,2,
3463,NQ 06-26,Backtest,VariableTrend,Short,1,20832.00,20811.50,3/20/2025 6:50:00 PM,3/20/2025 10:00:00 PM,Sell short,Exit on session close,$404.84,$189000.92,$5.16,$0.00,$0.00,$0.00,$0.00,$545.00,$2395.00,$1990.16,4,
3464,NQ 06-26,Backtest,VariableTrend,Long,1,20833.25,20822.25,3/21/2025 2:30:00 AM,3/21/2025 4:50:00 AM,Buy,Close position,($225.16),$188775.76,$5.16,$0.00,$0.00,$0.00,$0.00,$505.00,$335.00,$560.16,3,
3465,NQ 06-26,Backtest,VariableTrend,Short,1,20822.25,20759.00,3/21/2025 4:50:00 AM,3/21/2025 6:50:00 PM,Sell short,Close position,$1259.84,$190035.60,$5.16,$0.00,$0.00,$0.00,$0.00,$245.00,$6055.00,$4795.16,13,
3466,NQ 06-26,Backtest,VariableTrend,Long,1,20759.00,20888.00,3/21/2025 6:50:00 PM,3/21/2025 10:00:00 PM,Buy,Exit on session close,$2574.84,$192610.44,$5.16,$0.00,$0.00,$0.00,$0.00,$810.00,$2715.00,$140.16,4,
3467,NQ 06-26,Backtest,VariableTrend,Short,1,21216.25,21245.00,3/25/2025 10:40:00 AM,3/25/2025 11:50:00 AM,Sell short,Close position,($580.16),$192030.28,$5.16,$0.00,$0.00,$0.00,$0.00,$645.00,$120.00,$700.16,2,
3468,NQ 06-26,Backtest,VariableTrend,Long,1,21245.00,21434.50,3/25/2025 11:50:00 AM,3/25/2025 10:00:00 PM,Buy,Exit on session close,$3784.84,$195815.12,$5.16,$0.00,$0.00,$0.00,$0.00,$140.00,$3940.00,$155.16,10,
3469,NQ 06-26,Backtest,VariableTrend,Short,1,21194.75,21007.75,3/26/2025 4:30:00 PM,3/26/2025 10:00:00 PM,Sell short,Exit on session close,$3734.84,$199549.96,$5.16,$0.00,$0.00,$0.00,$0.00,$860.00,$4650.00,$915.16,6,
3470,NQ 06-26,Backtest,VariableTrend,Long,1,20265.50,20330.25,3/31/2025 10:10:00 PM,3/31/2025 11:00:00 PM,Buy,Exit on session close,$1289.84,$200839.80,$5.16,$0.00,$0.00,$0.00,$0.00,$45.00,$2830.00,$1540.16,2,
3471,NQ 06-26,Backtest,VariableTrend,Short,1,20271.00,20321.00,4/1/2025 3:10:00 PM,4/1/2025 3:10:00 PM,Sell short,Stop loss,($1005.16),$199834.64,$5.16,$0.00,$0.00,$0.00,$0.00,$1000.00,$0.00,$1005.16,1,
3472,NQ 06-26,Backtest,VariableTrend,Long,1,20315.00,20265.00,4/1/2025 4:20:00 PM,4/1/2025 4:20:00 PM,Buy,Stop loss,($1005.16),$198829.48,$5.16,$0.00,$0.00,$0.00,$0.00,$1000.00,$0.00,$1005.16,1,
3473,NQ 06-26,Backtest,VariableTrend,Short,1,20203.75,20253.75,4/1/2025 5:30:00 PM,4/1/2025 5:30:00 PM,Sell short,Stop loss,($1005.16),$197824.32,$5.16,$0.00,$0.00,$0.00,$0.00,$1000.00,$0.00,$1005.16,1,
3474,NQ 06-26,Backtest,VariableTrend,Long,1,20482.75,20432.75,4/1/2025 6:40:00 PM,4/1/2025 6:40:00 PM,Buy,Stop loss,($1005.16),$196819.16,$5.16,$0.00,$0.00,$0.00,$0.00,$1000.00,$0.00,$1005.16,1,
3475,NQ 06-26,Backtest,VariableTrend,Short,1,20346.75,20396.75,4/2/2025 3:10:00 PM,4/2/2025 4:20:00 PM,Sell short,Stop loss,($1005.16),$195814.00,$5.16,$0.00,$0.00,$0.00,$0.00,$1000.00,$1725.00,$2730.16,2,
3476,NQ 06-26,Backtest,VariableTrend,Long,1,20482.25,20432.25,4/2/2025 5:30:00 PM,4/2/2025 11:00:00 PM,Buy,Stop loss,($1005.16),$194808.84,$5.16,$0.00,$0.00,$0.00,$0.00,$1000.00,$6505.00,$7510.16,6,
3477,NQ 06-26,Backtest,VariableTrend,Long,1,18100.00,18050.00,4/7/2025 2:00:00 PM,4/7/2025 2:00:00 PM,Buy,Stop loss,($1005.16),$193803.68,$5.16,$0.00,$0.00,$0.00,$0.00,$1000.00,$0.00,$1005.16,1,
3478,NQ 06-26,Backtest,VariableTrend,Short,1,17979.00,18029.00,4/7/2025 3:10:00 PM,4/7/2025 3:10:00 PM,Sell short,Stop loss,($1005.16),$192798.52,$5.16,$0.00,$0.00,$0.00,$0.00,$1000.00,$0.00,$1005.16,1,
3479,NQ 06-26,Backtest,VariableTrend,Long,1,18896.00,18846.00,4/7/2025 5:30:00 PM,4/7/2025 5:30:00 PM,Buy,Stop loss,($1005.16),$191793.36,$5.16,$0.00,$0.00,$0.00,$0.00,$1000.00,$0.00,$1005.16,1,
3480,NQ 06-26,Backtest,VariableTrend,Short,1,18113.50,18163.50,4/7/2025 6:40:00 PM,4/7/2025 6:40:00 PM,Sell short,Stop loss,($1005.16),$190788.20,$5.16,$0.00,$0.00,$0.00,$0.00,$1000.00,$0.00,$1005.16,1,
3481,NQ 06-26,Backtest,VariableTrend,Long,1,18317.75,18267.75,4/7/2025 7:50:00 PM,4/7/2025 7:50:00 PM,Buy,Stop loss,($1005.16),$189783.04,$5.16,$0.00,$0.00,$0.00,$0.00,$1000.00,$0.00,$1005.16,1,
3482,NQ 06-26,Backtest,VariableTrend,Short,1,18532.75,18582.75,4/8/2025 9:00:00 PM,4/8/2025 9:00:00 PM,Sell short,Stop loss,($1005.16),$188777.88,$5.16,$0.00,$0.00,$0.00,$0.00,$1000.00,$0.00,$1005.16,1,
3483,NQ 06-26,Backtest,VariableTrend,Long,1,18187.50,18137.50,4/9/2025 10:30:00 AM,4/9/2025 10:30:00 AM,Buy,Stop loss,($1005.16),$187772.72,$5.16,$0.00,$0.00,$0.00,$0.00,$1000.00,$0.00,$1005.16,1,
3484,NQ 06-26,Backtest,VariableTrend,Short,1,17876.75,17926.75,4/9/2025 3:10:00 PM,4/9/2025 3:10:00 PM,Sell short,Stop loss,($1005.16),$186767.56,$5.16,$0.00,$0.00,$0.00,$0.00,$1000.00,$0.00,$1005.16,1,
3485,NQ 06-26,Backtest,VariableTrend,Long,1,18352.00,18302.00,4/9/2025 5:30:00 PM,4/9/2025 5:30:00 PM,Buy,Stop loss,($1005.16),$185762.40,$5.16,$0.00,$0.00,$0.00,$0.00,$1000.00,$0.00,$1005.16,1,
3486,NQ 06-26,Backtest,VariableTrend,Short,1,19519.25,19569.25,4/10/2025 5:30:00 PM,4/10/2025 5:30:00 PM,Sell short,Stop loss,($1005.16),$184757.24,$5.16,$0.00,$0.00,$0.00,$0.00,$1000.00,$0.00,$1005.16,1,
3487,NQ 06-26,Backtest,VariableTrend,Long,1,19692.50,19642.50,4/11/2025 9:20:00 AM,4/11/2025 9:20:00 AM,Buy,Stop loss,($1005.16),$183752.08,$5.16,$0.00,$0.00,$0.00,$0.00,$1000.00,$0.00,$1005.16,1,
3488,NQ 06-26,Backtest,VariableTrend,Short,1,19342.00,19392.00,4/11/2025 11:40:00 AM,4/11/2025 11:40:00 AM,Sell short,Stop loss,($1005.16),$182746.92,$5.16,$0.00,$0.00,$0.00,$0.00,$1000.00,$0.00,$1005.16,1,
3489,NQ 06-26,Backtest,VariableTrend,Long,1,19539.50,19489.50,4/11/2025 2:00:00 PM,4/11/2025 2:00:00 PM,Buy,Stop loss,($1005.16),$181741.76,$5.16,$0.00,$0.00,$0.00,$0.00,$1000.00,$0.00,$1005.16,1,
3490,NQ 06-26,Backtest,VariableTrend,Short,1,19351.50,19401.50,4/11/2025 4:20:00 PM,4/11/2025 4:20:00 PM,Sell short,Stop loss,($1005.16),$180736.60,$5.16,$0.00,$0.00,$0.00,$0.00,$1000.00,$0.00,$1005.16,1,
3491,NQ 06-26,Backtest,VariableTrend,Long,1,19646.00,19596.00,4/11/2025 7:50:00 PM,4/11/2025 7:50:00 PM,Buy,Stop loss,($1005.16),$179731.44,$5.16,$0.00,$0.00,$0.00,$0.00,$1000.00,$0.00,$1005.16,1,
3492,NQ 06-26,Backtest,VariableTrend,Short,1,19862.75,19912.75,4/14/2025 6:40:00 PM,4/14/2025 9:00:00 PM,Sell short,Stop loss,($1005.16),$178726.28,$5.16,$0.00,$0.00,$0.00,$0.00,$1000.00,$4160.00,$5165.16,3,
3493,NQ 06-26,Backtest,VariableTrend,Long,1,19932.25,19882.25,4/14/2025 10:10:00 PM,4/14/2025 10:10:00 PM,Buy,Stop loss,($1005.16),$177721.12,$5.16,$0.00,$0.00,$0.00,$0.00,$1000.00,$0.00,$1005.16,1,
3494,NQ 06-26,Backtest,VariableTrend,Short,1,19836.50,19819.75,4/14/2025 11:00:00 PM,4/14/2025 11:00:00 PM,Sell short,Exit on session close,$329.84,$178050.96,$5.16,$0.00,$0.00,$0.00,$0.00,$255.00,$2540.00,$2210.16,1,
3495,NQ 06-26,Backtest,VariableTrend,Long,1,19930.75,19880.75,4/15/2025 10:30:00 AM,4/15/2025 12:50:00 PM,Buy,Stop loss,($1005.16),$177045.80,$5.16,$0.00,$0.00,$0.00,$0.00,$1000.00,$540.00,$1545.16,3,
3496,NQ 06-26,Backtest,VariableTrend,Short,1,19806.75,19856.75,4/15/2025 3:10:00 PM,4/15/2025 3:10:00 PM,Sell short,Stop loss,($1005.16),$176040.64,$5.16,$0.00,$0.00,$0.00,$0.00,$1000.00,$0.00,$1005.16,1,
3497,NQ 06-26,Backtest,VariableTrend,Long,1,19868.50,19818.50,4/15/2025 4:20:00 PM,4/15/2025 9:00:00 PM,Buy,Stop loss,($1005.16),$175035.48,$5.16,$0.00,$0.00,$0.00,$0.00,$1000.00,$3870.00,$4875.16,5,
3498,NQ 06-26,Backtest,VariableTrend,Long,1,19647.75,19597.75,4/16/2025 12:50:00 PM,4/16/2025 12:50:00 PM,Buy,Stop loss,($1005.16),$174030.32,$5.16,$0.00,$0.00,$0.00,$0.00,$1000.00,$0.00,$1005.16,1,
3499,NQ 06-26,Backtest,VariableTrend,Short,1,19610.75,19626.50,4/16/2025 2:00:00 PM,4/16/2025 6:40:00 PM,Sell short,Close position,($320.16),$173710.16,$5.16,$0.00,$0.00,$0.00,$0.00,$830.00,$3685.00,$4005.16,5,
3500,NQ 06-26,Backtest,VariableTrend,Long,1,19626.50,19576.50,4/16/2025 6:40:00 PM,4/16/2025 6:40:00 PM,Buy,Stop loss,($1005.16),$172705.00,$5.16,$0.00,$0.00,$0.00,$0.00,$1000.00,$0.00,$1005.16,1,
3501,NQ 06-26,Backtest,VariableTrend,Short,1,19482.25,19286.50,4/16/2025 7:50:00 PM,4/16/2025 11:00:00 PM,Sell short,Exit on session close,$3909.84,$176614.84,$5.16,$0.00,$0.00,$0.00,$0.00,$615.00,$8975.00,$5065.16,4,
3502,NQ 06-26,Backtest,VariableTrend,Long,1,19494.00,19444.00,4/17/2025 9:20:00 AM,4/17/2025 11:40:00 AM,Buy,Stop loss,($1005.16),$175609.68,$5.16,$0.00,$0.00,$0.00,$0.00,$1000.00,$1520.00,$2525.16,3,
3503,NQ 06-26,Backtest,VariableTrend,Short,1,19492.50,19345.00,4/17/2025 12:50:00 PM,4/17/2025 11:00:00 PM,Sell short,Exit on session close,$2944.84,$178554.52,$5.16,$0.00,$0.00,$0.00,$0.00,$980.00,$6275.00,$3330.16,10,
3504,NQ 06-26,Backtest,VariableTrend,Long,1,18909.75,19276.25,4/22/2025 3:30:00 AM,4/22/2025 11:00:00 PM,Buy,Exit on session close,$7324.84,$185879.36,$5.16,$0.00,$0.00,$0.00,$0.00,$925.00,$10430.00,$3105.16,18,
3505,NQ 06-26,Backtest,VariableTrend,Short,1,19677.25,19681.50,4/24/2025 5:50:00 AM,4/24/2025 8:10:00 AM,Sell short,Close position,($90.16),$185789.20,$5.16,$0.00,$0.00,$0.00,$0.00,$185.00,$985.00,$1075.16,3,
3506,NQ 06-26,Backtest,VariableTrend,Long,1,19681.50,19631.50,4/24/2025 8:10:00 AM,4/24/2025 8:10:00 AM,Buy,Stop loss,($1005.16),$184784.04,$5.16,$0.00,$0.00,$0.00,$0.00,$1000.00,$0.00,$1005.16,1,
3507,NQ 06-26,Backtest,VariableTrend,Short,1,19644.25,19694.25,4/24/2025 9:20:00 AM,4/24/2025 9:20:00 AM,Sell short,Stop loss,($1005.16),$183778.88,$5.16,$0.00,$0.00,$0.00,$0.00,$1000.00,$0.00,$1005.16,1,
3508,NQ 06-26,Backtest,VariableTrend,Long,1,19698.50,19648.50,4/24/2025 2:00:00 PM,4/24/2025 2:00:00 PM,Buy,Stop loss,($1005.16),$182773.72,$5.16,$0.00,$0.00,$0.00,$0.00,$1000.00,$0.00,$1005.16,1,
3509,NQ 06-26,Backtest,VariableTrend,Short,1,20147.75,20197.75,4/25/2025 2:00:00 PM,4/25/2025 2:00:00 PM,Sell short,Stop loss,($1005.16),$181768.56,$5.16,$0.00,$0.00,$0.00,$0.00,$1000.00,$0.00,$1005.16,1,
3510,NQ 06-26,Backtest,VariableTrend,Long,1,20276.50,20226.50,4/25/2025 5:30:00 PM,4/25/2025 5:30:00 PM,Buy,Stop loss,($1005.16),$180763.40,$5.16,$0.00,$0.00,$0.00,$0.00,$1000.00,$0.00,$1005.16,1,
3511,NQ 06-26,Backtest,VariableTrend,Short,1,20236.75,20286.75,4/28/2025 6:40:00 PM,4/28/2025 6:40:00 PM,Sell short,Stop loss,($1005.16),$179758.24,$5.16,$0.00,$0.00,$0.00,$0.00,$1000.00,$0.00,$1005.16,1,
3512,NQ 06-26,Backtest,VariableTrend,Long,1,20346.00,20401.00,4/28/2025 10:10:00 PM,4/28/2025 11:00:00 PM,Buy,Exit on session close,$1094.84,$180853.08,$5.16,$0.00,$0.00,$0.00,$0.00,$105.00,$3000.00,$1905.16,2,
3513,NQ 06-26,Backtest,VariableTrend,Short,1,20393.75,20443.75,4/29/2025 2:00:00 PM,4/29/2025 2:00:00 PM,Sell short,Stop loss,($1005.16),$179847.92,$5.16,$0.00,$0.00,$0.00,$0.00,$1000.00,$0.00,$1005.16,1,
3514,NQ 06-26,Backtest,VariableTrend,Long,1,20420.50,20370.50,4/29/2025 3:10:00 PM,4/29/2025 3:10:00 PM,Buy,Stop loss,($1005.16),$178842.76,$5.16,$0.00,$0.00,$0.00,$0.00,$1000.00,$0.00,$1005.16,1,
3515,NQ 06-26,Backtest,VariableTrend,Short,1,20310.50,20360.50,4/29/2025 4:20:00 PM,4/29/2025 4:20:00 PM,Sell short,Stop loss,($1005.16),$177837.60,$5.16,$0.00,$0.00,$0.00,$0.00,$1000.00,$0.00,$1005.16,1,
3516,NQ 06-26,Backtest,VariableTrend,Long,1,20461.75,20411.75,4/29/2025 5:30:00 PM,4/29/2025 5:30:00 PM,Buy,Stop loss,($1005.16),$176832.44,$5.16,$0.00,$0.00,$0.00,$0.00,$1000.00,$0.00,$1005.16,1,
3517,NQ 06-26,Backtest,VariableTrend,Short,1,20444.25,20403.25,4/30/2025 3:10:00 PM,4/30/2025 9:00:00 PM,Sell short,Close position,$814.84,$177647.28,$5.16,$0.00,$0.00,$0.00,$0.00,$170.00,$8465.00,$7650.16,6,
3518,NQ 06-26,Backtest,VariableTrend,Long,1,20403.25,20765.75,4/30/2025 9:00:00 PM,4/30/2025 11:00:00 PM,Buy,Exit on session close,$7244.84,$184892.12,$5.16,$0.00,$0.00,$0.00,$0.00,$770.00,$7880.00,$635.16,3,
3519,NQ 06-26,Backtest,VariableTrend,Short,1,20696.00,20746.00,5/1/2025 11:00:00 PM,5/1/2025 11:00:00 PM,Sell short,Stop loss,($1005.16),$183886.96,$5.16,$0.00,$0.00,$0.00,$0.00,$1000.00,$0.00,$1005.16,1,
3520,NQ 06-26,Backtest,VariableTrend,Long,1,20867.25,20817.25,5/2/2025 4:40:00 AM,5/2/2025 9:20:00 AM,Buy,Stop loss,($1005.16),$182881.80,$5.16,$0.00,$0.00,$0.00,$0.00,$1000.00,$1100.00,$2105.16,5,
3521,NQ 06-26,Backtest,VariableTrend,Short,1,20815.75,20865.75,5/2/2025 12:50:00 PM,5/2/2025 12:50:00 PM,Sell short,Stop loss,($1005.16),$181876.64,$5.16,$0.00,$0.00,$0.00,$0.00,$1000.00,$0.00,$1005.16,1,
3522,NQ 06-26,Backtest,VariableTrend,Long,1,20850.50,21121.75,5/2/2025 2:00:00 PM,5/2/2025 11:00:00 PM,Buy,Exit on session close,$5419.84,$187296.48,$5.16,$0.00,$0.00,$0.00,$0.00,$635.00,$6870.00,$1450.16,9,
3523,NQ 06-26,Backtest,VariableTrend,Short,1,20995.50,20994.00,5/5/2025 3:30:00 AM,5/5/2025 9:20:00 AM,Sell short,Close position,$24.84,$187321.32,$5.16,$0.00,$0.00,$0.00,$0.00,$665.00,$1735.00,$1710.16,6,
3524,NQ 06-26,Backtest,VariableTrend,Long,1,20994.00,20969.25,5/5/2025 9:20:00 AM,5/5/2025 10:30:00 AM,Buy,Close position,($500.16),$186821.16,$5.16,$0.00,$0.00,$0.00,$0.00,$795.00,$440.00,$940.16,2,
3525,NQ 06-26,Backtest,VariableTrend,Short,1,20969.25,21019.25,5/5/2025 10:30:00 AM,5/5/2025 4:20:00 PM,Sell short,Stop loss,($1005.16),$185816.00,$5.16,$0.00,$0.00,$0.00,$0.00,$1000.00,$1720.00,$2725.16,6,
3526,NQ 06-26,Backtest,VariableTrend,Long,1,21001.75,20951.75,5/5/2025 5:30:00 PM,5/5/2025 5:30:00 PM,Buy,Stop loss,($1005.16),$184810.84,$5.16,$0.00,$0.00,$0.00,$0.00,$1000.00,$0.00,$1005.16,1,
3527,NQ 06-26,Backtest,VariableTrend,Short,1,20941.50,20959.50,5/5/2025 11:00:00 PM,5/5/2025 11:00:00 PM,Sell short,Exit on session close,($365.16),$184445.68,$5.16,$0.00,$0.00,$0.00,$0.00,$375.00,$440.00,$805.16,1,
3528,NQ 06-26,Backtest,VariableTrend,Long,1,20859.00,20809.00,5/6/2025 6:40:00 PM,5/6/2025 6:40:00 PM,Buy,Stop loss,($1005.16),$183440.52,$5.16,$0.00,$0.00,$0.00,$0.00,$1000.00,$0.00,$1005.16,1,
3529,NQ 06-26,Backtest,VariableTrend,Short,1,20840.75,20871.00,5/6/2025 7:50:00 PM,5/6/2025 10:10:00 PM,Sell short,Close position,($610.16),$182830.36,$5.16,$0.00,$0.00,$0.00,$0.00,$630.00,$1720.00,$2330.16,3,
3530,NQ 06-26,Backtest,VariableTrend,Long,1,20871.00,20821.00,5/6/2025 10:10:00 PM,5/6/2025 10:10:00 PM,Buy,Stop loss,($1005.16),$181825.20,$5.16,$0.00,$0.00,$0.00,$0.00,$1000.00,$0.00,$1005.16,1,
3531,NQ 06-26,Backtest,VariableTrend,Short,1,20794.25,20764.00,5/6/2025 11:00:00 PM,5/6/2025 11:00:00 PM,Sell short,Exit on session close,$599.84,$182425.04,$5.16,$0.00,$0.00,$0.00,$0.00,$570.00,$1360.00,$760.16,1,
3532,NQ 06-26,Backtest,VariableTrend,Long,1,20953.00,20903.00,5/7/2025 2:20:00 AM,5/7/2025 4:40:00 AM,Buy,Stop loss,($1005.16),$181419.88,$5.16,$0.00,$0.00,$0.00,$0.00,$1000.00,$1445.00,$2450.16,3,
3533,NQ 06-26,Backtest,VariableTrend,Short,1,20802.50,20852.50,5/7/2025 4:20:00 PM,5/7/2025 4:20:00 PM,Sell short,Stop loss,($1005.16),$180414.72,$5.16,$0.00,$0.00,$0.00,$0.00,$1000.00,$0.00,$1005.16,1,
3534,NQ 06-26,Backtest,VariableTrend,Short,1,20982.00,21032.00,5/8/2025 5:30:00 PM,5/8/2025 5:30:00 PM,Sell short,Stop loss,($1005.16),$179409.56,$5.16,$0.00,$0.00,$0.00,$0.00,$1000.00,$0.00,$1005.16,1,
3535,NQ 06-26,Backtest,VariableTrend,Long,1,21089.75,21073.50,5/8/2025 6:40:00 PM,5/8/2025 11:00:00 PM,Buy,Exit on session close,($330.16),$179079.40,$5.16,$0.00,$0.00,$0.00,$0.00,$625.00,$3295.00,$3625.16,5,
3536,NQ 06-26,Backtest,VariableTrend,Long,1,21113.75,21063.75,5/9/2025 5:50:00 AM,5/9/2025 5:50:00 AM,Buy,Stop loss,($1005.16),$178074.24,$5.16,$0.00,$0.00,$0.00,$0.00,$1000.00,$0.00,$1005.16,1,
3537,NQ 06-26,Backtest,VariableTrend,Short,1,21050.50,21100.50,5/9/2025 6:40:00 PM,5/9/2025 10:10:00 PM,Sell short,Stop loss,($1005.16),$177069.08,$5.16,$0.00,$0.00,$0.00,$0.00,$1000.00,$1435.00,$2440.16,4,
3538,NQ 06-26,Backtest,VariableTrend,Long,1,21345.75,21874.25,5/12/2025 2:20:00 AM,5/12/2025 11:00:00 PM,Buy,Exit on session close,$10564.84,$187633.92,$5.16,$0.00,$0.00,$0.00,$0.00,$125.00,$11350.00,$785.16,19,
3539,NQ 06-26,Backtest,VariableTrend,Short,1,22190.75,22240.75,5/15/2025 11:40:00 AM,5/15/2025 3:10:00 PM,Sell short,Stop loss,($1005.16),$186628.76,$5.16,$0.00,$0.00,$0.00,$0.00,$1000.00,$1630.00,$2635.16,4,
3540,NQ 06-26,Backtest,VariableTrend,Long,1,22227.00,22177.00,5/15/2025 4:20:00 PM,5/15/2025 4:20:00 PM,Buy,Stop loss,($1005.16),$185623.60,$5.16,$0.00,$0.00,$0.00,$0.00,$1000.00,$0.00,$1005.16,1,
3541,NQ 06-26,Backtest,VariableTrend,Long,1,22363.25,22313.25,5/19/2025 5:30:00 PM,5/19/2025 5:30:00 PM,Buy,Stop loss,($1005.16),$184618.44,$5.16,$0.00,$0.00,$0.00,$0.00,$1000.00,$0.00,$1005.16,1,
3542,NQ 06-26,Backtest,VariableTrend,Short,1,22327.25,22360.25,5/20/2025 9:20:00 AM,5/20/2025 10:30:00 AM,Sell short,Close position,($665.16),$183953.28,$5.16,$0.00,$0.00,$0.00,$0.00,$710.00,$325.00,$990.16,2,
3543,NQ 06-26,Backtest,VariableTrend,Long,1,22360.25,22310.25,5/20/2025 10:30:00 AM,5/20/2025 4:20:00 PM,Buy,Stop loss,($1005.16),$182948.12,$5.16,$0.00,$0.00,$0.00,$0.00,$1000.00,$815.00,$1820.16,6,
3544,NQ 06-26,Backtest,VariableTrend,Short,1,22323.00,22373.00,5/20/2025 5:30:00 PM,5/20/2025 6:40:00 PM,Sell short,Stop loss,($1005.16),$181942.96,$5.16,$0.00,$0.00,$0.00,$0.00,$1000.00,$545.00,$1550.16,2,
3545,NQ 06-26,Backtest,VariableTrend,Long,1,22375.50,22335.75,5/20/2025 7:50:00 PM,5/20/2025 9:00:00 PM,Buy,Close position,($800.16),$181142.80,$5.16,$0.00,$0.00,$0.00,$0.00,$795.00,$320.00,$1120.16,2,
3546,NQ 06-26,Backtest,VariableTrend,Short,1,22335.75,22337.25,5/20/2025 9:00:00 PM,5/20/2025 11:00:00 PM,Sell short,Exit on session close,($35.16),$181107.64,$5.16,$0.00,$0.00,$0.00,$0.00,$670.00,$2410.00,$2445.16,3,
3547,NQ 06-26,Backtest,VariableTrend,Long,1,22310.75,22260.75,5/21/2025 5:30:00 PM,5/21/2025 7:50:00 PM,Buy,Stop loss,($1005.16),$180102.48,$5.16,$0.00,$0.00,$0.00,$0.00,$1000.00,$3130.00,$4135.16,3,
3548,NQ 06-26,Backtest,VariableTrend,Short,1,22199.50,22062.75,5/21/2025 9:00:00 PM,5/21/2025 11:00:00 PM,Sell short,Exit on session close,$2729.84,$182832.32,$5.16,$0.00,$0.00,$0.00,$0.00,$400.00,$4190.00,$1460.16,3,
3549,NQ 06-26,Backtest,VariableTrend,Long,1,22178.50,22128.50,5/22/2025 5:30:00 PM,5/22/2025 5:30:00 PM,Buy,Stop loss,($1005.16),$181827.16,$5.16,$0.00,$0.00,$0.00,$0.00,$1000.00,$0.00,$1005.16,1,
3550,NQ 06-26,Backtest,VariableTrend,Short,1,22124.00,22174.00,5/22/2025 6:40:00 PM,5/22/2025 6:40:00 PM,Sell short,Stop loss,($1005.16),$180822.00,$5.16,$0.00,$0.00,$0.00,$0.00,$1000.00,$0.00,$1005.16,1,
3551,NQ 06-26,Backtest,VariableTrend,Long,1,22176.25,22126.25,5/22/2025 7:50:00 PM,5/22/2025 7:50:00 PM,Buy,Stop loss,($1005.16),$179816.84,$5.16,$0.00,$0.00,$0.00,$0.00,$1000.00,$0.00,$1005.16,1,
3552,NQ 06-26,Backtest,VariableTrend,Short,1,22106.75,22131.75,5/22/2025 11:00:00 PM,5/22/2025 11:00:00 PM,Sell short,Exit on session close,($505.16),$179311.68,$5.16,$0.00,$0.00,$0.00,$0.00,$510.00,$295.00,$800.16,1,
3553,NQ 06-26,Backtest,VariableTrend,Long,1,22135.00,22085.00,5/23/2025 11:40:00 AM,5/23/2025 11:40:00 AM,Buy,Stop loss,($1005.16),$178306.52,$5.16,$0.00,$0.00,$0.00,$0.00,$1000.00,$0.00,$1005.16,1,
3554,NQ 06-26,Backtest,VariableTrend,Short,1,22078.25,21870.50,5/23/2025 12:50:00 PM,5/23/2025 11:00:00 PM,Sell short,Exit on session close,$4149.84,$182456.36,$5.16,$0.00,$0.00,$0.00,$0.00,$605.00,$8680.00,$4530.16,10,
3555,NQ 06-26,Backtest,VariableTrend,Long,1,22095.00,22200.75,5/26/2025 2:20:00 AM,5/26/2025 7:00:00 PM,Buy,Exit on session close,$2109.84,$184566.20,$5.16,$0.00,$0.00,$0.00,$0.00,$305.00,$2600.00,$490.16,16,
3556,NQ 06-26,Backtest,VariableTrend,Short,1,22112.50,22131.25,5/27/2025 4:40:00 AM,5/27/2025 9:20:00 AM,Sell short,Close position,($380.16),$184186.04,$5.16,$0.00,$0.00,$0.00,$0.00,$465.00,$1075.00,$1455.16,5,
3557,NQ 06-26,Backtest,VariableTrend,Long,1,22131.25,22394.25,5/27/2025 9:20:00 AM,5/27/2025 11:00:00 PM,Buy,Exit on session close,$5254.84,$189440.88,$5.16,$0.00,$0.00,$0.00,$0.00,$425.00,$5490.00,$235.16,13,
3558,NQ 06-26,Backtest,VariableTrend,Short,1,22309.25,22359.25,5/28/2025 11:00:00 PM,5/28/2025 11:00:00 PM,Sell short,Stop loss,($1005.16),$188435.72,$5.16,$0.00,$0.00,$0.00,$0.00,$1000.00,$0.00,$1005.16,1,
3559,NQ 06-26,Backtest,VariableTrend,Short,1,22572.00,22302.25,5/29/2025 3:10:00 PM,5/29/2025 11:00:00 PM,Sell short,Exit on session close,$5389.84,$193825.56,$5.16,$0.00,$0.00,$0.00,$0.00,$760.00,$7075.00,$1685.16,8,
3560,NQ 06-26,Backtest,VariableTrend,Long,1,22229.50,22471.75,6/2/2025 5:30:00 PM,6/2/2025 11:00:00 PM,Buy,Exit on session close,$4839.84,$198665.40,$5.16,$0.00,$0.00,$0.00,$0.00,$205.00,$5280.00,$440.16,6,
3561,NQ 06-26,Backtest,VariableTrend,Short,1,22377.75,22379.75,6/3/2025 7:00:00 AM,6/3/2025 12:50:00 PM,Sell short,Close position,($45.16),$198620.24,$5.16,$0.00,$0.00,$0.00,$0.00,$420.00,$1225.00,$1270.16,6,
3562,NQ 06-26,Backtest,VariableTrend,Long,1,22379.75,22605.25,6/3/2025 12:50:00 PM,6/3/2025 11:00:00 PM,Buy,Exit on session close,$4504.84,$203125.08,$5.16,$0.00,$0.00,$0.00,$0.00,$525.00,$5945.00,$1440.16,10,
3563,NQ 06-26,Backtest,VariableTrend,Short,1,22643.25,22693.25,6/5/2025 5:30:00 PM,6/5/2025 5:30:00 PM,Sell short,Stop loss,($1005.16),$202119.92,$5.16,$0.00,$0.00,$0.00,$0.00,$1000.00,$0.00,$1005.16,1,
3564,NQ 06-26,Backtest,VariableTrend,Long,1,22836.75,22786.75,6/5/2025 6:40:00 PM,6/5/2025 6:40:00 PM,Buy,Stop loss,($1005.16),$201114.76,$5.16,$0.00,$0.00,$0.00,$0.00,$1000.00,$0.00,$1005.16,1,
3565,NQ 06-26,Backtest,VariableTrend,Short,1,22603.75,22432.25,6/5/2025 10:10:00 PM,6/5/2025 11:00:00 PM,Sell short,Exit on session close,$3424.84,$204539.60,$5.16,$0.00,$0.00,$0.00,$0.00,$230.00,$3660.00,$235.16,2,
3566,NQ 06-26,Backtest,VariableTrend,Long,1,22602.75,22726.75,6/6/2025 12:50:00 PM,6/6/2025 11:00:00 PM,Buy,Exit on session close,$2474.84,$207014.44,$5.16,$0.00,$0.00,$0.00,$0.00,$855.00,$3760.00,$1285.16,10,
3567,NQ 06-26,Backtest,VariableTrend,Short,1,22650.00,22700.00,6/9/2025 2:20:00 AM,6/9/2025 2:20:00 AM,Sell short,Stop loss,($1005.16),$206009.28,$5.16,$0.00,$0.00,$0.00,$0.00,$1000.00,$0.00,$1005.16,1,
3568,NQ 06-26,Backtest,VariableTrend,Long,1,22695.50,22659.25,6/9/2025 3:30:00 AM,6/9/2025 4:40:00 AM,Buy,Close position,($730.16),$205279.12,$5.16,$0.00,$0.00,$0.00,$0.00,$845.00,$0.00,$730.16,2,
3569,NQ 06-26,Backtest,VariableTrend,Short,1,22659.25,22669.25,6/9/2025 4:40:00 AM,6/9/2025 10:30:00 AM,Sell short,Close position,($205.16),$205073.96,$5.16,$0.00,$0.00,$0.00,$0.00,$655.00,$520.00,$725.16,6,
3570,NQ 06-26,Backtest,VariableTrend,Long,1,22669.25,22722.50,6/9/2025 10:30:00 AM,6/9/2025 11:00:00 PM,Buy,Close position,$1059.84,$206133.80,$5.16,$0.00,$0.00,$0.00,$0.00,$40.00,$2775.00,$1715.16,12,
3571,NQ 06-26,Backtest,VariableTrend,Short,1,22722.50,22739.50,6/9/2025 11:00:00 PM,6/9/2025 11:00:00 PM,Sell short,Exit on session close,($345.16),$205788.64,$5.16,$0.00,$0.00,$0.00,$0.00,$360.00,$170.00,$515.16,1,
3572,NQ 06-26,Backtest,VariableTrend,Short,1,22733.50,22775.50,6/10/2025 9:20:00 AM,6/10/2025 3:10:00 PM,Sell short,Close position,($845.16),$204943.48,$5.16,$0.00,$0.00,$0.00,$0.00,$845.00,$1685.00,$2530.16,6,
3573,NQ 06-26,Backtest,VariableTrend,Long,1,22775.50,22725.50,6/10/2025 3:10:00 PM,6/10/2025 6:40:00 PM,Buy,Stop loss,($1005.16),$203938.32,$5.16,$0.00,$0.00,$0.00,$0.00,$1000.00,$700.00,$1705.16,4,
3574,NQ 06-26,Backtest,VariableTrend,Short,1,22795.00,22823.75,6/11/2025 8:10:00 AM,6/11/2025 10:30:00 AM,Sell short,Close position,($580.16),$203358.16,$5.16,$0.00,$0.00,$0.00,$0.00,$740.00,$240.00,$820.16,3,
3575,NQ 06-26,Backtest,VariableTrend,Long,1,22823.75,22773.75,6/11/2025 10:30:00 AM,6/11/2025 9:00:00 PM,Buy,Stop loss,($1005.16),$202353.00,$5.16,$0.00,$0.00,$0.00,$0.00,$1000.00,$3990.00,$4995.16,10,
3576,NQ 06-26,Backtest,VariableTrend,Short,1,22779.25,22800.50,6/11/2025 10:10:00 PM,6/11/2025 11:00:00 PM,Sell short,Exit on session close,($430.16),$201922.84,$5.16,$0.00,$0.00,$0.00,$0.00,$975.00,$755.00,$1185.16,2,
3577,NQ 06-26,Backtest,VariableTrend,Long,1,22836.25,22826.25,6/12/2025 5:30:00 PM,6/12/2025 11:00:00 PM,Buy,Exit on session close,($205.16),$201717.68,$5.16,$0.00,$0.00,$0.00,$0.00,$760.00,$1165.00,$1370.16,6,
3578,NQ 06-26,Backtest,VariableTrend,Short,1,22550.75,22600.75,6/13/2025 3:30:00 AM,6/13/2025 2:00:00 PM,Sell short,Stop loss,($1005.16),$200712.52,$5.16,$0.00,$0.00,$0.00,$0.00,$1000.00,$3250.00,$4255.16,10,
3579,NQ 06-26,Backtest,VariableTrend,Long,1,22601.50,22562.50,6/13/2025 3:10:00 PM,6/13/2025 4:20:00 PM,Buy,Close position,($785.16),$199927.36,$5.16,$0.00,$0.00,$0.00,$0.00,$850.00,$340.00,$1125.16,2,
3580,NQ 06-26,Backtest,VariableTrend,Short,1,22562.50,22612.50,6/13/2025 4:20:00 PM,6/13/2025 4:20:00 PM,Sell short,Stop loss,($1005.16),$198922.20,$5.16,$0.00,$0.00,$0.00,$0.00,$1000.00,$0.00,$1005.16,1,
3581,NQ 06-26,Backtest,VariableTrend,Long,1,22603.75,22553.75,6/13/2025 5:30:00 PM,6/13/2025 5:30:00 PM,Buy,Stop loss,($1005.16),$197917.04,$5.16,$0.00,$0.00,$0.00,$0.00,$1000.00,$0.00,$1005.16,1,
3582,NQ 06-26,Backtest,VariableTrend,Short,1,22585.25,22569.25,6/13/2025 10:10:00 PM,6/13/2025 11:00:00 PM,Sell short,Exit on session close,$314.84,$198231.88,$5.16,$0.00,$0.00,$0.00,$0.00,$500.00,$1355.00,$1040.16,2,
3583,NQ 06-26,Backtest,VariableTrend,Long,1,22629.00,22604.50,6/16/2025 5:50:00 AM,6/16/2025 7:00:00 AM,Buy,Close position,($495.16),$197736.72,$5.16,$0.00,$0.00,$0.00,$0.00,$650.00,$65.00,$560.16,2,
3584,NQ 06-26,Backtest,VariableTrend,Short,1,22604.50,22654.50,6/16/2025 7:00:00 AM,6/16/2025 8:10:00 AM,Sell short,Stop loss,($1005.16),$196731.56,$5.16,$0.00,$0.00,$0.00,$0.00,$1000.00,$270.00,$1275.16,2,
3585,NQ 06-26,Backtest,VariableTrend,Long,1,22654.50,22865.50,6/16/2025 9:20:00 AM,6/16/2025 11:00:00 PM,Buy,Exit on session close,$4214.84,$200946.40,$5.16,$0.00,$0.00,$0.00,$0.00,$95.00,$5405.00,$1190.16,13,
3586,NQ 06-26,Backtest,VariableTrend,Short,1,22756.50,22806.50,6/17/2025 3:30:00 AM,6/17/2025 5:50:00 AM,Sell short,Stop loss,($1005.16),$199941.24,$5.16,$0.00,$0.00,$0.00,$0.00,$1000.00,$655.00,$1660.16,3,
3587,NQ 06-26,Backtest,VariableTrend,Long,1,22807.25,22757.25,6/17/2025 9:20:00 AM,6/17/2025 9:20:00 AM,Buy,Stop loss,($1005.16),$198936.08,$5.16,$0.00,$0.00,$0.00,$0.00,$1000.00,$0.00,$1005.16,1,
3588,NQ 06-26,Backtest,VariableTrend,Short,1,22750.75,22800.75,6/17/2025 10:30:00 AM,6/17/2025 3:10:00 PM,Sell short,Stop loss,($1005.16),$197930.92,$5.16,$0.00,$0.00,$0.00,$0.00,$1000.00,$1040.00,$2045.16,5,
3589,NQ 06-26,Backtest,VariableTrend,Long,1,22814.00,22764.00,6/17/2025 5:30:00 PM,6/17/2025 7:50:00 PM,Buy,Stop loss,($1005.16),$196925.76,$5.16,$0.00,$0.00,$0.00,$0.00,$1000.00,$475.00,$1480.16,3,
3590,NQ 06-26,Backtest,VariableTrend,Short,1,22665.50,22654.75,6/17/2025 9:00:00 PM,6/17/2025 11:00:00 PM,Sell short,Exit on session close,$209.84,$197135.60,$5.16,$0.00,$0.00,$0.00,$0.00,$845.00,$1065.00,$855.16,3,
3591,NQ 06-26,Backtest,VariableTrend,Long,1,22735.50,22698.25,6/18/2025 12:50:00 PM,6/18/2025 2:00:00 PM,Buy,Close position,($750.16),$196385.44,$5.16,$0.00,$0.00,$0.00,$0.00,$915.00,$245.00,$995.16,2,
3592,NQ 06-26,Backtest,VariableTrend,Short,1,22698.25,22748.25,6/18/2025 2:00:00 PM,6/18/2025 4:20:00 PM,Sell short,Stop loss,($1005.16),$195380.28,$5.16,$0.00,$0.00,$0.00,$0.00,$1000.00,$870.00,$1875.16,3,
3593,NQ 06-26,Backtest,VariableTrend,Long,1,22756.25,22706.25,6/18/2025 5:30:00 PM,6/18/2025 7:50:00 PM,Buy,Stop loss,($1005.16),$194375.12,$5.16,$0.00,$0.00,$0.00,$0.00,$1000.00,$885.00,$1890.16,3,
3594,NQ 06-26,Backtest,VariableTrend,Short,1,22717.25,22767.25,6/18/2025 9:00:00 PM,6/18/2025 9:00:00 PM,Sell short,Stop loss,($1005.16),$193369.96,$5.16,$0.00,$0.00,$0.00,$0.00,$1000.00,$0.00,$1005.16,1,
3595,NQ 06-26,Backtest,VariableTrend,Long,1,22580.75,22530.75,6/20/2025 2:20:00 AM,6/20/2025 5:30:00 PM,Buy,Stop loss,($1005.16),$192364.80,$5.16,$0.00,$0.00,$0.00,$0.00,$1000.00,$5050.00,$6055.16,14,
3596,NQ 06-26,Backtest,VariableTrend,Short,1,22560.25,22610.25,6/20/2025 6:40:00 PM,6/20/2025 6:40:00 PM,Sell short,Stop loss,($1005.16),$191359.64,$5.16,$0.00,$0.00,$0.00,$0.00,$1000.00,$0.00,$1005.16,1,
3597,NQ 06-26,Backtest,VariableTrend,Long,1,22533.00,22483.00,6/23/2025 10:30:00 AM,6/23/2025 2:00:00 PM,Buy,Stop loss,($1005.16),$190354.48,$5.16,$0.00,$0.00,$0.00,$0.00,$1000.00,$2280.00,$3285.16,4,
3598,NQ 06-26,Backtest,VariableTrend,Short,1,22528.00,22578.00,6/23/2025 3:10:00 PM,6/23/2025 3:10:00 PM,Sell short,Stop loss,($1005.16),$189349.32,$5.16,$0.00,$0.00,$0.00,$0.00,$1000.00,$0.00,$1005.16,1,
3599,NQ 06-26,Backtest,VariableTrend,Long,1,22577.25,22527.25,6/23/2025 4:20:00 PM,6/23/2025 4:20:00 PM,Buy,Stop loss,($1005.16),$188344.16,$5.16,$0.00,$0.00,$0.00,$0.00,$1000.00,$0.00,$1005.16,1,
3600,NQ 06-26,Backtest,VariableTrend,Short,1,22516.50,22566.50,6/23/2025 7:50:00 PM,6/23/2025 7:50:00 PM,Sell short,Stop loss,($1005.16),$187339.00,$5.16,$0.00,$0.00,$0.00,$0.00,$1000.00,$0.00,$1005.16,1,
3601,NQ 06-26,Backtest,VariableTrend,Long,1,22767.50,22775.00,6/23/2025 9:00:00 PM,6/23/2025 11:00:00 PM,Buy,Exit on session close,$144.84,$187483.84,$5.16,$0.00,$0.00,$0.00,$0.00,$870.00,$565.00,$420.16,3,
3602,NQ 06-26,Backtest,VariableTrend,Short,1,23313.75,23363.75,6/27/2025 10:10:00 PM,6/27/2025 10:10:00 PM,Sell short,Stop loss,($1005.16),$186478.68,$5.16,$0.00,$0.00,$0.00,$0.00,$1000.00,$0.00,$1005.16,1,
3603,NQ 06-26,Backtest,VariableTrend,Long,1,23445.75,23443.00,6/27/2025 11:00:00 PM,6/27/2025 11:00:00 PM,Buy,Exit on session close,($60.16),$186418.52,$5.16,$0.00,$0.00,$0.00,$0.00,$315.00,$135.00,$195.16,1,
3604,NQ 06-26,Backtest,VariableTrend,Short,1,23520.25,23570.25,6/30/2025 6:40:00 PM,6/30/2025 6:40:00 PM,Sell short,Stop loss,($1005.16),$185413.36,$5.16,$0.00,$0.00,$0.00,$0.00,$1000.00,$0.00,$1005.16,1,
3605,NQ 06-26,Backtest,VariableTrend,Long,1,23552.00,23502.00,6/30/2025 7:50:00 PM,6/30/2025 9:00:00 PM,Buy,Stop loss,($1005.16),$184408.20,$5.16,$0.00,$0.00,$0.00,$0.00,$1000.00,$345.00,$1350.16,2,
3606,NQ 06-26,Backtest,VariableTrend,Short,1,23538.50,23542.25,7/1/2025 9:20:00 AM,7/1/2025 10:30:00 AM,Sell short,Close position,($80.16),$184328.04,$5.16,$0.00,$0.00,$0.00,$0.00,$600.00,$120.00,$200.16,2,
3607,NQ 06-26,Backtest,VariableTrend,Long,1,23542.25,23529.00,7/1/2025 10:30:00 AM,7/1/2025 12:50:00 PM,Buy,Close position,($270.16),$184057.88,$5.16,$0.00,$0.00,$0.00,$0.00,$425.00,$375.00,$645.16,3,
3608,NQ 06-26,Backtest,VariableTrend,Short,1,23529.00,23394.50,7/1/2025 12:50:00 PM,7/1/2025 11:00:00 PM,Sell short,Exit on session close,$2684.84,$186742.72,$5.16,$0.00,$0.00,$0.00,$0.00,$445.00,$4635.00,$1950.16,10,
3609,NQ 06-26,Backtest,VariableTrend,Long,1,23474.75,23453.00,7/2/2025 8:10:00 AM,7/2/2025 10:30:00 AM,Buy,Close position,($440.16),$186302.56,$5.16,$0.00,$0.00,$0.00,$0.00,$515.00,$135.00,$575.16,3,
3610,NQ 06-26,Backtest,VariableTrend,Short,1,23453.00,23462.50,7/2/2025 10:30:00 AM,7/2/2025 5:30:00 PM,Sell short,Close position,($195.16),$186107.40,$5.16,$0.00,$0.00,$0.00,$0.00,$295.00,$3365.00,$3560.16,7,
3611,NQ 06-26,Backtest,VariableTrend,Long,1,23462.50,23555.50,7/2/2025 5:30:00 PM,7/2/2025 11:00:00 PM,Buy,Exit on session close,$1854.84,$187962.24,$5.16,$0.00,$0.00,$0.00,$0.00,$100.00,$1980.00,$125.16,6,
3612,NQ 06-26,Backtest,VariableTrend,Short,1,23656.75,23609.50,7/4/2025 10:30:00 AM,7/4/2025 7:00:00 PM,Sell short,Exit on session close,$939.84,$188902.08,$5.16,$0.00,$0.00,$0.00,$0.00,$450.00,$1440.00,$500.16,9,
3613,NQ 06-26,Backtest,VariableTrend,Long,1,23677.00,23627.00,7/7/2025 2:20:00 AM,7/7/2025 3:30:00 AM,Buy,Stop loss,($1005.16),$187896.92,$5.16,$0.00,$0.00,$0.00,$0.00,$1000.00,$630.00,$1635.16,2,
3614,NQ 06-26,Backtest,VariableTrend,Short,1,23639.75,23689.75,7/7/2025 9:20:00 AM,7/7/2025 12:50:00 PM,Sell short,Stop loss,($1005.16),$186891.76,$5.16,$0.00,$0.00,$0.00,$0.00,$1000.00,$575.00,$1580.16,4,
3615,NQ 06-26,Backtest,VariableTrend,Long,1,23670.75,23644.75,7/7/2025 2:00:00 PM,7/7/2025 4:20:00 PM,Buy,Close position,($525.16),$186366.60,$5.16,$0.00,$0.00,$0.00,$0.00,$615.00,$675.00,$1200.16,3,
3616,NQ 06-26,Backtest,VariableTrend,Short,1,23644.75,23541.75,7/7/2025 4:20:00 PM,7/7/2025 11:00:00 PM,Sell short,Exit on session close,$2054.84,$188421.44,$5.16,$0.00,$0.00,$0.00,$0.00,$710.00,$3245.00,$1190.16,7,
3617,NQ 06-26,Backtest,VariableTrend,Long,1,23623.75,23573.75,7/8/2025 4:40:00 AM,7/8/2025 4:20:00 PM,Buy,Stop loss,($1005.16),$187416.28,$5.16,$0.00,$0.00,$0.00,$0.00,$1000.00,$1035.00,$2040.16,11,
3618,NQ 06-26,Backtest,VariableTrend,Short,1,23583.50,23633.50,7/8/2025 5:30:00 PM,7/8/2025 5:30:00 PM,Sell short,Stop loss,($1005.16),$186411.12,$5.16,$0.00,$0.00,$0.00,$0.00,$1000.00,$0.00,$1005.16,1,
3619,NQ 06-26,Backtest,VariableTrend,Long,1,23619.75,23609.75,7/8/2025 7:50:00 PM,7/8/2025 9:00:00 PM,Buy,Close position,($205.16),$186205.96,$5.16,$0.00,$0.00,$0.00,$0.00,$825.00,$320.00,$525.16,2,
3620,NQ 06-26,Backtest,VariableTrend,Short,1,23609.75,23606.00,7/8/2025 9:00:00 PM,7/8/2025 11:00:00 PM,Sell short,Exit on session close,$69.84,$186275.80,$5.16,$0.00,$0.00,$0.00,$0.00,$715.00,$735.00,$665.16,3,
3621,NQ 06-26,Backtest,VariableTrend,Long,1,23621.75,23581.50,7/9/2025 2:20:00 AM,7/9/2025 3:30:00 AM,Buy,Close position,($810.16),$185465.64,$5.16,$0.00,$0.00,$0.00,$0.00,$975.00,$110.00,$920.16,2,
3622,NQ 06-26,Backtest,VariableTrend,Short,1,23581.50,23631.50,7/9/2025 3:30:00 AM,7/9/2025 11:40:00 AM,Sell short,Stop loss,($1005.16),$184460.48,$5.16,$0.00,$0.00,$0.00,$0.00,$1000.00,$705.00,$1710.16,8,
3623,NQ 06-26,Backtest,VariableTrend,Long,1,23636.00,23746.25,7/9/2025 12:50:00 PM,7/9/2025 11:00:00 PM,Buy,Exit on session close,$2199.84,$186660.32,$5.16,$0.00,$0.00,$0.00,$0.00,$465.00,$3575.00,$1375.16,10,
3624,NQ 06-26,Backtest,VariableTrend,Short,1,23667.50,23700.00,7/10/2025 5:30:00 PM,7/10/2025 6:40:00 PM,Sell short,Close position,($655.16),$186005.16,$5.16,$0.00,$0.00,$0.00,$0.00,$735.00,$1130.00,$1785.16,2,
3625,NQ 06-26,Backtest,VariableTrend,Long,1,23700.00,23712.75,7/10/2025 6:40:00 PM,7/10/2025 11:00:00 PM,Buy,Exit on session close,$249.84,$186255.00,$5.16,$0.00,$0.00,$0.00,$0.00,$680.00,$1055.00,$805.16,5,
3626,NQ 06-26,Backtest,VariableTrend,Short,1,23663.25,23684.50,7/11/2025 3:30:00 AM,7/11/2025 5:30:00 PM,Sell short,Close position,($430.16),$185824.84,$5.16,$0.00,$0.00,$0.00,$0.00,$545.00,$2580.00,$3010.16,13,
3627,NQ 06-26,Backtest,VariableTrend,Long,1,23684.50,23634.50,7/11/2025 5:30:00 PM,7/11/2025 5:30:00 PM,Buy,Stop loss,($1005.16),$184819.68,$5.16,$0.00,$0.00,$0.00,$0.00,$1000.00,$0.00,$1005.16,1,
3628,NQ 06-26,Backtest,VariableTrend,Short,1,23648.25,23640.75,7/11/2025 11:00:00 PM,7/11/2025 11:00:00 PM,Sell short,Exit on session close,$144.84,$184964.52,$5.16,$0.00,$0.00,$0.00,$0.00,$65.00,$305.00,$160.16,1,
3629,NQ 06-26,Backtest,VariableTrend,Long,1,23597.25,23583.00,7/14/2025 12:50:00 PM,7/14/2025 2:00:00 PM,Buy,Close position,($290.16),$184674.36,$5.16,$0.00,$0.00,$0.00,$0.00,$485.00,$185.00,$475.16,2,
3630,NQ 06-26,Backtest,VariableTrend,Short,1,23583.00,23597.50,7/14/2025 2:00:00 PM,7/14/2025 4:20:00 PM,Sell short,Close position,($295.16),$184379.20,$5.16,$0.00,$0.00,$0.00,$0.00,$575.00,$315.00,$610.16,3,
3631,NQ 06-26,Backtest,VariableTrend,Long,1,23597.50,23547.50,7/14/2025 4:20:00 PM,7/14/2025 4:20:00 PM,Buy,Stop loss,($1005.16),$183374.04,$5.16,$0.00,$0.00,$0.00,$0.00,$1000.00,$0.00,$1005.16,1,
3632,NQ 06-26,Backtest,VariableTrend,Short,1,23797.00,23720.50,7/15/2025 10:10:00 PM,7/15/2025 11:00:00 PM,Sell short,Exit on session close,$1524.84,$184898.88,$5.16,$0.00,$0.00,$0.00,$0.00,$565.00,$1695.00,$170.16,2,
3633,NQ 06-26,Backtest,VariableTrend,Long,1,23770.25,23720.25,7/16/2025 4:20:00 PM,7/16/2025 4:20:00 PM,Buy,Stop loss,($1005.16),$183893.72,$5.16,$0.00,$0.00,$0.00,$0.00,$1000.00,$0.00,$1005.16,1,
3634,NQ 06-26,Backtest,VariableTrend,Short,1,23695.00,23745.00,7/16/2025 5:30:00 PM,7/16/2025 5:30:00 PM,Sell short,Stop loss,($1005.16),$182888.56,$5.16,$0.00,$0.00,$0.00,$0.00,$1000.00,$0.00,$1005.16,1,
3635,NQ 06-26,Backtest,VariableTrend,Long,1,23775.50,23766.00,7/16/2025 10:10:00 PM,7/16/2025 11:00:00 PM,Buy,Exit on session close,($195.16),$182693.40,$5.16,$0.00,$0.00,$0.00,$0.00,$345.00,$545.00,$740.16,2,
3636,NQ 06-26,Backtest,VariableTrend,Short,1,23730.00,23753.50,7/17/2025 3:30:00 AM,7/17/2025 4:40:00 AM,Sell short,Close position,($475.16),$182218.24,$5.16,$0.00,$0.00,$0.00,$0.00,$630.00,$5.00,$480.16,2,
3637,NQ 06-26,Backtest,VariableTrend,Long,1,23753.50,23727.00,7/17/2025 4:40:00 AM,7/17/2025 5:50:00 AM,Buy,Close position,($535.16),$181683.08,$5.16,$0.00,$0.00,$0.00,$0.00,$575.00,$15.00,$550.16,2,
3638,NQ 06-26,Backtest,VariableTrend,Short,1,23727.00,23742.00,7/17/2025 5:50:00 AM,7/17/2025 7:00:00 AM,Sell short,Close position,($305.16),$181377.92,$5.16,$0.00,$0.00,$0.00,$0.00,$325.00,$145.00,$450.16,2,
3639,NQ 06-26,Backtest,VariableTrend,Long,1,23742.00,23968.25,7/17/2025 7:00:00 AM,7/17/2025 11:00:00 PM,Buy,Exit on session close,$4519.84,$185897.76,$5.16,$0.00,$0.00,$0.00,$0.00,$245.00,$4810.00,$290.16,15,
3640,NQ 06-26,Backtest,VariableTrend,Short,1,23932.25,23925.75,7/18/2025 5:30:00 PM,7/18/2025 11:00:00 PM,Sell short,Close position,$124.84,$186022.60,$5.16,$0.00,$0.00,$0.00,$0.00,$495.00,$1200.00,$1075.16,6,
3641,NQ 06-26,Backtest,VariableTrend,Long,1,23925.75,23931.25,7/18/2025 11:00:00 PM,7/18/2025 11:00:00 PM,Buy,Exit on session close,$104.84,$186127.44,$5.16,$0.00,$0.00,$0.00,$0.00,$120.00,$135.00,$30.16,1,
3642,NQ 06-26,Backtest,VariableTrend,Short,1,23932.50,23982.50,7/21/2025 4:20:00 PM,7/21/2025 4:20:00 PM,Sell short,Stop loss,($1005.16),$185122.28,$5.16,$0.00,$0.00,$0.00,$0.00,$1000.00,$0.00,$1005.16,1,
3643,NQ 06-26,Backtest,VariableTrend,Long,1,24096.25,24046.25,7/21/2025 5:30:00 PM,7/21/2025 10:10:00 PM,Buy,Stop loss,($1005.16),$184117.12,$5.16,$0.00,$0.00,$0.00,$0.00,$1000.00,$625.00,$1630.16,5,
3644,NQ 06-26,Backtest,VariableTrend,Short,1,24008.75,24042.50,7/22/2025 8:10:00 AM,7/22/2025 10:30:00 AM,Sell short,Close position,($680.16),$183436.96,$5.16,$0.00,$0.00,$0.00,$0.00,$815.00,$150.00,$830.16,3,
3645,NQ 06-26,Backtest,VariableTrend,Long,1,24042.50,23992.50,7/22/2025 10:30:00 AM,7/22/2025 10:30:00 AM,Buy,Stop loss,($1005.16),$182431.80,$5.16,$0.00,$0.00,$0.00,$0.00,$1000.00,$0.00,$1005.16,1,
3646,NQ 06-26,Backtest,VariableTrend,Short,1,23990.25,24033.25,7/22/2025 11:40:00 AM,7/22/2025 3:10:00 PM,Sell short,Close position,($865.16),$181566.64,$5.16,$0.00,$0.00,$0.00,$0.00,$895.00,$400.00,$1265.16,4,
3647,NQ 06-26,Backtest,VariableTrend,Long,1,24033.25,23983.25,7/22/2025 3:10:00 PM,7/22/2025 4:20:00 PM,Buy,Stop loss,($1005.16),$180561.48,$5.16,$0.00,$0.00,$0.00,$0.00,$1000.00,$295.00,$1300.16,2,
3648,NQ 06-26,Backtest,VariableTrend,Short,1,23876.25,23926.25,7/22/2025 5:30:00 PM,7/22/2025 5:30:00 PM,Sell short,Stop loss,($1005.16),$179556.32,$5.16,$0.00,$0.00,$0.00,$0.00,$1000.00,$0.00,$1005.16,1,
3649,NQ 06-26,Backtest,VariableTrend,Long,1,23974.75,23959.25,7/23/2025 10:30:00 AM,7/23/2025 3:10:00 PM,Buy,Close position,($315.16),$179241.16,$5.16,$0.00,$0.00,$0.00,$0.00,$785.00,$235.00,$550.16,5,
3650,NQ 06-26,Backtest,VariableTrend,Short,1,23959.25,23966.25,7/23/2025 3:10:00 PM,7/23/2025 9:00:00 PM,Sell short,Close position,($145.16),$179096.00,$5.16,$0.00,$0.00,$0.00,$0.00,$740.00,$2195.00,$2340.16,6,
3651,NQ 06-26,Backtest,VariableTrend,Long,1,23966.25,24114.00,7/23/2025 9:00:00 PM,7/23/2025 11:00:00 PM,Buy,Exit on session close,$2949.84,$182045.84,$5.16,$0.00,$0.00,$0.00,$0.00,$760.00,$3090.00,$140.16,3,
3652,NQ 06-26,Backtest,VariableTrend,Short,1,24037.25,24087.25,7/24/2025 5:30:00 PM,7/24/2025 5:30:00 PM,Sell short,Stop loss,($1005.16),$181040.68,$5.16,$0.00,$0.00,$0.00,$0.00,$1000.00,$0.00,$1005.16,1,
3653,NQ 06-26,Backtest,VariableTrend,Long,1,24083.50,24097.75,7/24/2025 6:40:00 PM,7/24/2025 11:00:00 PM,Buy,Exit on session close,$279.84,$181320.52,$5.16,$0.00,$0.00,$0.00,$0.00,$815.00,$875.00,$595.16,5,
3654,NQ 06-26,Backtest,VariableTrend,Short,1,24078.25,24091.25,7/25/2025 10:30:00 AM,7/25/2025 2:00:00 PM,Sell short,Close position,($265.16),$181055.36,$5.16,$0.00,$0.00,$0.00,$0.00,$265.00,$535.00,$800.16,4,
3655,NQ 06-26,Backtest,VariableTrend,Long,1,24091.25,24068.00,7/25/2025 2:00:00 PM,7/25/2025 3:10:00 PM,Buy,Close position,($470.16),$180585.20,$5.16,$0.00,$0.00,$0.00,$0.00,$555.00,$55.00,$525.16,2,
3656,NQ 06-26,Backtest,VariableTrend,Short,1,24068.00,24118.00,7/25/2025 3:10:00 PM,7/25/2025 4:20:00 PM,Sell short,Stop loss,($1005.16),$179580.04,$5.16,$0.00,$0.00,$0.00,$0.00,$1000.00,$370.00,$1375.16,2,
3657,NQ 06-26,Backtest,VariableTrend,Long,1,24105.50,24150.50,7/25/2025 5:30:00 PM,7/25/2025 11:00:00 PM,Buy,Exit on session close,$894.84,$180474.88,$5.16,$0.00,$0.00,$0.00,$0.00,$255.00,$1465.00,$570.16,6,
3658,NQ 06-26,Backtest,VariableTrend,Short,1,24201.00,24210.50,7/28/2025 2:00:00 PM,7/28/2025 5:30:00 PM,Sell short,Close position,($195.16),$180279.72,$5.16,$0.00,$0.00,$0.00,$0.00,$615.00,$670.00,$865.16,4,
3659,NQ 06-26,Backtest,VariableTrend,Long,1,24210.50,24160.50,7/28/2025 5:30:00 PM,7/28/2025 5:30:00 PM,Buy,Stop loss,($1005.16),$179274.56,$5.16,$0.00,$0.00,$0.00,$0.00,$1000.00,$0.00,$1005.16,1,
3660,NQ 06-26,Backtest,VariableTrend,Short,1,24183.25,24199.00,7/28/2025 6:40:00 PM,7/28/2025 11:00:00 PM,Sell short,Close position,($320.16),$178954.40,$5.16,$0.00,$0.00,$0.00,$0.00,$575.00,$810.00,$1130.16,5,
3661,NQ 06-26,Backtest,VariableTrend,Long,1,24199.00,24212.00,7/28/2025 11:00:00 PM,7/28/2025 11:00:00 PM,Buy,Exit on session close,$254.84,$179209.24,$5.16,$0.00,$0.00,$0.00,$0.00,$95.00,$330.00,$75.16,1,
3662,NQ 06-26,Backtest,VariableTrend,Short,1,24166.50,24216.50,7/29/2025 6:40:00 PM,7/29/2025 6:40:00 PM,Sell short,Stop loss,($1005.16),$178204.08,$5.16,$0.00,$0.00,$0.00,$0.00,$1000.00,$0.00,$1005.16,1,
3663,NQ 06-26,Backtest,VariableTrend,Long,1,24205.75,24180.25,7/30/2025 8:10:00 AM,7/30/2025 10:30:00 AM,Buy,Close position,($515.16),$177688.92,$5.16,$0.00,$0.00,$0.00,$0.00,$525.00,$150.00,$665.16,3,
3664,NQ 06-26,Backtest,VariableTrend,Short,1,24180.25,24209.75,7/30/2025 10:30:00 AM,7/30/2025 2:00:00 PM,Sell short,Close position,($595.16),$177093.76,$5.16,$0.00,$0.00,$0.00,$0.00,$700.00,$305.00,$900.16,4,
3665,NQ 06-26,Backtest,VariableTrend,Long,1,24209.75,24184.75,7/30/2025 2:00:00 PM,7/30/2025 4:20:00 PM,Buy,Close position,($505.16),$176588.60,$5.16,$0.00,$0.00,$0.00,$0.00,$730.00,$300.00,$805.16,3,
3666,NQ 06-26,Backtest,VariableTrend,Short,1,24184.75,24234.75,7/30/2025 4:20:00 PM,7/30/2025 5:30:00 PM,Sell short,Stop loss,($1005.16),$175583.44,$5.16,$0.00,$0.00,$0.00,$0.00,$1000.00,$625.00,$1630.16,2,
3667,NQ 06-26,Backtest,VariableTrend,Long,1,24229.50,24179.50,7/30/2025 7:50:00 PM,7/30/2025 9:00:00 PM,Buy,Stop loss,($1005.16),$174578.28,$5.16,$0.00,$0.00,$0.00,$0.00,$1000.00,$485.00,$1490.16,2,
3668,NQ 06-26,Backtest,VariableTrend,Short,1,24115.00,24165.00,7/30/2025 10:10:00 PM,7/30/2025 10:10:00 PM,Sell short,Stop loss,($1005.16),$173573.12,$5.16,$0.00,$0.00,$0.00,$0.00,$1000.00,$0.00,$1005.16,1,
3669,NQ 06-26,Backtest,VariableTrend,Long,1,24353.00,24364.50,7/30/2025 11:00:00 PM,7/30/2025 11:00:00 PM,Buy,Exit on session close,$224.84,$173797.96,$5.16,$0.00,$0.00,$0.00,$0.00,$240.00,$775.00,$550.16,1,
3670,NQ 06-26,Backtest,VariableTrend,Short,1,24378.50,24032.25,7/31/2025 5:30:00 PM,7/31/2025 11:00:00 PM,Sell short,Exit on session close,$6919.84,$180717.80,$5.16,$0.00,$0.00,$0.00,$0.00,$0.00,$7705.00,$785.16,6,
3671,NQ 06-26,Backtest,VariableTrend,Long,1,23738.75,24053.50,8/4/2025 11:40:00 AM,8/4/2025 11:00:00 PM,Buy,Exit on session close,$6289.84,$187007.64,$5.16,$0.00,$0.00,$0.00,$0.00,$95.00,$6330.00,$40.16,11,
3672,NQ 06-26,Backtest,VariableTrend,Short,1,23873.50,23923.50,8/5/2025 6:40:00 PM,8/5/2025 6:40:00 PM,Sell short,Stop loss,($1005.16),$186002.48,$5.16,$0.00,$0.00,$0.00,$0.00,$1000.00,$0.00,$1005.16,1,
3673,NQ 06-26,Backtest,VariableTrend,Long,1,23889.75,23839.75,8/6/2025 9:20:00 AM,8/6/2025 11:40:00 AM,Buy,Stop loss,($1005.16),$184997.32,$5.16,$0.00,$0.00,$0.00,$0.00,$1000.00,$800.00,$1805.16,3,
3674,NQ 06-26,Backtest,VariableTrend,Short,1,23846.50,23896.50,8/6/2025 12:50:00 PM,8/6/2025 2:00:00 PM,Sell short,Stop loss,($1005.16),$183992.16,$5.16,$0.00,$0.00,$0.00,$0.00,$1000.00,$700.00,$1705.16,2,
3675,NQ 06-26,Backtest,VariableTrend,Long,1,23878.50,24116.00,8/6/2025 3:10:00 PM,8/6/2025 11:00:00 PM,Buy,Exit on session close,$4744.84,$188737.00,$5.16,$0.00,$0.00,$0.00,$0.00,$710.00,$5390.00,$645.16,8,
3676,NQ 06-26,Backtest,VariableTrend,Short,1,24213.00,24220.25,8/7/2025 6:40:00 PM,8/7/2025 11:00:00 PM,Sell short,Close position,($150.16),$188586.84,$5.16,$0.00,$0.00,$0.00,$0.00,$415.00,$3625.00,$3775.16,5,
3677,NQ 06-26,Backtest,VariableTrend,Long,1,24220.25,24224.50,8/7/2025 11:00:00 PM,8/7/2025 11:00:00 PM,Buy,Exit on session close,$79.84,$188666.68,$5.16,$0.00,$0.00,$0.00,$0.00,$330.00,$330.00,$250.16,1,
3678,NQ 06-26,Backtest,VariableTrend,Short,1,24392.75,24426.00,8/11/2025 11:40:00 AM,8/11/2025 12:50:00 PM,Sell short,Close position,($670.16),$187996.52,$5.16,$0.00,$0.00,$0.00,$0.00,$770.00,$75.00,$745.16,2,
3679,NQ 06-26,Backtest,VariableTrend,Long,1,24426.00,24376.00,8/11/2025 12:50:00 PM,8/11/2025 9:00:00 PM,Buy,Stop loss,($1005.16),$186991.36,$5.16,$0.00,$0.00,$0.00,$0.00,$1000.00,$1625.00,$2630.16,8,
3680,NQ 06-26,Backtest,VariableTrend,Short,1,24389.25,24332.25,8/11/2025 10:10:00 PM,8/11/2025 11:00:00 PM,Sell short,Exit on session close,$1134.84,$188126.20,$5.16,$0.00,$0.00,$0.00,$0.00,$75.00,$1980.00,$845.16,2,
3681,NQ 06-26,Backtest,VariableTrend,Long,1,24439.50,24389.50,8/12/2025 4:20:00 PM,8/12/2025 4:20:00 PM,Buy,Stop loss,($1005.16),$187121.04,$5.16,$0.00,$0.00,$0.00,$0.00,$1000.00,$0.00,$1005.16,1,
3682,NQ 06-26,Backtest,VariableTrend,Short,1,24628.00,24630.50,8/13/2025 6:40:00 PM,8/13/2025 11:00:00 PM,Sell short,Exit on session close,($55.16),$187065.88,$5.16,$0.00,$0.00,$0.00,$0.00,$695.00,$785.00,$840.16,5,
3683,NQ 06-26,Backtest,VariableTrend,Long,1,24650.75,24627.25,8/14/2025 2:20:00 AM,8/14/2025 4:40:00 AM,Buy,Close position,($475.16),$186590.72,$5.16,$0.00,$0.00,$0.00,$0.00,$535.00,$325.00,$800.16,3,
3684,NQ 06-26,Backtest,VariableTrend,Short,1,24627.25,24657.75,8/14/2025 4:40:00 AM,8/14/2025 3:10:00 PM,Sell short,Close position,($615.16),$185975.56,$5.16,$0.00,$0.00,$0.00,$0.00,$650.00,$535.00,$1150.16,10,
3685,NQ 06-26,Backtest,VariableTrend,Long,1,24657.75,24607.75,8/14/2025 3:10:00 PM,8/14/2025 3:10:00 PM,Buy,Stop loss,($1005.16),$184970.40,$5.16,$0.00,$0.00,$0.00,$0.00,$1000.00,$0.00,$1005.16,1,
3686,NQ 06-26,Backtest,VariableTrend,Short,1,24539.25,24589.25,8/14/2025 4:20:00 PM,8/14/2025 4:20:00 PM,Sell short,Stop loss,($1005.16),$183965.24,$5.16,$0.00,$0.00,$0.00,$0.00,$1000.00,$0.00,$1005.16,1,
3687,NQ 06-26,Backtest,VariableTrend,Long,1,24648.50,24598.50,8/14/2025 5:30:00 PM,8/14/2025 5:30:00 PM,Buy,Stop loss,($1005.16),$182960.08,$5.16,$0.00,$0.00,$0.00,$0.00,$1000.00,$0.00,$1005.16,1,
3688,NQ 06-26,Backtest,VariableTrend,Short,1,24590.75,24640.75,8/14/2025 6:40:00 PM,8/14/2025 6:40:00 PM,Sell short,Stop loss,($1005.16),$181954.92,$5.16,$0.00,$0.00,$0.00,$0.00,$1000.00,$0.00,$1005.16,1,
3689,NQ 06-26,Backtest,VariableTrend,Long,1,24648.75,24598.75,8/14/2025 9:00:00 PM,8/14/2025 9:00:00 PM,Buy,Stop loss,($1005.16),$180949.76,$5.16,$0.00,$0.00,$0.00,$0.00,$1000.00,$0.00,$1005.16,1,
3690,NQ 06-26,Backtest,VariableTrend,Short,1,24626.75,24594.25,8/14/2025 10:10:00 PM,8/14/2025 11:00:00 PM,Sell short,Exit on session close,$644.84,$181594.60,$5.16,$0.00,$0.00,$0.00,$0.00,$690.00,$1080.00,$435.16,2,
3691,NQ 06-26,Backtest,VariableTrend,Long,1,24640.25,24590.25,8/15/2025 8:10:00 AM,8/15/2025 11:40:00 AM,Buy,Stop loss,($1005.16),$180589.44,$5.16,$0.00,$0.00,$0.00,$0.00,$1000.00,$510.00,$1515.16,4,
3692,NQ 06-26,Backtest,VariableTrend,Short,1,24586.50,24499.50,8/15/2025 12:50:00 PM,8/15/2025 11:00:00 PM,Sell short,Exit on session close,$1734.84,$182324.28,$5.16,$0.00,$0.00,$0.00,$0.00,$870.00,$2985.00,$1250.16,10,
3693,NQ 06-26,Backtest,VariableTrend,Long,1,24574.50,24565.50,8/18/2025 4:40:00 AM,8/18/2025 7:00:00 AM,Buy,Close position,($185.16),$182139.12,$5.16,$0.00,$0.00,$0.00,$0.00,$315.00,$200.00,$385.16,3,
3694,NQ 06-26,Backtest,VariableTrend,Short,1,24565.50,24490.75,8/18/2025 7:00:00 AM,8/18/2025 11:00:00 PM,Sell short,Exit on session close,$1489.84,$183628.96,$5.16,$0.00,$0.00,$0.00,$0.00,$15.00,$2875.00,$1385.16,15,
3695,NQ 06-26,Backtest,VariableTrend,Long,1,24517.75,24500.75,8/19/2025 2:20:00 AM,8/19/2025 3:30:00 AM,Buy,Close position,($345.16),$183283.80,$5.16,$0.00,$0.00,$0.00,$0.00,$470.00,$70.00,$415.16,2,
3696,NQ 06-26,Backtest,VariableTrend,Short,1,24500.75,24498.25,8/19/2025 3:30:00 AM,8/19/2025 12:50:00 PM,Sell short,Close position,$44.84,$183328.64,$5.16,$0.00,$0.00,$0.00,$0.00,$135.00,$1345.00,$1300.16,9,
3697,NQ 06-26,Backtest,VariableTrend,Long,1,24498.25,24471.25,8/19/2025 12:50:00 PM,8/19/2025 2:00:00 PM,Buy,Close position,($545.16),$182783.48,$5.16,$0.00,$0.00,$0.00,$0.00,$710.00,$5.00,$550.16,2,
3698,NQ 06-26,Backtest,VariableTrend,Short,1,24471.25,24176.25,8/19/2025 2:00:00 PM,8/19/2025 11:00:00 PM,Sell short,Exit on session close,$5894.84,$188678.32,$5.16,$0.00,$0.00,$0.00,$0.00,$290.00,$6850.00,$955.16,9,
3699,NQ 06-26,Backtest,VariableTrend,Long,1,24268.00,24218.00,8/22/2025 5:30:00 PM,8/22/2025 5:30:00 PM,Buy,Stop loss,($1005.16),$187673.16,$5.16,$0.00,$0.00,$0.00,$0.00,$1000.00,$0.00,$1005.16,1,
3700,NQ 06-26,Backtest,VariableTrend,Short,1,24199.00,24249.00,8/25/2025 12:50:00 PM,8/25/2025 4:20:00 PM,Sell short,Stop loss,($1005.16),$186668.00,$5.16,$0.00,$0.00,$0.00,$0.00,$1000.00,$685.00,$1690.16,4,
3701,NQ 06-26,Backtest,VariableTrend,Long,1,24238.25,24213.50,8/25/2025 5:30:00 PM,8/25/2025 11:00:00 PM,Buy,Close position,($500.16),$186167.84,$5.16,$0.00,$0.00,$0.00,$0.00,$995.00,$1615.00,$2115.16,6,
3702,NQ 06-26,Backtest,VariableTrend,Short,1,24213.50,24205.00,8/25/2025 11:00:00 PM,8/25/2025 11:00:00 PM,Sell short,Exit on session close,$164.84,$186332.68,$5.16,$0.00,$0.00,$0.00,$0.00,$155.00,$230.00,$65.16,1,
3703,NQ 06-26,Backtest,VariableTrend,Long,1,24198.50,24148.50,8/26/2025 2:00:00 PM,8/26/2025 2:00:00 PM,Buy,Stop loss,($1005.16),$185327.52,$5.16,$0.00,$0.00,$0.00,$0.00,$1000.00,$0.00,$1005.16,1,
3704,NQ 06-26,Backtest,VariableTrend,Short,1,24171.75,24221.75,8/26/2025 3:10:00 PM,8/26/2025 4:20:00 PM,Sell short,Stop loss,($1005.16),$184322.36,$5.16,$0.00,$0.00,$0.00,$0.00,$1000.00,$590.00,$1595.16,2,
3705,NQ 06-26,Backtest,VariableTrend,Long,1,24216.25,24310.25,8/26/2025 5:30:00 PM,8/26/2025 11:00:00 PM,Buy,Exit on session close,$1874.84,$186197.20,$5.16,$0.00,$0.00,$0.00,$0.00,$690.00,$1950.00,$75.16,6,
3706,NQ 06-26,Backtest,VariableTrend,Short,1,24263.50,24301.75,8/27/2025 4:20:00 PM,8/27/2025 5:30:00 PM,Sell short,Close position,($770.16),$185427.04,$5.16,$0.00,$0.00,$0.00,$0.00,$820.00,$1465.00,$2235.16,2,
3707,NQ 06-26,Backtest,VariableTrend,Long,1,24301.75,24251.75,8/27/2025 5:30:00 PM,8/27/2025 6:40:00 PM,Buy,Stop loss,($1005.16),$184421.88,$5.16,$0.00,$0.00,$0.00,$0.00,$1000.00,$345.00,$1350.16,2,
3708,NQ 06-26,Backtest,VariableTrend,Short,1,24267.50,24317.50,8/27/2025 7:50:00 PM,8/27/2025 7:50:00 PM,Sell short,Stop loss,($1005.16),$183416.72,$5.16,$0.00,$0.00,$0.00,$0.00,$1000.00,$0.00,$1005.16,1,
3709,NQ 06-26,Backtest,VariableTrend,Long,1,24319.25,24269.25,8/27/2025 9:00:00 PM,8/27/2025 10:10:00 PM,Buy,Stop loss,($1005.16),$182411.56,$5.16,$0.00,$0.00,$0.00,$0.00,$1000.00,$820.00,$1825.16,2,
3710,NQ 06-26,Backtest,VariableTrend,Long,1,24278.00,24264.00,8/28/2025 7:00:00 AM,8/28/2025 8:10:00 AM,Buy,Close position,($285.16),$182126.40,$5.16,$0.00,$0.00,$0.00,$0.00,$350.00,$70.00,$355.16,2,
3711,NQ 06-26,Backtest,VariableTrend,Short,1,24264.00,24314.00,8/28/2025 8:10:00 AM,8/28/2025 9:20:00 AM,Sell short,Stop loss,($1005.16),$181121.24,$5.16,$0.00,$0.00,$0.00,$0.00,$1000.00,$435.00,$1440.16,2,
3712,NQ 06-26,Backtest,VariableTrend,Long,1,24321.25,24464.75,8/28/2025 10:30:00 AM,8/28/2025 11:00:00 PM,Buy,Exit on session close,$2864.84,$183986.08,$5.16,$0.00,$0.00,$0.00,$0.00,$920.00,$3705.00,$840.16,12,
3713,NQ 06-26,Backtest,VariableTrend,Short,1,24372.25,24157.25,8/29/2025 11:40:00 AM,8/29/2025 11:00:00 PM,Sell short,Exit on session close,$4294.84,$188280.92,$5.16,$0.00,$0.00,$0.00,$0.00,$240.00,$5440.00,$1145.16,11,
3714,NQ 06-26,Backtest,VariableTrend,Long,1,24241.50,24237.50,9/1/2025 2:20:00 AM,9/1/2025 4:40:00 AM,Buy,Close position,($85.16),$188195.76,$5.16,$0.00,$0.00,$0.00,$0.00,$185.00,$275.00,$360.16,3,
3715,NQ 06-26,Backtest,VariableTrend,Short,1,24237.50,24205.00,9/1/2025 4:40:00 AM,9/1/2025 7:00:00 PM,Sell short,Exit on session close,$644.84,$188840.60,$5.16,$0.00,$0.00,$0.00,$0.00,$70.00,$3285.00,$2640.16,14,
3716,NQ 06-26,Backtest,VariableTrend,Long,1,24066.00,24082.25,9/2/2025 11:00:00 PM,9/2/2025 11:00:00 PM,Buy,Exit on session close,$319.84,$189160.44,$5.16,$0.00,$0.00,$0.00,$0.00,$520.00,$455.00,$135.16,1,
3717,NQ 06-26,Backtest,VariableTrend,Short,1,24045.25,24095.25,9/3/2025 10:10:00 PM,9/3/2025 10:10:00 PM,Sell short,Stop loss,($1005.16),$188155.28,$5.16,$0.00,$0.00,$0.00,$0.00,$1000.00,$0.00,$1005.16,1,
3718,NQ 06-26,Backtest,VariableTrend,Long,1,24161.00,24158.50,9/3/2025 11:00:00 PM,9/3/2025 11:00:00 PM,Buy,Exit on session close,($55.16),$188100.12,$5.16,$0.00,$0.00,$0.00,$0.00,$215.00,$270.00,$325.16,1,
3719,NQ 06-26,Backtest,VariableTrend,Short,1,24397.75,24376.00,9/5/2025 5:30:00 PM,9/5/2025 11:00:00 PM,Sell short,Exit on session close,$429.84,$188529.96,$5.16,$0.00,$0.00,$0.00,$0.00,$775.00,$3800.00,$3370.16,6,
3720,NQ 06-26,Backtest,VariableTrend,Long,1,24453.50,24501.25,9/8/2025 2:20:00 AM,9/8/2025 11:00:00 PM,Buy,Exit on session close,$949.84,$189479.80,$5.16,$0.00,$0.00,$0.00,$0.00,$525.00,$2745.00,$1795.16,19,
3721,NQ 06-26,Backtest,VariableTrend,Short,1,24486.50,24536.50,9/9/2025 6:40:00 PM,9/9/2025 6:40:00 PM,Sell short,Stop loss,($1005.16),$188474.64,$5.16,$0.00,$0.00,$0.00,$0.00,$1000.00,$0.00,$1005.16,1,
3722,NQ 06-26,Backtest,VariableTrend,Long,1,24522.00,24592.50,9/9/2025 7:50:00 PM,9/9/2025 11:00:00 PM,Buy,Exit on session close,$1404.84,$189879.48,$5.16,$0.00,$0.00,$0.00,$0.00,$260.00,$2040.00,$635.16,4,
3723,NQ 06-26,Backtest,VariableTrend,Short,1,24596.50,24625.00,9/10/2025 12:50:00 PM,9/10/2025 2:00:00 PM,Sell short,Close position,($575.16),$189304.32,$5.16,$0.00,$0.00,$0.00,$0.00,$660.00,$55.00,$630.16,2,
3724,NQ 06-26,Backtest,VariableTrend,Long,1,24625.00,24605.75,9/10/2025 2:00:00 PM,9/10/2025 9:00:00 PM,Buy,Close position,($390.16),$188914.16,$5.16,$0.00,$0.00,$0.00,$0.00,$995.00,$2440.00,$2830.16,7,
3725,NQ 06-26,Backtest,VariableTrend,Short,1,24605.75,24560.75,9/10/2025 9:00:00 PM,9/10/2025 11:00:00 PM,Sell short,Exit on session close,$894.84,$189809.00,$5.16,$0.00,$0.00,$0.00,$0.00,$125.00,$2360.00,$1465.16,3,
3726,NQ 06-26,Backtest,VariableTrend,Long,1,24611.00,24580.00,9/11/2025 2:20:00 AM,9/11/2025 3:30:00 AM,Buy,Close position,($625.16),$189183.84,$5.16,$0.00,$0.00,$0.00,$0.00,$735.00,$135.00,$760.16,2,
3727,NQ 06-26,Backtest,VariableTrend,Short,1,24580.00,24613.50,9/11/2025 3:30:00 AM,9/11/2025 4:40:00 AM,Sell short,Close position,($675.16),$188508.68,$5.16,$0.00,$0.00,$0.00,$0.00,$700.00,$15.00,$690.16,2,
3728,NQ 06-26,Backtest,VariableTrend,Long,1,24613.50,24582.75,9/11/2025 4:40:00 AM,9/11/2025 8:10:00 AM,Buy,Close position,($620.16),$187888.52,$5.16,$0.00,$0.00,$0.00,$0.00,$665.00,$165.00,$785.16,4,
3729,NQ 06-26,Backtest,VariableTrend,Short,1,24582.75,24616.25,9/11/2025 8:10:00 AM,9/11/2025 10:30:00 AM,Sell short,Close position,($675.16),$187213.36,$5.16,$0.00,$0.00,$0.00,$0.00,$860.00,$180.00,$855.16,3,
3730,NQ 06-26,Backtest,VariableTrend,Long,1,24616.25,24566.25,9/11/2025 10:30:00 AM,9/11/2025 3:10:00 PM,Buy,Stop loss,($1005.16),$186208.20,$5.16,$0.00,$0.00,$0.00,$0.00,$1000.00,$850.00,$1855.16,5,
3731,NQ 06-26,Backtest,VariableTrend,Short,1,25012.25,24995.50,9/16/2025 5:30:00 PM,9/16/2025 11:00:00 PM,Sell short,Exit on session close,$329.84,$186538.04,$5.16,$0.00,$0.00,$0.00,$0.00,$320.00,$955.00,$625.16,6,
3732,NQ 06-26,Backtest,VariableTrend,Long,1,24977.50,24967.25,9/17/2025 11:00:00 PM,9/17/2025 11:00:00 PM,Buy,Exit on session close,($210.16),$186327.88,$5.16,$0.00,$0.00,$0.00,$0.00,$515.00,$130.00,$340.16,1,
3733,NQ 06-26,Backtest,VariableTrend,Short,1,25143.75,25175.00,9/19/2025 10:30:00 AM,9/19/2025 11:40:00 AM,Sell short,Close position,($630.16),$185697.72,$5.16,$0.00,$0.00,$0.00,$0.00,$655.00,$150.00,$780.16,2,
3734,NQ 06-26,Backtest,VariableTrend,Long,1,25175.00,25326.25,9/19/2025 11:40:00 AM,9/19/2025 11:00:00 PM,Buy,Exit on session close,$3019.84,$188717.56,$5.16,$0.00,$0.00,$0.00,$0.00,$190.00,$3565.00,$545.16,11,
3735,NQ 06-26,Backtest,VariableTrend,Short,1,25248.00,25273.75,9/22/2025 10:30:00 AM,9/22/2025 11:40:00 AM,Sell short,Close position,($520.16),$188197.40,$5.16,$0.00,$0.00,$0.00,$0.00,$835.00,$680.00,$1200.16,2,
3736,NQ 06-26,Backtest,VariableTrend,Long,1,25273.75,25242.25,9/22/2025 11:40:00 AM,9/22/2025 12:50:00 PM,Buy,Close position,($635.16),$187562.24,$5.16,$0.00,$0.00,$0.00,$0.00,$965.00,$170.00,$805.16,2,
3737,NQ 06-26,Backtest,VariableTrend,Short,1,25242.25,25262.00,9/22/2025 12:50:00 PM,9/22/2025 2:00:00 PM,Sell short,Close position,($400.16),$187162.08,$5.16,$0.00,$0.00,$0.00,$0.00,$615.00,$80.00,$480.16,2,
3738,NQ 06-26,Backtest,VariableTrend,Long,1,25262.00,25254.25,9/22/2025 2:00:00 PM,9/22/2025 3:10:00 PM,Buy,Close position,($160.16),$187001.92,$5.16,$0.00,$0.00,$0.00,$0.00,$575.00,$10.00,$170.16,2,
3739,NQ 06-26,Backtest,VariableTrend,Short,1,25254.25,25267.00,9/22/2025 3:10:00 PM,9/22/2025 4:20:00 PM,Sell short,Close position,($260.16),$186741.76,$5.16,$0.00,$0.00,$0.00,$0.00,$340.00,$465.00,$725.16,2,
3740,NQ 06-26,Backtest,VariableTrend,Long,1,25267.00,25461.50,9/22/2025 4:20:00 PM,9/22/2025 11:00:00 PM,Buy,Exit on session close,$3884.84,$190626.60,$5.16,$0.00,$0.00,$0.00,$0.00,$80.00,$4510.00,$625.16,7,
3741,NQ 06-26,Backtest,VariableTrend,Short,1,25403.00,25299.00,9/23/2025 7:50:00 PM,9/23/2025 11:00:00 PM,Sell short,Exit on session close,$2074.84,$192701.44,$5.16,$0.00,$0.00,$0.00,$0.00,$285.00,$3145.00,$1070.16,4,
3742,NQ 06-26,Backtest,VariableTrend,Long,1,25350.00,25300.00,9/24/2025 11:40:00 AM,9/24/2025 4:20:00 PM,Buy,Stop loss,($1005.16),$191696.28,$5.16,$0.00,$0.00,$0.00,$0.00,$1000.00,$575.00,$1580.16,5,
3743,NQ 06-26,Backtest,VariableTrend,Short,1,25298.25,25212.75,9/24/2025 5:30:00 PM,9/24/2025 11:00:00 PM,Sell short,Exit on session close,$1704.84,$193401.12,$5.16,$0.00,$0.00,$0.00,$0.00,$70.00,$4120.00,$2415.16,6,
3744,NQ 06-26,Backtest,VariableTrend,Long,1,25133.75,25083.75,9/26/2025 4:20:00 PM,9/26/2025 4:20:00 PM,Buy,Stop loss,($1005.16),$192395.96,$5.16,$0.00,$0.00,$0.00,$0.00,$1000.00,$0.00,$1005.16,1,
3745,NQ 06-26,Backtest,VariableTrend,Short,1,25073.00,25123.00,9/26/2025 5:30:00 PM,9/26/2025 6:40:00 PM,Sell short,Stop loss,($1005.16),$191390.80,$5.16,$0.00,$0.00,$0.00,$0.00,$1000.00,$1755.00,$2760.16,2,
3746,NQ 06-26,Backtest,VariableTrend,Long,1,25156.00,25191.75,9/26/2025 9:00:00 PM,9/26/2025 11:00:00 PM,Buy,Exit on session close,$709.84,$192100.64,$5.16,$0.00,$0.00,$0.00,$0.00,$515.00,$1115.00,$405.16,3,
3747,NQ 06-26,Backtest,VariableTrend,Short,1,25291.50,25276.50,9/29/2025 9:00:00 PM,9/29/2025 11:00:00 PM,Sell short,Exit on session close,$294.84,$192395.48,$5.16,$0.00,$0.00,$0.00,$0.00,$875.00,$915.00,$620.16,3,
3748,NQ 06-26,Backtest,VariableTrend,Long,1,25312.00,25288.25,9/30/2025 7:00:00 AM,9/30/2025 8:10:00 AM,Buy,Close position,($480.16),$191915.32,$5.16,$0.00,$0.00,$0.00,$0.00,$475.00,$25.00,$505.16,2,
3749,NQ 06-26,Backtest,VariableTrend,Short,1,25288.25,25303.25,9/30/2025 8:10:00 AM,9/30/2025 10:10:00 PM,Sell short,Close position,($305.16),$191610.16,$5.16,$0.00,$0.00,$0.00,$0.00,$795.00,$2015.00,$2320.16,13,
3750,NQ 06-26,Backtest,VariableTrend,Long,1,25303.25,25303.50,9/30/2025 10:10:00 PM,9/30/2025 11:00:00 PM,Buy,Exit on session close,($0.16),$191610.00,$5.16,$0.00,$0.00,$0.00,$0.00,$330.00,$1515.00,$1515.16,2,
3751,NQ 06-26,Backtest,VariableTrend,Short,1,25264.50,25263.75,10/1/2025 3:30:00 AM,10/1/2025 3:10:00 PM,Sell short,Close position,$9.84,$191619.84,$5.16,$0.00,$0.00,$0.00,$0.00,$245.00,$3320.00,$3310.16,11,
3752,NQ 06-26,Backtest,VariableTrend,Long,1,25263.75,25213.75,10/1/2025 3:10:00 PM,10/1/2025 3:10:00 PM,Buy,Stop loss,($1005.16),$190614.68,$5.16,$0.00,$0.00,$0.00,$0.00,$1000.00,$0.00,$1005.16,1,
3753,NQ 06-26,Backtest,VariableTrend,Short,1,25506.75,25527.50,10/2/2025 6:40:00 PM,10/2/2025 7:50:00 PM,Sell short,Close position,($420.16),$190194.52,$5.16,$0.00,$0.00,$0.00,$0.00,$815.00,$815.00,$1235.16,2,
3754,NQ 06-26,Backtest,VariableTrend,Long,1,25527.50,25570.25,10/2/2025 7:50:00 PM,10/2/2025 11:00:00 PM,Buy,Exit on session close,$849.84,$191044.36,$5.16,$0.00,$0.00,$0.00,$0.00,$565.00,$1285.00,$435.16,4,
3755,NQ 06-26,Backtest,VariableTrend,Short,1,25602.50,25599.00,10/3/2025 3:10:00 PM,10/3/2025 6:40:00 PM,Sell short,Close position,$64.84,$191109.20,$5.16,$0.00,$0.00,$0.00,$0.00,$615.00,$1725.00,$1660.16,4,
3756,NQ 06-26,Backtest,VariableTrend,Long,1,25599.00,25592.25,10/3/2025 6:40:00 PM,10/3/2025 7:50:00 PM,Buy,Close position,($140.16),$190969.04,$5.16,$0.00,$0.00,$0.00,$0.00,$595.00,$445.00,$585.16,2,
3757,NQ 06-26,Backtest,VariableTrend,Short,1,25592.25,25447.25,10/3/2025 7:50:00 PM,10/3/2025 11:00:00 PM,Sell short,Exit on session close,$2894.84,$193863.88,$5.16,$0.00,$0.00,$0.00,$0.00,$50.00,$4075.00,$1180.16,4,
3758,NQ 06-26,Backtest,VariableTrend,Long,1,25545.75,25649.25,10/6/2025 5:50:00 AM,10/6/2025 11:00:00 PM,Buy,Exit on session close,$2064.84,$195928.72,$5.16,$0.00,$0.00,$0.00,$0.00,$700.00,$3445.00,$1380.16,16,
3759,NQ 06-26,Backtest,VariableTrend,Short,1,25603.25,25646.25,10/7/2025 2:20:00 AM,10/7/2025 8:10:00 AM,Sell short,Close position,($865.16),$195063.56,$5.16,$0.00,$0.00,$0.00,$0.00,$910.00,$310.00,$1175.16,6,
3760,NQ 06-26,Backtest,VariableTrend,Long,1,25646.25,25608.25,10/7/2025 8:10:00 AM,10/7/2025 10:30:00 AM,Buy,Close position,($765.16),$194298.40,$5.16,$0.00,$0.00,$0.00,$0.00,$860.00,$105.00,$870.16,3,
3761,NQ 06-26,Backtest,VariableTrend,Short,1,25608.25,25655.25,10/7/2025 10:30:00 AM,10/7/2025 12:50:00 PM,Sell short,Close position,($945.16),$193353.24,$5.16,$0.00,$0.00,$0.00,$0.00,$980.00,$305.00,$1250.16,3,
3762,NQ 06-26,Backtest,VariableTrend,Long,1,25655.25,25605.25,10/7/2025 12:50:00 PM,10/7/2025 5:30:00 PM,Buy,Stop loss,($1005.16),$192348.08,$5.16,$0.00,$0.00,$0.00,$0.00,$1000.00,$1700.00,$2705.16,5,
3763,NQ 06-26,Backtest,VariableTrend,Short,1,25540.00,25520.00,10/7/2025 6:40:00 PM,10/7/2025 11:00:00 PM,Sell short,Exit on session close,$394.84,$192742.92,$5.16,$0.00,$0.00,$0.00,$0.00,$345.00,$1800.00,$1405.16,5,
3764,NQ 06-26,Backtest,VariableTrend,Long,1,25676.75,25819.25,10/8/2025 5:30:00 PM,10/8/2025 11:00:00 PM,Buy,Exit on session close,$2844.84,$195587.76,$5.16,$0.00,$0.00,$0.00,$0.00,$775.00,$3065.00,$220.16,6,
3765,NQ 06-26,Backtest,VariableTrend,Short,1,25730.50,25759.50,10/9/2025 5:30:00 PM,10/9/2025 11:00:00 PM,Sell short,Close position,($585.16),$195002.60,$5.16,$0.00,$0.00,$0.00,$0.00,$690.00,$2090.00,$2675.16,6,
3766,NQ 06-26,Backtest,VariableTrend,Long,1,25759.50,25752.50,10/9/2025 11:00:00 PM,10/9/2025 11:00:00 PM,Buy,Exit on session close,($145.16),$194857.44,$5.16,$0.00,$0.00,$0.00,$0.00,$480.00,$0.00,$145.16,1,
3767,NQ 06-26,Backtest,VariableTrend,Short,1,25757.75,25787.50,10/10/2025 12:50:00 PM,10/10/2025 3:10:00 PM,Sell short,Close position,($600.16),$194257.28,$5.16,$0.00,$0.00,$0.00,$0.00,$640.00,$830.00,$1430.16,3,
3768,NQ 06-26,Backtest,VariableTrend,Long,1,25787.50,25737.50,10/10/2025 3:10:00 PM,10/10/2025 5:30:00 PM,Buy,Stop loss,($1005.16),$193252.12,$5.16,$0.00,$0.00,$0.00,$0.00,$1000.00,$1315.00,$2320.16,3,
3769,NQ 06-26,Backtest,VariableTrend,Short,1,25287.50,25337.50,10/10/2025 6:40:00 PM,10/10/2025 6:40:00 PM,Sell short,Stop loss,($1005.16),$192246.96,$5.16,$0.00,$0.00,$0.00,$0.00,$1000.00,$0.00,$1005.16,1,
3770,NQ 06-26,Backtest,VariableTrend,Long,1,25265.75,25215.75,10/13/2025 3:30:00 AM,10/13/2025 2:00:00 PM,Buy,Stop loss,($1005.16),$191241.80,$5.16,$0.00,$0.00,$0.00,$0.00,$1000.00,$2905.00,$3910.16,10,
3771,NQ 06-26,Backtest,VariableTrend,Short,1,25260.75,25310.75,10/13/2025 3:10:00 PM,10/13/2025 3:10:00 PM,Sell short,Stop loss,($1005.16),$190236.64,$5.16,$0.00,$0.00,$0.00,$0.00,$1000.00,$0.00,$1005.16,1,
3772,NQ 06-26,Backtest,VariableTrend,Long,1,25332.50,25282.50,10/13/2025 4:20:00 PM,10/13/2025 4:20:00 PM,Buy,Stop loss,($1005.16),$189231.48,$5.16,$0.00,$0.00,$0.00,$0.00,$1000.00,$0.00,$1005.16,1,
3773,NQ 06-26,Backtest,VariableTrend,Short,1,25270.75,25320.75,10/14/2025 8:10:00 AM,10/14/2025 6:40:00 PM,Sell short,Stop loss,($1005.16),$188226.32,$5.16,$0.00,$0.00,$0.00,$0.00,$1000.00,$7690.00,$8695.16,10,
3774,NQ 06-26,Backtest,VariableTrend,Long,1,25355.00,25305.00,10/14/2025 7:50:00 PM,10/14/2025 10:10:00 PM,Buy,Stop loss,($1005.16),$187221.16,$5.16,$0.00,$0.00,$0.00,$0.00,$1000.00,$1155.00,$2160.16,3,
3775,NQ 06-26,Backtest,VariableTrend,Short,1,25171.25,25221.25,10/14/2025 11:00:00 PM,10/14/2025 11:00:00 PM,Sell short,Stop loss,($1005.16),$186216.00,$5.16,$0.00,$0.00,$0.00,$0.00,$1000.00,$0.00,$1005.16,1,
3776,NQ 06-26,Backtest,VariableTrend,Short,1,25214.50,25264.50,10/15/2025 3:30:00 AM,10/15/2025 3:30:00 AM,Sell short,Stop loss,($1005.16),$185210.84,$5.16,$0.00,$0.00,$0.00,$0.00,$1000.00,$0.00,$1005.16,1,
3777,NQ 06-26,Backtest,VariableTrend,Long,1,25270.50,25220.50,10/15/2025 4:40:00 AM,10/15/2025 7:50:00 PM,Buy,Stop loss,($1005.16),$184205.68,$5.16,$0.00,$0.00,$0.00,$0.00,$1000.00,$6195.00,$7200.16,14,
3778,NQ 06-26,Backtest,VariableTrend,Short,1,25338.50,25388.50,10/15/2025 9:00:00 PM,10/15/2025 9:00:00 PM,Sell short,Stop loss,($1005.16),$183200.52,$5.16,$0.00,$0.00,$0.00,$0.00,$1000.00,$0.00,$1005.16,1,
3779,NQ 06-26,Backtest,VariableTrend,Long,1,25418.00,25368.00,10/15/2025 10:10:00 PM,10/15/2025 10:10:00 PM,Buy,Stop loss,($1005.16),$182195.36,$5.16,$0.00,$0.00,$0.00,$0.00,$1000.00,$0.00,$1005.16,1,
3780,NQ 06-26,Backtest,VariableTrend,Long,1,25423.25,25389.25,10/16/2025 2:20:00 AM,10/16/2025 3:30:00 AM,Buy,Close position,($685.16),$181510.20,$5.16,$0.00,$0.00,$0.00,$0.00,$885.00,$155.00,$840.16,2,
3781,NQ 06-26,Backtest,VariableTrend,Short,1,25389.25,25439.25,10/16/2025 3:30:00 AM,10/16/2025 8:10:00 AM,Sell short,Stop loss,($1005.16),$180505.04,$5.16,$0.00,$0.00,$0.00,$0.00,$1000.00,$985.00,$1990.16,5,
3782,NQ 06-26,Backtest,VariableTrend,Long,1,25439.50,25389.50,10/16/2025 9:20:00 AM,10/16/2025 6:40:00 PM,Buy,Stop loss,($1005.16),$179499.88,$5.16,$0.00,$0.00,$0.00,$0.00,$1000.00,$4105.00,$5110.16,9,
3783,NQ 06-26,Backtest,VariableTrend,Short,1,25247.25,25297.25,10/16/2025 7:50:00 PM,10/16/2025 7:50:00 PM,Sell short,Stop loss,($1005.16),$178494.72,$5.16,$0.00,$0.00,$0.00,$0.00,$1000.00,$0.00,$1005.16,1,
3784,NQ 06-26,Backtest,VariableTrend,Long,1,25193.75,25143.75,10/17/2025 3:10:00 PM,10/17/2025 4:20:00 PM,Buy,Stop loss,($1005.16),$177489.56,$5.16,$0.00,$0.00,$0.00,$0.00,$1000.00,$1485.00,$2490.16,2,
3785,NQ 06-26,Backtest,VariableTrend,Short,1,25703.75,25730.50,10/21/2025 11:00:00 PM,10/21/2025 11:00:00 PM,Sell short,Exit on session close,($540.16),$176949.40,$5.16,$0.00,$0.00,$0.00,$0.00,$680.00,$195.00,$735.16,1,
3786,NQ 06-26,Backtest,VariableTrend,Short,1,25715.25,25737.50,10/22/2025 2:20:00 AM,10/22/2025 5:50:00 AM,Sell short,Close position,($450.16),$176499.24,$5.16,$0.00,$0.00,$0.00,$0.00,$645.00,$710.00,$1160.16,4,
3787,NQ 06-26,Backtest,VariableTrend,Long,1,25737.50,25722.50,10/22/2025 5:50:00 AM,10/22/2025 7:00:00 AM,Buy,Close position,($305.16),$176194.08,$5.16,$0.00,$0.00,$0.00,$0.00,$565.00,$75.00,$380.16,2,
3788,NQ 06-26,Backtest,VariableTrend,Short,1,25722.50,25772.50,10/22/2025 7:00:00 AM,10/22/2025 7:00:00 AM,Sell short,Stop loss,($1005.16),$175188.92,$5.16,$0.00,$0.00,$0.00,$0.00,$1000.00,$0.00,$1005.16,1,
3789,NQ 06-26,Backtest,VariableTrend,Long,1,25782.75,25732.75,10/22/2025 8:10:00 AM,10/22/2025 10:30:00 AM,Buy,Stop loss,($1005.16),$174183.76,$5.16,$0.00,$0.00,$0.00,$0.00,$1000.00,$415.00,$1420.16,3,
3790,NQ 06-26,Backtest,VariableTrend,Short,1,25725.25,25767.00,10/22/2025 12:50:00 PM,10/22/2025 2:00:00 PM,Sell short,Close position,($840.16),$173343.60,$5.16,$0.00,$0.00,$0.00,$0.00,$910.00,$270.00,$1110.16,2,
3791,NQ 06-26,Backtest,VariableTrend,Long,1,25767.00,25717.00,10/22/2025 2:00:00 PM,10/22/2025 2:00:00 PM,Buy,Stop loss,($1005.16),$172338.44,$5.16,$0.00,$0.00,$0.00,$0.00,$1000.00,$0.00,$1005.16,1,
3792,NQ 06-26,Backtest,VariableTrend,Short,1,25690.00,25740.00,10/22/2025 3:10:00 PM,10/22/2025 4:20:00 PM,Sell short,Stop loss,($1005.16),$171333.28,$5.16,$0.00,$0.00,$0.00,$0.00,$1000.00,$130.00,$1135.16,2,
3793,NQ 06-26,Backtest,VariableTrend,Long,1,25560.75,25743.25,10/23/2025 5:30:00 PM,10/23/2025 11:00:00 PM,Buy,Exit on session close,$3644.84,$174978.12,$5.16,$0.00,$0.00,$0.00,$0.00,$230.00,$4010.00,$365.16,6,
3794,NQ 06-26,Backtest,VariableTrend,Short,1,26650.50,26700.50,10/29/2025 9:10:00 PM,10/29/2025 9:10:00 PM,Sell short,Stop loss,($1005.16),$173972.96,$5.16,$0.00,$0.00,$0.00,$0.00,$1000.00,$0.00,$1005.16,1,
3795,NQ 06-26,Backtest,VariableTrend,Short,1,26661.25,26711.25,10/30/2025 1:20:00 AM,10/30/2025 1:20:00 AM,Sell short,Stop loss,($1005.16),$172967.80,$5.16,$0.00,$0.00,$0.00,$0.00,$1000.00,$0.00,$1005.16,1,
3796,NQ 06-26,Backtest,VariableTrend,Long,1,26751.00,26701.00,10/30/2025 2:30:00 AM,10/30/2025 6:00:00 AM,Buy,Stop loss,($1005.16),$171962.64,$5.16,$0.00,$0.00,$0.00,$0.00,$1000.00,$2265.00,$3270.16,4,
3797,NQ 06-26,Backtest,VariableTrend,Short,1,26671.75,26721.75,10/30/2025 7:10:00 AM,10/30/2025 7:10:00 AM,Sell short,Stop loss,($1005.16),$170957.48,$5.16,$0.00,$0.00,$0.00,$0.00,$1000.00,$0.00,$1005.16,1,
3798,NQ 06-26,Backtest,VariableTrend,Long,1,26709.50,26659.50,10/30/2025 8:20:00 AM,10/30/2025 8:20:00 AM,Buy,Stop loss,($1005.16),$169952.32,$5.16,$0.00,$0.00,$0.00,$0.00,$1000.00,$0.00,$1005.16,1,
3799,NQ 06-26,Backtest,VariableTrend,Short,1,26688.50,26738.50,10/30/2025 11:50:00 AM,10/30/2025 1:00:00 PM,Sell short,Stop loss,($1005.16),$168947.16,$5.16,$0.00,$0.00,$0.00,$0.00,$1000.00,$560.00,$1565.16,2,
3800,NQ 06-26,Backtest,VariableTrend,Long,1,26725.75,26675.75,10/30/2025 2:10:00 PM,10/30/2025 2:10:00 PM,Buy,Stop loss,($1005.16),$167942.00,$5.16,$0.00,$0.00,$0.00,$0.00,$1000.00,$0.00,$1005.16,1,
3801,NQ 06-26,Backtest,VariableTrend,Short,1,26567.00,26617.00,10/30/2025 3:20:00 PM,10/30/2025 3:20:00 PM,Sell short,Stop loss,($1005.16),$166936.84,$5.16,$0.00,$0.00,$0.00,$0.00,$1000.00,$0.00,$1005.16,1,
3802,NQ 06-26,Backtest,VariableTrend,Short,1,26576.25,26626.25,10/31/2025 4:30:00 PM,10/31/2025 4:30:00 PM,Sell short,Stop loss,($1005.16),$165931.68,$5.16,$0.00,$0.00,$0.00,$0.00,$1000.00,$0.00,$1005.16,1,
3803,NQ 06-26,Backtest,VariableTrend,Long,1,26556.75,26546.75,11/3/2025 2:20:00 AM,11/3/2025 5:50:00 AM,Buy,Close position,($205.16),$165726.52,$5.16,$0.00,$0.00,$0.00,$0.00,$815.00,$630.00,$835.16,4,
3804,NQ 06-26,Backtest,VariableTrend,Short,1,26546.75,26596.75,11/3/2025 5:50:00 AM,11/3/2025 10:30:00 AM,Sell short,Stop loss,($1005.16),$164721.36,$5.16,$0.00,$0.00,$0.00,$0.00,$1000.00,$1285.00,$2290.16,5,
3805,NQ 06-26,Backtest,VariableTrend,Long,1,26612.25,26562.25,11/3/2025 11:40:00 AM,11/3/2025 4:20:00 PM,Buy,Stop loss,($1005.16),$163716.20,$5.16,$0.00,$0.00,$0.00,$0.00,$1000.00,$2255.00,$3260.16,5,
3806,NQ 06-26,Backtest,VariableTrend,Short,1,26575.25,26601.75,11/3/2025 5:30:00 PM,11/3/2025 7:50:00 PM,Sell short,Close position,($535.16),$163181.04,$5.16,$0.00,$0.00,$0.00,$0.00,$780.00,$1890.00,$2425.16,3,
3807,NQ 06-26,Backtest,VariableTrend,Long,1,26601.75,26551.75,11/3/2025 7:50:00 PM,11/3/2025 9:00:00 PM,Buy,Stop loss,($1005.16),$162175.88,$5.16,$0.00,$0.00,$0.00,$0.00,$1000.00,$595.00,$1600.16,2,
3808,NQ 06-26,Backtest,VariableTrend,Long,1,26336.50,26286.50,11/4/2025 5:30:00 PM,11/4/2025 5:30:00 PM,Buy,Stop loss,($1005.16),$161170.72,$5.16,$0.00,$0.00,$0.00,$0.00,$1000.00,$0.00,$1005.16,1,
3809,NQ 06-26,Backtest,VariableTrend,Short,1,26236.75,26042.25,11/4/2025 6:40:00 PM,11/4/2025 11:00:00 PM,Sell short,Exit on session close,$3884.84,$165055.56,$5.16,$0.00,$0.00,$0.00,$0.00,$500.00,$4975.00,$1090.16,5,
3810,NQ 06-26,Backtest,VariableTrend,Long,1,26115.25,26194.25,11/5/2025 5:30:00 PM,11/5/2025 11:00:00 PM,Buy,Exit on session close,$1574.84,$166630.40,$5.16,$0.00,$0.00,$0.00,$0.00,$700.00,$4600.00,$3025.16,6,
3811,NQ 06-26,Backtest,VariableTrend,Short,1,26126.75,26176.75,11/6/2025 3:30:00 AM,11/6/2025 4:40:00 AM,Sell short,Stop loss,($1005.16),$165625.24,$5.16,$0.00,$0.00,$0.00,$0.00,$1000.00,$885.00,$1890.16,2,
3812,NQ 06-26,Backtest,VariableTrend,Long,1,26187.00,26157.50,11/6/2025 5:50:00 AM,11/6/2025 8:10:00 AM,Buy,Close position,($595.16),$165030.08,$5.16,$0.00,$0.00,$0.00,$0.00,$675.00,$415.00,$1010.16,3,
3813,NQ 06-26,Backtest,VariableTrend,Short,1,26157.50,26200.75,11/6/2025 8:10:00 AM,11/6/2025 11:40:00 AM,Sell short,Close position,($870.16),$164159.92,$5.16,$0.00,$0.00,$0.00,$0.00,$940.00,$1255.00,$2125.16,4,
3814,NQ 06-26,Backtest,VariableTrend,Long,1,26200.75,26164.25,11/6/2025 11:40:00 AM,11/6/2025 4:20:00 PM,Buy,Close position,($735.16),$163424.76,$5.16,$0.00,$0.00,$0.00,$0.00,$855.00,$1735.00,$2470.16,5,
3815,NQ 06-26,Backtest,VariableTrend,Short,1,26164.25,25776.75,11/6/2025 4:20:00 PM,11/6/2025 11:00:00 PM,Sell short,Exit on session close,$7744.84,$171169.60,$5.16,$0.00,$0.00,$0.00,$0.00,$540.00,$10025.00,$2280.16,7,
3816,NQ 06-26,Backtest,VariableTrend,Long,1,25657.00,25692.00,11/7/2025 11:00:00 PM,11/7/2025 11:00:00 PM,Buy,Exit on session close,$694.84,$171864.44,$5.16,$0.00,$0.00,$0.00,$0.00,$125.00,$730.00,$35.16,1,
3817,NQ 06-26,Backtest,VariableTrend,Short,1,26077.25,26127.25,11/11/2025 2:00:00 PM,11/11/2025 7:50:00 PM,Sell short,Stop loss,($1005.16),$170859.28,$5.16,$0.00,$0.00,$0.00,$0.00,$1000.00,$2670.00,$3675.16,6,
3818,NQ 06-26,Backtest,VariableTrend,Long,1,26134.25,26124.25,11/11/2025 9:00:00 PM,11/11/2025 11:00:00 PM,Buy,Exit on session close,($205.16),$170654.12,$5.16,$0.00,$0.00,$0.00,$0.00,$985.00,$545.00,$750.16,3,
3819,NQ 06-26,Backtest,VariableTrend,Short,1,26050.50,26100.50,11/12/2025 5:30:00 PM,11/12/2025 7:50:00 PM,Sell short,Stop loss,($1005.16),$169648.96,$5.16,$0.00,$0.00,$0.00,$0.00,$1000.00,$1930.00,$2935.16,3,
3820,NQ 06-26,Backtest,VariableTrend,Long,1,26149.75,26099.75,11/13/2025 3:30:00 AM,11/13/2025 4:40:00 AM,Buy,Stop loss,($1005.16),$168643.80,$5.16,$0.00,$0.00,$0.00,$0.00,$1000.00,$590.00,$1595.16,2,
3821,NQ 06-26,Backtest,VariableTrend,Short,1,26122.25,25552.75,11/13/2025 10:30:00 AM,11/13/2025 11:00:00 PM,Sell short,Exit on session close,$11384.84,$180028.64,$5.16,$0.00,$0.00,$0.00,$0.00,$605.00,$13090.00,$1705.16,12,
3822,NQ 06-26,Backtest,VariableTrend,Long,1,25706.50,25656.50,11/14/2025 6:40:00 PM,11/14/2025 6:40:00 PM,Buy,Stop loss,($1005.16),$179023.48,$5.16,$0.00,$0.00,$0.00,$0.00,$1000.00,$0.00,$1005.16,1,
3823,NQ 06-26,Backtest,VariableTrend,Short,1,25596.25,25646.25,11/17/2025 3:10:00 PM,11/17/2025 4:20:00 PM,Sell short,Stop loss,($1005.16),$178018.32,$5.16,$0.00,$0.00,$0.00,$0.00,$1000.00,$2420.00,$3425.16,2,
3824,NQ 06-26,Backtest,VariableTrend,Long,1,25422.75,25372.75,11/19/2025 5:30:00 PM,11/19/2025 5:30:00 PM,Buy,Stop loss,($1005.16),$177013.16,$5.16,$0.00,$0.00,$0.00,$0.00,$1000.00,$0.00,$1005.16,1,
3825,NQ 06-26,Backtest,VariableTrend,Short,1,25172.75,25222.75,11/19/2025 6:40:00 PM,11/19/2025 10:10:00 PM,Sell short,Stop loss,($1005.16),$176008.00,$5.16,$0.00,$0.00,$0.00,$0.00,$1000.00,$4010.00,$5015.16,4,
3826,NQ 06-26,Backtest,VariableTrend,Short,1,25371.50,24539.00,11/20/2025 6:40:00 PM,11/20/2025 11:00:00 PM,Sell short,Exit on session close,$16644.84,$192652.84,$5.16,$0.00,$0.00,$0.00,$0.00,$435.00,$16660.00,$15.16,5,
3827,NQ 06-26,Backtest,VariableTrend,Long,1,24838.75,24788.75,11/21/2025 7:50:00 PM,11/21/2025 7:50:00 PM,Buy,Stop loss,($1005.16),$191647.68,$5.16,$0.00,$0.00,$0.00,$0.00,$1000.00,$0.00,$1005.16,1,
3828,NQ 06-26,Backtest,VariableTrend,Short,1,24780.25,24814.25,11/21/2025 11:00:00 PM,11/21/2025 11:00:00 PM,Sell short,Exit on session close,($685.16),$190962.52,$5.16,$0.00,$0.00,$0.00,$0.00,$865.00,$245.00,$930.16,1,
3829,NQ 06-26,Backtest,VariableTrend,Short,1,24835.75,24885.75,11/24/2025 11:40:00 AM,11/24/2025 11:40:00 AM,Sell short,Stop loss,($1005.16),$189957.36,$5.16,$0.00,$0.00,$0.00,$0.00,$1000.00,$0.00,$1005.16,1,
3830,NQ 06-26,Backtest,VariableTrend,Long,1,24876.25,25428.00,11/24/2025 12:50:00 PM,11/24/2025 11:00:00 PM,Buy,Exit on session close,$11029.84,$200987.20,$5.16,$0.00,$0.00,$0.00,$0.00,$660.00,$11650.00,$620.16,10,
3831,NQ 06-26,Backtest,VariableTrend,Short,1,25293.50,25337.50,11/25/2025 11:40:00 AM,11/25/2025 12:50:00 PM,Sell short,Close position,($885.16),$200102.04,$5.16,$0.00,$0.00,$0.00,$0.00,$940.00,$125.00,$1010.16,2,
3832,NQ 06-26,Backtest,VariableTrend,Long,1,25337.50,25287.50,11/25/2025 12:50:00 PM,11/25/2025 4:20:00 PM,Buy,Stop loss,($1005.16),$199096.88,$5.16,$0.00,$0.00,$0.00,$0.00,$1000.00,$2060.00,$3065.16,4,
3833,NQ 06-26,Backtest,VariableTrend,Short,1,25230.00,25280.00,11/25/2025 5:30:00 PM,11/25/2025 5:30:00 PM,Sell short,Stop loss,($1005.16),$198091.72,$5.16,$0.00,$0.00,$0.00,$0.00,$1000.00,$0.00,$1005.16,1,
3834,NQ 06-26,Backtest,VariableTrend,Long,1,25319.00,25529.75,11/25/2025 6:40:00 PM,11/25/2025 11:00:00 PM,Buy,Exit on session close,$4209.84,$202301.56,$5.16,$0.00,$0.00,$0.00,$0.00,$280.00,$5630.00,$1420.16,5,
3835,NQ 06-26,Backtest,VariableTrend,Short,1,25781.50,25831.50,12/1/2025 3:30:00 AM,12/1/2025 4:20:00 PM,Sell short,Stop loss,($1005.16),$201296.40,$5.16,$0.00,$0.00,$0.00,$0.00,$1000.00,$2460.00,$3465.16,12,
3836,NQ 06-26,Backtest,VariableTrend,Long,1,25827.75,25777.75,12/1/2025 5:30:00 PM,12/1/2025 5:30:00 PM,Buy,Stop loss,($1005.16),$200291.24,$5.16,$0.00,$0.00,$0.00,$0.00,$1000.00,$0.00,$1005.16,1,
3837,NQ 06-26,Backtest,VariableTrend,Short,1,25825.25,25849.25,12/2/2025 5:50:00 AM,12/2/2025 7:00:00 AM,Sell short,Close position,($485.16),$199806.08,$5.16,$0.00,$0.00,$0.00,$0.00,$955.00,$30.00,$515.16,2,
3838,NQ 06-26,Backtest,VariableTrend,Long,1,25849.25,25799.25,12/2/2025 7:00:00 AM,12/2/2025 9:20:00 AM,Buy,Stop loss,($1005.16),$198800.92,$5.16,$0.00,$0.00,$0.00,$0.00,$1000.00,$55.00,$1060.16,3,
3839,NQ 06-26,Backtest,VariableTrend,Short,1,25817.25,25867.25,12/2/2025 10:30:00 AM,12/2/2025 10:30:00 AM,Sell short,Stop loss,($1005.16),$197795.76,$5.16,$0.00,$0.00,$0.00,$0.00,$1000.00,$0.00,$1005.16,1,
3840,NQ 06-26,Backtest,VariableTrend,Long,1,25911.00,26069.00,12/2/2025 11:40:00 AM,12/2/2025 11:00:00 PM,Buy,Exit on session close,$3154.84,$200950.60,$5.16,$0.00,$0.00,$0.00,$0.00,$625.00,$4485.00,$1330.16,11,
3841,NQ 06-26,Backtest,VariableTrend,Short,1,25905.75,25955.75,12/3/2025 4:20:00 PM,12/3/2025 4:20:00 PM,Sell short,Stop loss,($1005.16),$199945.44,$5.16,$0.00,$0.00,$0.00,$0.00,$1000.00,$0.00,$1005.16,1,
3842,NQ 06-26,Backtest,VariableTrend,Long,1,26032.00,26111.00,12/3/2025 6:40:00 PM,12/3/2025 11:00:00 PM,Buy,Exit on session close,$1574.84,$201520.28,$5.16,$0.00,$0.00,$0.00,$0.00,$735.00,$2370.00,$795.16,5,
3843,NQ 06-26,Backtest,VariableTrend,Short,1,26034.25,26084.25,12/4/2025 5:30:00 PM,12/4/2025 5:30:00 PM,Sell short,Stop loss,($1005.16),$200515.12,$5.16,$0.00,$0.00,$0.00,$0.00,$1000.00,$0.00,$1005.16,1,
3844,NQ 06-26,Backtest,VariableTrend,Long,1,26067.25,26017.25,12/4/2025 7:50:00 PM,12/4/2025 9:00:00 PM,Buy,Stop loss,($1005.16),$199509.96,$5.16,$0.00,$0.00,$0.00,$0.00,$1000.00,$610.00,$1615.16,2,
3845,NQ 06-26,Backtest,VariableTrend,Short,1,26054.50,26099.50,12/4/2025 10:10:00 PM,12/4/2025 11:00:00 PM,Sell short,Close position,($905.16),$198604.80,$5.16,$0.00,$0.00,$0.00,$0.00,$915.00,$750.00,$1655.16,2,
3846,NQ 06-26,Backtest,VariableTrend,Long,1,26099.50,26097.75,12/4/2025 11:00:00 PM,12/4/2025 11:00:00 PM,Buy,Exit on session close,($40.16),$198564.64,$5.16,$0.00,$0.00,$0.00,$0.00,$190.00,$70.00,$110.16,1,
3847,NQ 06-26,Backtest,VariableTrend,Short,1,26104.75,26154.75,12/5/2025 4:20:00 PM,12/5/2025 4:20:00 PM,Sell short,Stop loss,($1005.16),$197559.48,$5.16,$0.00,$0.00,$0.00,$0.00,$1000.00,$0.00,$1005.16,1,
3848,NQ 06-26,Backtest,VariableTrend,Long,1,26306.00,26256.00,12/5/2025 5:30:00 PM,12/5/2025 5:30:00 PM,Buy,Stop loss,($1005.16),$196554.32,$5.16,$0.00,$0.00,$0.00,$0.00,$1000.00,$0.00,$1005.16,1,
3849,NQ 06-26,Backtest,VariableTrend,Short,1,26197.75,26172.00,12/8/2025 5:30:00 PM,12/8/2025 11:00:00 PM,Sell short,Exit on session close,$509.84,$197064.16,$5.16,$0.00,$0.00,$0.00,$0.00,$75.00,$3355.00,$2845.16,6,
3850,NQ 06-26,Backtest,VariableTrend,Short,1,26163.25,26172.25,12/9/2025 4:40:00 AM,12/9/2025 10:30:00 AM,Sell short,Close position,($185.16),$196879.00,$5.16,$0.00,$0.00,$0.00,$0.00,$205.00,$1025.00,$1210.16,6,
3851,NQ 06-26,Backtest,VariableTrend,Long,1,26172.25,26131.50,12/9/2025 10:30:00 AM,12/9/2025 11:40:00 AM,Buy,Close position,($820.16),$196058.84,$5.16,$0.00,$0.00,$0.00,$0.00,$940.00,$110.00,$930.16,2,
3852,NQ 06-26,Backtest,VariableTrend,Short,1,26131.50,26155.50,12/9/2025 11:40:00 AM,12/9/2025 6:40:00 PM,Sell short,Close position,($485.16),$195573.68,$5.16,$0.00,$0.00,$0.00,$0.00,$870.00,$2125.00,$2610.16,7,
3853,NQ 06-26,Backtest,VariableTrend,Long,1,26155.50,26141.50,12/9/2025 6:40:00 PM,12/9/2025 11:00:00 PM,Buy,Exit on session close,($285.16),$195288.52,$5.16,$0.00,$0.00,$0.00,$0.00,$440.00,$910.00,$1195.16,5,
3854,NQ 06-26,Backtest,VariableTrend,Long,1,26152.00,26112.25,12/10/2025 2:20:00 AM,12/10/2025 3:30:00 AM,Buy,Close position,($800.16),$194488.36,$5.16,$0.00,$0.00,$0.00,$0.00,$950.00,$140.00,$940.16,2,
3855,NQ 06-26,Backtest,VariableTrend,Short,1,26112.25,26162.25,12/10/2025 3:30:00 AM,12/10/2025 5:50:00 AM,Sell short,Stop loss,($1005.16),$193483.20,$5.16,$0.00,$0.00,$0.00,$0.00,$1000.00,$65.00,$1070.16,3,
3856,NQ 06-26,Backtest,VariableTrend,Long,1,26159.75,26109.75,12/10/2025 7:00:00 AM,12/10/2025 11:40:00 AM,Buy,Stop loss,($1005.16),$192478.04,$5.16,$0.00,$0.00,$0.00,$0.00,$1000.00,$1025.00,$2030.16,5,
3857,NQ 06-26,Backtest,VariableTrend,Short,1,26115.50,26165.50,12/10/2025 12:50:00 PM,12/10/2025 3:10:00 PM,Sell short,Stop loss,($1005.16),$191472.88,$5.16,$0.00,$0.00,$0.00,$0.00,$1000.00,$460.00,$1465.16,3,
3858,NQ 06-26,Backtest,VariableTrend,Long,1,26288.75,26238.75,12/10/2025 10:10:00 PM,12/10/2025 10:10:00 PM,Buy,Stop loss,($1005.16),$190467.72,$5.16,$0.00,$0.00,$0.00,$0.00,$1000.00,$0.00,$1005.16,1,
3859,NQ 06-26,Backtest,VariableTrend,Short,1,26134.50,26087.75,12/11/2025 3:30:00 AM,12/11/2025 2:00:00 PM,Sell short,Close position,$929.84,$191397.56,$5.16,$0.00,$0.00,$0.00,$0.00,$255.00,$5725.00,$4795.16,10,
3860,NQ 06-26,Backtest,VariableTrend,Long,1,26087.75,26037.75,12/11/2025 2:00:00 PM,12/11/2025 4:20:00 PM,Buy,Stop loss,($1005.16),$190392.40,$5.16,$0.00,$0.00,$0.00,$0.00,$1000.00,$1570.00,$2575.16,3,
3861,NQ 06-26,Backtest,VariableTrend,Short,1,26037.50,26087.50,12/11/2025 5:30:00 PM,12/11/2025 5:30:00 PM,Sell short,Stop loss,($1005.16),$189387.24,$5.16,$0.00,$0.00,$0.00,$0.00,$1000.00,$0.00,$1005.16,1,
3862,NQ 06-26,Backtest,VariableTrend,Long,1,26097.75,26047.75,12/11/2025 7:50:00 PM,12/11/2025 7:50:00 PM,Buy,Stop loss,($1005.16),$188382.08,$5.16,$0.00,$0.00,$0.00,$0.00,$1000.00,$0.00,$1005.16,1,
3863,NQ 06-26,Backtest,VariableTrend,Short,1,26056.25,25667.75,12/12/2025 11:40:00 AM,12/12/2025 11:00:00 PM,Sell short,Exit on session close,$7764.84,$196146.92,$5.16,$0.00,$0.00,$0.00,$0.00,$825.00,$9460.00,$1695.16,11,
3864,NQ 06-26,Backtest,VariableTrend,Long,1,25819.75,25769.75,12/15/2025 2:00:00 PM,12/15/2025 4:20:00 PM,Buy,Stop loss,($1005.16),$195141.76,$5.16,$0.00,$0.00,$0.00,$0.00,$1000.00,$885.00,$1890.16,3,
3865,NQ 06-26,Backtest,VariableTrend,Short,1,25591.25,25641.25,12/15/2025 5:30:00 PM,12/15/2025 5:30:00 PM,Sell short,Stop loss,($1005.16),$194136.60,$5.16,$0.00,$0.00,$0.00,$0.00,$1000.00,$0.00,$1005.16,1,
3866,NQ 06-26,Backtest,VariableTrend,Long,1,25541.75,25491.75,12/16/2025 9:00:00 PM,12/16/2025 9:00:00 PM,Buy,Stop loss,($1005.16),$193131.44,$5.16,$0.00,$0.00,$0.00,$0.00,$1000.00,$0.00,$1005.16,1,
3867,NQ 06-26,Backtest,VariableTrend,Short,1,25503.00,25553.00,12/17/2025 2:20:00 AM,12/17/2025 2:20:00 AM,Sell short,Stop loss,($1005.16),$192126.28,$5.16,$0.00,$0.00,$0.00,$0.00,$1000.00,$0.00,$1005.16,1,
3868,NQ 06-26,Backtest,VariableTrend,Long,1,25528.75,25478.75,12/17/2025 3:30:00 AM,12/17/2025 4:20:00 PM,Buy,Stop loss,($1005.16),$191121.12,$5.16,$0.00,$0.00,$0.00,$0.00,$1000.00,$3770.00,$4775.16,12,
3869,NQ 06-26,Backtest,VariableTrend,Short,1,25501.75,25551.75,12/17/2025 5:30:00 PM,12/17/2025 5:30:00 PM,Sell short,Stop loss,($1005.16),$190115.96,$5.16,$0.00,$0.00,$0.00,$0.00,$1000.00,$0.00,$1005.16,1,
3870,NQ 06-26,Backtest,VariableTrend,Long,1,25257.25,25427.75,12/18/2025 11:40:00 AM,12/18/2025 11:00:00 PM,Buy,Exit on session close,$3404.84,$193520.80,$5.16,$0.00,$0.00,$0.00,$0.00,$0.00,$7280.00,$3875.16,11,
3871,NQ 06-26,Backtest,VariableTrend,Short,1,25489.00,25539.00,12/19/2025 3:10:00 PM,12/19/2025 3:10:00 PM,Sell short,Stop loss,($1005.16),$192515.64,$5.16,$0.00,$0.00,$0.00,$0.00,$1000.00,$0.00,$1005.16,1,
3872,NQ 06-26,Backtest,VariableTrend,Long,1,25539.25,25806.25,12/19/2025 4:20:00 PM,12/19/2025 11:00:00 PM,Buy,Exit on session close,$5334.84,$197850.48,$5.16,$0.00,$0.00,$0.00,$0.00,$100.00,$5395.00,$60.16,7,
3873,NQ 06-26,Backtest,VariableTrend,Short,1,25886.00,25902.25,12/23/2025 8:10:00 AM,12/23/2025 10:30:00 AM,Sell short,Close position,($330.16),$197520.32,$5.16,$0.00,$0.00,$0.00,$0.00,$420.00,$480.00,$810.16,3,
3874,NQ 06-26,Backtest,VariableTrend,Long,1,25902.25,25852.25,12/23/2025 10:30:00 AM,12/23/2025 3:10:00 PM,Buy,Stop loss,($1005.16),$196515.16,$5.16,$0.00,$0.00,$0.00,$0.00,$1000.00,$700.00,$1705.16,5,
3875,NQ 06-26,Backtest,VariableTrend,Short,1,25824.25,25874.25,12/23/2025 4:20:00 PM,12/23/2025 4:20:00 PM,Sell short,Stop loss,($1005.16),$195510.00,$5.16,$0.00,$0.00,$0.00,$0.00,$1000.00,$0.00,$1005.16,1,
3876,NQ 06-26,Backtest,VariableTrend,Long,1,25952.25,26020.25,12/23/2025 6:40:00 PM,12/23/2025 11:00:00 PM,Buy,Exit on session close,$1354.84,$196864.84,$5.16,$0.00,$0.00,$0.00,$0.00,$255.00,$1580.00,$225.16,5,
3877,NQ 06-26,Backtest,VariableTrend,Short,1,26057.00,26070.50,12/26/2025 10:30:00 AM,12/26/2025 11:40:00 AM,Sell short,Close position,($275.16),$196589.68,$5.16,$0.00,$0.00,$0.00,$0.00,$465.00,$100.00,$375.16,2,
3878,NQ 06-26,Backtest,VariableTrend,Long,1,26070.50,26064.75,12/26/2025 11:40:00 AM,12/26/2025 11:00:00 PM,Buy,Exit on session close,($120.16),$196469.52,$5.16,$0.00,$0.00,$0.00,$0.00,$550.00,$1470.00,$1590.16,11,
3879,NQ 06-26,Backtest,VariableTrend,Long,1,26078.75,26047.75,12/29/2025 2:20:00 AM,12/29/2025 4:40:00 AM,Buy,Close position,($625.16),$195844.36,$5.16,$0.00,$0.00,$0.00,$0.00,$690.00,$475.00,$1100.16,3,
3880,NQ 06-26,Backtest,VariableTrend,Short,1,26047.75,26071.75,12/29/2025 4:40:00 AM,12/29/2025 7:00:00 AM,Sell short,Close position,($485.16),$195359.20,$5.16,$0.00,$0.00,$0.00,$0.00,$580.00,$360.00,$845.16,3,
3881,NQ 06-26,Backtest,VariableTrend,Long,1,26071.75,26029.00,12/29/2025 7:00:00 AM,12/29/2025 8:10:00 AM,Buy,Close position,($860.16),$194499.04,$5.16,$0.00,$0.00,$0.00,$0.00,$905.00,$30.00,$890.16,2,
3882,NQ 06-26,Backtest,VariableTrend,Short,1,26029.00,25974.50,12/29/2025 8:10:00 AM,12/29/2025 10:10:00 PM,Sell short,Close position,$1084.84,$195583.88,$5.16,$0.00,$0.00,$0.00,$0.00,$450.00,$3445.00,$2360.16,13,
3883,NQ 06-26,Backtest,VariableTrend,Long,1,25974.50,25946.25,12/29/2025 10:10:00 PM,12/29/2025 11:00:00 PM,Buy,Close position,($570.16),$195013.72,$5.16,$0.00,$0.00,$0.00,$0.00,$760.00,$10.00,$580.16,2,
3884,NQ 06-26,Backtest,VariableTrend,Short,1,25946.25,25953.25,12/29/2025 11:00:00 PM,12/29/2025 11:00:00 PM,Sell short,Exit on session close,($145.16),$194868.56,$5.16,$0.00,$0.00,$0.00,$0.00,$220.00,$50.00,$195.16,1,
3885,NQ 06-26,Backtest,VariableTrend,Long,1,25957.50,25953.25,12/30/2025 7:00:00 AM,12/30/2025 8:10:00 AM,Buy,Close position,($90.16),$194778.40,$5.16,$0.00,$0.00,$0.00,$0.00,$555.00,$125.00,$215.16,2,
3886,NQ 06-26,Backtest,VariableTrend,Short,1,25953.25,25957.25,12/30/2025 8:10:00 AM,12/30/2025 11:40:00 AM,Sell short,Close position,($85.16),$194693.24,$5.16,$0.00,$0.00,$0.00,$0.00,$125.00,$1195.00,$1280.16,4,
3887,NQ 06-26,Backtest,VariableTrend,Long,1,25957.25,25942.25,12/30/2025 11:40:00 AM,12/30/2025 12:50:00 PM,Buy,Close position,($305.16),$194388.08,$5.16,$0.00,$0.00,$0.00,$0.00,$370.00,$75.00,$380.16,2,
3888,NQ 06-26,Backtest,VariableTrend,Short,1,25942.25,25992.25,12/30/2025 12:50:00 PM,12/30/2025 5:30:00 PM,Sell short,Stop loss,($1005.16),$193382.92,$5.16,$0.00,$0.00,$0.00,$0.00,$1000.00,$1185.00,$2190.16,5,
3889,NQ 06-26,Backtest,VariableTrend,Long,1,25982.75,25932.75,12/30/2025 6:40:00 PM,12/30/2025 6:40:00 PM,Buy,Stop loss,($1005.16),$192377.76,$5.16,$0.00,$0.00,$0.00,$0.00,$1000.00,$0.00,$1005.16,1,
3890,NQ 06-26,Backtest,VariableTrend,Short,1,25941.50,25884.75,12/30/2025 7:50:00 PM,12/30/2025 11:00:00 PM,Sell short,Exit on session close,$1129.84,$193507.60,$5.16,$0.00,$0.00,$0.00,$0.00,$230.00,$1290.00,$160.16,4,
3891,NQ 06-26,Backtest,VariableTrend,Long,1,25911.25,25861.25,12/31/2025 4:20:00 PM,12/31/2025 4:20:00 PM,Buy,Stop loss,($1005.16),$192502.44,$5.16,$0.00,$0.00,$0.00,$0.00,$1000.00,$0.00,$1005.16,1,
3892,NQ 06-26,Backtest,VariableTrend,Short,1,25788.00,25838.00,12/31/2025 5:30:00 PM,12/31/2025 9:00:00 PM,Sell short,Stop loss,($1005.16),$191497.28,$5.16,$0.00,$0.00,$0.00,$0.00,$1000.00,$735.00,$1740.16,4,
3893,NQ 06-26,Backtest,VariableTrend,Long,1,25817.25,25767.25,1/2/2026 5:50:00 AM,1/2/2026 4:20:00 PM,Buy,Stop loss,($1005.16),$190492.12,$5.16,$0.00,$0.00,$0.00,$0.00,$1000.00,$2685.00,$3690.16,10,
3894,NQ 06-26,Backtest,VariableTrend,Short,1,25786.00,25603.25,1/2/2026 5:30:00 PM,1/2/2026 11:00:00 PM,Sell short,Exit on session close,$3649.84,$194141.96,$5.16,$0.00,$0.00,$0.00,$0.00,$545.00,$6240.00,$2590.16,6,
3895,NQ 06-26,Backtest,VariableTrend,Long,1,25711.50,25706.75,1/5/2026 9:20:00 AM,1/5/2026 11:40:00 AM,Buy,Close position,($100.16),$194041.80,$5.16,$0.00,$0.00,$0.00,$0.00,$955.00,$1080.00,$1180.16,3,
3896,NQ 06-26,Backtest,VariableTrend,Short,1,25706.75,25756.75,1/5/2026 11:40:00 AM,1/5/2026 11:40:00 AM,Sell short,Stop loss,($1005.16),$193036.64,$5.16,$0.00,$0.00,$0.00,$0.00,$1000.00,$0.00,$1005.16,1,
3897,NQ 06-26,Backtest,VariableTrend,Long,1,25747.00,25787.00,1/5/2026 12:50:00 PM,1/5/2026 11:00:00 PM,Buy,Exit on session close,$794.84,$193831.48,$5.16,$0.00,$0.00,$0.00,$0.00,$360.00,$3395.00,$2600.16,10,
3898,NQ 06-26,Backtest,VariableTrend,Short,1,25773.50,25791.25,1/6/2026 2:20:00 AM,1/6/2026 3:30:00 AM,Sell short,Close position,($360.16),$193471.32,$5.16,$0.00,$0.00,$0.00,$0.00,$425.00,$250.00,$610.16,2,
3899,NQ 06-26,Backtest,VariableTrend,Long,1,25791.25,25793.25,1/6/2026 3:30:00 AM,1/6/2026 10:30:00 AM,Buy,Close position,$34.84,$193506.16,$5.16,$0.00,$0.00,$0.00,$0.00,$135.00,$1835.00,$1800.16,7,
3900,NQ 06-26,Backtest,VariableTrend,Short,1,25793.25,25799.00,1/6/2026 10:30:00 AM,1/6/2026 12:50:00 PM,Sell short,Close position,($120.16),$193386.00,$5.16,$0.00,$0.00,$0.00,$0.00,$470.00,$1140.00,$1260.16,3,
3901,NQ 06-26,Backtest,VariableTrend,Long,1,25799.00,26040.00,1/6/2026 12:50:00 PM,1/6/2026 11:00:00 PM,Buy,Exit on session close,$4814.84,$198200.84,$5.16,$0.00,$0.00,$0.00,$0.00,$120.00,$4950.00,$135.16,10,
3902,NQ 06-26,Backtest,VariableTrend,Short,1,26034.25,26044.50,1/7/2026 11:00:00 PM,1/7/2026 11:00:00 PM,Sell short,Exit on session close,($210.16),$197990.68,$5.16,$0.00,$0.00,$0.00,$0.00,$275.00,$110.00,$320.16,1,
3903,NQ 06-26,Backtest,VariableTrend,Short,1,26029.75,26013.25,1/8/2026 2:20:00 AM,1/8/2026 4:20:00 PM,Sell short,Close position,$324.84,$198315.52,$5.16,$0.00,$0.00,$0.00,$0.00,$470.00,$3020.00,$2695.16,13,
3904,NQ 06-26,Backtest,VariableTrend,Long,1,26013.25,25963.25,1/8/2026 4:20:00 PM,1/8/2026 4:20:00 PM,Buy,Stop loss,($1005.16),$197310.36,$5.16,$0.00,$0.00,$0.00,$0.00,$1000.00,$0.00,$1005.16,1,
3905,NQ 06-26,Backtest,VariableTrend,Short,1,25894.50,25944.50,1/8/2026 5:30:00 PM,1/8/2026 11:00:00 PM,Sell short,Stop loss,($1005.16),$196305.20,$5.16,$0.00,$0.00,$0.00,$0.00,$1000.00,$2040.00,$3045.16,6,
3906,NQ 06-26,Backtest,VariableTrend,Long,1,25938.75,25888.75,1/9/2026 12:50:00 PM,1/9/2026 4:20:00 PM,Buy,Stop loss,($1005.16),$195300.04,$5.16,$0.00,$0.00,$0.00,$0.00,$1000.00,$1895.00,$2900.16,4,
3907,NQ 06-26,Backtest,VariableTrend,Short,1,25972.75,26022.75,1/12/2026 3:30:00 AM,1/12/2026 4:20:00 PM,Sell short,Stop loss,($1005.16),$194294.88,$5.16,$0.00,$0.00,$0.00,$0.00,$1000.00,$2625.00,$3630.16,12,
3908,NQ 06-26,Backtest,VariableTrend,Long,1,26112.75,26151.00,1/12/2026 5:30:00 PM,1/12/2026 11:00:00 PM,Buy,Exit on session close,$759.84,$195054.72,$5.16,$0.00,$0.00,$0.00,$0.00,$805.00,$2330.00,$1570.16,6,
3909,NQ 06-26,Backtest,VariableTrend,Short,1,26099.75,26110.75,1/13/2026 2:20:00 AM,1/13/2026 8:10:00 AM,Sell short,Close position,($225.16),$194829.56,$5.16,$0.00,$0.00,$0.00,$0.00,$325.00,$905.00,$1130.16,6,
3910,NQ 06-26,Backtest,VariableTrend,Long,1,26110.75,26102.25,1/13/2026 8:10:00 AM,1/13/2026 12:50:00 PM,Buy,Close position,($175.16),$194654.40,$5.16,$0.00,$0.00,$0.00,$0.00,$605.00,$695.00,$870.16,5,
3911,NQ 06-26,Backtest,VariableTrend,Short,1,26102.25,26104.00,1/13/2026 12:50:00 PM,1/13/2026 3:10:00 PM,Sell short,Close position,($40.16),$194614.24,$5.16,$0.00,$0.00,$0.00,$0.00,$505.00,$460.00,$500.16,3,
3912,NQ 06-26,Backtest,VariableTrend,Long,1,26104.00,26091.50,1/13/2026 3:10:00 PM,1/13/2026 5:30:00 PM,Buy,Close position,($255.16),$194359.08,$5.16,$0.00,$0.00,$0.00,$0.00,$645.00,$3005.00,$3260.16,3,
3913,NQ 06-26,Backtest,VariableTrend,Short,1,26091.50,26113.25,1/13/2026 5:30:00 PM,1/13/2026 6:40:00 PM,Sell short,Close position,($440.16),$193918.92,$5.16,$0.00,$0.00,$0.00,$0.00,$835.00,$1470.00,$1910.16,2,
3914,NQ 06-26,Backtest,VariableTrend,Long,1,26113.25,26063.25,1/13/2026 6:40:00 PM,1/13/2026 7:50:00 PM,Buy,Stop loss,($1005.16),$192913.76,$5.16,$0.00,$0.00,$0.00,$0.00,$1000.00,$2425.00,$3430.16,2,
3915,NQ 06-26,Backtest,VariableTrend,Short,1,26072.50,26122.50,1/13/2026 9:00:00 PM,1/13/2026 10:10:00 PM,Sell short,Stop loss,($1005.16),$191908.60,$5.16,$0.00,$0.00,$0.00,$0.00,$1000.00,$850.00,$1855.16,2,
3916,NQ 06-26,Backtest,VariableTrend,Long,1,26121.50,26107.00,1/13/2026 11:00:00 PM,1/13/2026 11:00:00 PM,Buy,Exit on session close,($295.16),$191613.44,$5.16,$0.00,$0.00,$0.00,$0.00,$335.00,$95.00,$390.16,1,
3917,NQ 06-26,Backtest,VariableTrend,Long,1,26116.75,26104.50,1/14/2026 2:20:00 AM,1/14/2026 4:40:00 AM,Buy,Close position,($250.16),$191363.28,$5.16,$0.00,$0.00,$0.00,$0.00,$640.00,$335.00,$585.16,3,
3918,NQ 06-26,Backtest,VariableTrend,Short,1,26104.50,26127.25,1/14/2026 4:40:00 AM,1/14/2026 5:50:00 AM,Sell short,Close position,($460.16),$190903.12,$5.16,$0.00,$0.00,$0.00,$0.00,$585.00,$185.00,$645.16,2,
3919,NQ 06-26,Backtest,VariableTrend,Long,1,26127.25,26095.00,1/14/2026 5:50:00 AM,1/14/2026 7:00:00 AM,Buy,Close position,($650.16),$190252.96,$5.16,$0.00,$0.00,$0.00,$0.00,$670.00,$145.00,$795.16,2,
3920,NQ 06-26,Backtest,VariableTrend,Short,1,26095.00,25820.75,1/14/2026 7:00:00 AM,1/14/2026 11:00:00 PM,Sell short,Exit on session close,$5479.84,$195732.80,$5.16,$0.00,$0.00,$0.00,$0.00,$0.00,$9310.00,$3830.16,15,
3921,NQ 06-26,Backtest,VariableTrend,Long,1,25905.75,25964.75,1/15/2026 9:20:00 AM,1/15/2026 10:10:00 PM,Buy,Close position,$1174.84,$196907.64,$5.16,$0.00,$0.00,$0.00,$0.00,$465.00,$5115.00,$3940.16,12,
3922,NQ 06-26,Backtest,VariableTrend,Short,1,25964.75,25915.75,1/15/2026 10:10:00 PM,1/15/2026 11:00:00 PM,Sell short,Exit on session close,$974.84,$197882.48,$5.16,$0.00,$0.00,$0.00,$0.00,$315.00,$1590.00,$615.16,2,
3923,NQ 06-26,Backtest,VariableTrend,Long,1,26011.00,25961.00,1/16/2026 7:00:00 AM,1/16/2026 4:20:00 PM,Buy,Stop loss,($1005.16),$196877.32,$5.16,$0.00,$0.00,$0.00,$0.00,$1000.00,$1420.00,$2425.16,9,
3924,NQ 06-26,Backtest,VariableTrend,Short,1,25884.25,25934.25,1/16/2026 5:30:00 PM,1/16/2026 5:30:00 PM,Sell short,Stop loss,($1005.16),$195872.16,$5.16,$0.00,$0.00,$0.00,$0.00,$1000.00,$0.00,$1005.16,1,
3925,NQ 06-26,Backtest,VariableTrend,Long,1,25607.75,25607.00,1/19/2026 7:00:00 PM,1/19/2026 7:00:00 PM,Buy,Exit on session close,($20.16),$195852.00,$5.16,$0.00,$0.00,$0.00,$0.00,$105.00,$365.00,$385.16,1,
3926,NQ 06-26,Backtest,VariableTrend,Short,1,25557.75,25607.75,1/20/2026 2:20:00 AM,1/20/2026 2:20:00 AM,Sell short,Stop loss,($1005.16),$194846.84,$5.16,$0.00,$0.00,$0.00,$0.00,$1000.00,$0.00,$1005.16,1,
3927,NQ 06-26,Backtest,VariableTrend,Long,1,25607.25,25591.25,1/20/2026 3:30:00 AM,1/20/2026 8:10:00 AM,Buy,Close position,($325.16),$194521.68,$5.16,$0.00,$0.00,$0.00,$0.00,$625.00,$825.00,$1150.16,5,
3928,NQ 06-26,Backtest,VariableTrend,Short,1,25591.25,25613.00,1/20/2026 8:10:00 AM,1/20/2026 6:40:00 PM,Sell short,Close position,($440.16),$194081.52,$5.16,$0.00,$0.00,$0.00,$0.00,$915.00,$5745.00,$6185.16,10,
3929,NQ 06-26,Backtest,VariableTrend,Long,1,25613.00,25563.00,1/20/2026 6:40:00 PM,1/20/2026 6:40:00 PM,Buy,Stop loss,($1005.16),$193076.36,$5.16,$0.00,$0.00,$0.00,$0.00,$1000.00,$0.00,$1005.16,1,
3930,NQ 06-26,Backtest,VariableTrend,Short,1,25412.75,25351.50,1/20/2026 9:00:00 PM,1/20/2026 11:00:00 PM,Sell short,Exit on session close,$1219.84,$194296.20,$5.16,$0.00,$0.00,$0.00,$0.00,$420.00,$2120.00,$900.16,3,
3931,NQ 06-26,Backtest,VariableTrend,Long,1,25556.25,25506.25,1/21/2026 5:30:00 PM,1/21/2026 6:40:00 PM,Buy,Stop loss,($1005.16),$193291.04,$5.16,$0.00,$0.00,$0.00,$0.00,$1000.00,$2935.00,$3940.16,2,
3932,NQ 06-26,Backtest,VariableTrend,Short,1,25409.00,25459.00,1/21/2026 7:50:00 PM,1/21/2026 7:50:00 PM,Sell short,Stop loss,($1005.16),$192285.88,$5.16,$0.00,$0.00,$0.00,$0.00,$1000.00,$0.00,$1005.16,1,
3933,NQ 06-26,Backtest,VariableTrend,Long,1,25479.75,25718.25,1/21/2026 9:00:00 PM,1/21/2026 11:00:00 PM,Buy,Exit on session close,$4764.84,$197050.72,$5.16,$0.00,$0.00,$0.00,$0.00,$765.00,$7650.00,$2885.16,3,
3934,NQ 06-26,Backtest,VariableTrend,Short,1,25765.00,25815.00,1/23/2026 12:50:00 PM,1/23/2026 12:50:00 PM,Sell short,Stop loss,($1005.16),$196045.56,$5.16,$0.00,$0.00,$0.00,$0.00,$1000.00,$0.00,$1005.16,1,
3935,NQ 06-26,Backtest,VariableTrend,Long,1,25835.50,25785.50,1/23/2026 2:00:00 PM,1/23/2026 3:10:00 PM,Buy,Stop loss,($1005.16),$195040.40,$5.16,$0.00,$0.00,$0.00,$0.00,$1000.00,$120.00,$1125.16,2,
3936,NQ 06-26,Backtest,VariableTrend,Short,1,25787.50,25837.50,1/23/2026 4:20:00 PM,1/23/2026 4:20:00 PM,Sell short,Stop loss,($1005.16),$194035.24,$5.16,$0.00,$0.00,$0.00,$0.00,$1000.00,$0.00,$1005.16,1,
3937,NQ 06-26,Backtest,VariableTrend,Long,1,25891.25,25889.25,1/23/2026 5:30:00 PM,1/23/2026 11:00:00 PM,Buy,Exit on session close,($45.16),$193990.08,$5.16,$0.00,$0.00,$0.00,$0.00,$205.00,$3265.00,$3310.16,6,
3938,NQ 06-26,Backtest,VariableTrend,Short,1,25795.00,25845.00,1/26/2026 2:20:00 AM,1/26/2026 2:20:00 AM,Sell short,Stop loss,($1005.16),$192984.92,$5.16,$0.00,$0.00,$0.00,$0.00,$1000.00,$0.00,$1005.16,1,
3939,NQ 06-26,Backtest,VariableTrend,Long,1,25830.75,26070.00,1/26/2026 3:30:00 AM,1/26/2026 11:00:00 PM,Buy,Exit on session close,$4779.84,$197764.76,$5.16,$0.00,$0.00,$0.00,$0.00,$800.00,$6290.00,$1510.16,18,
3940,NQ 06-26,Backtest,VariableTrend,Short,1,26391.25,26441.25,1/28/2026 6:40:00 PM,1/28/2026 11:00:00 PM,Sell short,Stop loss,($1005.16),$196759.60,$5.16,$0.00,$0.00,$0.00,$0.00,$1000.00,$3785.00,$4790.16,5,
3941,NQ 06-26,Backtest,VariableTrend,Short,1,26353.00,26403.00,1/29/2026 2:20:00 AM,1/29/2026 4:40:00 AM,Sell short,Stop loss,($1005.16),$195754.44,$5.16,$0.00,$0.00,$0.00,$0.00,$1000.00,$1175.00,$2180.16,3,
3942,NQ 06-26,Backtest,VariableTrend,Long,1,26433.25,26404.25,1/29/2026 7:00:00 AM,1/29/2026 2:00:00 PM,Buy,Close position,($585.16),$195169.28,$5.16,$0.00,$0.00,$0.00,$0.00,$985.00,$1120.00,$1705.16,7,
3943,NQ 06-26,Backtest,VariableTrend,Short,1,26404.25,26206.00,1/29/2026 2:00:00 PM,1/29/2026 11:00:00 PM,Sell short,Close position,$3959.84,$199129.12,$5.16,$0.00,$0.00,$0.00,$0.00,$525.00,$13190.00,$9230.16,9,
3944,NQ 06-26,Backtest,VariableTrend,Long,1,26206.00,26191.25,1/29/2026 11:00:00 PM,1/29/2026 11:00:00 PM,Buy,Exit on session close,($300.16),$198828.96,$5.16,$0.00,$0.00,$0.00,$0.00,$925.00,$1055.00,$1355.16,1,
3945,NQ 06-26,Backtest,VariableTrend,Long,1,25695.50,26082.00,2/2/2026 3:10:00 PM,2/2/2026 11:00:00 PM,Buy,Exit on session close,$7724.84,$206553.80,$5.16,$0.00,$0.00,$0.00,$0.00,$615.00,$9255.00,$1530.16,8,
3946,NQ 06-26,Backtest,VariableTrend,Short,1,25783.75,25833.75,2/3/2026 5:30:00 PM,2/3/2026 5:30:00 PM,Sell short,Stop loss,($1005.16),$205548.64,$5.16,$0.00,$0.00,$0.00,$0.00,$1000.00,$0.00,$1005.16,1,
3947,NQ 06-26,Backtest,VariableTrend,Long,1,24930.50,25316.50,2/6/2026 11:40:00 AM,2/6/2026 11:00:00 PM,Buy,Exit on session close,$7714.84,$213263.48,$5.16,$0.00,$0.00,$0.00,$0.00,$420.00,$10005.00,$2290.16,11,
3948,NQ 06-26,Backtest,VariableTrend,Short,1,25196.75,25246.75,2/9/2026 12:50:00 PM,2/9/2026 12:50:00 PM,Sell short,Stop loss,($1005.16),$212258.32,$5.16,$0.00,$0.00,$0.00,$0.00,$1000.00,$0.00,$1005.16,1,
3949,NQ 06-26,Backtest,VariableTrend,Long,1,25309.75,25281.00,2/9/2026 3:10:00 PM,2/9/2026 4:20:00 PM,Buy,Close position,($580.16),$211678.16,$5.16,$0.00,$0.00,$0.00,$0.00,$700.00,$1095.00,$1675.16,2,
3950,NQ 06-26,Backtest,VariableTrend,Short,1,25281.00,25331.00,2/9/2026 4:20:00 PM,2/9/2026 4:20:00 PM,Sell short,Stop loss,($1005.16),$210673.00,$5.16,$0.00,$0.00,$0.00,$0.00,$1000.00,$0.00,$1005.16,1,
3951,NQ 06-26,Backtest,VariableTrend,Long,1,25451.00,25401.00,2/9/2026 5:30:00 PM,2/9/2026 5:30:00 PM,Buy,Stop loss,($1005.16),$209667.84,$5.16,$0.00,$0.00,$0.00,$0.00,$1000.00,$0.00,$1005.16,1,
3952,NQ 06-26,Backtest,VariableTrend,Short,1,25441.75,25466.00,2/10/2026 11:00:00 PM,2/10/2026 11:00:00 PM,Sell short,Exit on session close,($490.16),$209177.68,$5.16,$0.00,$0.00,$0.00,$0.00,$500.00,$140.00,$630.16,1,
3953,NQ 06-26,Backtest,VariableTrend,Long,1,25489.00,25482.50,2/11/2026 2:20:00 AM,2/11/2026 9:20:00 AM,Buy,Close position,($135.16),$209042.52,$5.16,$0.00,$0.00,$0.00,$0.00,$280.00,$1305.00,$1440.16,7,
3954,NQ 06-26,Backtest,VariableTrend,Short,1,25482.50,25532.50,2/11/2026 9:20:00 AM,2/11/2026 3:10:00 PM,Sell short,Stop loss,($1005.16),$208037.36,$5.16,$0.00,$0.00,$0.00,$0.00,$1000.00,$2550.00,$3555.16,6,
3955,NQ 06-26,Backtest,VariableTrend,Long,1,25626.50,25576.50,2/11/2026 4:20:00 PM,2/11/2026 4:20:00 PM,Buy,Stop loss,($1005.16),$207032.20,$5.16,$0.00,$0.00,$0.00,$0.00,$1000.00,$0.00,$1005.16,1,
3956,NQ 06-26,Backtest,VariableTrend,Short,1,25343.00,25393.00,2/11/2026 5:30:00 PM,2/11/2026 5:30:00 PM,Sell short,Stop loss,($1005.16),$206027.04,$5.16,$0.00,$0.00,$0.00,$0.00,$1000.00,$0.00,$1005.16,1,
3957,NQ 06-26,Backtest,VariableTrend,Long,1,25507.00,25487.50,2/11/2026 9:00:00 PM,2/11/2026 11:00:00 PM,Buy,Exit on session close,($395.16),$205631.88,$5.16,$0.00,$0.00,$0.00,$0.00,$865.00,$1245.00,$1640.16,3,
3958,NQ 06-26,Backtest,VariableTrend,Short,1,25434.00,25484.00,2/12/2026 2:20:00 AM,2/12/2026 2:20:00 AM,Sell short,Stop loss,($1005.16),$204626.72,$5.16,$0.00,$0.00,$0.00,$0.00,$1000.00,$0.00,$1005.16,1,
3959,NQ 06-26,Backtest,VariableTrend,Long,1,25491.75,25441.75,2/12/2026 4:40:00 AM,2/12/2026 4:20:00 PM,Buy,Stop loss,($1005.16),$203621.56,$5.16,$0.00,$0.00,$0.00,$0.00,$1000.00,$2735.00,$3740.16,11,
3960,NQ 06-26,Backtest,VariableTrend,Short,1,25412.00,25462.00,2/12/2026 5:30:00 PM,2/12/2026 5:30:00 PM,Sell short,Stop loss,($1005.16),$202616.40,$5.16,$0.00,$0.00,$0.00,$0.00,$1000.00,$0.00,$1005.16,1,
3961,NQ 06-26,Backtest,VariableTrend,Long,1,25187.75,25137.75,2/13/2026 7:50:00 PM,2/13/2026 7:50:00 PM,Buy,Stop loss,($1005.16),$201611.24,$5.16,$0.00,$0.00,$0.00,$0.00,$1000.00,$0.00,$1005.16,1,
3962,NQ 06-26,Backtest,VariableTrend,Short,1,25061.00,24982.25,2/13/2026 10:10:00 PM,2/13/2026 11:00:00 PM,Sell short,Exit on session close,$1569.84,$203181.08,$5.16,$0.00,$0.00,$0.00,$0.00,$765.00,$2410.00,$840.16,2,
3963,NQ 06-26,Backtest,VariableTrend,Long,1,25091.50,25073.25,2/16/2026 10:30:00 AM,2/16/2026 2:00:00 PM,Buy,Close position,($370.16),$202810.92,$5.16,$0.00,$0.00,$0.00,$0.00,$805.00,$790.00,$1160.16,4,
3964,NQ 06-26,Backtest,VariableTrend,Short,1,25073.25,25078.50,2/16/2026 2:00:00 PM,2/16/2026 3:10:00 PM,Sell short,Close position,($110.16),$202700.76,$5.16,$0.00,$0.00,$0.00,$0.00,$320.00,$335.00,$445.16,2,
3965,NQ 06-26,Backtest,VariableTrend,Long,1,25078.50,25028.50,2/16/2026 3:10:00 PM,2/16/2026 3:10:00 PM,Buy,Stop loss,($1005.16),$201695.60,$5.16,$0.00,$0.00,$0.00,$0.00,$1000.00,$0.00,$1005.16,1,
3966,NQ 06-26,Backtest,VariableTrend,Short,1,25026.50,24956.00,2/16/2026 4:20:00 PM,2/16/2026 7:00:00 PM,Sell short,Exit on session close,$1404.84,$203100.44,$5.16,$0.00,$0.00,$0.00,$0.00,$0.00,$2940.00,$1535.16,4,
3967,NQ 06-26,Backtest,VariableTrend,Long,1,24935.25,24885.25,2/17/2026 6:40:00 PM,2/17/2026 6:40:00 PM,Buy,Stop loss,($1005.16),$202095.28,$5.16,$0.00,$0.00,$0.00,$0.00,$1000.00,$0.00,$1005.16,1,
3968,NQ 06-26,Backtest,VariableTrend,Short,1,24938.50,24958.00,2/18/2026 3:30:00 AM,2/18/2026 4:40:00 AM,Sell short,Close position,($395.16),$201700.12,$5.16,$0.00,$0.00,$0.00,$0.00,$645.00,$405.00,$800.16,2,
3969,NQ 06-26,Backtest,VariableTrend,Long,1,24958.00,25092.75,2/18/2026 4:40:00 AM,2/18/2026 10:10:00 PM,Buy,Close position,$2689.84,$204389.96,$5.16,$0.00,$0.00,$0.00,$0.00,$255.00,$7580.00,$4890.16,16,
3970,NQ 06-26,Backtest,VariableTrend,Short,1,25092.75,25142.75,2/18/2026 10:10:00 PM,2/18/2026 10:10:00 PM,Sell short,Stop loss,($1005.16),$203384.80,$5.16,$0.00,$0.00,$0.00,$0.00,$1000.00,$0.00,$1005.16,1,
3971,NQ 06-26,Backtest,VariableTrend,Long,1,25144.25,25145.25,2/18/2026 11:00:00 PM,2/18/2026 11:00:00 PM,Buy,Exit on session close,$14.84,$203399.64,$5.16,$0.00,$0.00,$0.00,$0.00,$180.00,$305.00,$290.16,1,
3972,NQ 06-26,Backtest,VariableTrend,Short,1,25143.25,25044.75,2/19/2026 11:40:00 AM,2/19/2026 11:00:00 PM,Sell short,Exit on session close,$1964.84,$205364.48,$5.16,$0.00,$0.00,$0.00,$0.00,$500.00,$3710.00,$1745.16,11,
3973,NQ 06-26,Backtest,VariableTrend,Long,1,25125.50,25098.50,2/20/2026 3:30:00 AM,2/20/2026 4:40:00 AM,Buy,Close position,($545.16),$204819.32,$5.16,$0.00,$0.00,$0.00,$0.00,$650.00,$345.00,$890.16,2,
3974,NQ 06-26,Backtest,VariableTrend,Short,1,25098.50,25107.00,2/20/2026 4:40:00 AM,2/20/2026 5:50:00 AM,Sell short,Close position,($175.16),$204644.16,$5.16,$0.00,$0.00,$0.00,$0.00,$425.00,$235.00,$410.16,2,
3975,NQ 06-26,Backtest,VariableTrend,Long,1,25107.00,25057.00,2/20/2026 5:50:00 AM,2/20/2026 12:50:00 PM,Buy,Stop loss,($1005.16),$203639.00,$5.16,$0.00,$0.00,$0.00,$0.00,$1000.00,$1730.00,$2735.16,7,
3976,NQ 06-26,Backtest,VariableTrend,Short,1,25047.00,25097.00,2/20/2026 2:00:00 PM,2/20/2026 4:20:00 PM,Sell short,Stop loss,($1005.16),$202633.84,$5.16,$0.00,$0.00,$0.00,$0.00,$1000.00,$2315.00,$3320.16,3,
3977,NQ 06-26,Backtest,VariableTrend,Long,1,25175.25,25125.25,2/20/2026 5:30:00 PM,2/20/2026 5:30:00 PM,Buy,Stop loss,($1005.16),$201628.68,$5.16,$0.00,$0.00,$0.00,$0.00,$1000.00,$0.00,$1005.16,1,
3978,NQ 06-26,Backtest,VariableTrend,Short,1,25078.75,25128.75,2/23/2026 3:30:00 AM,2/23/2026 10:30:00 AM,Sell short,Stop loss,($1005.16),$200623.52,$5.16,$0.00,$0.00,$0.00,$0.00,$1000.00,$1255.00,$2260.16,7,
3979,NQ 06-26,Backtest,VariableTrend,Long,1,25203.25,25153.25,2/23/2026 11:40:00 AM,2/23/2026 12:50:00 PM,Buy,Stop loss,($1005.16),$199618.36,$5.16,$0.00,$0.00,$0.00,$0.00,$1000.00,$190.00,$1195.16,2,
3980,NQ 06-26,Backtest,VariableTrend,Short,1,25112.50,25162.50,2/23/2026 3:10:00 PM,2/23/2026 3:10:00 PM,Sell short,Stop loss,($1005.16),$198613.20,$5.16,$0.00,$0.00,$0.00,$0.00,$1000.00,$0.00,$1005.16,1,
3981,NQ 06-26,Backtest,VariableTrend,Long,1,25145.50,25095.50,2/23/2026 4:20:00 PM,2/23/2026 4:20:00 PM,Buy,Stop loss,($1005.16),$197608.04,$5.16,$0.00,$0.00,$0.00,$0.00,$1000.00,$0.00,$1005.16,1,
3982,NQ 06-26,Backtest,VariableTrend,Short,1,25107.75,24995.00,2/23/2026 5:30:00 PM,2/23/2026 11:00:00 PM,Sell short,Exit on session close,$2249.84,$199857.88,$5.16,$0.00,$0.00,$0.00,$0.00,$620.00,$4620.00,$2370.16,6,
3983,NQ 06-26,Backtest,VariableTrend,Long,1,25071.75,25049.25,2/24/2026 4:40:00 AM,2/24/2026 8:10:00 AM,Buy,Close position,($455.16),$199402.72,$5.16,$0.00,$0.00,$0.00,$0.00,$745.00,$505.00,$960.16,4,
3984,NQ 06-26,Backtest,VariableTrend,Short,1,25049.25,25066.25,2/24/2026 8:10:00 AM,2/24/2026 9:20:00 AM,Sell short,Close position,($345.16),$199057.56,$5.16,$0.00,$0.00,$0.00,$0.00,$405.00,$355.00,$700.16,2,
3985,NQ 06-26,Backtest,VariableTrend,Long,1,25066.25,25016.25,2/24/2026 9:20:00 AM,2/24/2026 9:20:00 AM,Buy,Stop loss,($1005.16),$198052.40,$5.16,$0.00,$0.00,$0.00,$0.00,$1000.00,$0.00,$1005.16,1,
3986,NQ 06-26,Backtest,VariableTrend,Short,1,24997.75,25047.75,2/24/2026 10:30:00 AM,2/24/2026 10:30:00 AM,Sell short,Stop loss,($1005.16),$197047.24,$5.16,$0.00,$0.00,$0.00,$0.00,$1000.00,$0.00,$1005.16,1,
3987,NQ 06-26,Backtest,VariableTrend,Long,1,25068.00,25018.00,2/24/2026 4:20:00 PM,2/24/2026 4:20:00 PM,Buy,Stop loss,($1005.16),$196042.08,$5.16,$0.00,$0.00,$0.00,$0.00,$1000.00,$0.00,$1005.16,1,
3988,NQ 06-26,Backtest,VariableTrend,Short,1,25508.75,25519.50,2/26/2026 4:40:00 AM,2/26/2026 5:50:00 AM,Sell short,Close position,($220.16),$195821.92,$5.16,$0.00,$0.00,$0.00,$0.00,$345.00,$225.00,$445.16,2,
3989,NQ 06-26,Backtest,VariableTrend,Long,1,25519.50,25510.00,2/26/2026 5:50:00 AM,2/26/2026 7:00:00 AM,Buy,Close position,($195.16),$195626.76,$5.16,$0.00,$0.00,$0.00,$0.00,$350.00,$255.00,$450.16,2,
3990,NQ 06-26,Backtest,VariableTrend,Short,1,25510.00,25554.00,2/26/2026 7:00:00 AM,2/26/2026 9:20:00 AM,Sell short,Close position,($885.16),$194741.60,$5.16,$0.00,$0.00,$0.00,$0.00,$900.00,$360.00,$1245.16,3,
3991,NQ 06-26,Backtest,VariableTrend,Long,1,25554.00,25504.00,2/26/2026 9:20:00 AM,2/26/2026 4:20:00 PM,Buy,Stop loss,($1005.16),$193736.44,$5.16,$0.00,$0.00,$0.00,$0.00,$1000.00,$1400.00,$2405.16,7,
3992,NQ 06-26,Backtest,VariableTrend,Short,1,25161.50,25211.50,2/26/2026 5:30:00 PM,2/26/2026 5:30:00 PM,Sell short,Stop loss,($1005.16),$192731.28,$5.16,$0.00,$0.00,$0.00,$0.00,$1000.00,$0.00,$1005.16,1,
3993,NQ 06-26,Backtest,VariableTrend,Long,1,25121.75,25071.75,3/2/2026 5:30:00 PM,3/2/2026 5:30:00 PM,Buy,Stop loss,($1005.16),$191726.12,$5.16,$0.00,$0.00,$0.00,$0.00,$1000.00,$0.00,$1005.16,1,
3994,NQ 06-26,Backtest,VariableTrend,Short,1,25046.00,25017.00,3/3/2026 4:40:00 AM,3/3/2026 9:00:00 PM,Sell short,Close position,$574.84,$192300.96,$5.16,$0.00,$0.00,$0.00,$0.00,$920.00,$9705.00,$9130.16,15,
3995,NQ 06-26,Backtest,VariableTrend,Long,1,25017.00,24967.00,3/3/2026 9:00:00 PM,3/3/2026 9:00:00 PM,Buy,Stop loss,($1005.16),$191295.80,$5.16,$0.00,$0.00,$0.00,$0.00,$1000.00,$0.00,$1005.16,1,
3996,NQ 06-26,Backtest,VariableTrend,Short,1,24830.50,24880.50,3/4/2026 4:40:00 AM,3/4/2026 9:20:00 AM,Sell short,Stop loss,($1005.16),$190290.64,$5.16,$0.00,$0.00,$0.00,$0.00,$1000.00,$2455.00,$3460.16,5,
3997,NQ 06-26,Backtest,VariableTrend,Long,1,24877.25,24827.25,3/4/2026 10:30:00 AM,3/4/2026 10:30:00 AM,Buy,Stop loss,($1005.16),$189285.48,$5.16,$0.00,$0.00,$0.00,$0.00,$1000.00,$0.00,$1005.16,1,
3998,NQ 06-26,Backtest,VariableTrend,Short,1,25257.00,25307.00,3/5/2026 5:50:00 AM,3/5/2026 5:50:00 AM,Sell short,Stop loss,($1005.16),$188280.32,$5.16,$0.00,$0.00,$0.00,$0.00,$1000.00,$0.00,$1005.16,1,
3999,NQ 06-26,Backtest,VariableTrend,Long,1,25307.00,25257.00,3/5/2026 7:00:00 AM,3/5/2026 7:00:00 AM,Buy,Stop loss,($1005.16),$187275.16,$5.16,$0.00,$0.00,$0.00,$0.00,$1000.00,$0.00,$1005.16,1,
4000,NQ 06-26,Backtest,VariableTrend,Short,1,25243.75,25293.75,3/5/2026 8:10:00 AM,3/5/2026 8:10:00 AM,Sell short,Stop loss,($1005.16),$186270.00,$5.16,$0.00,$0.00,$0.00,$0.00,$1000.00,$0.00,$1005.16,1,
4001,NQ 06-26,Backtest,VariableTrend,Long,1,25277.50,25227.50,3/5/2026 9:20:00 AM,3/5/2026 9:20:00 AM,Buy,Stop loss,($1005.16),$185264.84,$5.16,$0.00,$0.00,$0.00,$0.00,$1000.00,$0.00,$1005.16,1,
4002,NQ 06-26,Backtest,VariableTrend,Short,1,25222.25,25272.25,3/5/2026 10:30:00 AM,3/5/2026 10:30:00 AM,Sell short,Stop loss,($1005.16),$184259.68,$5.16,$0.00,$0.00,$0.00,$0.00,$1000.00,$0.00,$1005.16,1,
4003,NQ 06-26,Backtest,VariableTrend,Long,1,25337.25,25287.25,3/5/2026 11:40:00 AM,3/5/2026 2:00:00 PM,Buy,Stop loss,($1005.16),$183254.52,$5.16,$0.00,$0.00,$0.00,$0.00,$1000.00,$505.00,$1510.16,3,
4004,NQ 06-26,Backtest,VariableTrend,Short,1,25208.25,25258.25,3/5/2026 4:20:00 PM,3/5/2026 4:20:00 PM,Sell short,Stop loss,($1005.16),$182249.36,$5.16,$0.00,$0.00,$0.00,$0.00,$1000.00,$0.00,$1005.16,1,
4005,NQ 06-26,Backtest,VariableTrend,Long,1,25316.50,25266.50,3/5/2026 5:30:00 PM,3/5/2026 5:30:00 PM,Buy,Stop loss,($1005.16),$181244.20,$5.16,$0.00,$0.00,$0.00,$0.00,$1000.00,$0.00,$1005.16,1,
4006,NQ 06-26,Backtest,VariableTrend,Short,1,25176.50,25226.50,3/5/2026 6:40:00 PM,3/5/2026 6:40:00 PM,Sell short,Stop loss,($1005.16),$180239.04,$5.16,$0.00,$0.00,$0.00,$0.00,$1000.00,$0.00,$1005.16,1,
4007,NQ 06-26,Backtest,VariableTrend,Long,1,25244.75,25219.25,3/5/2026 11:00:00 PM,3/5/2026 11:00:00 PM,Buy,Exit on session close,($515.16),$179723.88,$5.16,$0.00,$0.00,$0.00,$0.00,$715.00,$185.00,$700.16,1,
4008,NQ 06-26,Backtest,VariableTrend,Long,1,25295.00,25245.00,3/6/2026 2:20:00 AM,3/6/2026 10:30:00 AM,Buy,Stop loss,($1005.16),$178718.72,$5.16,$0.00,$0.00,$0.00,$0.00,$1000.00,$1105.00,$2110.16,8,
4009,NQ 06-26,Backtest,VariableTrend,Short,1,25169.50,24870.00,3/6/2026 11:40:00 AM,3/6/2026 11:00:00 PM,Sell short,Exit on session close,$5984.84,$184703.56,$5.16,$0.00,$0.00,$0.00,$0.00,$405.00,$7195.00,$1210.16,11,
4010,NQ 06-26,Backtest,VariableTrend,Long,1,24673.00,24623.00,3/9/2026 11:50:00 AM,3/9/2026 11:50:00 AM,Buy,Stop loss,($1005.16),$183698.40,$5.16,$0.00,$0.00,$0.00,$0.00,$1000.00,$0.00,$1005.16,1,
4011,NQ 06-26,Backtest,VariableTrend,Short,1,24579.75,24629.75,3/9/2026 1:00:00 PM,3/9/2026 1:00:00 PM,Sell short,Stop loss,($1005.16),$182693.24,$5.16,$0.00,$0.00,$0.00,$0.00,$1000.00,$0.00,$1005.16,1,
4012,NQ 06-26,Backtest,VariableTrend,Long,1,24602.25,24552.25,3/9/2026 3:20:00 PM,3/9/2026 3:20:00 PM,Buy,Stop loss,($1005.16),$181688.08,$5.16,$0.00,$0.00,$0.00,$0.00,$1000.00,$0.00,$1005.16,1,
4013,NQ 06-26,Backtest,VariableTrend,Short,1,25142.50,25192.50,3/11/2026 11:50:00 AM,3/11/2026 11:50:00 AM,Sell short,Stop loss,($1005.16),$180682.92,$5.16,$0.00,$0.00,$0.00,$0.00,$1000.00,$0.00,$1005.16,1,
4014,NQ 06-26,Backtest,VariableTrend,Long,1,25223.75,25173.75,3/11/2026 1:00:00 PM,3/11/2026 1:00:00 PM,Buy,Stop loss,($1005.16),$179677.76,$5.16,$0.00,$0.00,$0.00,$0.00,$1000.00,$0.00,$1005.16,1,
4015,NQ 06-26,Backtest,VariableTrend,Short,1,25156.00,25206.00,3/11/2026 2:10:00 PM,3/11/2026 2:10:00 PM,Sell short,Stop loss,($1005.16),$178672.60,$5.16,$0.00,$0.00,$0.00,$0.00,$1000.00,$0.00,$1005.16,1,
4016,NQ 06-26,Backtest,VariableTrend,Long,1,25179.75,25143.25,3/11/2026 3:20:00 PM,3/11/2026 5:40:00 PM,Buy,Close position,($735.16),$177937.44,$5.16,$0.00,$0.00,$0.00,$0.00,$760.00,$4180.00,$4915.16,3,
4017,NQ 06-26,Backtest,VariableTrend,Short,1,25143.25,25193.25,3/11/2026 5:40:00 PM,3/11/2026 5:40:00 PM,Sell short,Stop loss,($1005.16),$176932.28,$5.16,$0.00,$0.00,$0.00,$0.00,$1000.00,$0.00,$1005.16,1,
4018,NQ 06-26,Backtest,VariableTrend,Long,1,25182.00,25132.00,3/11/2026 6:50:00 PM,3/11/2026 6:50:00 PM,Buy,Stop loss,($1005.16),$175927.12,$5.16,$0.00,$0.00,$0.00,$0.00,$1000.00,$0.00,$1005.16,1,
4019,NQ 06-26,Backtest,VariableTrend,Short,1,25154.50,25166.75,3/11/2026 8:00:00 PM,3/11/2026 9:10:00 PM,Sell short,Close position,($250.16),$175676.96,$5.16,$0.00,$0.00,$0.00,$0.00,$780.00,$1140.00,$1390.16,2,
4020,NQ 06-26,Backtest,VariableTrend,Long,1,25166.75,25154.25,3/11/2026 9:10:00 PM,3/11/2026 10:00:00 PM,Buy,Exit on session close,($255.16),$175421.80,$5.16,$0.00,$0.00,$0.00,$0.00,$890.00,$975.00,$1230.16,2,
4021,NQ 06-26,Backtest,VariableTrend,Long,1,25065.25,25015.25,3/12/2026 10:40:00 AM,3/12/2026 2:10:00 PM,Buy,Stop loss,($1005.16),$174416.64,$5.16,$0.00,$0.00,$0.00,$0.00,$1000.00,$1430.00,$2435.16,4,
4022,NQ 06-26,Backtest,VariableTrend,Short,1,25047.25,24777.25,3/12/2026 3:20:00 PM,3/12/2026 10:00:00 PM,Sell short,Exit on session close,$5394.84,$179811.48,$5.16,$0.00,$0.00,$0.00,$0.00,$180.00,$6415.00,$1020.16,7,
4023,NQ 06-26,Backtest,VariableTrend,Long,1,24872.50,24822.50,3/13/2026 2:10:00 PM,3/13/2026 3:20:00 PM,Buy,Stop loss,($1005.16),$178806.32,$5.16,$0.00,$0.00,$0.00,$0.00,$1000.00,$1485.00,$2490.16,2,
4024,NQ 06-26,Backtest,VariableTrend,Short,1,24863.75,24913.75,3/13/2026 4:30:00 PM,3/13/2026 4:30:00 PM,Sell short,Stop loss,($1005.16),$177801.16,$5.16,$0.00,$0.00,$0.00,$0.00,$1000.00,$0.00,$1005.16,1,
4025,NQ 06-26,Backtest,VariableTrend,Long,1,24804.00,24872.25,3/16/2026 1:00:00 PM,3/16/2026 10:00:00 PM,Buy,Exit on session close,$1359.84,$179161.00,$5.16,$0.00,$0.00,$0.00,$0.00,$290.00,$4620.00,$3260.16,9,
4026,NQ 06-26,Backtest,VariableTrend,Short,1,24826.25,24836.50,3/17/2026 3:40:00 AM,3/17/2026 7:10:00 AM,Sell short,Close position,($210.16),$178950.84,$5.16,$0.00,$0.00,$0.00,$0.00,$435.00,$915.00,$1125.16,4,
4027,NQ 06-26,Backtest,VariableTrend,Long,1,24836.50,24786.50,3/17/2026 7:10:00 AM,3/17/2026 7:10:00 AM,Buy,Stop loss,($1005.16),$177945.68,$5.16,$0.00,$0.00,$0.00,$0.00,$1000.00,$0.00,$1005.16,1,
4028,NQ 06-26,Backtest,VariableTrend,Short,1,24734.50,24784.50,3/17/2026 8:20:00 AM,3/17/2026 8:20:00 AM,Sell short,Stop loss,($1005.16),$176940.52,$5.16,$0.00,$0.00,$0.00,$0.00,$1000.00,$0.00,$1005.16,1,
4029,NQ 06-26,Backtest,VariableTrend,Long,1,24829.00,25027.50,3/17/2026 11:50:00 AM,3/17/2026 10:00:00 PM,Buy,Exit on session close,$3964.84,$180905.36,$5.16,$0.00,$0.00,$0.00,$0.00,$710.00,$5760.00,$1795.16,10,
4030,NQ 06-26,Backtest,VariableTrend,Short,1,24899.25,24949.25,3/18/2026 3:20:00 PM,3/18/2026 3:20:00 PM,Sell short,Stop loss,($1005.16),$179900.20,$5.16,$0.00,$0.00,$0.00,$0.00,$1000.00,$0.00,$1005.16,1,
4031,NQ 06-26,Backtest,VariableTrend,Long,1,24599.50,24617.00,3/19/2026 10:00:00 PM,3/19/2026 10:00:00 PM,Buy,Exit on session close,$344.84,$180245.04,$5.16,$0.00,$0.00,$0.00,$0.00,$180.00,$670.00,$325.16,1,
4032,NQ 06-26,Backtest,VariableTrend,Short,1,24585.00,24217.25,3/20/2026 7:10:00 AM,3/20/2026 10:00:00 PM,Sell short,Exit on session close,$7349.84,$187594.88,$5.16,$0.00,$0.00,$0.00,$0.00,$625.00,$12275.00,$4925.16,14,
4033,NQ 06-26,Backtest,VariableTrend,Long,1,24392.75,24342.75,3/23/2026 2:10:00 PM,3/23/2026 5:40:00 PM,Buy,Stop loss,($1005.16),$186589.72,$5.16,$0.00,$0.00,$0.00,$0.00,$1000.00,$5945.00,$6950.16,4,
4034,NQ 06-26,Backtest,VariableTrend,Short,1,24302.00,24352.00,3/24/2026 3:40:00 AM,3/24/2026 8:20:00 AM,Sell short,Stop loss,($1005.16),$185584.56,$5.16,$0.00,$0.00,$0.00,$0.00,$1000.00,$2170.00,$3175.16,5,
4035,NQ 06-26,Backtest,VariableTrend,Long,1,24481.50,24431.50,3/24/2026 9:30:00 AM,3/24/2026 9:30:00 AM,Buy,Stop loss,($1005.16),$184579.40,$5.16,$0.00,$0.00,$0.00,$0.00,$1000.00,$0.00,$1005.16,1,
4036,NQ 06-26,Backtest,VariableTrend,Short,1,24231.25,24281.25,3/24/2026 3:20:00 PM,3/24/2026 3:20:00 PM,Sell short,Stop loss,($1005.16),$183574.24,$5.16,$0.00,$0.00,$0.00,$0.00,$1000.00,$0.00,$1005.16,1,
4037,NQ 06-26,Backtest,VariableTrend,Long,1,24341.00,24291.00,3/24/2026 5:40:00 PM,3/24/2026 5:40:00 PM,Buy,Stop loss,($1005.16),$182569.08,$5.16,$0.00,$0.00,$0.00,$0.00,$1000.00,$0.00,$1005.16,1,
4038,NQ 06-26,Backtest,VariableTrend,Short,1,24250.00,24300.00,3/24/2026 6:50:00 PM,3/24/2026 6:50:00 PM,Sell short,Stop loss,($1005.16),$181563.92,$5.16,$0.00,$0.00,$0.00,$0.00,$1000.00,$0.00,$1005.16,1,
4039,NQ 06-26,Backtest,VariableTrend,Short,1,24354.75,24372.00,3/25/2026 9:10:00 PM,3/25/2026 10:00:00 PM,Sell short,Close position,($350.16),$181213.76,$5.16,$0.00,$0.00,$0.00,$0.00,$805.00,$860.00,$1210.16,2,
4040,NQ 06-26,Backtest,VariableTrend,Long,1,24372.00,24367.75,3/25/2026 10:00:00 PM,3/25/2026 10:00:00 PM,Buy,Exit on session close,($90.16),$181123.60,$5.16,$0.00,$0.00,$0.00,$0.00,$455.00,$180.00,$270.16,1,
4041,NQ 06-26,Backtest,VariableTrend,Short,1,24316.25,24366.25,3/26/2026 1:20:00 AM,3/26/2026 1:20:00 AM,Sell short,Stop loss,($1005.16),$180118.44,$5.16,$0.00,$0.00,$0.00,$0.00,$1000.00,$0.00,$1005.16,1,
4042,NQ 06-26,Backtest,VariableTrend,Long,1,24372.50,24345.00,3/26/2026 2:30:00 AM,3/26/2026 3:40:00 AM,Buy,Close position,($555.16),$179563.28,$5.16,$0.00,$0.00,$0.00,$0.00,$835.00,$750.00,$1305.16,2,
4043,NQ 06-26,Backtest,VariableTrend,Short,1,24345.00,24395.00,3/26/2026 3:40:00 AM,3/26/2026 4:50:00 AM,Sell short,Stop loss,($1005.16),$178558.12,$5.16,$0.00,$0.00,$0.00,$0.00,$1000.00,$1945.00,$2950.16,2,
4044,NQ 06-26,Backtest,VariableTrend,Long,1,24386.25,24336.25,3/26/2026 6:00:00 AM,3/26/2026 6:00:00 AM,Buy,Stop loss,($1005.16),$177552.96,$5.16,$0.00,$0.00,$0.00,$0.00,$1000.00,$0.00,$1005.16,1,
4045,NQ 06-26,Backtest,VariableTrend,Short,1,24326.00,23822.00,3/26/2026 7:10:00 AM,3/26/2026 10:00:00 PM,Sell short,Exit on session close,$10074.84,$187627.80,$5.16,$0.00,$0.00,$0.00,$0.00,$285.00,$11255.00,$1180.16,14,
4046,NQ 06-26,Backtest,VariableTrend,Long,1,23357.50,23307.50,3/30/2026 9:20:00 AM,3/30/2026 4:20:00 PM,Buy,Stop loss,($1005.16),$186622.64,$5.16,$0.00,$0.00,$0.00,$0.00,$1000.00,$4330.00,$5335.16,7,
4047,NQ 06-26,Backtest,VariableTrend,Short,1,23339.25,23389.25,3/30/2026 5:30:00 PM,3/30/2026 5:30:00 PM,Sell short,Stop loss,($1005.16),$185617.48,$5.16,$0.00,$0.00,$0.00,$0.00,$1000.00,$0.00,$1005.16,1,
4048,NQ 06-26,Backtest,VariableTrend,Long,1,23314.75,23264.75,3/31/2026 4:40:00 AM,3/31/2026 8:10:00 AM,Buy,Stop loss,($1005.16),$184612.32,$5.16,$0.00,$0.00,$0.00,$0.00,$1000.00,$1805.00,$2810.16,4,
4049,NQ 06-26,Backtest,VariableTrend,Short,1,23974.75,23977.50,4/2/2026 4:40:00 AM,4/2/2026 5:30:00 PM,Sell short,Close position,($60.16),$184552.16,$5.16,$0.00,$0.00,$0.00,$0.00,$450.00,$6175.00,$6235.16,12,
4050,NQ 06-26,Backtest,VariableTrend,Long,1,23977.50,24219.50,4/2/2026 5:30:00 PM,4/2/2026 11:00:00 PM,Buy,Exit on session close,$4834.84,$189387.00,$5.16,$0.00,$0.00,$0.00,$0.00,$915.00,$5785.00,$950.16,6,
4051,NQ 06-26,Backtest,VariableTrend,Short,1,24058.50,24108.50,4/6/2026 2:20:00 AM,4/6/2026 2:20:00 AM,Sell short,Stop loss,($1005.16),$188381.84,$5.16,$0.00,$0.00,$0.00,$0.00,$1000.00,$0.00,$1005.16,1,
4052,NQ 06-26,Backtest,VariableTrend,Long,1,24160.50,24349.75,4/6/2026 3:30:00 AM,4/6/2026 11:00:00 PM,Buy,Exit on session close,$3779.84,$192161.68,$5.16,$0.00,$0.00,$0.00,$0.00,$800.00,$5835.00,$2055.16,18,
4053,NQ 06-26,Backtest,VariableTrend,Short,1,24208.25,24258.25,4/7/2026 5:50:00 AM,4/7/2026 7:00:00 AM,Sell short,Stop loss,($1005.16),$191156.52,$5.16,$0.00,$0.00,$0.00,$0.00,$1000.00,$310.00,$1315.16,2,
4054,NQ 06-26,Backtest,VariableTrend,Long,1,24248.25,24229.50,4/7/2026 8:10:00 AM,4/7/2026 9:20:00 AM,Buy,Close position,($380.16),$190776.36,$5.16,$0.00,$0.00,$0.00,$0.00,$875.00,$225.00,$605.16,2,
4055,NQ 06-26,Backtest,VariableTrend,Short,1,24229.50,24279.50,4/7/2026 9:20:00 AM,4/7/2026 10:30:00 AM,Sell short,Stop loss,($1005.16),$189771.20,$5.16,$0.00,$0.00,$0.00,$0.00,$1000.00,$450.00,$1455.16,2,
4056,NQ 06-26,Backtest,VariableTrend,Long,1,24336.50,24286.50,4/7/2026 11:40:00 AM,4/7/2026 12:50:00 PM,Buy,Stop loss,($1005.16),$188766.04,$5.16,$0.00,$0.00,$0.00,$0.00,$1000.00,$1710.00,$2715.16,2,
4057,NQ 06-26,Backtest,VariableTrend,Short,1,24211.00,24261.00,4/7/2026 3:10:00 PM,4/7/2026 3:10:00 PM,Sell short,Stop loss,($1005.16),$187760.88,$5.16,$0.00,$0.00,$0.00,$0.00,$1000.00,$0.00,$1005.16,1,
4058,NQ 06-26,Backtest,VariableTrend,Long,1,24235.25,24185.25,4/7/2026 9:00:00 PM,4/7/2026 9:00:00 PM,Buy,Stop loss,($1005.16),$186755.72,$5.16,$0.00,$0.00,$0.00,$0.00,$1000.00,$0.00,$1005.16,1,
4059,NQ 06-26,Backtest,VariableTrend,Short,1,24102.50,24152.50,4/7/2026 10:10:00 PM,4/7/2026 10:10:00 PM,Sell short,Stop loss,($1005.16),$185750.56,$5.16,$0.00,$0.00,$0.00,$0.00,$1000.00,$0.00,$1005.16,1,
4060,NQ 06-26,Backtest,VariableTrend,Long,1,24392.75,24399.25,4/7/2026 11:00:00 PM,4/7/2026 11:00:00 PM,Buy,Exit on session close,$124.84,$185875.40,$5.16,$0.00,$0.00,$0.00,$0.00,$675.00,$1175.00,$1050.16,1,
4061,NQ 06-26,Backtest,VariableTrend,Short,1,25011.25,25061.25,4/8/2026 6:40:00 PM,4/8/2026 6:40:00 PM,Sell short,Stop loss,($1005.16),$184870.24,$5.16,$0.00,$0.00,$0.00,$0.00,$1000.00,$0.00,$1005.16,1,
4062,NQ 06-26,Backtest,VariableTrend,Long,1,25117.75,25067.75,4/8/2026 7:50:00 PM,4/8/2026 7:50:00 PM,Buy,Stop loss,($1005.16),$183865.08,$5.16,$0.00,$0.00,$0.00,$0.00,$1000.00,$0.00,$1005.16,1,
4063,NQ 06-26,Backtest,VariableTrend,Short,1,24953.25,25003.25,4/8/2026 10:10:00 PM,4/8/2026 10:10:00 PM,Sell short,Stop loss,($1005.16),$182859.92,$5.16,$0.00,$0.00,$0.00,$0.00,$1000.00,$0.00,$1005.16,1,
4064,NQ 06-26,Backtest,VariableTrend,Long,1,25058.00,25039.00,4/8/2026 11:00:00 PM,4/8/2026 11:00:00 PM,Buy,Exit on session close,($385.16),$182474.76,$5.16,$0.00,$0.00,$0.00,$0.00,$495.00,$360.00,$745.16,1,
4065,NQ 06-26,Backtest,VariableTrend,Long,1,25058.25,25244.75,4/9/2026 6:40:00 PM,4/9/2026 11:00:00 PM,Buy,Exit on session close,$3724.84,$186199.60,$5.16,$0.00,$0.00,$0.00,$0.00,$195.00,$4230.00,$505.16,5,
4066,NQ 06-26,Backtest,VariableTrend,Short,1,24942.00,24992.00,4/13/2026 2:20:00 AM,4/13/2026 2:20:00 AM,Sell short,Stop loss,($1005.16),$185194.44,$5.16,$0.00,$0.00,$0.00,$0.00,$1000.00,$0.00,$1005.16,1,
4067,NQ 06-26,Backtest,VariableTrend,Long,1,25162.00,25585.50,4/13/2026 4:20:00 PM,4/13/2026 11:00:00 PM,Buy,Exit on session close,$8464.84,$193659.28,$5.16,$0.00,$0.00,$0.00,$0.00,$65.00,$8745.00,$280.16,7,
4068,NQ 06-26,Backtest,VariableTrend,Short,1,26383.50,26419.00,4/16/2026 2:00:00 PM,4/16/2026 3:10:00 PM,Sell short,Close position,($715.16),$192944.12,$5.16,$0.00,$0.00,$0.00,$0.00,$835.00,$130.00,$845.16,2,
4069,NQ 06-26,Backtest,VariableTrend,Long,1,26419.00,26369.00,4/16/2026 3:10:00 PM,4/16/2026 4:20:00 PM,Buy,Stop loss,($1005.16),$191938.96,$5.16,$0.00,$0.00,$0.00,$0.00,$1000.00,$270.00,$1275.16,2,
4070,NQ 06-26,Backtest,VariableTrend,Short,1,26323.75,26373.75,4/16/2026 5:30:00 PM,4/16/2026 5:30:00 PM,Sell short,Stop loss,($1005.16),$190933.80,$5.16,$0.00,$0.00,$0.00,$0.00,$1000.00,$0.00,$1005.16,1,
4071,NQ 06-26,Backtest,VariableTrend,Long,1,26458.00,26408.00,4/16/2026 6:40:00 PM,4/16/2026 9:00:00 PM,Buy,Stop loss,($1005.16),$189928.64,$5.16,$0.00,$0.00,$0.00,$0.00,$1000.00,$2120.00,$3125.16,3,
4072,NQ 06-26,Backtest,VariableTrend,Short,1,26676.50,26702.25,4/20/2026 2:20:00 AM,4/20/2026 12:50:00 PM,Sell short,Close position,($520.16),$189408.48,$5.16,$0.00,$0.00,$0.00,$0.00,$895.00,$1290.00,$1810.16,10,
4073,NQ 06-26,Backtest,VariableTrend,Long,1,26702.25,26695.50,4/20/2026 12:50:00 PM,4/20/2026 2:00:00 PM,Buy,Close position,($140.16),$189268.32,$5.16,$0.00,$0.00,$0.00,$0.00,$215.00,$605.00,$745.16,2,
4074,NQ 06-26,Backtest,VariableTrend,Short,1,26695.50,26710.50,4/20/2026 2:00:00 PM,4/20/2026 3:10:00 PM,Sell short,Close position,($305.16),$188963.16,$5.16,$0.00,$0.00,$0.00,$0.00,$560.00,$295.00,$600.16,2,
4075,NQ 06-26,Backtest,VariableTrend,Long,1,26710.50,26660.50,4/20/2026 3:10:00 PM,4/20/2026 5:30:00 PM,Buy,Stop loss,($1005.16),$187958.00,$5.16,$0.00,$0.00,$0.00,$0.00,$1000.00,$2345.00,$3350.16,3,
4076,NQ 06-26,Backtest,VariableTrend,Short,1,26703.50,26721.00,4/20/2026 6:40:00 PM,4/20/2026 9:00:00 PM,Sell short,Close position,($355.16),$187602.84,$5.16,$0.00,$0.00,$0.00,$0.00,$375.00,$1385.00,$1740.16,3,
4077,NQ 06-26,Backtest,VariableTrend,Long,1,26721.00,26774.25,4/20/2026 9:00:00 PM,4/20/2026 11:00:00 PM,Buy,Exit on session close,$1059.84,$188662.68,$5.16,$0.00,$0.00,$0.00,$0.00,$485.00,$1775.00,$715.16,3,
4078,NQ 06-26,Backtest,VariableTrend,Short,1,26723.25,26773.25,4/21/2026 6:40:00 PM,4/21/2026 6:40:00 PM,Sell short,Stop loss,($1005.16),$187657.52,$5.16,$0.00,$0.00,$0.00,$0.00,$1000.00,$0.00,$1005.16,1,
4079,NQ 06-26,Backtest,VariableTrend,Long,1,26809.75,26777.25,4/22/2026 3:30:00 AM,4/22/2026 8:10:00 AM,Buy,Close position,($655.16),$187002.36,$5.16,$0.00,$0.00,$0.00,$0.00,$705.00,$560.00,$1215.16,5,
4080,NQ 06-26,Backtest,VariableTrend,Short,1,26777.25,26827.25,4/22/2026 8:10:00 AM,4/22/2026 8:10:00 AM,Sell short,Stop loss,($1005.16),$185997.20,$5.16,$0.00,$0.00,$0.00,$0.00,$1000.00,$0.00,$1005.16,1,
4081,NQ 06-26,Backtest,VariableTrend,Long,1,26810.50,27106.50,4/22/2026 9:20:00 AM,4/22/2026 11:00:00 PM,Buy,Exit on session close,$5914.84,$191912.04,$5.16,$0.00,$0.00,$0.00,$0.00,$615.00,$6510.00,$595.16,13,
4082,NQ 06-26,Backtest,VariableTrend,Short,1,26961.00,26986.50,4/23/2026 5:50:00 AM,4/23/2026 9:20:00 AM,Sell short,Close position,($515.16),$191396.88,$5.16,$0.00,$0.00,$0.00,$0.00,$650.00,$1920.00,$2435.16,4,
4083,NQ 06-26,Backtest,VariableTrend,Long,1,26986.50,26936.50,4/23/2026 9:20:00 AM,4/23/2026 11:40:00 AM,Buy,Stop loss,($1005.16),$190391.72,$5.16,$0.00,$0.00,$0.00,$0.00,$1000.00,$540.00,$1545.16,3,
4084,NQ 06-26,Backtest,VariableTrend,Short,1,26949.25,26999.25,4/23/2026 12:50:00 PM,4/23/2026 2:00:00 PM,Sell short,Stop loss,($1005.16),$189386.56,$5.16,$0.00,$0.00,$0.00,$0.00,$1000.00,$660.00,$1665.16,2,
4085,NQ 06-26,Backtest,VariableTrend,Long,1,27032.50,26982.50,4/23/2026 3:10:00 PM,4/23/2026 3:10:00 PM,Buy,Stop loss,($1005.16),$188381.40,$5.16,$0.00,$0.00,$0.00,$0.00,$1000.00,$0.00,$1005.16,1,
4086,NQ 06-26,Backtest,VariableTrend,Short,1,26746.75,26796.75,4/23/2026 9:00:00 PM,4/23/2026 9:00:00 PM,Sell short,Stop loss,($1005.16),$187376.24,$5.16,$0.00,$0.00,$0.00,$0.00,$1000.00,$0.00,$1005.16,1,
4087,NQ 06-26,Backtest,VariableTrend,Long,1,27037.25,27440.25,4/24/2026 2:20:00 AM,4/24/2026 11:00:00 PM,Buy,Exit on session close,$8054.84,$195431.08,$5.16,$0.00,$0.00,$0.00,$0.00,$420.00,$8505.00,$450.16,19,
4088,NQ 06-26,Backtest,VariableTrend,Short,1,27362.75,27398.75,4/27/2026 5:30:00 PM,4/27/2026 7:50:00 PM,Sell short,Close position,($725.16),$194705.92,$5.16,$0.00,$0.00,$0.00,$0.00,$865.00,$1105.00,$1830.16,3,
4089,NQ 06-26,Backtest,VariableTrend,Long,1,27398.75,27418.50,4/27/2026 7:50:00 PM,4/27/2026 11:00:00 PM,Buy,Exit on session close,$389.84,$195095.76,$5.16,$0.00,$0.00,$0.00,$0.00,$395.00,$1120.00,$730.16,4,
4090,NQ 06-26,Backtest,VariableTrend,Short,1,27376.00,27191.50,4/28/2026 9:20:00 AM,4/28/2026 11:00:00 PM,Sell short,Exit on session close,$3684.84,$198780.60,$5.16,$0.00,$0.00,$0.00,$0.00,$45.00,$7330.00,$3645.16,13,
4091,NQ 06-26,Backtest,VariableTrend,Long,1,27216.75,27245.25,4/29/2026 2:20:00 AM,4/29/2026 11:40:00 AM,Buy,Close position,$564.84,$199345.44,$5.16,$0.00,$0.00,$0.00,$0.00,$500.00,$2010.00,$1445.16,9,
4092,NQ 06-26,Backtest,VariableTrend,Short,1,27245.25,27247.50,4/29/2026 11:40:00 AM,4/29/2026 12:50:00 PM,Sell short,Close position,($50.16),$199295.28,$5.16,$0.00,$0.00,$0.00,$0.00,$495.00,$795.00,$845.16,2,
4093,NQ 06-26,Backtest,VariableTrend,Long,1,27247.50,27197.50,4/29/2026 12:50:00 PM,4/29/2026 3:10:00 PM,Buy,Stop loss,($1005.16),$198290.12,$5.16,$0.00,$0.00,$0.00,$0.00,$1000.00,$820.00,$1825.16,3,
4094,NQ 06-26,Backtest,VariableTrend,Short,1,27242.75,27292.75,4/29/2026 4:20:00 PM,4/29/2026 5:30:00 PM,Sell short,Stop loss,($1005.16),$197284.96,$5.16,$0.00,$0.00,$0.00,$0.00,$1000.00,$2370.00,$3375.16,2,
4095,NQ 06-26,Backtest,VariableTrend,Long,1,27275.25,27225.25,4/29/2026 6:40:00 PM,4/29/2026 6:40:00 PM,Buy,Stop loss,($1005.16),$196279.80,$5.16,$0.00,$0.00,$0.00,$0.00,$1000.00,$0.00,$1005.16,1,
4096,NQ 06-26,Backtest,VariableTrend,Short,1,27189.00,27239.00,4/29/2026 7:50:00 PM,4/29/2026 7:50:00 PM,Sell short,Stop loss,($1005.16),$195274.64,$5.16,$0.00,$0.00,$0.00,$0.00,$1000.00,$0.00,$1005.16,1,
4097,NQ 06-26,Backtest,VariableTrend,Long,1,27295.50,27245.50,4/29/2026 10:10:00 PM,4/29/2026 10:10:00 PM,Buy,Stop loss,($1005.16),$194269.48,$5.16,$0.00,$0.00,$0.00,$0.00,$1000.00,$0.00,$1005.16,1,
4098,NQ 06-26,Backtest,VariableTrend,Long,1,27468.25,27418.25,4/30/2026 2:20:00 AM,4/30/2026 4:40:00 AM,Buy,Stop loss,($1005.16),$193264.32,$5.16,$0.00,$0.00,$0.00,$0.00,$1000.00,$3090.00,$4095.16,3,
4099,NQ 06-26,Backtest,VariableTrend,Short,1,27233.50,27283.50,4/30/2026 8:10:00 AM,4/30/2026 8:10:00 AM,Sell short,Stop loss,($1005.16),$192259.16,$5.16,$0.00,$0.00,$0.00,$0.00,$1000.00,$0.00,$1005.16,1,
4100,NQ 06-26,Backtest,VariableTrend,Long,1,27362.50,27312.50,4/30/2026 11:40:00 AM,4/30/2026 4:20:00 PM,Buy,Stop loss,($1005.16),$191254.00,$5.16,$0.00,$0.00,$0.00,$0.00,$1000.00,$3750.00,$4755.16,5,
4101,NQ 06-26,Backtest,VariableTrend,Short,1,27214.25,27264.25,4/30/2026 5:30:00 PM,4/30/2026 5:30:00 PM,Sell short,Stop loss,($1005.16),$190248.84,$5.16,$0.00,$0.00,$0.00,$0.00,$1000.00,$0.00,$1005.16,1,
4102,NQ 06-26,Backtest,VariableTrend,Long,1,27404.25,27354.25,4/30/2026 6:40:00 PM,4/30/2026 6:40:00 PM,Buy,Stop loss,($1005.16),$189243.68,$5.16,$0.00,$0.00,$0.00,$0.00,$1000.00,$0.00,$1005.16,1,
4103,NQ 06-26,Backtest,VariableTrend,Short,1,27776.25,27743.00,5/4/2026 6:40:00 PM,5/4/2026 11:00:00 PM,Sell short,Exit on session close,$659.84,$189903.52,$5.16,$0.00,$0.00,$0.00,$0.00,$850.00,$3265.00,$2605.16,5,
4104,NQ 06-26,Backtest,VariableTrend,Long,1,27803.25,28207.25,5/5/2026 4:40:00 AM,5/5/2026 11:00:00 PM,Buy,Exit on session close,$8074.84,$197978.36,$5.16,$0.00,$0.00,$0.00,$0.00,$250.00,$8875.00,$800.16,17,
4105,NQ 06-26,Backtest,VariableTrend,Short,1,28626.50,28676.50,5/7/2026 9:00:00 PM,5/7/2026 9:00:00 PM,Sell short,Stop loss,($1005.16),$196973.20,$5.16,$0.00,$0.00,$0.00,$0.00,$1000.00,$0.00,$1005.16,1,
4106,NQ 06-26,Backtest,VariableTrend,Long,1,28707.25,28657.25,5/7/2026 11:00:00 PM,5/7/2026 11:00:00 PM,Buy,Stop loss,($1005.16),$195968.04,$5.16,$0.00,$0.00,$0.00,$0.00,$1000.00,$0.00,$1005.16,1,
4107,NQ 06-26,Backtest,VariableTrend,Long,1,28703.75,29333.75,5/8/2026 3:30:00 AM,5/8/2026 11:00:00 PM,Buy,Exit on session close,$12594.84,$208562.88,$5.16,$0.00,$0.00,$0.00,$0.00,$160.00,$13660.00,$1065.16,18,
4108,NQ 06-26,Backtest,VariableTrend,Short,1,29317.25,29331.00,5/12/2026 4:40:00 AM,5/12/2026 7:00:00 AM,Sell short,Close position,($280.16),$208282.72,$5.16,$0.00,$0.00,$0.00,$0.00,$960.00,$1805.00,$2085.16,3,
4109,NQ 06-26,Backtest,VariableTrend,Long,1,29331.00,29282.75,5/12/2026 7:00:00 AM,5/12/2026 8:10:00 AM,Buy,Close position,($970.16),$207312.56,$5.16,$0.00,$0.00,$0.00,$0.00,$970.00,$130.00,$1100.16,2,
4110,NQ 06-26,Backtest,VariableTrend,Short,1,29282.75,29117.00,5/12/2026 8:10:00 AM,5/12/2026 11:00:00 PM,Sell short,Close position,$3309.84,$210622.40,$5.16,$0.00,$0.00,$0.00,$0.00,$405.00,$10815.00,$7505.16,14,
4111,NQ 06-26,Backtest,VariableTrend,Long,1,29117.00,29134.25,5/12/2026 11:00:00 PM,5/12/2026 11:00:00 PM,Buy,Exit on session close,$339.84,$210962.24,$5.16,$0.00,$0.00,$0.00,$0.00,$0.00,$345.00,$5.16,1,
